FID,X1,X2,X3,X4,X6,X7,X8,X19,X10,X14,X17,X18,X22,base_value,prediction,observed
2682,0.021126922219991684,0,-0.022134330123662949,0,-0.075607232749462128,0,-0.023847885429859161,-0.00079971941886469722,0,-0.22925251722335815,-0.0064107542857527733,-0.33321905136108398,-0.012640664353966713,1.0960325002670288,0.41324740648269653,0
9479,-0.13258983194828033,0,-0.022134330123662949,0,-0.075607232749462128,0,-0.023847885429859161,-0.00079971941886469722,0,-0.22925251722335815,-0.0064107542857527733,-0.33321905136108398,-0.012640664353966713,1.0960325002670288,0.25953039526939392,0
2056,0.5311434268951416,0,-0.022134330123662949,0,0.65901291370391846,0,-0.023847885429859161,-0.00079971941886469722,0,0.61881047487258911,-0.0064107542857527733,0.95809155702590942,-0.012640664353966713,1.0960325002670288,3.797257661819458,12
10165,0.021126922219991684,0,-0.022134330123662949,0,0.81433242559432983,0,-0.023847885429859161,-0.00079971941886469722,0,0.61881047487258911,-0.0064107542857527733,0.88107496500015259,-0.012640664353966713,1.0960325002670288,3.3655438423156738,0
11366,0.021126922219991684,0,-0.022134330123662949,0,-0.065096728503704071,0,-0.023847885429859161,-0.00079971941886469722,0,-0.16263291239738464,-0.0064107542857527733,0.95809155702590942,-0.012640664353966713,1.0960325002670288,1.7816874980926514,1
6446,0.021126922219991684,0,-0.022134330123662949,0,-0.075607232749462128,0,-0.023847885429859161,-0.00079971941886469722,0,0.61881047487258911,-0.0064107542857527733,-0.33321905136108398,-0.012640664353966713,1.0960325002670288,1.2613093852996826,0
20291,-0.13258983194828033,0,-0.022134330123662949,0,-0.075607232749462128,0,-0.023847885429859161,-0.00079971941886469722,0,-0.22925251722335815,-0.0064107542857527733,-0.33321905136108398,-0.012640664353966713,1.0960325002670288,0.25953039526939392,0
442,0.021126922219991684,0,-0.022134330123662949,0,-0.065096728503704071,0,-0.023847885429859161,-0.00079971941886469722,0,-0.22925251722335815,-0.0064107542857527733,-0.33321905136108398,-0.012640664353966713,1.0960325002670288,0.42375791072845459,0
14853,-0.13258983194828033,0,-0.022134330123662949,0,-0.075607232749462128,0,-0.023847885429859161,-0.00079971941886469722,0,-0.22925251722335815,-0.0064107542857527733,-0.33321905136108398,-0.012640664353966713,1.0960325002670288,0.25953039526939392,0
18363,-0.13258983194828033,0,-0.022134330123662949,0,-0.075607232749462128,0,-0.023847885429859161,-0.00079971941886469722,0,-0.22925251722335815,-0.0064107542857527733,-0.33321905136108398,-0.012640664353966713,1.0960325002670288,0.25953039526939392,0
19280,-0.13258983194828033,0,-0.022134330123662949,0,-0.075607232749462128,0,-0.023847885429859161,-0.00079971941886469722,0,-0.22925251722335815,-0.0064107542857527733,-0.33321905136108398,-0.012640664353966713,1.0960325002670288,0.25953039526939392,0
1281,-0.13258983194828033,0,-0.022134330123662949,0,-0.075607232749462128,0,-0.023847885429859161,-0.00079971941886469722,0,-0.22925251722335815,-0.0064107542857527733,-0.33321905136108398,-0.012640664353966713,1.0960325002670288,0.25953039526939392,0
8941,0.5311434268951416,0,-0.022134330123662949,0,0.65901291370391846,0,-0.023847885429859161,-0.00079971941886469722,0,-0.16263291239738464,-0.0064107542857527733,0.88107496500015259,-0.012640664353966713,1.0960325002670288,2.9387974739074707,0
14622,-0.13258983194828033,0,-0.022134330123662949,0,0.65901291370391846,0,-0.023847885429859161,-0.00079971941886469722,0,-0.22925251722335815,-0.0064107542857527733,-0.33321905136108398,-0.012640664353966713,1.0960325002670288,0.99415105581283569,2
10082,0.021126922219991684,0,-0.022134330123662949,0,-0.075607232749462128,0,-0.023847885429859161,-0.00079971941886469722,0,-0.22925251722335815,-0.0064107542857527733,-0.33321905136108398,0.12485232949256897,1.0960325002670288,0.55074042081832886,2
3939,0.021126922219991684,0,-0.022134330123662949,0,-0.075607232749462128,0,-0.023847885429859161,-0.00079971941886469722,0,0.73834800720214844,-0.0064107542857527733,-0.33321905136108398,-0.012640664353966713,1.0960325002670288,1.3808470964431763,6
19900,-0.13258983194828033,0,-0.022134330123662949,0,-0.075607232749462128,0,-0.023847885429859161,-0.00079971941886469722,0,-0.22925251722335815,-0.0064107542857527733,-0.33321905136108398,-0.012640664353966713,1.0960325002670288,0.25953039526939392,0
18365,0.021126922219991684,0,-0.022134330123662949,0,-0.075607232749462128,0,-0.023847885429859161,-0.00079971941886469722,0,0.61881047487258911,-0.0064107542857527733,0.95809155702590942,-0.012640664353966713,1.0960325002670288,2.5526201725006104,0
16378,0.021126922219991684,0,-0.022134330123662949,0,-0.075607232749462128,0,-0.023847885429859161,-0.00079971941886469722,0,0.73834800720214844,-0.0064107542857527733,-0.33321905136108398,-0.012640664353966713,1.0960325002670288,1.3808470964431763,1
17339,0.021126922219991684,0,-0.022134330123662949,0,-0.075607232749462128,0,-0.023847885429859161,-0.00079971941886469722,0,-0.22925251722335815,-0.0064107542857527733,-0.036233901977539062,-0.012640664353966713,1.0960325002670288,0.7102324366569519,1
13268,-0.13258983194828033,0,-0.022134330123662949,0,-0.075607232749462128,0,-0.023847885429859161,-0.00079971941886469722,0,-0.16263291239738464,-0.0064107542857527733,-0.036233901977539062,-0.012640664353966713,1.0960325002670288,0.62313532829284668,0
1422,0.29880502820014954,0,0.48766922950744629,0,-0.075607232749462128,0,-0.023847885429859161,-0.00079971941886469722,0,0.73834800720214844,-0.0064107542857527733,1.1454603672027588,0.40264433622360229,1.0960325002670288,4.0622944831848145,0
15460,-0.13258983194828033,0,-0.022134330123662949,0,-0.075607232749462128,0,-0.023847885429859161,-0.00079971941886469722,0,-0.22925251722335815,-0.0064107542857527733,-0.33321905136108398,-0.012640664353966713,1.0960325002670288,0.25953039526939392,0
584,-0.13258983194828033,0,-0.022134330123662949,0,-0.075607232749462128,0,-0.023847885429859161,-0.00079971941886469722,0,-0.22925251722335815,-0.0064107542857527733,-0.036233901977539062,-0.012640664353966713,1.0960325002670288,0.55651575326919556,0
5716,-0.13258983194828033,0,-0.022134330123662949,0,-0.075607232749462128,0,-0.023847885429859161,-0.00079971941886469722,0,0.73834800720214844,-0.0064107542857527733,-0.33321905136108398,-0.012640664353966713,1.0960325002670288,1.2271304130554199,0
13850,-0.13258983194828033,0,-0.022134330123662949,0,-0.075607232749462128,0,-0.023847885429859161,-0.00079971941886469722,0,-0.22925251722335815,-0.0064107542857527733,-0.036233901977539062,-0.012640664353966713,1.0960325002670288,0.55651575326919556,0
14692,0.5311434268951416,0,-0.022134330123662949,0,-0.075607232749462128,0,-0.023847885429859161,-0.00079971941886469722,0,0.73834800720214844,-0.0064107542857527733,-0.036233901977539062,-0.012640664353966713,1.0960325002670288,2.1878483295440674,2
6182,-0.13258983194828033,0,-0.022134330123662949,0,-0.075607232749462128,0,-0.023847885429859161,-0.00079971941886469722,0,-0.22925251722335815,-0.0064107542857527733,-0.33321905136108398,-0.012640664353966713,1.0960325002670288,0.25953039526939392,0
988,0.29880502820014954,0,-0.022134330123662949,0,0.65901291370391846,0,-0.023847885429859161,-0.00079971941886469722,0,-0.22925251722335815,-0.0064107542857527733,0.95809155702590942,-0.012640664353966713,1.0960325002670288,2.716855525970459,13
6030,-0.13258983194828033,0,-0.022134330123662949,0,-0.075607232749462128,0,-0.023847885429859161,-0.00079971941886469722,0,-0.22925251722335815,-0.0064107542857527733,-0.33321905136108398,-0.012640664353966713,1.0960325002670288,0.25953039526939392,0
3366,-0.13258983194828033,0,-0.022134330123662949,0,-0.065096728503704071,0,-0.023847885429859161,-0.00079971941886469722,0,-0.22925251722335815,-0.0064107542857527733,-0.036233901977539062,-0.012640664353966713,1.0960325002670288,0.56702625751495361,0
16428,-0.13258983194828033,0,-0.022134330123662949,0,-0.075607232749462128,0,-0.023847885429859161,-0.00079971941886469722,0,-0.22925251722335815,-0.0064107542857527733,-0.33321905136108398,-0.012640664353966713,1.0960325002670288,0.25953039526939392,0
19303,0.021126922219991684,0,-0.022134330123662949,0,-0.065096728503704071,0,-0.023847885429859161,-0.00079971941886469722,0,-0.22925251722335815,-0.0064107542857527733,0.88107496500015259,-0.012640664353966713,1.0960325002670288,1.6380515098571777,0
13732,-0.13258983194828033,0,-0.022134330123662949,0,-0.075607232749462128,0,-0.023847885429859161,-0.00079971941886469722,0,-0.22925251722335815,-0.0064107542857527733,-0.33321905136108398,-0.012640664353966713,1.0960325002670288,0.25953039526939392,0
20745,-0.13258983194828033,0,-0.022134330123662949,0,-0.075607232749462128,0,-0.023847885429859161,-0.00079971941886469722,0,-0.22925251722335815,-0.0064107542857527733,-0.33321905136108398,-0.012640664353966713,1.0960325002670288,0.25953039526939392,0
8147,-0.13258983194828033,0,-0.022134330123662949,0,-0.075607232749462128,0,-0.023847885429859161,-0.00079971941886469722,0,-0.22925251722335815,-0.0064107542857527733,-0.33321905136108398,-0.012640664353966713,1.0960325002670288,0.25953039526939392,0
8417,0.5311434268951416,0,-0.022134330123662949,0,-0.075607232749462128,0,-0.023847885429859161,-0.00079971941886469722,0,-0.046982802450656891,-0.0064107542857527733,0.95809155702590942,-0.012640664353966713,1.0960325002670288,2.3968436717987061,2
12981,0.29880502820014954,0,-0.022134330123662949,0,0.65901291370391846,0,-0.023847885429859161,-0.00079971941886469722,0,-0.16263291239738464,-0.0064107542857527733,-0.33321905136108398,-0.012640664353966713,1.0960325002670288,1.4921644926071167,0
17332,-0.13258983194828033,0,-0.022134330123662949,0,-0.065096728503704071,0,-0.023847885429859161,-0.00079971941886469722,0,-0.22925251722335815,-0.0064107542857527733,-0.33321905136108398,-0.012640664353966713,1.0960325002670288,0.27004089951515198,0
18806,-0.13258983194828033,0,-0.022134330123662949,0,-0.075607232749462128,0,-0.023847885429859161,-0.00079971941886469722,0,-0.22925251722335815,-0.0064107542857527733,-0.036233901977539062,-0.012640664353966713,1.0960325002670288,0.55651575326919556,2
16070,-0.13258983194828033,0,-0.022134330123662949,0,-0.065096728503704071,0,-0.023847885429859161,-0.00079971941886469722,0,-0.22925251722335815,-0.0064107542857527733,0.95809155702590942,-0.012640664353966713,1.0960325002670288,1.5613511800765991,0
16028,0.5311434268951416,0,-0.022134330123662949,0,-0.065096728503704071,0,-0.023847885429859161,-0.00079971941886469722,0,-0.010510962456464767,-0.0064107542857527733,-0.036233901977539062,-0.012640664353966713,1.0960325002670288,1.4495002031326294,5
6226,-0.13258983194828033,0,-0.022134330123662949,0,-0.075607232749462128,0,-0.023847885429859161,-0.00079971941886469722,0,-0.22925251722335815,-0.0064107542857527733,-0.036233901977539062,-0.012640664353966713,1.0960325002670288,0.55651575326919556,0
1900,0.5311434268951416,0,-0.022134330123662949,0,-0.075607232749462128,0,-0.023847885429859161,-0.00079971941886469722,0,0.73834800720214844,-0.0064107542857527733,0.95809155702590942,-0.012640664353966713,1.0960325002670288,3.1821749210357666,0
15784,0.021126922219991684,0,-0.022134330123662949,0,-0.065096728503704071,0,-0.023847885429859161,-0.00079971941886469722,0,-0.22925251722335815,-0.0064107542857527733,-0.036233901977539062,-0.012640664353966713,1.0960325002670288,0.72074294090270996,1
12740,0.29880502820014954,0,-0.022134330123662949,0,-0.065096728503704071,0,-0.023847885429859161,-0.00079971941886469722,0,-0.010510962456464767,-0.0064107542857527733,-0.33321905136108398,-0.012640664353966713,1.0960325002670288,0.92017620801925659,0
8544,-0.13258983194828033,0,-0.022134330123662949,0,-0.075607232749462128,0,-0.023847885429859161,-0.00079971941886469722,0,-0.22925251722335815,-0.0064107542857527733,-0.33321905136108398,-0.012640664353966713,1.0960325002670288,0.25953039526939392,0
16693,0.021126922219991684,0,-0.022134330123662949,0,-0.075607232749462128,0,-0.023847885429859161,-0.00079971941886469722,0,0.61881047487258911,-0.0064107542857527733,-0.33321905136108398,-0.012640664353966713,1.0960325002670288,1.2613093852996826,0
1762,0.29880502820014954,0,-0.022134330123662949,0,0.81433242559432983,0,-0.023847885429859161,-0.00079971941886469722,0,0.73834800720214844,-0.0064107542857527733,0.95809155702590942,-0.012640664353966713,1.0960325002670288,3.8397767543792725,1
8157,-0.13258983194828033,0,-0.022134330123662949,0,-0.075607232749462128,0,-0.023847885429859161,-0.00079971941886469722,0,-0.22925251722335815,-0.0064107542857527733,-0.33321905136108398,-0.012640664353966713,1.0960325002670288,0.25953039526939392,0
9066,-0.13258983194828033,0,-0.022134330123662949,0,-0.075607232749462128,0,-0.023847885429859161,-0.00079971941886469722,0,-0.22925251722335815,-0.0064107542857527733,-0.33321905136108398,-0.012640664353966713,1.0960325002670288,0.25953039526939392,0
4131,-0.13258983194828033,0,-0.022134330123662949,0,-0.075607232749462128,0,-0.023847885429859161,-0.00079971941886469722,0,-0.22925251722335815,-0.0064107542857527733,-0.33321905136108398,-0.012640664353966713,1.0960325002670288,0.25953039526939392,0
5231,-0.13258983194828033,0,-0.022134330123662949,0,-0.075607232749462128,0,-0.023847885429859161,-0.00079971941886469722,0,-0.22925251722335815,-0.0064107542857527733,0.95809155702590942,-0.012640664353966713,1.0960325002670288,1.5508407354354858,0
8861,-0.13258983194828033,0,-0.022134330123662949,0,-0.075607232749462128,0,-0.023847885429859161,-0.00079971941886469722,0,-0.22925251722335815,-0.0064107542857527733,-0.33321905136108398,-0.012640664353966713,1.0960325002670288,0.25953039526939392,0
6627,0.021126922219991684,0,-0.022134330123662949,0,-0.075607232749462128,0,-0.023847885429859161,-0.00079971941886469722,0,-0.010510962456464767,-0.0064107542857527733,-0.036233901977539062,-0.012640664353966713,1.0960325002670288,0.92897379398345947,0
20205,-0.13258983194828033,0,-0.022134330123662949,0,-0.075607232749462128,0,-0.023847885429859161,-0.00079971941886469722,0,-0.22925251722335815,-0.0064107542857527733,-0.33321905136108398,-0.012640664353966713,1.0960325002670288,0.25953039526939392,0
17118,0.021126922219991684,0,-0.022134330123662949,0,-0.065096728503704071,0,-0.023847885429859161,-0.00079971941886469722,0,-0.22925251722335815,-0.0064107542857527733,-0.036233901977539062,-0.012640664353966713,1.0960325002670288,0.72074294090270996,9
4794,-0.13258983194828033,0,-0.022134330123662949,0,-0.075607232749462128,0,-0.023847885429859161,-0.00079971941886469722,0,-0.22925251722335815,-0.0064107542857527733,-0.33321905136108398,-0.012640664353966713,1.0960325002670288,0.25953039526939392,0
3274,-0.13258983194828033,0,-0.022134330123662949,0,-0.065096728503704071,0,-0.023847885429859161,-0.00079971941886469722,0,-0.22925251722335815,-0.0064107542857527733,-0.036233901977539062,-0.012640664353966713,1.0960325002670288,0.56702625751495361,0
2385,0.021126922219991684,0,-0.022134330123662949,0,-0.075607232749462128,0,-0.023847885429859161,-0.00079971941886469722,0,0.61881047487258911,-0.0064107542857527733,-0.036233901977539062,0.40264433622360229,1.0960325002670288,1.9735798835754395,1
15960,-0.13258983194828033,0,-0.022134330123662949,0,-0.075607232749462128,0,-0.023847885429859161,-0.00079971941886469722,0,-0.22925251722335815,-0.0064107542857527733,-0.33321905136108398,-0.012640664353966713,1.0960325002670288,0.25953039526939392,0
1741,-0.13258983194828033,0,-0.022134330123662949,0,-0.075607232749462128,0,-0.023847885429859161,-0.00079971941886469722,0,-0.22925251722335815,-0.0064107542857527733,-0.33321905136108398,-0.012640664353966713,1.0960325002670288,0.25953039526939392,0
2652,0.5311434268951416,0,0.48766922950744629,0,-0.075607232749462128,0,-0.023847885429859161,-0.00079971941886469722,0,0.73834800720214844,-0.0064107542857527733,1.1454603672027588,0.40264433622360229,1.0960325002670288,4.2946338653564453,0
17570,0.29880502820014954,0,0.48766922950744629,0,-0.065096728503704071,0,-0.023847885429859161,-0.00079971941886469722,0,0.61881047487258911,-0.0064107542857527733,1.1454603672027588,0.40264433622360229,1.0960325002670288,3.9532668590545654,0
1855,-0.13258983194828033,0,-0.022134330123662949,0,-0.075607232749462128,0,-0.023847885429859161,-0.00079971941886469722,0,-0.22925251722335815,-0.0064107542857527733,-0.33321905136108398,-0.012640664353966713,1.0960325002670288,0.25953039526939392,0
18902,-0.13258983194828033,0,-0.022134330123662949,0,-0.075607232749462128,0,-0.023847885429859161,-0.00079971941886469722,0,-0.22925251722335815,-0.0064107542857527733,-0.33321905136108398,-0.012640664353966713,1.0960325002670288,0.25953039526939392,0
5915,0.5311434268951416,0,-0.022134330123662949,0,0.65901291370391846,0,-0.023847885429859161,-0.00079971941886469722,0,-0.010510962456464767,-0.0064107542857527733,0.95809155702590942,-0.012640664353966713,1.0960325002670288,3.1679360866546631,1
18115,0.021126922219991684,0,-0.022134330123662949,0,-0.075607232749462128,0,-0.023847885429859161,-0.00079971941886469722,0,-0.22925251722335815,-0.0064107542857527733,-0.33321905136108398,-0.012640664353966713,1.0960325002670288,0.41324740648269653,0
10146,-0.13258983194828033,0,-0.022134330123662949,0,-0.075607232749462128,0,-0.023847885429859161,-0.00079971941886469722,0,-0.010510962456464767,-0.0064107542857527733,0.88107496500015259,-0.012640664353966713,1.0960325002670288,1.6925657987594604,0
18994,-0.13258983194828033,0,-0.022134330123662949,0,-0.075607232749462128,0,-0.023847885429859161,-0.00079971941886469722,0,-0.22925251722335815,-0.0064107542857527733,-0.33321905136108398,-0.012640664353966713,1.0960325002670288,0.25953039526939392,0
16833,-0.13258983194828033,0,-0.022134330123662949,0,-0.075607232749462128,0,-0.023847885429859161,-0.00079971941886469722,0,-0.22925251722335815,-0.0064107542857527733,0.88107496500015259,-0.012640664353966713,1.0960325002670288,1.4738243818283081,13
4058,-0.13258983194828033,0,-0.022134330123662949,0,-0.075607232749462128,0,-0.023847885429859161,-0.00079971941886469722,0,-0.22925251722335815,-0.0064107542857527733,-0.33321905136108398,-0.012640664353966713,1.0960325002670288,0.25953039526939392,0
8723,0.021126922219991684,0,-0.022134330123662949,0,-0.075607232749462128,0,-0.023847885429859161,-0.00079971941886469722,0,-0.16263291239738464,-0.0064107542857527733,-0.036233901977539062,-0.012640664353966713,1.0960325002670288,0.77685201168060303,0
17590,0.021126922219991684,0,-0.022134330123662949,0,0.65901291370391846,0,-0.023847885429859161,-0.00079971941886469722,0,-0.046982802450656891,-0.0064107542857527733,0.95809155702590942,-0.012640664353966713,1.0960325002670288,2.6214478015899658,0
11426,-0.13258983194828033,0,-0.022134330123662949,0,-0.075607232749462128,0,-0.023847885429859161,-0.00079971941886469722,0,-0.22925251722335815,-0.0064107542857527733,-0.33321905136108398,-0.012640664353966713,1.0960325002670288,0.25953039526939392,0
18029,-0.13258983194828033,0,-0.022134330123662949,0,-0.065096728503704071,0,-0.023847885429859161,-0.00079971941886469722,0,-0.22925251722335815,-0.0064107542857527733,-0.33321905136108398,-0.012640664353966713,1.0960325002670288,0.27004089951515198,1
13612,-0.13258983194828033,0,-0.022134330123662949,0,-0.075607232749462128,0,-0.023847885429859161,-0.00079971941886469722,0,-0.22925251722335815,-0.0064107542857527733,-0.33321905136108398,-0.012640664353966713,1.0960325002670288,0.25953039526939392,0
3053,-0.13258983194828033,0,-0.022134330123662949,0,-0.065096728503704071,0,-0.023847885429859161,-0.00079971941886469722,0,-0.22925251722335815,-0.0064107542857527733,-0.036233901977539062,-0.012640664353966713,1.0960325002670288,0.56702625751495361,1
4266,-0.13258983194828033,0,-0.022134330123662949,0,-0.065096728503704071,0,-0.023847885429859161,-0.00079971941886469722,0,-0.22925251722335815,-0.0064107542857527733,0.95809155702590942,-0.012640664353966713,1.0960325002670288,1.5613511800765991,0
14737,0.021126922219991684,0,-0.022134330123662949,0,-0.075607232749462128,0,-0.023847885429859161,-0.00079971941886469722,0,-0.22925251722335815,-0.0064107542857527733,-0.33321905136108398,-0.012640664353966713,1.0960325002670288,0.41324740648269653,0
3940,0.29880502820014954,0,-0.022134330123662949,0,-0.075607232749462128,0,3.0720410346984863,-0.00079971941886469722,0,-0.046982802450656891,-0.0064107542857527733,-0.036233901977539062,-0.012640664353966713,1.0960325002670288,4.2660684585571289,8
9793,-0.13258983194828033,0,-0.022134330123662949,0,-0.075607232749462128,0,-0.023847885429859161,-0.00079971941886469722,0,0.61881047487258911,-0.0064107542857527733,-0.33321905136108398,-0.012640664353966713,1.0960325002670288,1.1075927019119263,0
9564,-0.13258983194828033,0,-0.022134330123662949,0,-0.075607232749462128,0,-0.023847885429859161,-0.00079971941886469722,0,-0.22925251722335815,-0.0064107542857527733,-0.33321905136108398,-0.012640664353966713,1.0960325002670288,0.25953039526939392,0
16930,0.29880502820014954,0,-0.022134330123662949,0,-0.075607232749462128,0,-0.023847885429859161,-0.00079971941886469722,0,-0.010510962456464767,-0.0064107542857527733,-0.33321905136108398,-0.012640664353966713,1.0960325002670288,0.90966570377349854,0
4559,-0.13258983194828033,0,-0.022134330123662949,0,-0.075607232749462128,0,-0.023847885429859161,-0.00079971941886469722,0,-0.22925251722335815,-0.0064107542857527733,-0.33321905136108398,-0.012640664353966713,1.0960325002670288,0.25953039526939392,0
18972,0.021126922219991684,0,-0.022134330123662949,0,-0.065096728503704071,0,-0.023847885429859161,-0.00079971941886469722,0,0.73834800720214844,-0.0064107542857527733,-0.33321905136108398,-0.012640664353966713,1.0960325002670288,1.3913575410842896,0
7026,-0.13258983194828033,0,-0.022134330123662949,0,-0.075607232749462128,0,-0.023847885429859161,-0.00079971941886469722,0,-0.22925251722335815,-0.0064107542857527733,-0.036233901977539062,-0.012640664353966713,1.0960325002670288,0.55651575326919556,0
17931,0.29880502820014954,0,-0.022134330123662949,0,-0.065096728503704071,0,-0.023847885429859161,-0.00079971941886469722,0,-0.010510962456464767,-0.0064107542857527733,0.88107496500015259,-0.012640664353966713,1.0960325002670288,2.1344711780548096,5
11734,-0.13258983194828033,0,-0.022134330123662949,0,-0.075607232749462128,0,-0.023847885429859161,-0.00079971941886469722,0,-0.22925251722335815,-0.0064107542857527733,-0.33321905136108398,-0.012640664353966713,1.0960325002670288,0.25953039526939392,0
19104,-0.13258983194828033,0,-0.022134330123662949,0,-0.075607232749462128,0,-0.023847885429859161,-0.00079971941886469722,0,-0.22925251722335815,-0.0064107542857527733,1.1454603672027588,-0.012640664353966713,1.0960325002670288,1.7382097244262695,0
144,-0.13258983194828033,0,-0.022134330123662949,0,-0.075607232749462128,0,-0.023847885429859161,-0.00079971941886469722,0,-0.22925251722335815,-0.0064107542857527733,-0.036233901977539062,0.40264433622360229,1.0960325002670288,0.97180080413818359,3
10753,0.021126922219991684,0,-0.022134330123662949,0,-0.075607232749462128,0,-0.023847885429859161,-0.00079971941886469722,0,-0.16263291239738464,-0.0064107542857527733,0.88107496500015259,-0.012640664353966713,1.0960325002670288,1.6941606998443604,8
13078,-0.13258983194828033,0,-0.022134330123662949,0,-0.075607232749462128,0,-0.023847885429859161,-0.00079971941886469722,0,-0.22925251722335815,-0.0064107542857527733,0.13924197852611542,-0.012640664353966713,1.0960325002670288,0.73199164867401123,1
14042,-0.13258983194828033,0,-0.022134330123662949,0,-0.075607232749462128,0,-0.023847885429859161,-0.00079971941886469722,0,0.61881047487258911,-0.0064107542857527733,-0.33321905136108398,-0.012640664353966713,1.0960325002670288,1.1075927019119263,0
16340,0.021126922219991684,0,-0.022134330123662949,0,-0.075607232749462128,0,-0.023847885429859161,-0.00079971941886469722,0,-0.22925251722335815,-0.0064107542857527733,-0.33321905136108398,-0.012640664353966713,1.0960325002670288,0.41324740648269653,0
175,0.5311434268951416,0,-0.022134330123662949,0,-0.065096728503704071,0,-0.023847885429859161,-0.00079971941886469722,0,-0.010510962456464767,-0.0064107542857527733,-0.33321905136108398,-0.012640664353966713,1.0960325002670288,1.1525148153305054,0
18069,-0.13258983194828033,0,-0.022134330123662949,0,-0.075607232749462128,0,-0.023847885429859161,-0.00079971941886469722,0,-0.22925251722335815,-0.0064107542857527733,-0.036233901977539062,-0.012640664353966713,1.0960325002670288,0.55651575326919556,0
18133,0.021126922219991684,0,-0.022134330123662949,0,-0.075607232749462128,0,-0.023847885429859161,-0.00079971941886469722,0,-0.22925251722335815,-0.0064107542857527733,-0.036233901977539062,-0.012640664353966713,1.0960325002670288,0.7102324366569519,0
3546,-0.13258983194828033,0,-0.022134330123662949,0,-0.065096728503704071,0,-0.023847885429859161,-0.00079971941886469722,0,-0.16263291239738464,-0.0064107542857527733,-0.036233901977539062,-0.012640664353966713,1.0960325002670288,0.63364583253860474,0
20007,0.29880502820014954,0,0.48766922950744629,0,-0.075607232749462128,0,-0.023847885429859161,-0.00079971941886469722,0,0.73834800720214844,-0.0064107542857527733,1.1454603672027588,0.40264433622360229,1.0960325002670288,4.0622944831848145,3
313,-0.13258983194828033,0,-0.022134330123662949,0,-0.075607232749462128,0,-0.023847885429859161,-0.00079971941886469722,0,-0.22925251722335815,-0.0064107542857527733,-0.33321905136108398,-0.012640664353966713,1.0960325002670288,0.25953039526939392,0
3252,-0.13258983194828033,0,-0.022134330123662949,0,-0.075607232749462128,0,-0.023847885429859161,-0.00079971941886469722,0,-0.22925251722335815,-0.0064107542857527733,-0.036233901977539062,-0.012640664353966713,1.0960325002670288,0.55651575326919556,0
2444,-0.13258983194828033,0,-0.022134330123662949,0,-0.075607232749462128,0,-0.023847885429859161,-0.00079971941886469722,0,-0.22925251722335815,-0.0064107542857527733,-0.33321905136108398,-0.012640664353966713,1.0960325002670288,0.25953039526939392,1
16613,-0.13258983194828033,0,-0.022134330123662949,0,-0.075607232749462128,0,-0.023847885429859161,-0.00079971941886469722,0,-0.22925251722335815,-0.0064107542857527733,0.95809155702590942,-0.012640664353966713,1.0960325002670288,1.5508407354354858,2
800,-0.13258983194828033,0,-0.022134330123662949,0,-0.075607232749462128,0,-0.023847885429859161,-0.00079971941886469722,0,-0.22925251722335815,-0.0064107542857527733,-0.33321905136108398,-0.012640664353966713,1.0960325002670288,0.25953039526939392,0
14786,0.021126922219991684,0,-0.022134330123662949,0,-0.075607232749462128,0,-0.023847885429859161,-0.00079971941886469722,0,-0.22925251722335815,-0.0064107542857527733,-0.33321905136108398,-0.012640664353966713,1.0960325002670288,0.41324740648269653,44
2436,-0.13258983194828033,0,-0.022134330123662949,0,-0.075607232749462128,0,-0.023847885429859161,-0.00079971941886469722,0,-0.22925251722335815,-0.0064107542857527733,-0.036233901977539062,-0.012640664353966713,1.0960325002670288,0.55651575326919556,0
10174,0.021126922219991684,0,-0.022134330123662949,0,-0.075607232749462128,0,-0.023847885429859161,-0.00079971941886469722,0,0.73834800720214844,-0.0064107542857527733,-0.33321905136108398,-0.012640664353966713,1.0960325002670288,1.3808470964431763,1
6911,-0.13258983194828033,0,-0.022134330123662949,0,-0.075607232749462128,0,-0.023847885429859161,-0.00079971941886469722,0,-0.22925251722335815,-0.0064107542857527733,-0.33321905136108398,-0.012640664353966713,1.0960325002670288,0.25953039526939392,0
20026,-0.13258983194828033,0,-0.022134330123662949,0,-0.075607232749462128,0,-0.023847885429859161,-0.00079971941886469722,0,-0.22925251722335815,-0.0064107542857527733,-0.33321905136108398,-0.012640664353966713,1.0960325002670288,0.25953039526939392,0
7375,0.5311434268951416,0,-0.022134330123662949,0,0.65901291370391846,0,-0.023847885429859161,-0.00079971941886469722,0,-0.22925251722335815,-0.0064107542857527733,0.95809155702590942,-0.012640664353966713,1.0960325002670288,2.9491944313049316,5
18820,0.021126922219991684,0,-0.022134330123662949,0,-0.075607232749462128,0,-0.023847885429859161,-0.00079971941886469722,0,-0.22925251722335815,-0.0064107542857527733,-0.036233901977539062,-0.012640664353966713,1.0960325002670288,0.7102324366569519,0
6362,-0.13258983194828033,0,-0.022134330123662949,0,-0.075607232749462128,0,-0.023847885429859161,-0.00079971941886469722,0,-0.22925251722335815,-0.0064107542857527733,-0.33321905136108398,-0.012640664353966713,1.0960325002670288,0.25953039526939392,0
19709,0.29880502820014954,0,-0.022134330123662949,0,0.65901291370391846,0,-0.023847885429859161,-0.00079971941886469722,0,-0.16263291239738464,-0.0064107542857527733,0.88107496500015259,-0.012640664353966713,1.0960325002670288,2.7064590454101562,3
2574,0.021126922219991684,0,-0.022134330123662949,0,-0.075607232749462128,0,-0.023847885429859161,-0.00079971941886469722,0,-0.22925251722335815,-0.0064107542857527733,-0.33321905136108398,-0.012640664353966713,1.0960325002670288,0.41324740648269653,0
9024,-0.13258983194828033,0,-0.022134330123662949,0,-0.075607232749462128,0,-0.023847885429859161,-0.00079971941886469722,0,-0.22925251722335815,-0.0064107542857527733,-0.33321905136108398,-0.012640664353966713,1.0960325002670288,0.25953039526939392,0
9369,-0.13258983194828033,0,-0.022134330123662949,0,-0.075607232749462128,0,-0.023847885429859161,-0.00079971941886469722,0,-0.22925251722335815,-0.0064107542857527733,0.95809155702590942,0.40264433622360229,1.0960325002670288,1.9661256074905396,0
19120,0.5311434268951416,0,-0.022134330123662949,0,-0.075607232749462128,0,-0.023847885429859161,-0.00079971941886469722,0,0.61881047487258911,-0.0064107542857527733,-0.33321905136108398,-0.012640664353966713,1.0960325002670288,1.771325945854187,1
14897,-0.13258983194828033,0,-0.022134330123662949,0,-0.075607232749462128,0,-0.023847885429859161,-0.00079971941886469722,0,-0.22925251722335815,-0.0064107542857527733,-0.33321905136108398,-0.012640664353966713,1.0960325002670288,0.25953039526939392,0
14385,0.5311434268951416,0,-0.022134330123662949,0,-0.075607232749462128,0,-0.023847885429859161,-0.00079971941886469722,0,0.73834800720214844,-0.0064107542857527733,0.88107496500015259,0.40264433622360229,1.0960325002670288,3.5204434394836426,0
12992,0.021126922219991684,0,-0.022134330123662949,0,-0.065096728503704071,0,-0.023847885429859161,-0.00079971941886469722,0,0.73834800720214844,-0.0064107542857527733,-0.33321905136108398,-0.012640664353966713,1.0960325002670288,1.3913575410842896,0
20499,-0.13258983194828033,0,-0.022134330123662949,0,-0.075607232749462128,0,-0.023847885429859161,-0.00079971941886469722,0,-0.22925251722335815,-0.0064107542857527733,-0.33321905136108398,-0.012640664353966713,1.0960325002670288,0.25953039526939392,0
12402,0.021126922219991684,0,-0.022134330123662949,0,-0.075607232749462128,0,-0.023847885429859161,-0.00079971941886469722,0,-0.010510962456464767,-0.0064107542857527733,0.95809155702590942,-0.012640664353966713,1.0960325002670288,1.9232988357543945,1
2844,-0.13258983194828033,0,-0.022134330123662949,0,-0.075607232749462128,0,-0.023847885429859161,-0.00079971941886469722,0,-0.22925251722335815,-0.0064107542857527733,-0.33321905136108398,-0.012640664353966713,1.0960325002670288,0.25953039526939392,0
18805,0.021126922219991684,0,-0.022134330123662949,0,-0.075607232749462128,0,-0.023847885429859161,-0.00079971941886469722,0,-0.010510962456464767,-0.0064107542857527733,-0.33321905136108398,-0.012640664353966713,1.0960325002670288,0.6319887638092041,1
7667,-0.13258983194828033,0,-0.022134330123662949,0,-0.065096728503704071,0,-0.023847885429859161,-0.00079971941886469722,0,-0.22925251722335815,-0.0064107542857527733,-0.33321905136108398,-0.012640664353966713,1.0960325002670288,0.27004089951515198,0
5862,-0.13258983194828033,0,-0.022134330123662949,0,-0.075607232749462128,0,-0.023847885429859161,-0.00079971941886469722,0,-0.22925251722335815,-0.0064107542857527733,-0.33321905136108398,-0.012640664353966713,1.0960325002670288,0.25953039526939392,0
774,-0.13258983194828033,0,-0.022134330123662949,0,-0.075607232749462128,0,-0.023847885429859161,-0.00079971941886469722,0,0.73834800720214844,-0.0064107542857527733,-0.33321905136108398,-0.012640664353966713,1.0960325002670288,1.2271304130554199,0
17348,-0.13258983194828033,0,-0.022134330123662949,0,-0.075607232749462128,0,-0.023847885429859161,-0.00079971941886469722,0,-0.22925251722335815,-0.0064107542857527733,-0.33321905136108398,-0.012640664353966713,1.0960325002670288,0.25953039526939392,0
17262,-0.13258983194828033,0,-0.022134330123662949,0,-0.075607232749462128,0,-0.023847885429859161,-0.00079971941886469722,0,-0.22925251722335815,-0.0064107542857527733,-0.036233901977539062,-0.012640664353966713,1.0960325002670288,0.55651575326919556,0
18628,-0.13258983194828033,0,-0.022134330123662949,0,-0.075607232749462128,0,-0.023847885429859161,-0.00079971941886469722,0,-0.22925251722335815,-0.0064107542857527733,-0.33321905136108398,-0.012640664353966713,1.0960325002670288,0.25953039526939392,0
1697,0.021126922219991684,0,-0.022134330123662949,0,-0.075607232749462128,0,-0.023847885429859161,-0.00079971941886469722,0,-0.16263291239738464,-0.0064107542857527733,-0.33321905136108398,0.40264433622360229,1.0960325002670288,0.89515203237533569,9
4790,0.5311434268951416,0,-0.022134330123662949,0,-0.065096728503704071,0,-0.023847885429859161,-0.00079971941886469722,0,-0.16263291239738464,-0.0064107542857527733,-0.33321905136108398,-0.012640664353966713,1.0960325002670288,1.0003930330276489,0
1706,-0.13258983194828033,0,-0.022134330123662949,0,-0.075607232749462128,0,-0.023847885429859161,-0.00079971941886469722,0,-0.16263291239738464,-0.0064107542857527733,-0.33321905136108398,-0.012640664353966713,1.0960325002670288,0.32615002989768982,0
15231,-0.13258983194828033,0,-0.022134330123662949,0,-0.075607232749462128,0,-0.023847885429859161,-0.00079971941886469722,0,-0.22925251722335815,-0.0064107542857527733,-0.33321905136108398,-0.012640664353966713,1.0960325002670288,0.25953039526939392,1
17960,-0.13258983194828033,0,-0.022134330123662949,0,-0.075607232749462128,0,-0.023847885429859161,-0.00079971941886469722,0,0.73834800720214844,-0.0064107542857527733,0.88107496500015259,-0.012640664353966713,1.0960325002670288,2.441425085067749,0
12394,0.29880502820014954,0,-0.022134330123662949,0,-0.075607232749462128,0,-0.023847885429859161,-0.00079971941886469722,0,-0.010510962456464767,-0.0064107542857527733,-0.036233901977539062,-0.012640664353966713,1.0960325002670288,1.2066512107849121,3
1572,-0.13258983194828033,0,-0.022134330123662949,0,-0.075607232749462128,0,-0.023847885429859161,-0.00079971941886469722,0,-0.22925251722335815,-0.0064107542857527733,-0.33321905136108398,-0.012640664353966713,1.0960325002670288,0.25953039526939392,1
17422,-0.13258983194828033,0,-0.022134330123662949,0,-0.075607232749462128,0,-0.023847885429859161,-0.00079971941886469722,0,-0.22925251722335815,-0.0064107542857527733,-0.33321905136108398,-0.012640664353966713,1.0960325002670288,0.25953039526939392,0
6584,0.021126922219991684,0,-0.022134330123662949,0,-0.075607232749462128,0,-0.023847885429859161,-0.00079971941886469722,0,-0.22925251722335815,-0.0064107542857527733,-0.33321905136108398,-0.012640664353966713,1.0960325002670288,0.41324740648269653,0
6558,0.5311434268951416,0,-0.022134330123662949,0,0.65901291370391846,0,-0.023847885429859161,-0.00079971941886469722,0,0.73834800720214844,-0.0064107542857527733,0.95809155702590942,0.12485232949256897,1.0960325002670288,4.0542898178100586,12
13502,0.021126922219991684,0,-0.022134330123662949,0,0.65901291370391846,0,-0.023847885429859161,-0.00079971941886469722,0,-0.010510962456464767,-0.0064107542857527733,0.88107496500015259,-0.012640664353966713,1.0960325002670288,2.5809030532836914,0
19656,-0.13258983194828033,0,-0.022134330123662949,0,-0.075607232749462128,0,-0.023847885429859161,-0.00079971941886469722,0,-0.22925251722335815,-0.0064107542857527733,-0.33321905136108398,-0.012640664353966713,1.0960325002670288,0.25953039526939392,0
2914,-0.13258983194828033,0,-0.022134330123662949,0,-0.075607232749462128,0,-0.023847885429859161,-0.00079971941886469722,0,-0.22925251722335815,-0.0064107542857527733,-0.33321905136108398,-0.012640664353966713,1.0960325002670288,0.25953039526939392,0
17844,-0.13258983194828033,0,-0.022134330123662949,0,-0.075607232749462128,0,-0.023847885429859161,-0.00079971941886469722,0,-0.22925251722335815,-0.0064107542857527733,-0.33321905136108398,-0.012640664353966713,1.0960325002670288,0.25953039526939392,0
13444,-0.13258983194828033,0,-0.022134330123662949,0,-0.075607232749462128,0,-0.023847885429859161,-0.00079971941886469722,0,-0.22925251722335815,-0.0064107542857527733,-0.33321905136108398,-0.012640664353966713,1.0960325002670288,0.25953039526939392,0
3644,0.021126922219991684,0,-0.022134330123662949,0,-0.075607232749462128,0,-0.023847885429859161,-0.00079971941886469722,0,-0.22925251722335815,-0.0064107542857527733,-0.33321905136108398,-0.012640664353966713,1.0960325002670288,0.41324740648269653,0
1019,0.5311434268951416,0,0.48766922950744629,0,-0.075607232749462128,0,-0.023847885429859161,-0.00079971941886469722,0,-0.010510962456464767,-0.0064107542857527733,-0.036233901977539062,0.12485232949256897,1.0960325002670288,2.0862855911254883,0
10142,-0.13258983194828033,0,-0.022134330123662949,0,-0.075607232749462128,0,-0.023847885429859161,-0.00079971941886469722,0,-0.22925251722335815,-0.0064107542857527733,-0.33321905136108398,-0.012640664353966713,1.0960325002670288,0.25953039526939392,0
13390,0.29880502820014954,0,-0.022134330123662949,0,-0.065096728503704071,0,-0.023847885429859161,-0.00079971941886469722,0,0.61881047487258911,-0.0064107542857527733,0.95809155702590942,-0.012640664353966713,1.0960325002670288,2.8408093452453613,1
18634,0.5311434268951416,0,-0.022134330123662949,0,0.65901291370391846,0,-0.023847885429859161,-0.00079971941886469722,0,0.73834800720214844,-0.0064107542857527733,-0.036233901977539062,-0.012640664353966713,1.0960325002670288,2.9224696159362793,2
2383,-0.13258983194828033,0,-0.022134330123662949,0,-0.075607232749462128,0,-0.023847885429859161,-0.00079971941886469722,0,-0.22925251722335815,-0.0064107542857527733,-0.33321905136108398,-0.012640664353966713,1.0960325002670288,0.25953039526939392,0
16033,-0.13258983194828033,0,-0.022134330123662949,0,-0.075607232749462128,0,-0.023847885429859161,-0.00079971941886469722,0,0.61881047487258911,-0.0064107542857527733,-0.33321905136108398,-0.012640664353966713,1.0960325002670288,1.1075927019119263,0
8702,-0.13258983194828033,0,-0.022134330123662949,0,-0.075607232749462128,0,-0.023847885429859161,-0.00079971941886469722,0,-0.22925251722335815,-0.0064107542857527733,-0.036233901977539062,-0.012640664353966713,1.0960325002670288,0.55651575326919556,0
7400,-0.13258983194828033,0,-0.022134330123662949,0,-0.075607232749462128,0,-0.023847885429859161,-0.00079971941886469722,0,-0.22925251722335815,-0.0064107542857527733,-0.33321905136108398,-0.012640664353966713,1.0960325002670288,0.25953039526939392,0
13835,-0.13258983194828033,0,-0.022134330123662949,0,-0.075607232749462128,0,-0.023847885429859161,-0.00079971941886469722,0,-0.22925251722335815,-0.0064107542857527733,-0.33321905136108398,-0.012640664353966713,1.0960325002670288,0.25953039526939392,0
13263,-0.13258983194828033,0,-0.022134330123662949,0,-0.075607232749462128,0,-0.023847885429859161,-0.00079971941886469722,0,-0.22925251722335815,-0.0064107542857527733,-0.33321905136108398,-0.012640664353966713,1.0960325002670288,0.25953039526939392,0
17167,-0.13258983194828033,0,-0.022134330123662949,0,-0.075607232749462128,0,-0.023847885429859161,-0.00079971941886469722,0,0.73834800720214844,-0.0064107542857527733,-0.33321905136108398,-0.012640664353966713,1.0960325002670288,1.2271304130554199,0
14410,-0.13258983194828033,0,-0.022134330123662949,0,-0.075607232749462128,0,-0.023847885429859161,-0.00079971941886469722,0,-0.22925251722335815,-0.0064107542857527733,-0.33321905136108398,-0.012640664353966713,1.0960325002670288,0.25953039526939392,0
18924,-0.13258983194828033,0,-0.022134330123662949,0,-0.075607232749462128,0,-0.023847885429859161,-0.00079971941886469722,0,-0.22925251722335815,-0.0064107542857527733,-0.036233901977539062,-0.012640664353966713,1.0960325002670288,0.55651575326919556,0
19577,-0.13258983194828033,0,-0.022134330123662949,0,-0.075607232749462128,0,-0.023847885429859161,-0.00079971941886469722,0,0.73834800720214844,-0.0064107542857527733,0.88107496500015259,-0.012640664353966713,1.0960325002670288,2.441425085067749,3
314,0.021126922219991684,0,-0.022134330123662949,0,-0.075607232749462128,0,-0.023847885429859161,-0.00079971941886469722,0,-0.046982802450656891,-0.0064107542857527733,0.95809155702590942,-0.012640664353966713,1.0960325002670288,1.8868269920349121,0
3342,-0.13258983194828033,0,-0.022134330123662949,0,-0.075607232749462128,0,-0.023847885429859161,-0.00079971941886469722,0,-0.22925251722335815,-0.0064107542857527733,-0.33321905136108398,-0.012640664353966713,1.0960325002670288,0.25953039526939392,0
2705,0.021126922219991684,0,-0.022134330123662949,0,-0.075607232749462128,0,-0.023847885429859161,-0.00079971941886469722,0,0.73834800720214844,-0.0064107542857527733,-0.33321905136108398,-0.012640664353966713,1.0960325002670288,1.3808470964431763,0
7305,0.021126922219991684,0,-0.022134330123662949,0,0.65901291370391846,0,-0.023847885429859161,-0.00079971941886469722,0,0.73834800720214844,-0.0064107542857527733,-0.33321905136108398,-0.012640664353966713,1.0960325002670288,2.1154670715332031,0
19042,0.5311434268951416,0,-0.022134330123662949,0,-0.065096728503704071,0,-0.023847885429859161,-0.00079971941886469722,0,-0.010510962456464767,-0.0064107542857527733,-0.036233901977539062,-0.012640664353966713,1.0960325002670288,1.4495002031326294,1
10455,-0.13258983194828033,0,-0.022134330123662949,0,-0.065096728503704071,0,-0.023847885429859161,-0.00079971941886469722,0,-0.22925251722335815,-0.0064107542857527733,-0.036233901977539062,-0.012640664353966713,1.0960325002670288,0.56702625751495361,1
18962,-0.13258983194828033,0,-0.022134330123662949,0,-0.075607232749462128,0,-0.023847885429859161,-0.00079971941886469722,0,-0.22925251722335815,-0.0064107542857527733,-0.33321905136108398,-0.012640664353966713,1.0960325002670288,0.25953039526939392,0
2084,-0.13258983194828033,0,-0.022134330123662949,0,-0.075607232749462128,0,-0.023847885429859161,-0.00079971941886469722,0,0.61881047487258911,-0.0064107542857527733,-0.33321905136108398,-0.012640664353966713,1.0960325002670288,1.1075927019119263,0
8277,0.5311434268951416,0,0.48766922950744629,0,0.81433242559432983,0,-0.023847885429859161,-0.00079971941886469722,0,0.73834800720214844,-0.0064107542857527733,1.1454603672027588,0.12485232949256897,1.0960325002670288,4.9067797660827637,88
3936,0.021126922219991684,0,-0.022134330123662949,0,-0.075607232749462128,0,-0.023847885429859161,-0.00079971941886469722,0,0.61881047487258911,-0.0064107542857527733,-0.036233901977539062,-0.012640664353966713,1.0960325002670288,1.5582950115203857,3
1176,0.5311434268951416,0,-0.022134330123662949,0,0.65901291370391846,0,-0.023847885429859161,-0.00079971941886469722,0,-0.22925251722335815,-0.0064107542857527733,0.95809155702590942,-0.012640664353966713,1.0960325002670288,2.9491944313049316,2
825,-0.13258983194828033,0,-0.022134330123662949,0,-0.075607232749462128,0,-0.023847885429859161,-0.00079971941886469722,0,-0.010510962456464767,-0.0064107542857527733,-0.036233901977539062,-0.012640664353966713,1.0960325002670288,0.77525711059570312,0
6058,0.021126922219991684,0,-0.022134330123662949,0,-0.075607232749462128,0,-0.023847885429859161,-0.00079971941886469722,0,-0.16263291239738464,-0.0064107542857527733,-0.33321905136108398,-0.012640664353966713,1.0960325002670288,0.47986686229705811,0
6480,0.021126922219991684,0,-0.022134330123662949,0,0.65901291370391846,0,-0.023847885429859161,-0.00079971941886469722,0,-0.22925251722335815,-0.0064107542857527733,0.95809155702590942,-0.012640664353966713,1.0960325002670288,2.439178466796875,0
456,0.021126922219991684,0,-0.022134330123662949,0,-0.075607232749462128,0,3.0720410346984863,-0.00079971941886469722,0,-0.22925251722335815,-0.0064107542857527733,-0.036233901977539062,-0.012640664353966713,1.0960325002670288,3.8061199188232422,0
7830,0.29880502820014954,0,-0.022134330123662949,0,-0.065096728503704071,0,-0.023847885429859161,-0.00079971941886469722,0,-0.010510962456464767,-0.0064107542857527733,0.95809155702590942,-0.012640664353966713,1.0960325002670288,2.2114877700805664,1
17648,-0.13258983194828033,0,-0.022134330123662949,0,-0.075607232749462128,0,-0.023847885429859161,-0.00079971941886469722,0,-0.22925251722335815,-0.0064107542857527733,-0.33321905136108398,-0.012640664353966713,1.0960325002670288,0.25953039526939392,0
90,0.5311434268951416,0,-0.022134330123662949,0,-0.065096728503704071,0,-0.023847885429859161,-0.00079971941886469722,0,0.61881047487258911,-0.0064107542857527733,0.95809155702590942,-0.012640664353966713,1.0960325002670288,3.0731477737426758,3
7340,-0.13258983194828033,0,-0.022134330123662949,0,-0.075607232749462128,0,-0.023847885429859161,-0.00079971941886469722,0,0.73834800720214844,-0.0064107542857527733,0.95809155702590942,-0.012640664353966713,1.0960325002670288,2.5184416770935059,11
19008,0.5311434268951416,0,-0.022134330123662949,0,0.65901291370391846,0,-0.023847885429859161,-0.00079971941886469722,0,-0.16263291239738464,-0.0064107542857527733,-0.036233901977539062,-0.012640664353966713,1.0960325002670288,2.0214881896972656,5
15287,-0.13258983194828033,0,-0.022134330123662949,0,-0.075607232749462128,0,-0.023847885429859161,-0.00079971941886469722,0,0.61881047487258911,-0.0064107542857527733,0.88107496500015259,-0.012640664353966713,1.0960325002670288,2.3218872547149658,16
13009,0.021126922219991684,0,-0.022134330123662949,0,-0.065096728503704071,0,-0.023847885429859161,-0.00079971941886469722,0,-0.16263291239738464,-0.0064107542857527733,0.88107496500015259,-0.012640664353966713,1.0960325002670288,1.7046711444854736,0
19419,-0.13258983194828033,0,-0.022134330123662949,0,-0.075607232749462128,0,-0.023847885429859161,-0.00079971941886469722,0,-0.22925251722335815,-0.0064107542857527733,-0.036233901977539062,-0.012640664353966713,1.0960325002670288,0.55651575326919556,0
13894,-0.13258983194828033,0,-0.022134330123662949,0,-0.075607232749462128,0,-0.023847885429859161,-0.00079971941886469722,0,-0.22925251722335815,-0.0064107542857527733,-0.036233901977539062,-0.012640664353966713,1.0960325002670288,0.55651575326919556,0
17450,0.5311434268951416,0,0.48766922950744629,0,0.65901291370391846,0,-0.023847885429859161,-0.00079971941886469722,0,0.73834800720214844,-0.0064107542857527733,-0.036233901977539062,0.12485232949256897,1.0960325002670288,3.5697665214538574,8
1093,-0.13258983194828033,0,-0.022134330123662949,0,-0.075607232749462128,0,-0.023847885429859161,-0.00079971941886469722,0,-0.22925251722335815,-0.0064107542857527733,-0.33321905136108398,-0.012640664353966713,1.0960325002670288,0.25953039526939392,0
15328,0.021126922219991684,0,-0.022134330123662949,0,-0.075607232749462128,0,-0.023847885429859161,-0.00079971941886469722,0,-0.010510962456464767,-0.0064107542857527733,-0.036233901977539062,-0.012640664353966713,1.0960325002670288,0.92897379398345947,2
12867,-0.13258983194828033,0,-0.022134330123662949,0,-0.075607232749462128,0,-0.023847885429859161,-0.00079971941886469722,0,-0.16263291239738464,-0.0064107542857527733,-0.036233901977539062,-0.012640664353966713,1.0960325002670288,0.62313532829284668,0
1647,0.021126922219991684,0,-0.022134330123662949,0,-0.065096728503704071,0,-0.023847885429859161,-0.00079971941886469722,0,-0.010510962456464767,-0.0064107542857527733,0.88107496500015259,-0.012640664353966713,1.0960325002670288,1.8567929267883301,0
12221,0.29880502820014954,0,-0.022134330123662949,0,-0.065096728503704071,0,-0.023847885429859161,-0.00079971941886469722,0,-0.010510962456464767,-0.0064107542857527733,-0.33321905136108398,-0.012640664353966713,1.0960325002670288,0.92017620801925659,0
9823,-0.13258983194828033,0,-0.022134330123662949,0,-0.075607232749462128,0,-0.023847885429859161,-0.00079971941886469722,0,-0.22925251722335815,-0.0064107542857527733,0.88107496500015259,-0.012640664353966713,1.0960325002670288,1.4738243818283081,0
2877,-0.13258983194828033,0,-0.022134330123662949,0,-0.075607232749462128,0,-0.023847885429859161,-0.00079971941886469722,0,-0.22925251722335815,-0.0064107542857527733,-0.33321905136108398,-0.012640664353966713,1.0960325002670288,0.25953039526939392,0
15876,-0.13258983194828033,0,-0.022134330123662949,0,-0.075607232749462128,0,-0.023847885429859161,-0.00079971941886469722,0,-0.22925251722335815,-0.0064107542857527733,-0.33321905136108398,-0.012640664353966713,1.0960325002670288,0.25953039526939392,0
15187,0.021126922219991684,0,-0.022134330123662949,0,-0.065096728503704071,0,-0.023847885429859161,-0.00079971941886469722,0,-0.046982802450656891,-0.0064107542857527733,-0.036233901977539062,-0.012640664353966713,1.0960325002670288,0.90301257371902466,1
4123,-0.13258983194828033,0,-0.022134330123662949,0,-0.075607232749462128,0,-0.023847885429859161,-0.00079971941886469722,0,-0.22925251722335815,-0.0064107542857527733,-0.33321905136108398,-0.012640664353966713,1.0960325002670288,0.25953039526939392,0
16437,-0.13258983194828033,0,-0.022134330123662949,0,-0.075607232749462128,0,-0.023847885429859161,-0.00079971941886469722,0,-0.22925251722335815,-0.0064107542857527733,-0.33321905136108398,-0.012640664353966713,1.0960325002670288,0.25953039526939392,0
18266,-0.13258983194828033,0,-0.022134330123662949,0,-0.075607232749462128,0,-0.023847885429859161,-0.00079971941886469722,0,-0.22925251722335815,-0.0064107542857527733,-0.33321905136108398,-0.012640664353966713,1.0960325002670288,0.25953039526939392,0
9069,0.29880502820014954,0,-0.022134330123662949,0,0.65901291370391846,0,-0.023847885429859161,-0.00079971941886469722,0,0.61881047487258911,-0.0064107542857527733,-0.036233901977539062,-0.012640664353966713,1.0960325002670288,2.5705928802490234,1
17335,-0.13258983194828033,0,-0.022134330123662949,0,-0.075607232749462128,0,-0.023847885429859161,-0.00079971941886469722,0,-0.22925251722335815,-0.0064107542857527733,-0.036233901977539062,-0.012640664353966713,1.0960325002670288,0.55651575326919556,0
9762,-0.13258983194828033,0,-0.022134330123662949,0,-0.075607232749462128,0,-0.023847885429859161,-0.00079971941886469722,0,-0.22925251722335815,-0.0064107542857527733,-0.33321905136108398,-0.012640664353966713,1.0960325002670288,0.25953039526939392,0
15837,0.021126922219991684,0,-0.022134330123662949,0,-0.075607232749462128,0,-0.023847885429859161,-0.00079971941886469722,0,-0.22925251722335815,-0.0064107542857527733,-0.036233901977539062,-0.012640664353966713,1.0960325002670288,0.7102324366569519,0
8968,-0.13258983194828033,0,-0.022134330123662949,0,-0.075607232749462128,0,-0.023847885429859161,-0.00079971941886469722,0,-0.22925251722335815,-0.0064107542857527733,-0.33321905136108398,-0.012640664353966713,1.0960325002670288,0.25953039526939392,0
19273,0.021126922219991684,0,-0.022134330123662949,0,-0.075607232749462128,0,-0.023847885429859161,-0.00079971941886469722,0,-0.22925251722335815,-0.0064107542857527733,-0.33321905136108398,-0.012640664353966713,1.0960325002670288,0.41324740648269653,1
7673,-0.13258983194828033,0,-0.022134330123662949,0,-0.065096728503704071,0,-0.023847885429859161,-0.00079971941886469722,0,-0.22925251722335815,-0.0064107542857527733,0.88107496500015259,-0.012640664353966713,1.0960325002670288,1.4843348264694214,0
13951,-0.13258983194828033,0,-0.022134330123662949,0,-0.075607232749462128,0,-0.023847885429859161,-0.00079971941886469722,0,-0.22925251722335815,-0.0064107542857527733,-0.036233901977539062,-0.012640664353966713,1.0960325002670288,0.55651575326919556,0
9635,0.021126922219991684,0,0.48766922950744629,0,0.65901291370391846,0,-0.023847885429859161,-0.00079971941886469722,0,-0.16263291239738464,-0.0064107542857527733,0.95809155702590942,-0.012640664353966713,1.0960325002670288,3.0156018733978271,7
6806,-0.13258983194828033,0,-0.022134330123662949,0,-0.075607232749462128,0,-0.023847885429859161,-0.00079971941886469722,0,-0.22925251722335815,-0.0064107542857527733,-0.036233901977539062,-0.012640664353966713,1.0960325002670288,0.55651575326919556,0
1856,-0.13258983194828033,0,-0.022134330123662949,0,-0.075607232749462128,0,-0.023847885429859161,-0.00079971941886469722,0,-0.22925251722335815,-0.0064107542857527733,-0.33321905136108398,-0.012640664353966713,1.0960325002670288,0.25953039526939392,0
10107,-0.13258983194828033,0,-0.022134330123662949,0,-0.075607232749462128,0,-0.023847885429859161,-0.00079971941886469722,0,-0.22925251722335815,-0.0064107542857527733,-0.33321905136108398,-0.012640664353966713,1.0960325002670288,0.25953039526939392,0
17672,0.29880502820014954,0,-0.022134330123662949,0,-0.075607232749462128,0,-0.023847885429859161,-0.00079971941886469722,0,0.61881047487258911,-0.0064107542857527733,-0.036233901977539062,-0.012640664353966713,1.0960325002670288,1.8359730243682861,0
1921,-0.13258983194828033,0,-0.022134330123662949,0,-0.075607232749462128,0,-0.023847885429859161,-0.00079971941886469722,0,-0.22925251722335815,-0.0064107542857527733,-0.33321905136108398,-0.012640664353966713,1.0960325002670288,0.25953039526939392,0
10216,-0.13258983194828033,0,-0.022134330123662949,0,-0.075607232749462128,0,-0.023847885429859161,-0.00079971941886469722,0,-0.22925251722335815,-0.0064107542857527733,-0.33321905136108398,-0.012640664353966713,1.0960325002670288,0.25953039526939392,0
5002,0.021126922219991684,0,-0.022134330123662949,0,-0.065096728503704071,0,-0.023847885429859161,-0.00079971941886469722,0,-0.22925251722335815,-0.0064107542857527733,0.95809155702590942,-0.012640664353966713,1.0960325002670288,1.7150678634643555,0
170,0.021126922219991684,0,-0.022134330123662949,0,-0.075607232749462128,0,-0.023847885429859161,-0.00079971941886469722,0,0.61881047487258911,-0.0064107542857527733,0.95809155702590942,-0.012640664353966713,1.0960325002670288,2.5526201725006104,1
11818,-0.13258983194828033,0,-0.022134330123662949,0,-0.065096728503704071,0,-0.023847885429859161,-0.00079971941886469722,0,-0.22925251722335815,-0.0064107542857527733,0.0077285803854465485,-0.012640664353966713,1.0960325002670288,0.6109887957572937,1
1135,-0.13258983194828033,0,-0.022134330123662949,0,-0.075607232749462128,0,-0.023847885429859161,-0.00079971941886469722,0,-0.22925251722335815,-0.0064107542857527733,-0.036233901977539062,-0.012640664353966713,1.0960325002670288,0.55651575326919556,0
3387,-0.13258983194828033,0,-0.022134330123662949,0,-0.075607232749462128,0,-0.023847885429859161,-0.00079971941886469722,0,-0.22925251722335815,-0.0064107542857527733,-0.33321905136108398,-0.012640664353966713,1.0960325002670288,0.25953039526939392,0
7648,0.29880502820014954,0,-0.022134330123662949,0,-0.065096728503704071,0,-0.023847885429859161,-0.00079971941886469722,0,-0.16263291239738464,-0.0064107542857527733,0.95809155702590942,-0.012640664353966713,1.0960325002670288,2.0593647956848145,0
3265,-0.13258983194828033,0,-0.022134330123662949,0,-0.075607232749462128,0,-0.023847885429859161,-0.00079971941886469722,0,-0.22925251722335815,-0.0064107542857527733,-0.33321905136108398,-0.012640664353966713,1.0960325002670288,0.25953039526939392,0
14370,-0.13258983194828033,0,-0.022134330123662949,0,-0.075607232749462128,0,-0.023847885429859161,-0.00079971941886469722,0,-0.22925251722335815,-0.0064107542857527733,-0.33321905136108398,-0.012640664353966713,1.0960325002670288,0.25953039526939392,0
12388,-0.13258983194828033,0,-0.022134330123662949,0,-0.075607232749462128,0,-0.023847885429859161,-0.00079971941886469722,0,-0.22925251722335815,-0.0064107542857527733,-0.036233901977539062,-0.012640664353966713,1.0960325002670288,0.55651575326919556,0
16631,-0.13258983194828033,0,-0.022134330123662949,0,-0.075607232749462128,0,-0.023847885429859161,-0.00079971941886469722,0,-0.22925251722335815,-0.0064107542857527733,-0.33321905136108398,-0.012640664353966713,1.0960325002670288,0.25953039526939392,0
19963,-0.13258983194828033,0,-0.022134330123662949,0,-0.075607232749462128,0,-0.023847885429859161,-0.00079971941886469722,0,-0.22925251722335815,-0.0064107542857527733,-0.33321905136108398,-0.012640664353966713,1.0960325002670288,0.25953039526939392,0
2366,-0.13258983194828033,0,-0.022134330123662949,0,-0.075607232749462128,0,-0.023847885429859161,-0.00079971941886469722,0,-0.22925251722335815,-0.0064107542857527733,-0.33321905136108398,-0.012640664353966713,1.0960325002670288,0.25953039526939392,1
2309,-0.13258983194828033,0,-0.022134330123662949,0,-0.075607232749462128,0,-0.023847885429859161,-0.00079971941886469722,0,-0.22925251722335815,-0.0064107542857527733,-0.33321905136108398,-0.012640664353966713,1.0960325002670288,0.25953039526939392,0
5190,0.29880502820014954,0,-0.022134330123662949,0,-0.075607232749462128,0,-0.023847885429859161,-0.00079971941886469722,0,-0.010510962456464767,-0.0064107542857527733,-0.036233901977539062,-0.012640664353966713,1.0960325002670288,1.2066512107849121,1
15690,-0.13258983194828033,0,-0.022134330123662949,0,-0.065096728503704071,0,-0.023847885429859161,-0.00079971941886469722,0,-0.22925251722335815,-0.0064107542857527733,-0.036233901977539062,-0.012640664353966713,1.0960325002670288,0.56702625751495361,0
9399,-0.13258983194828033,0,-0.022134330123662949,0,-0.075607232749462128,0,-0.023847885429859161,-0.00079971941886469722,0,-0.22925251722335815,-0.0064107542857527733,-0.33321905136108398,-0.012640664353966713,1.0960325002670288,0.25953039526939392,0
8705,0.29880502820014954,0,0.48766922950744629,0,-0.075607232749462128,0,-0.023847885429859161,-0.00079971941886469722,0,0.61881047487258911,-0.0064107542857527733,0.95809155702590942,-0.012640664353966713,1.0960325002670288,3.3401024341583252,2
11185,0.021126922219991684,0,-0.022134330123662949,0,0.81433242559432983,0,-0.023847885429859161,-0.00079971941886469722,0,-0.22925251722335815,-0.0064107542857527733,0.88107496500015259,-0.012640664353966713,1.0960325002670288,2.5174815654754639,5
945,-0.13258983194828033,0,-0.022134330123662949,0,-0.075607232749462128,0,-0.023847885429859161,-0.00079971941886469722,0,-0.22925251722335815,-0.0064107542857527733,-0.33321905136108398,-0.012640664353966713,1.0960325002670288,0.25953039526939392,1
20279,-0.13258983194828033,0,-0.022134330123662949,0,-0.075607232749462128,0,-0.023847885429859161,-0.00079971941886469722,0,0.73834800720214844,-0.0064107542857527733,-0.33321905136108398,-0.012640664353966713,1.0960325002670288,1.2271304130554199,2
16898,-0.13258983194828033,0,-0.022134330123662949,0,-0.075607232749462128,0,-0.023847885429859161,-0.00079971941886469722,0,-0.22925251722335815,-0.0064107542857527733,-0.036233901977539062,-0.012640664353966713,1.0960325002670288,0.55651575326919556,0
20261,0.5311434268951416,0,0.48766922950744629,0,0.65901291370391846,0,-0.023847885429859161,-0.00079971941886469722,0,0.73834800720214844,-0.0064107542857527733,1.1454603672027588,-0.012640664353966713,1.0960325002670288,4.6139669418334961,1
16356,0.021126922219991684,0,-0.022134330123662949,0,-0.065096728503704071,0,-0.023847885429859161,-0.00079971941886469722,0,0.61881047487258911,-0.0064107542857527733,0.88107496500015259,-0.012640664353966713,1.0960325002670288,2.4861142635345459,0
5989,0.29880502820014954,0,-0.022134330123662949,0,-0.075607232749462128,0,-0.023847885429859161,-0.00079971941886469722,0,-0.22925251722335815,-0.0064107542857527733,-0.33321905136108398,-0.012640664353966713,1.0960325002670288,0.69092518091201782,0
6073,-0.13258983194828033,0,-0.022134330123662949,0,-0.075607232749462128,0,-0.023847885429859161,-0.00079971941886469722,0,-0.22925251722335815,-0.0064107542857527733,-0.33321905136108398,-0.012640664353966713,1.0960325002670288,0.25953039526939392,0
8685,-0.13258983194828033,0,-0.022134330123662949,0,-0.075607232749462128,0,-0.023847885429859161,-0.00079971941886469722,0,-0.22925251722335815,-0.0064107542857527733,-0.33321905136108398,-0.012640664353966713,1.0960325002670288,0.25953039526939392,0
20481,-0.13258983194828033,0,-0.022134330123662949,0,-0.075607232749462128,0,-0.023847885429859161,-0.00079971941886469722,0,-0.22925251722335815,-0.0064107542857527733,-0.33321905136108398,-0.012640664353966713,1.0960325002670288,0.25953039526939392,0
19098,-0.13258983194828033,0,-0.022134330123662949,0,-0.075607232749462128,0,-0.023847885429859161,-0.00079971941886469722,0,-0.22925251722335815,-0.0064107542857527733,0.95809155702590942,-0.012640664353966713,1.0960325002670288,1.5508407354354858,0
1077,-0.13258983194828033,0,-0.022134330123662949,0,-0.075607232749462128,0,-0.023847885429859161,-0.00079971941886469722,0,-0.22925251722335815,-0.0064107542857527733,-0.33321905136108398,-0.012640664353966713,1.0960325002670288,0.25953039526939392,0
19984,0.29880502820014954,0,-0.022134330123662949,0,-0.065096728503704071,0,-0.023847885429859161,-0.00079971941886469722,0,-0.010510962456464767,-0.0064107542857527733,-0.33321905136108398,-0.012640664353966713,1.0960325002670288,0.92017620801925659,0
16285,-0.13258983194828033,0,-0.022134330123662949,0,-0.075607232749462128,0,-0.023847885429859161,-0.00079971941886469722,0,0.73834800720214844,-0.0064107542857527733,-0.33321905136108398,-0.012640664353966713,1.0960325002670288,1.2271304130554199,1
4208,-0.13258983194828033,0,-0.022134330123662949,0,-0.065096728503704071,0,-0.023847885429859161,-0.00079971941886469722,0,-0.22925251722335815,-0.0064107542857527733,0.95809155702590942,-0.012640664353966713,1.0960325002670288,1.5613511800765991,0
2726,0.021126922219991684,0,-0.022134330123662949,0,-0.065096728503704071,0,-0.023847885429859161,-0.00079971941886469722,0,-0.046982802450656891,-0.0064107542857527733,0.95809155702590942,-0.012640664353966713,1.0960325002670288,1.8973374366760254,0
10711,0.5311434268951416,0,-0.022134330123662949,0,0.81433242559432983,0,-0.023847885429859161,-0.00079971941886469722,0,-0.16263291239738464,-0.0064107542857527733,-0.33321905136108398,-0.012640664353966713,1.0960325002670288,1.8798224925994873,2
8837,-0.13258983194828033,0,-0.022134330123662949,0,-0.075607232749462128,0,-0.023847885429859161,-0.00079971941886469722,0,0.61881047487258911,-0.0064107542857527733,-0.036233901977539062,-0.012640664353966713,1.0960325002670288,1.4045780897140503,0
16494,-0.13258983194828033,0,-0.022134330123662949,0,-0.075607232749462128,0,-0.023847885429859161,-0.00079971941886469722,0,-0.22925251722335815,-0.0064107542857527733,-0.33321905136108398,-0.012640664353966713,1.0960325002670288,0.25953039526939392,0
999,0.29880502820014954,0,-0.022134330123662949,0,-0.065096728503704071,0,-0.023847885429859161,-0.00079971941886469722,0,0.61881047487258911,-0.0064107542857527733,0.95809155702590942,0.40264433622360229,1.0960325002670288,3.2560944557189941,8
185,0.29880502820014954,0,0.48766922950744629,0,-0.065096728503704071,0,-0.023847885429859161,-0.00079971941886469722,0,0.61881047487258911,-0.0064107542857527733,0.95809155702590942,0.40264433622360229,1.0960325002670288,3.7658979892730713,1
931,0.021126922219991684,0,-0.022134330123662949,0,-0.075607232749462128,0,-0.023847885429859161,-0.00079971941886469722,0,0.73834800720214844,-0.0064107542857527733,-0.036233901977539062,-0.012640664353966713,1.0960325002670288,1.6778327226638794,1
19842,-0.13258983194828033,0,-0.022134330123662949,0,-0.075607232749462128,0,-0.023847885429859161,-0.00079971941886469722,0,0.73834800720214844,-0.0064107542857527733,-0.33321905136108398,-0.012640664353966713,1.0960325002670288,1.2271304130554199,3
18854,-0.13258983194828033,0,-0.022134330123662949,0,-0.075607232749462128,0,-0.023847885429859161,-0.00079971941886469722,0,-0.22925251722335815,-0.0064107542857527733,-0.33321905136108398,-0.012640664353966713,1.0960325002670288,0.25953039526939392,0
17757,0.021126922219991684,0,-0.022134330123662949,0,-0.065096728503704071,0,-0.023847885429859161,-0.00079971941886469722,0,0.73834800720214844,-0.0064107542857527733,0.13924197852611542,-0.012640664353966713,1.0960325002670288,1.8638192415237427,2
17955,-0.13258983194828033,0,-0.022134330123662949,0,-0.075607232749462128,0,-0.023847885429859161,-0.00079971941886469722,0,-0.22925251722335815,-0.0064107542857527733,0.95809155702590942,-0.012640664353966713,1.0960325002670288,1.5508407354354858,1
17619,0.5311434268951416,0,-0.022134330123662949,0,-0.075607232749462128,0,-0.023847885429859161,-0.00079971941886469722,0,-0.22925251722335815,-0.0064107542857527733,-0.33321905136108398,-0.012640664353966713,1.0960325002670288,0.92326265573501587,0
6097,-0.13258983194828033,0,-0.022134330123662949,0,-0.075607232749462128,0,-0.023847885429859161,-0.00079971941886469722,0,-0.22925251722335815,-0.0064107542857527733,-0.33321905136108398,-0.012640664353966713,1.0960325002670288,0.25953039526939392,0
16357,-0.13258983194828033,0,-0.022134330123662949,0,-0.065096728503704071,0,-0.023847885429859161,-0.00079971941886469722,0,-0.22925251722335815,-0.0064107542857527733,-0.33321905136108398,-0.012640664353966713,1.0960325002670288,0.27004089951515198,0
13468,0.5311434268951416,0,-0.022134330123662949,0,0.65901291370391846,0,-0.023847885429859161,-0.00079971941886469722,0,-0.010510962456464767,-0.0064107542857527733,-0.036233901977539062,-0.012640664353966713,1.0960325002670288,2.1736094951629639,1
14322,-0.13258983194828033,0,-0.022134330123662949,0,-0.075607232749462128,0,-0.023847885429859161,-0.00079971941886469722,0,-0.22925251722335815,-0.0064107542857527733,-0.33321905136108398,-0.012640664353966713,1.0960325002670288,0.25953039526939392,0
11552,-0.13258983194828033,0,-0.022134330123662949,0,-0.075607232749462128,0,-0.023847885429859161,-0.00079971941886469722,0,-0.22925251722335815,-0.0064107542857527733,-0.33321905136108398,-0.012640664353966713,1.0960325002670288,0.25953039526939392,0
1911,0.29880502820014954,0,-0.022134330123662949,0,0.65901291370391846,0,-0.023847885429859161,-0.00079971941886469722,0,-0.010510962456464767,-0.0064107542857527733,-0.036233901977539062,-0.012640664353966713,1.0960325002670288,1.9412716627120972,1
9655,0.29880502820014954,0,-0.022134330123662949,0,-0.065096728503704071,0,-0.023847885429859161,-0.00079971941886469722,0,0.61881047487258911,-0.0064107542857527733,-0.036233901977539062,-0.012640664353966713,1.0960325002670288,1.8464834690093994,0
3236,-0.13258983194828033,0,-0.022134330123662949,0,-0.065096728503704071,0,-0.023847885429859161,-0.00079971941886469722,0,0.73834800720214844,-0.0064107542857527733,1.1454603672027588,-0.012640664353966713,1.0960325002670288,2.7163212299346924,0
1090,-0.13258983194828033,0,-0.022134330123662949,0,-0.075607232749462128,0,-0.023847885429859161,-0.00079971941886469722,0,-0.22925251722335815,-0.0064107542857527733,-0.036233901977539062,-0.012640664353966713,1.0960325002670288,0.55651575326919556,0
4333,-0.13258983194828033,0,-0.022134330123662949,0,-0.075607232749462128,0,-0.023847885429859161,-0.00079971941886469722,0,-0.22925251722335815,-0.0064107542857527733,-0.33321905136108398,-0.012640664353966713,1.0960325002670288,0.25953039526939392,1
8707,0.021126922219991684,0,-0.022134330123662949,0,-0.075607232749462128,0,-0.023847885429859161,-0.00079971941886469722,0,-0.16263291239738464,-0.0064107542857527733,-0.33321905136108398,-0.012640664353966713,1.0960325002670288,0.47986686229705811,0
5859,0.021126922219991684,0,-0.022134330123662949,0,-0.065096728503704071,0,-0.023847885429859161,-0.00079971941886469722,0,-0.22925251722335815,-0.0064107542857527733,-0.036233901977539062,-0.012640664353966713,1.0960325002670288,0.72074294090270996,0
5580,0.021126922219991684,0,-0.022134330123662949,0,-0.065096728503704071,0,-0.023847885429859161,-0.00079971941886469722,0,-0.22925251722335815,-0.0064107542857527733,0.88107496500015259,-0.012640664353966713,1.0960325002670288,1.6380515098571777,1
19204,-0.13258983194828033,0,-0.022134330123662949,0,-0.075607232749462128,0,-0.023847885429859161,-0.00079971941886469722,0,-0.22925251722335815,-0.0064107542857527733,-0.33321905136108398,-0.012640664353966713,1.0960325002670288,0.25953039526939392,0
7123,0.29880502820014954,0,-0.022134330123662949,0,-0.065096728503704071,0,-0.023847885429859161,-0.00079971941886469722,0,0.73834800720214844,-0.0064107542857527733,0.88107496500015259,-0.012640664353966713,1.0960325002670288,2.8833305835723877,0
16363,-0.13258983194828033,0,-0.022134330123662949,0,-0.075607232749462128,0,-0.023847885429859161,-0.00079971941886469722,0,-0.22925251722335815,-0.0064107542857527733,-0.33321905136108398,-0.012640664353966713,1.0960325002670288,0.25953039526939392,0
18884,0.5311434268951416,0,-0.022134330123662949,0,0.65901291370391846,0,-0.023847885429859161,-0.00079971941886469722,0,0.73834800720214844,-0.0064107542857527733,1.1454603672027588,-0.012640664353966713,1.0960325002670288,4.1041646003723145,3
2274,-0.13258983194828033,0,-0.022134330123662949,0,-0.075607232749462128,0,-0.023847885429859161,-0.00079971941886469722,0,0.73834800720214844,-0.0064107542857527733,-0.33321905136108398,-0.012640664353966713,1.0960325002670288,1.2271304130554199,0
18549,-0.13258983194828033,0,-0.022134330123662949,0,-0.075607232749462128,0,-0.023847885429859161,-0.00079971941886469722,0,-0.22925251722335815,-0.0064107542857527733,-0.33321905136108398,-0.012640664353966713,1.0960325002670288,0.25953039526939392,0
12630,-0.13258983194828033,0,-0.022134330123662949,0,-0.075607232749462128,0,-0.023847885429859161,-0.00079971941886469722,0,-0.22925251722335815,-0.0064107542857527733,-0.33321905136108398,-0.012640664353966713,1.0960325002670288,0.25953039526939392,0
3800,-0.13258983194828033,0,-0.022134330123662949,0,-0.075607232749462128,0,-0.023847885429859161,-0.00079971941886469722,0,-0.22925251722335815,-0.0064107542857527733,0.88107496500015259,-0.012640664353966713,1.0960325002670288,1.4738243818283081,2
12386,0.021126922219991684,0,-0.022134330123662949,0,-0.075607232749462128,0,-0.023847885429859161,-0.00079971941886469722,0,-0.22925251722335815,-0.0064107542857527733,-0.036233901977539062,-0.012640664353966713,1.0960325002670288,0.7102324366569519,1
2569,-0.13258983194828033,0,-0.022134330123662949,0,-0.075607232749462128,0,-0.023847885429859161,-0.00079971941886469722,0,-0.22925251722335815,-0.0064107542857527733,-0.33321905136108398,-0.012640664353966713,1.0960325002670288,0.25953039526939392,0
487,-0.13258983194828033,0,-0.022134330123662949,0,-0.075607232749462128,0,-0.023847885429859161,-0.00079971941886469722,0,-0.22925251722335815,-0.0064107542857527733,-0.33321905136108398,-0.012640664353966713,1.0960325002670288,0.25953039526939392,0
1766,0.021126922219991684,0,-0.022134330123662949,0,-0.065096728503704071,0,-0.023847885429859161,-0.00079971941886469722,0,-0.010510962456464767,-0.0064107542857527733,0.95809155702590942,-0.012640664353966713,1.0960325002670288,1.9338092803955078,0
11166,-0.13258983194828033,0,-0.022134330123662949,0,-0.075607232749462128,0,-0.023847885429859161,-0.00079971941886469722,0,-0.22925251722335815,-0.0064107542857527733,-0.33321905136108398,-0.012640664353966713,1.0960325002670288,0.25953039526939392,0
15050,0.021126922219991684,0,-0.022134330123662949,0,-0.065096728503704071,0,-0.023847885429859161,-0.00079971941886469722,0,-0.22925251722335815,-0.0064107542857527733,-0.036233901977539062,-0.012640664353966713,1.0960325002670288,0.72074294090270996,1
12794,-0.13258983194828033,0,-0.022134330123662949,0,-0.075607232749462128,0,-0.023847885429859161,-0.00079971941886469722,0,-0.22925251722335815,-0.0064107542857527733,-0.33321905136108398,-0.012640664353966713,1.0960325002670288,0.25953039526939392,0
7232,0.29880502820014954,0,0.48766922950744629,0,0.65901291370391846,0,-0.023847885429859161,-0.00079971941886469722,0,0.73834800720214844,-0.0064107542857527733,1.1454603672027588,-0.012640664353966713,1.0960325002670288,4.3816285133361816,8
16299,-0.13258983194828033,0,-0.022134330123662949,0,-0.075607232749462128,0,-0.023847885429859161,-0.00079971941886469722,0,0.73834800720214844,-0.0064107542857527733,-0.33321905136108398,-0.012640664353966713,1.0960325002670288,1.2271304130554199,0
11994,-0.13258983194828033,0,-0.022134330123662949,0,-0.075607232749462128,0,-0.023847885429859161,-0.00079971941886469722,0,-0.22925251722335815,-0.0064107542857527733,-0.33321905136108398,-0.012640664353966713,1.0960325002670288,0.25953039526939392,0
11348,0.021126922219991684,0,-0.022134330123662949,0,-0.075607232749462128,0,-0.023847885429859161,-0.00079971941886469722,0,0.73834800720214844,-0.0064107542857527733,-0.33321905136108398,-0.012640664353966713,1.0960325002670288,1.3808470964431763,1
20450,-0.13258983194828033,0,-0.022134330123662949,0,-0.075607232749462128,0,-0.023847885429859161,-0.00079971941886469722,0,-0.22925251722335815,-0.0064107542857527733,-0.33321905136108398,-0.012640664353966713,1.0960325002670288,0.25953039526939392,0
19191,-0.13258983194828033,0,-0.022134330123662949,0,-0.075607232749462128,0,-0.023847885429859161,-0.00079971941886469722,0,-0.22925251722335815,-0.0064107542857527733,-0.33321905136108398,-0.012640664353966713,1.0960325002670288,0.25953039526939392,0
2550,0.29880502820014954,0,-0.022134330123662949,0,-0.075607232749462128,0,-0.023847885429859161,-0.00079971941886469722,0,0.61881047487258911,-0.0064107542857527733,-0.036233901977539062,-0.012640664353966713,1.0960325002670288,1.8359730243682861,1
20547,0.29880502820014954,0,0.48766922950744629,0,-0.075607232749462128,0,-0.023847885429859161,-0.00079971941886469722,0,0.73834800720214844,-0.0064107542857527733,-0.33321905136108398,-0.012640664353966713,1.0960325002670288,2.1683280467987061,0
8457,0.5311434268951416,0,-0.022134330123662949,0,0.65901291370391846,0,-0.023847885429859161,-0.00079971941886469722,0,-0.010510962456464767,-0.0064107542857527733,0.95809155702590942,-0.012640664353966713,1.0960325002670288,3.1679360866546631,4
18320,-0.13258983194828033,0,-0.022134330123662949,0,-0.075607232749462128,0,-0.023847885429859161,-0.00079971941886469722,0,-0.22925251722335815,-0.0064107542857527733,-0.33321905136108398,-0.012640664353966713,1.0960325002670288,0.25953039526939392,0
7281,-0.13258983194828033,0,-0.022134330123662949,0,-0.065096728503704071,0,-0.023847885429859161,-0.00079971941886469722,0,-0.22925251722335815,-0.0064107542857527733,-0.33321905136108398,-0.012640664353966713,1.0960325002670288,0.27004089951515198,0
14305,-0.13258983194828033,0,-0.022134330123662949,0,-0.075607232749462128,0,-0.023847885429859161,-0.00079971941886469722,0,0.73834800720214844,-0.0064107542857527733,-0.33321905136108398,-0.012640664353966713,1.0960325002670288,1.2271304130554199,4
16242,0.5311434268951416,0,-0.022134330123662949,0,-0.065096728503704071,0,-0.023847885429859161,-0.00079971941886469722,0,0.61881047487258911,-0.0064107542857527733,1.1454603672027588,0.40264433622360229,1.0960325002670288,3.6758017539978027,7
11976,-0.13258983194828033,0,-0.022134330123662949,0,-0.075607232749462128,0,-0.023847885429859161,-0.00079971941886469722,0,-0.22925251722335815,-0.0064107542857527733,-0.33321905136108398,-0.012640664353966713,1.0960325002670288,0.25953039526939392,0
1463,-0.13258983194828033,0,-0.022134330123662949,0,-0.075607232749462128,0,-0.023847885429859161,-0.00079971941886469722,0,-0.22925251722335815,-0.0064107542857527733,-0.33321905136108398,-0.012640664353966713,1.0960325002670288,0.25953039526939392,0
18903,-0.13258983194828033,0,-0.022134330123662949,0,-0.075607232749462128,0,-0.023847885429859161,-0.00079971941886469722,0,-0.22925251722335815,-0.0064107542857527733,-0.33321905136108398,-0.012640664353966713,1.0960325002670288,0.25953039526939392,0
11694,-0.13258983194828033,0,-0.022134330123662949,0,-0.075607232749462128,0,-0.023847885429859161,-0.00079971941886469722,0,-0.22925251722335815,-0.0064107542857527733,-0.33321905136108398,-0.012640664353966713,1.0960325002670288,0.25953039526939392,1
19243,-0.13258983194828033,0,-0.022134330123662949,0,0.65901291370391846,0,-0.023847885429859161,-0.00079971941886469722,0,-0.22925251722335815,-0.0064107542857527733,0.95809155702590942,-0.012640664353966713,1.0960325002670288,2.2854616641998291,0
11019,-0.13258983194828033,0,-0.022134330123662949,0,-0.075607232749462128,0,-0.023847885429859161,-0.00079971941886469722,0,-0.22925251722335815,-0.0064107542857527733,-0.33321905136108398,-0.012640664353966713,1.0960325002670288,0.25953039526939392,0
6849,-0.13258983194828033,0,-0.022134330123662949,0,-0.075607232749462128,0,-0.023847885429859161,-0.00079971941886469722,0,-0.22925251722335815,-0.0064107542857527733,-0.33321905136108398,-0.012640664353966713,1.0960325002670288,0.25953039526939392,0
15724,0.021126922219991684,0,-0.022134330123662949,0,0.65901291370391846,0,-0.023847885429859161,-0.00079971941886469722,0,-0.16263291239738464,-0.0064107542857527733,0.95809155702590942,-0.012640664353966713,1.0960325002670288,2.5057981014251709,0
1332,0.021126922219991684,0,-0.022134330123662949,0,-0.075607232749462128,0,-0.023847885429859161,-0.00079971941886469722,0,-0.010510962456464767,-0.0064107542857527733,-0.036233901977539062,-0.012640664353966713,1.0960325002670288,0.92897379398345947,0
18713,0.29880502820014954,0,-0.022134330123662949,0,-0.075607232749462128,0,-0.023847885429859161,-0.00079971941886469722,0,-0.010510962456464767,-0.0064107542857527733,-0.33321905136108398,-0.012640664353966713,1.0960325002670288,0.90966570377349854,0
15091,-0.13258983194828033,0,-0.022134330123662949,0,-0.075607232749462128,0,-0.023847885429859161,-0.00079971941886469722,0,-0.22925251722335815,-0.0064107542857527733,-0.33321905136108398,-0.012640664353966713,1.0960325002670288,0.25953039526939392,0
6396,-0.13258983194828033,0,-0.022134330123662949,0,-0.075607232749462128,0,-0.023847885429859161,-0.00079971941886469722,0,-0.22925251722335815,-0.0064107542857527733,-0.33321905136108398,-0.012640664353966713,1.0960325002670288,0.25953039526939392,0
3316,-0.13258983194828033,0,-0.022134330123662949,0,-0.075607232749462128,0,-0.023847885429859161,-0.00079971941886469722,0,-0.22925251722335815,-0.0064107542857527733,-0.33321905136108398,-0.012640664353966713,1.0960325002670288,0.25953039526939392,0
5019,0.021126922219991684,0,-0.022134330123662949,0,-0.075607232749462128,0,-0.023847885429859161,-0.00079971941886469722,0,-0.22925251722335815,-0.0064107542857527733,-0.33321905136108398,-0.012640664353966713,1.0960325002670288,0.41324740648269653,0
964,-0.13258983194828033,0,-0.022134330123662949,0,-0.075607232749462128,0,-0.023847885429859161,-0.00079971941886469722,0,-0.22925251722335815,-0.0064107542857527733,-0.33321905136108398,-0.012640664353966713,1.0960325002670288,0.25953039526939392,0
17148,-0.13258983194828033,0,-0.022134330123662949,0,-0.075607232749462128,0,-0.023847885429859161,-0.00079971941886469722,0,-0.22925251722335815,-0.0064107542857527733,-0.33321905136108398,-0.012640664353966713,1.0960325002670288,0.25953039526939392,0
9605,0.021126922219991684,0,0.48766922950744629,0,-0.075607232749462128,0,-0.023847885429859161,-0.00079971941886469722,0,-0.22925251722335815,-0.0064107542857527733,-0.33321905136108398,-0.012640664353966713,1.0960325002670288,0.92305099964141846,0
8364,0.29880502820014954,0,-0.022134330123662949,0,-0.075607232749462128,0,-0.023847885429859161,-0.00079971941886469722,0,0.73834800720214844,-0.0064107542857527733,-0.33321905136108398,-0.012640664353966713,1.0960325002670288,1.6585251092910767,0
12111,0.021126922219991684,0,-0.022134330123662949,0,-0.075607232749462128,0,-0.023847885429859161,-0.00079971941886469722,0,-0.22925251722335815,-0.0064107542857527733,0.88107496500015259,-0.012640664353966713,1.0960325002670288,1.6275410652160645,0
2216,-0.13258983194828033,0,-0.022134330123662949,0,-0.075607232749462128,0,-0.023847885429859161,-0.00079971941886469722,0,0.61881047487258911,-0.0064107542857527733,-0.33321905136108398,-0.012640664353966713,1.0960325002670288,1.1075927019119263,1
5328,-0.13258983194828033,0,-0.022134330123662949,0,-0.075607232749462128,0,-0.023847885429859161,-0.00079971941886469722,0,-0.22925251722335815,-0.0064107542857527733,-0.33321905136108398,-0.012640664353966713,1.0960325002670288,0.25953039526939392,0
11077,-0.13258983194828033,0,-0.022134330123662949,0,-0.075607232749462128,0,-0.023847885429859161,-0.00079971941886469722,0,-0.22925251722335815,-0.0064107542857527733,-0.33321905136108398,-0.012640664353966713,1.0960325002670288,0.25953039526939392,3
632,0.021126922219991684,0,-0.022134330123662949,0,-0.075607232749462128,0,-0.023847885429859161,-0.00079971941886469722,0,-0.010510962456464767,-0.0064107542857527733,-0.036233901977539062,0.40264433622360229,1.0960325002670288,1.3442590236663818,3
13435,0.021126922219991684,0,-0.022134330123662949,0,-0.065096728503704071,0,-0.023847885429859161,-0.00079971941886469722,0,-0.22925251722335815,-0.0064107542857527733,0.88107496500015259,-0.012640664353966713,1.0960325002670288,1.6380515098571777,4
15327,0.5311434268951416,0,-0.022134330123662949,0,-0.065096728503704071,0,-0.023847885429859161,-0.00079971941886469722,0,-0.046982802450656891,-0.0064107542857527733,0.95809155702590942,-0.012640664353966713,1.0960325002670288,2.4073543548583984,0
1340,0.29880502820014954,0,0.48766922950744629,0,-0.075607232749462128,0,-0.023847885429859161,-0.00079971941886469722,0,0.73834800720214844,-0.0064107542857527733,0.95809155702590942,0.40264433622360229,1.0960325002670288,3.8749253749847412,1
16980,-0.13258983194828033,0,-0.022134330123662949,0,-0.075607232749462128,0,-0.023847885429859161,-0.00079971941886469722,0,-0.22925251722335815,-0.0064107542857527733,0.95809155702590942,-0.012640664353966713,1.0960325002670288,1.5508407354354858,0
20005,-0.13258983194828033,0,-0.022134330123662949,0,-0.075607232749462128,0,-0.023847885429859161,-0.00079971941886469722,0,-0.22925251722335815,-0.0064107542857527733,-0.33321905136108398,-0.012640664353966713,1.0960325002670288,0.25953039526939392,0
20246,-0.13258983194828033,0,-0.022134330123662949,0,-0.075607232749462128,0,-0.023847885429859161,-0.00079971941886469722,0,-0.22925251722335815,-0.0064107542857527733,-0.33321905136108398,-0.012640664353966713,1.0960325002670288,0.25953039526939392,1
14641,-0.13258983194828033,0,-0.022134330123662949,0,-0.065096728503704071,0,-0.023847885429859161,-0.00079971941886469722,0,-0.22925251722335815,-0.0064107542857527733,-0.036233901977539062,-0.012640664353966713,1.0960325002670288,0.56702625751495361,1
18689,0.021126922219991684,0,-0.022134330123662949,0,-0.075607232749462128,0,-0.023847885429859161,-0.00079971941886469722,0,-0.22925251722335815,-0.0064107542857527733,-0.33321905136108398,-0.012640664353966713,1.0960325002670288,0.41324740648269653,7
14073,-0.13258983194828033,0,-0.022134330123662949,0,-0.075607232749462128,0,-0.023847885429859161,-0.00079971941886469722,0,-0.22925251722335815,-0.0064107542857527733,-0.33321905136108398,-0.012640664353966713,1.0960325002670288,0.25953039526939392,0
18037,-0.13258983194828033,0,-0.022134330123662949,0,-0.075607232749462128,0,-0.023847885429859161,-0.00079971941886469722,0,0.73834800720214844,-0.0064107542857527733,-0.036233901977539062,-0.012640664353966713,1.0960325002670288,1.5241158008575439,1
271,-0.13258983194828033,0,-0.022134330123662949,0,-0.075607232749462128,0,-0.023847885429859161,-0.00079971941886469722,0,-0.22925251722335815,-0.0064107542857527733,-0.33321905136108398,-0.012640664353966713,1.0960325002670288,0.25953039526939392,0
283,-0.13258983194828033,0,-0.022134330123662949,0,-0.075607232749462128,0,-0.023847885429859161,-0.00079971941886469722,0,-0.22925251722335815,-0.0064107542857527733,-0.33321905136108398,-0.012640664353966713,1.0960325002670288,0.25953039526939392,0
4308,-0.13258983194828033,0,-0.022134330123662949,0,-0.075607232749462128,0,-0.023847885429859161,-0.00079971941886469722,0,-0.22925251722335815,-0.0064107542857527733,-0.33321905136108398,-0.012640664353966713,1.0960325002670288,0.25953039526939392,1
1966,-0.13258983194828033,0,-0.022134330123662949,0,-0.075607232749462128,0,-0.023847885429859161,-0.00079971941886469722,0,-0.22925251722335815,-0.0064107542857527733,-0.33321905136108398,-0.012640664353966713,1.0960325002670288,0.25953039526939392,0
5724,0.021126922219991684,0,-0.022134330123662949,0,-0.075607232749462128,0,-0.023847885429859161,-0.00079971941886469722,0,-0.22925251722335815,-0.0064107542857527733,-0.33321905136108398,-0.012640664353966713,1.0960325002670288,0.41324740648269653,1
2599,-0.13258983194828033,0,-0.022134330123662949,0,-0.075607232749462128,0,-0.023847885429859161,-0.00079971941886469722,0,0.61881047487258911,-0.0064107542857527733,-0.33321905136108398,-0.012640664353966713,1.0960325002670288,1.1075927019119263,0
14461,-0.13258983194828033,0,-0.022134330123662949,0,-0.075607232749462128,0,-0.023847885429859161,-0.00079971941886469722,0,-0.22925251722335815,-0.0064107542857527733,-0.33321905136108398,-0.012640664353966713,1.0960325002670288,0.25953039526939392,0
20382,0.021126922219991684,0,-0.022134330123662949,0,-0.075607232749462128,0,-0.023847885429859161,-0.00079971941886469722,0,0.73834800720214844,-0.0064107542857527733,-0.036233901977539062,-0.012640664353966713,1.0960325002670288,1.6778327226638794,0
17257,0.021126922219991684,0,-0.022134330123662949,0,-0.065096728503704071,0,-0.023847885429859161,-0.00079971941886469722,0,-0.22925251722335815,-0.0064107542857527733,0.0077285803854465485,-0.012640664353966713,1.0960325002670288,0.76470547914505005,1
14504,-0.13258983194828033,0,-0.022134330123662949,0,0.65901291370391846,0,-0.023847885429859161,-0.00079971941886469722,0,-0.22925251722335815,-0.0064107542857527733,0.95809155702590942,-0.012640664353966713,1.0960325002670288,2.2854616641998291,0
356,-0.13258983194828033,0,-0.022134330123662949,0,-0.065096728503704071,0,-0.023847885429859161,-0.00079971941886469722,0,0.61881047487258911,-0.0064107542857527733,0.95809155702590942,-0.012640664353966713,1.0960325002670288,2.409414529800415,0
10604,-0.13258983194828033,0,0.48766922950744629,0,-0.075607232749462128,0,-0.023847885429859161,-0.00079971941886469722,0,-0.22925251722335815,-0.0064107542857527733,-0.33321905136108398,-0.012640664353966713,1.0960325002670288,0.76933431625366211,0
19737,0.021126922219991684,0,-0.022134330123662949,0,0.65901291370391846,0,-0.023847885429859161,-0.00079971941886469722,0,-0.010510962456464767,-0.0064107542857527733,0.95809155702590942,-0.012640664353966713,1.0960325002670288,2.6579196453094482,0
20764,0.021126922219991684,0,-0.022134330123662949,0,-0.075607232749462128,0,-0.023847885429859161,-0.00079971941886469722,0,-0.22925251722335815,-0.0064107542857527733,-0.33321905136108398,-0.012640664353966713,1.0960325002670288,0.41324740648269653,1
11744,-0.13258983194828033,0,-0.022134330123662949,0,-0.075607232749462128,0,-0.023847885429859161,-0.00079971941886469722,0,-0.22925251722335815,-0.0064107542857527733,-0.33321905136108398,-0.012640664353966713,1.0960325002670288,0.25953039526939392,0
2846,0.021126922219991684,0,-0.022134330123662949,0,-0.075607232749462128,0,-0.023847885429859161,-0.00079971941886469722,0,-0.22925251722335815,-0.0064107542857527733,0.88107496500015259,-0.012640664353966713,1.0960325002670288,1.6275410652160645,1
19839,0.021126922219991684,0,-0.022134330123662949,0,-0.065096728503704071,0,-0.023847885429859161,-0.00079971941886469722,0,-0.16263291239738464,-0.0064107542857527733,0.88107496500015259,-0.012640664353966713,1.0960325002670288,1.7046711444854736,0
12143,-0.13258983194828033,0,-0.022134330123662949,0,-0.075607232749462128,0,-0.023847885429859161,-0.00079971941886469722,0,-0.22925251722335815,-0.0064107542857527733,-0.33321905136108398,-0.012640664353966713,1.0960325002670288,0.25953039526939392,0
16541,0.021126922219991684,0,-0.022134330123662949,0,-0.075607232749462128,0,-0.023847885429859161,-0.00079971941886469722,0,-0.22925251722335815,-0.0064107542857527733,-0.036233901977539062,-0.012640664353966713,1.0960325002670288,0.7102324366569519,0
10060,-0.13258983194828033,0,-0.022134330123662949,0,-0.075607232749462128,0,-0.023847885429859161,-0.00079971941886469722,0,-0.22925251722335815,-0.0064107542857527733,-0.33321905136108398,-0.012640664353966713,1.0960325002670288,0.25953039526939392,0
16644,-0.13258983194828033,0,-0.022134330123662949,0,-0.065096728503704071,0,-0.023847885429859161,-0.00079971941886469722,0,-0.22925251722335815,-0.0064107542857527733,-0.036233901977539062,-0.012640664353966713,1.0960325002670288,0.56702625751495361,0
1826,-0.13258983194828033,0,-0.022134330123662949,0,-0.075607232749462128,0,-0.023847885429859161,-0.00079971941886469722,0,-0.22925251722335815,-0.0064107542857527733,-0.33321905136108398,-0.012640664353966713,1.0960325002670288,0.25953039526939392,0
8384,-0.13258983194828033,0,-0.022134330123662949,0,-0.075607232749462128,0,-0.023847885429859161,-0.00079971941886469722,0,-0.22925251722335815,-0.0064107542857527733,-0.33321905136108398,-0.012640664353966713,1.0960325002670288,0.25953039526939392,0
17775,-0.13258983194828033,0,-0.022134330123662949,0,-0.075607232749462128,0,-0.023847885429859161,-0.00079971941886469722,0,-0.22925251722335815,-0.0064107542857527733,-0.33321905136108398,-0.012640664353966713,1.0960325002670288,0.25953039526939392,0
8827,0.021126922219991684,0,-0.022134330123662949,0,-0.065096728503704071,0,-0.023847885429859161,-0.00079971941886469722,0,-0.22925251722335815,-0.0064107542857527733,-0.33321905136108398,-0.012640664353966713,1.0960325002670288,0.42375791072845459,0
18299,-0.13258983194828033,0,-0.022134330123662949,0,-0.075607232749462128,0,-0.023847885429859161,-0.00079971941886469722,0,-0.22925251722335815,-0.0064107542857527733,-0.33321905136108398,-0.012640664353966713,1.0960325002670288,0.25953039526939392,0
7440,0.021126922219991684,0,0.48766922950744629,0,-0.075607232749462128,0,-0.023847885429859161,-0.00079971941886469722,0,0.61881047487258911,-0.0064107542857527733,-0.33321905136108398,-0.012640664353966713,1.0960325002670288,1.7711126804351807,0
14660,-0.13258983194828033,0,-0.022134330123662949,0,-0.075607232749462128,0,-0.023847885429859161,-0.00079971941886469722,0,-0.22925251722335815,-0.0064107542857527733,-0.33321905136108398,-0.012640664353966713,1.0960325002670288,0.25953039526939392,0
14161,-0.13258983194828033,0,-0.022134330123662949,0,-0.075607232749462128,0,-0.023847885429859161,-0.00079971941886469722,0,-0.16263291239738464,-0.0064107542857527733,-0.036233901977539062,-0.012640664353966713,1.0960325002670288,0.62313532829284668,0
5423,0.021126922219991684,0,-0.022134330123662949,0,-0.075607232749462128,0,-0.023847885429859161,-0.00079971941886469722,0,-0.22925251722335815,-0.0064107542857527733,-0.33321905136108398,-0.012640664353966713,1.0960325002670288,0.41324740648269653,0
14497,-0.13258983194828033,0,-0.022134330123662949,0,-0.075607232749462128,0,-0.023847885429859161,-0.00079971941886469722,0,-0.22925251722335815,-0.0064107542857527733,-0.036233901977539062,-0.012640664353966713,1.0960325002670288,0.55651575326919556,0
18908,0.021126922219991684,0,-0.022134330123662949,0,-0.075607232749462128,0,-0.023847885429859161,-0.00079971941886469722,0,-0.22925251722335815,-0.0064107542857527733,-0.33321905136108398,-0.012640664353966713,1.0960325002670288,0.41324740648269653,0
8003,0.29880502820014954,0,-0.022134330123662949,0,0.65901291370391846,0,-0.023847885429859161,0.18953347206115723,0,0.61881047487258911,-0.0064107542857527733,0.95809155702590942,-0.012640664353966713,1.0960325002670288,3.7552521228790283,1
8120,0.021126922219991684,0,-0.022134330123662949,0,-0.075607232749462128,0,-0.023847885429859161,-0.00079971941886469722,0,0.61881047487258911,-0.0064107542857527733,0.88107496500015259,-0.012640664353966713,1.0960325002670288,2.4756035804748535,2
11118,0.021126922219991684,0,-0.022134330123662949,0,-0.075607232749462128,0,-0.023847885429859161,-0.00079971941886469722,0,-0.22925251722335815,-0.0064107542857527733,-0.036233901977539062,-0.012640664353966713,1.0960325002670288,0.7102324366569519,0
1064,0.5311434268951416,0,-0.022134330123662949,0,0.65901291370391846,0,-0.023847885429859161,-0.00079971941886469722,0,0.61881047487258911,-0.0064107542857527733,-0.036233901977539062,-0.012640664353966713,1.0960325002670288,2.8029317855834961,0
16182,0.29880502820014954,0,0.48766922950744629,0,-0.065096728503704071,0,-0.023847885429859161,-0.00079971941886469722,0,0.73834800720214844,-0.0064107542857527733,1.1454603672027588,-0.012640664353966713,1.0960325002670288,3.6575198173522949,25
19268,-0.13258983194828033,0,-0.022134330123662949,0,-0.075607232749462128,0,-0.023847885429859161,-0.00079971941886469722,0,-0.22925251722335815,-0.0064107542857527733,-0.33321905136108398,-0.012640664353966713,1.0960325002670288,0.25953039526939392,0
8276,0.5311434268951416,0,0.48766922950744629,0,0.65901291370391846,0,-0.023847885429859161,-0.00079971941886469722,0,0.73834800720214844,-0.0064107542857527733,1.1454603672027588,-0.012640664353966713,1.0960325002670288,4.6139669418334961,4
16098,0.29880502820014954,0,-0.022134330123662949,0,-0.075607232749462128,0,-0.023847885429859161,-0.00079971941886469722,0,-0.010510962456464767,-0.0064107542857527733,-0.33321905136108398,-0.012640664353966713,1.0960325002670288,0.90966570377349854,0
10523,-0.13258983194828033,0,-0.022134330123662949,0,-0.075607232749462128,0,-0.023847885429859161,-0.00079971941886469722,0,-0.22925251722335815,-0.0064107542857527733,-0.33321905136108398,-0.012640664353966713,1.0960325002670288,0.25953039526939392,1
19844,-0.13258983194828033,0,-0.022134330123662949,0,-0.075607232749462128,0,-0.023847885429859161,-0.00079971941886469722,0,-0.22925251722335815,-0.0064107542857527733,-0.33321905136108398,-0.012640664353966713,1.0960325002670288,0.25953039526939392,0
14948,0.021126922219991684,0,-0.022134330123662949,0,-0.075607232749462128,0,-0.023847885429859161,-0.00079971941886469722,0,-0.22925251722335815,-0.0064107542857527733,-0.33321905136108398,-0.012640664353966713,1.0960325002670288,0.41324740648269653,0
2062,0.021126922219991684,0,-0.022134330123662949,0,-0.065096728503704071,0,-0.023847885429859161,-0.00079971941886469722,0,0.73834800720214844,-0.0064107542857527733,-0.33321905136108398,-0.012640664353966713,1.0960325002670288,1.3913575410842896,2
1357,0.021126922219991684,0,-0.022134330123662949,0,-0.075607232749462128,0,-0.023847885429859161,-0.00079971941886469722,0,-0.22925251722335815,-0.0064107542857527733,-0.33321905136108398,-0.012640664353966713,1.0960325002670288,0.41324740648269653,0
3476,-0.13258983194828033,0,-0.022134330123662949,0,-0.075607232749462128,0,-0.023847885429859161,-0.00079971941886469722,0,-0.22925251722335815,-0.0064107542857527733,-0.036233901977539062,-0.012640664353966713,1.0960325002670288,0.55651575326919556,0
4287,-0.13258983194828033,0,-0.022134330123662949,0,-0.075607232749462128,0,-0.023847885429859161,-0.00079971941886469722,0,-0.22925251722335815,-0.0064107542857527733,-0.33321905136108398,-0.012640664353966713,1.0960325002670288,0.25953039526939392,0
5441,0.021126922219991684,0,-0.022134330123662949,0,-0.075607232749462128,0,-0.023847885429859161,-0.00079971941886469722,0,-0.22925251722335815,-0.0064107542857527733,-0.33321905136108398,-0.012640664353966713,1.0960325002670288,0.41324740648269653,0
20456,0.021126922219991684,0,-0.022134330123662949,0,-0.075607232749462128,0,-0.023847885429859161,-0.00079971941886469722,0,-0.22925251722335815,-0.0064107542857527733,-0.33321905136108398,-0.012640664353966713,1.0960325002670288,0.41324740648269653,0
17489,0.021126922219991684,0,0.48766922950744629,0,-0.075607232749462128,0,-0.023847885429859161,-0.00079971941886469722,0,-0.22925251722335815,-0.0064107542857527733,0.95809155702590942,-0.012640664353966713,1.0960325002670288,2.214360237121582,0
10212,-0.13258983194828033,0,-0.022134330123662949,0,-0.075607232749462128,0,-0.023847885429859161,-0.00079971941886469722,0,-0.22925251722335815,-0.0064107542857527733,-0.036233901977539062,-0.012640664353966713,1.0960325002670288,0.55651575326919556,0
20504,0.021126922219991684,0,-0.022134330123662949,0,-0.075607232749462128,0,-0.023847885429859161,-0.00079971941886469722,0,0.61881047487258911,-0.0064107542857527733,-0.33321905136108398,-0.012640664353966713,1.0960325002670288,1.2613093852996826,0
20303,0.021126922219991684,0,-0.022134330123662949,0,-0.075607232749462128,0,-0.023847885429859161,-0.00079971941886469722,0,0.61881047487258911,-0.0064107542857527733,0.13924197852611542,-0.012640664353966713,1.0960325002670288,1.7337710857391357,0
20364,-0.13258983194828033,0,-0.022134330123662949,0,-0.075607232749462128,0,-0.023847885429859161,-0.00079971941886469722,0,-0.22925251722335815,-0.0064107542857527733,-0.33321905136108398,-0.012640664353966713,1.0960325002670288,0.25953039526939392,0
15639,0.021126922219991684,0,-0.022134330123662949,0,-0.065096728503704071,0,-0.023847885429859161,-0.00079971941886469722,0,0.73834800720214844,-0.0064107542857527733,0.95809155702590942,-0.012640664353966713,1.0960325002670288,2.6826686859130859,16
4926,-0.13258983194828033,0,-0.022134330123662949,0,-0.075607232749462128,0,-0.023847885429859161,-0.00079971941886469722,0,-0.22925251722335815,-0.0064107542857527733,-0.33321905136108398,-0.012640664353966713,1.0960325002670288,0.25953039526939392,0
883,0.021126922219991684,0,-0.022134330123662949,0,-0.075607232749462128,0,-0.023847885429859161,-0.00079971941886469722,0,0.73834800720214844,-0.0064107542857527733,-0.036233901977539062,-0.012640664353966713,1.0960325002670288,1.6778327226638794,2
18565,-0.13258983194828033,0,-0.022134330123662949,0,-0.075607232749462128,0,-0.023847885429859161,-0.00079971941886469722,0,-0.22925251722335815,-0.0064107542857527733,-0.33321905136108398,-0.012640664353966713,1.0960325002670288,0.25953039526939392,0
7390,-0.13258983194828033,0,-0.022134330123662949,0,-0.075607232749462128,0,-0.023847885429859161,-0.00079971941886469722,0,-0.22925251722335815,-0.0064107542857527733,-0.33321905136108398,-0.012640664353966713,1.0960325002670288,0.25953039526939392,0
6357,0.021126922219991684,0,-0.022134330123662949,0,-0.075607232749462128,0,-0.023847885429859161,-0.00079971941886469722,0,-0.22925251722335815,-0.0064107542857527733,-0.036233901977539062,-0.012640664353966713,1.0960325002670288,0.7102324366569519,0
19888,-0.13258983194828033,0,-0.022134330123662949,0,-0.075607232749462128,0,-0.023847885429859161,-0.00079971941886469722,0,-0.22925251722335815,-0.0064107542857527733,-0.33321905136108398,-0.012640664353966713,1.0960325002670288,0.25953039526939392,0
1462,-0.13258983194828033,0,-0.022134330123662949,0,-0.075607232749462128,0,-0.023847885429859161,-0.00079971941886469722,0,-0.22925251722335815,-0.0064107542857527733,-0.036233901977539062,-0.012640664353966713,1.0960325002670288,0.55651575326919556,0
10599,-0.13258983194828033,0,-0.022134330123662949,0,-0.075607232749462128,0,-0.023847885429859161,-0.00079971941886469722,0,-0.22925251722335815,-0.0064107542857527733,-0.33321905136108398,-0.012640664353966713,1.0960325002670288,0.25953039526939392,0
2028,-0.13258983194828033,0,-0.022134330123662949,0,-0.075607232749462128,0,-0.023847885429859161,-0.00079971941886469722,0,-0.22925251722335815,-0.0064107542857527733,-0.036233901977539062,-0.012640664353966713,1.0960325002670288,0.55651575326919556,0
9801,-0.13258983194828033,0,-0.022134330123662949,0,0.65901291370391846,0,-0.023847885429859161,-0.00079971941886469722,0,-0.22925251722335815,-0.0064107542857527733,-0.33321905136108398,-0.012640664353966713,1.0960325002670288,0.99415105581283569,0
12970,-0.13258983194828033,0,-0.022134330123662949,0,-0.065096728503704071,0,-0.023847885429859161,-0.00079971941886469722,0,-0.22925251722335815,-0.0064107542857527733,1.1454603672027588,-0.012640664353966713,1.0960325002670288,1.7487201690673828,0
4583,-0.13258983194828033,0,-0.022134330123662949,0,-0.065096728503704071,0,-0.023847885429859161,-0.00079971941886469722,0,-0.22925251722335815,-0.0064107542857527733,1.1454603672027588,-0.012640664353966713,1.0960325002670288,1.7487201690673828,12
11305,0.021126922219991684,0,0.48766922950744629,0,-0.065096728503704071,0,-0.023847885429859161,-0.00079971941886469722,0,0.61881047487258911,-0.0064107542857527733,0.95809155702590942,-0.012640664353966713,1.0960325002670288,3.072934627532959,1
5112,-0.13258983194828033,0,-0.022134330123662949,0,-0.075607232749462128,0,-0.023847885429859161,-0.00079971941886469722,0,-0.22925251722335815,-0.0064107542857527733,-0.33321905136108398,-0.012640664353966713,1.0960325002670288,0.25953039526939392,0
11408,-0.13258983194828033,0,0.48766922950744629,0,-0.065096728503704071,0,-0.023847885429859161,-0.00079971941886469722,0,0.73834800720214844,-0.0064107542857527733,1.1454603672027588,-0.012640664353966713,1.0960325002670288,3.2261250019073486,0
9483,0.021126922219991684,0,-0.022134330123662949,0,-0.075607232749462128,0,-0.023847885429859161,-0.00079971941886469722,0,0.73834800720214844,-0.0064107542857527733,-0.33321905136108398,0.40264433622360229,1.0960325002670288,1.79613196849823,9
12103,0.021126922219991684,0,-0.022134330123662949,0,-0.065096728503704071,0,-0.023847885429859161,-0.00079971941886469722,0,-0.22925251722335815,-0.0064107542857527733,-0.036233901977539062,-0.012640664353966713,1.0960325002670288,0.72074294090270996,0
7393,0.021126922219991684,0,-0.022134330123662949,0,-0.075607232749462128,0,-0.023847885429859161,-0.00079971941886469722,0,0.61881047487258911,-0.0064107542857527733,0.95809155702590942,0.40264433622360229,1.0960325002670288,2.9679050445556641,0
5082,0.021126922219991684,0,-0.022134330123662949,0,-0.075607232749462128,0,-0.023847885429859161,-0.00079971941886469722,0,-0.22925251722335815,-0.0064107542857527733,0.13924197852611542,-0.012640664353966713,1.0960325002670288,0.88570833206176758,0
984,0.021126922219991684,0,-0.022134330123662949,0,-0.065096728503704071,0,-0.023847885429859161,-0.00079971941886469722,0,-0.22925251722335815,-0.0064107542857527733,0.95809155702590942,-0.012640664353966713,1.0960325002670288,1.7150678634643555,4
11745,-0.13258983194828033,0,0.48766922950744629,0,-0.075607232749462128,0,-0.023847885429859161,-0.00079971941886469722,0,-0.22925251722335815,-0.0064107542857527733,-0.33321905136108398,-0.012640664353966713,1.0960325002670288,0.76933431625366211,0
12106,-0.13258983194828033,0,-0.022134330123662949,0,-0.075607232749462128,0,-0.023847885429859161,-0.00079971941886469722,0,-0.22925251722335815,-0.0064107542857527733,-0.33321905136108398,-0.012640664353966713,1.0960325002670288,0.25953039526939392,0
4964,-0.13258983194828033,0,-0.022134330123662949,0,-0.075607232749462128,0,-0.023847885429859161,-0.00079971941886469722,0,0.73834800720214844,-0.0064107542857527733,-0.33321905136108398,-0.012640664353966713,1.0960325002670288,1.2271304130554199,0
16699,0.29880502820014954,0,-0.022134330123662949,0,-0.065096728503704071,0,-0.023847885429859161,-0.00079971941886469722,0,-0.22925251722335815,-0.0064107542857527733,0.95809155702590942,-0.012640664353966713,1.0960325002670288,1.9927458763122559,0
4086,-0.13258983194828033,0,-0.022134330123662949,0,-0.075607232749462128,0,-0.023847885429859161,-0.00079971941886469722,0,-0.22925251722335815,-0.0064107542857527733,-0.33321905136108398,-0.012640664353966713,1.0960325002670288,0.25953039526939392,0
15905,0.021126922219991684,0,-0.022134330123662949,0,-0.075607232749462128,0,-0.023847885429859161,-0.00079971941886469722,0,0.73834800720214844,-0.0064107542857527733,-0.036233901977539062,-0.012640664353966713,1.0960325002670288,1.6778327226638794,0
4783,-0.13258983194828033,0,-0.022134330123662949,0,-0.065096728503704071,0,-0.023847885429859161,-0.00079971941886469722,0,-0.22925251722335815,-0.0064107542857527733,-0.036233901977539062,-0.012640664353966713,1.0960325002670288,0.56702625751495361,0
12993,-0.13258983194828033,0,-0.022134330123662949,0,-0.075607232749462128,0,-0.023847885429859161,-0.00079971941886469722,0,-0.22925251722335815,-0.0064107542857527733,-0.33321905136108398,-0.012640664353966713,1.0960325002670288,0.25953039526939392,0
12021,0.29880502820014954,0,-0.022134330123662949,0,-0.065096728503704071,0,3.0720410346984863,-0.00079971941886469722,0,0.73834800720214844,-0.0064107542857527733,0.95809155702590942,-0.012640664353966713,1.0960325002670288,6.0562357902526855,0
3774,-0.13258983194828033,0,-0.022134330123662949,0,-0.075607232749462128,0,-0.023847885429859161,-0.00079971941886469722,0,-0.22925251722335815,-0.0064107542857527733,-0.33321905136108398,-0.012640664353966713,1.0960325002670288,0.25953039526939392,0
14452,-0.13258983194828033,0,-0.022134330123662949,0,-0.075607232749462128,0,-0.023847885429859161,-0.00079971941886469722,0,-0.22925251722335815,-0.0064107542857527733,-0.036233901977539062,-0.012640664353966713,1.0960325002670288,0.55651575326919556,0
5803,-0.13258983194828033,0,-0.022134330123662949,0,-0.075607232749462128,0,-0.023847885429859161,-0.00079971941886469722,0,0.61881047487258911,-0.0064107542857527733,-0.33321905136108398,-0.012640664353966713,1.0960325002670288,1.1075927019119263,1
80,0.021126922219991684,0,-0.022134330123662949,0,0.65901291370391846,0,3.0720410346984863,-0.00079971941886469722,0,-0.22925251722335815,-0.0064107542857527733,1.1454603672027588,-0.012640664353966713,1.0960325002670288,5.7224340438842773,1
3518,-0.13258983194828033,0,-0.022134330123662949,0,-0.075607232749462128,0,-0.023847885429859161,-0.00079971941886469722,0,-0.22925251722335815,-0.0064107542857527733,-0.33321905136108398,-0.012640664353966713,1.0960325002670288,0.25953039526939392,0
962,0.021126922219991684,0,-0.022134330123662949,0,-0.075607232749462128,0,-0.023847885429859161,-0.00079971941886469722,0,-0.046982802450656891,-0.0064107542857527733,-0.33321905136108398,-0.012640664353966713,1.0960325002670288,0.59551703929901123,0
6183,-0.13258983194828033,0,-0.022134330123662949,0,-0.075607232749462128,0,-0.023847885429859161,-0.00079971941886469722,0,-0.22925251722335815,-0.0064107542857527733,-0.33321905136108398,-0.012640664353966713,1.0960325002670288,0.25953039526939392,1
1965,0.021126922219991684,0,-0.022134330123662949,0,0.65901291370391846,0,-0.023847885429859161,-0.00079971941886469722,0,0.73834800720214844,-0.0064107542857527733,0.95809155702590942,-0.012640664353966713,1.0960325002670288,3.4067785739898682,15
15469,-0.13258983194828033,0,-0.022134330123662949,0,0.65901291370391846,0,-0.023847885429859161,-0.00079971941886469722,0,-0.22925251722335815,-0.0064107542857527733,0.95809155702590942,-0.012640664353966713,1.0960325002670288,2.2854616641998291,0
19355,-0.13258983194828033,0,-0.022134330123662949,0,-0.065096728503704071,0,-0.023847885429859161,-0.00079971941886469722,0,0.61881047487258911,-0.0064107542857527733,0.88107496500015259,-0.012640664353966713,1.0960325002670288,2.3323979377746582,12
9832,-0.13258983194828033,0,-0.022134330123662949,0,-0.075607232749462128,0,-0.023847885429859161,-0.00079971941886469722,0,-0.22925251722335815,-0.0064107542857527733,-0.33321905136108398,-0.012640664353966713,1.0960325002670288,0.25953039526939392,0
19792,0.5311434268951416,0,-0.022134330123662949,0,0.65901291370391846,0,-0.023847885429859161,-0.00079971941886469722,0,0.73834800720214844,-0.0064107542857527733,-0.036233901977539062,-0.012640664353966713,1.0960325002670288,2.9224696159362793,1
6750,-0.13258983194828033,0,-0.022134330123662949,0,-0.075607232749462128,0,-0.023847885429859161,-0.00079971941886469722,0,0.61881047487258911,-0.0064107542857527733,-0.33321905136108398,-0.012640664353966713,1.0960325002670288,1.1075927019119263,0
13157,-0.13258983194828033,0,-0.022134330123662949,0,-0.075607232749462128,0,-0.023847885429859161,-0.00079971941886469722,0,-0.22925251722335815,-0.0064107542857527733,-0.33321905136108398,-0.012640664353966713,1.0960325002670288,0.25953039526939392,0
12377,-0.13258983194828033,0,-0.022134330123662949,0,-0.075607232749462128,0,-0.023847885429859161,-0.00079971941886469722,0,-0.22925251722335815,-0.0064107542857527733,-0.036233901977539062,-0.012640664353966713,1.0960325002670288,0.55651575326919556,0
8452,-0.13258983194828033,0,-0.022134330123662949,0,-0.075607232749462128,0,-0.023847885429859161,-0.00079971941886469722,0,-0.22925251722335815,-0.0064107542857527733,-0.036233901977539062,-0.012640664353966713,1.0960325002670288,0.55651575326919556,0
3155,0.021126922219991684,0,-0.022134330123662949,0,-0.075607232749462128,0,-0.023847885429859161,-0.00079971941886469722,0,-0.22925251722335815,-0.0064107542857527733,0.88107496500015259,-0.012640664353966713,1.0960325002670288,1.6275410652160645,0
16968,0.021126922219991684,0,-0.022134330123662949,0,-0.075607232749462128,0,-0.023847885429859161,-0.00079971941886469722,0,-0.010510962456464767,-0.0064107542857527733,-0.036233901977539062,-0.012640664353966713,1.0960325002670288,0.92897379398345947,1
18379,-0.13258983194828033,0,-0.022134330123662949,0,0.65901291370391846,0,-0.023847885429859161,-0.00079971941886469722,0,-0.22925251722335815,-0.0064107542857527733,-0.33321905136108398,-0.012640664353966713,1.0960325002670288,0.99415105581283569,0
17063,-0.13258983194828033,0,-0.022134330123662949,0,-0.075607232749462128,0,-0.023847885429859161,-0.00079971941886469722,0,-0.22925251722335815,-0.0064107542857527733,-0.33321905136108398,-0.012640664353966713,1.0960325002670288,0.25953039526939392,0
18241,-0.13258983194828033,0,-0.022134330123662949,0,-0.075607232749462128,0,-0.023847885429859161,-0.00079971941886469722,0,-0.22925251722335815,-0.0064107542857527733,-0.33321905136108398,-0.012640664353966713,1.0960325002670288,0.25953039526939392,0
17811,-0.13258983194828033,0,-0.022134330123662949,0,-0.075607232749462128,0,-0.023847885429859161,-0.00079971941886469722,0,-0.16263291239738464,-0.0064107542857527733,0.95809155702590942,-0.012640664353966713,1.0960325002670288,1.6174601316452026,0
17581,1.8667768239974976,0,-0.022134330123662949,0,0.65901291370391846,0,-0.023847885429859161,-0.00079971941886469722,0,-0.16263291239738464,-0.0064107542857527733,-0.036233901977539062,-0.012640664353966713,1.0960325002670288,3.3571221828460693,4
1918,0.021126922219991684,0,-0.022134330123662949,0,-0.075607232749462128,0,-0.023847885429859161,-0.00079971941886469722,0,-0.010510962456464767,-0.0064107542857527733,-0.33321905136108398,-0.012640664353966713,1.0960325002670288,0.6319887638092041,2
14223,-0.13258983194828033,0,0.48766922950744629,0,-0.075607232749462128,0,-0.023847885429859161,-0.00079971941886469722,0,-0.22925251722335815,-0.0064107542857527733,0.95809155702590942,-0.012640664353966713,1.0960325002670288,2.0606434345245361,0
12367,-0.13258983194828033,0,-0.022134330123662949,0,-0.075607232749462128,0,-0.023847885429859161,-0.00079971941886469722,0,-0.22925251722335815,-0.0064107542857527733,-0.33321905136108398,-0.012640664353966713,1.0960325002670288,0.25953039526939392,0
17676,0.021126922219991684,0,-0.022134330123662949,0,-0.075607232749462128,0,3.0720410346984863,-0.00079971941886469722,0,-0.16263291239738464,-0.0064107542857527733,0.95809155702590942,0.12485232949256897,1.0960325002670288,5.0045580863952637,1
395,0.021126922219991684,0,-0.022134330123662949,0,-0.075607232749462128,0,-0.023847885429859161,-0.00079971941886469722,0,-0.22925251722335815,-0.0064107542857527733,-0.036233901977539062,-0.012640664353966713,1.0960325002670288,0.7102324366569519,0
1530,-0.13258983194828033,0,-0.022134330123662949,0,-0.075607232749462128,0,-0.023847885429859161,-0.00079971941886469722,0,-0.22925251722335815,-0.0064107542857527733,-0.33321905136108398,-0.012640664353966713,1.0960325002670288,0.25953039526939392,0
10408,-0.13258983194828033,0,-0.022134330123662949,0,-0.075607232749462128,0,-0.023847885429859161,-0.00079971941886469722,0,-0.22925251722335815,-0.0064107542857527733,-0.33321905136108398,-0.012640664353966713,1.0960325002670288,0.25953039526939392,1
13735,-0.13258983194828033,0,-0.022134330123662949,0,-0.075607232749462128,0,-0.023847885429859161,-0.00079971941886469722,0,-0.22925251722335815,-0.0064107542857527733,-0.33321905136108398,-0.012640664353966713,1.0960325002670288,0.25953039526939392,0
902,0.021126922219991684,0,-0.022134330123662949,0,-0.075607232749462128,0,-0.023847885429859161,-0.00079971941886469722,0,0.61881047487258911,-0.0064107542857527733,0.95809155702590942,-0.012640664353966713,1.0960325002670288,2.5526201725006104,0
20221,0.021126922219991684,0,-0.022134330123662949,0,-0.075607232749462128,0,-0.023847885429859161,-0.00079971941886469722,0,-0.046982802450656891,-0.0064107542857527733,-0.33321905136108398,-0.012640664353966713,1.0960325002670288,0.59551703929901123,0
2124,0.5311434268951416,0,-0.022134330123662949,0,-0.075607232749462128,0,-0.023847885429859161,-0.00079971941886469722,0,-0.046982802450656891,-0.0064107542857527733,-0.036233901977539062,-0.012640664353966713,1.0960325002670288,1.4025179147720337,2
377,0.021126922219991684,0,-0.022134330123662949,0,-0.065096728503704071,0,-0.023847885429859161,-0.00079971941886469722,0,-0.22925251722335815,-0.0064107542857527733,0.88107496500015259,-0.012640664353966713,1.0960325002670288,1.6380515098571777,1
8062,0.021126922219991684,0,-0.022134330123662949,0,0.65901291370391846,0,-0.023847885429859161,-0.00079971941886469722,0,0.73834800720214844,-0.0064107542857527733,1.1454603672027588,0.40264433622360229,1.0960325002670288,4.0094332695007324,6
14187,0.29880502820014954,0,0.48766922950744629,0,0.65901291370391846,0,-0.023847885429859161,-0.00079971941886469722,0,0.73834800720214844,-0.0064107542857527733,1.1454603672027588,-0.012640664353966713,1.0960325002670288,4.3816285133361816,2
1455,-0.13258983194828033,0,-0.022134330123662949,0,-0.075607232749462128,0,-0.023847885429859161,-0.00079971941886469722,0,-0.22925251722335815,-0.0064107542857527733,-0.036233901977539062,-0.012640664353966713,1.0960325002670288,0.55651575326919556,1
15007,-0.13258983194828033,0,-0.022134330123662949,0,-0.075607232749462128,0,-0.023847885429859161,-0.00079971941886469722,0,-0.22925251722335815,-0.0064107542857527733,-0.036233901977539062,-0.012640664353966713,1.0960325002670288,0.55651575326919556,0
9746,-0.13258983194828033,0,-0.022134330123662949,0,-0.075607232749462128,0,-0.023847885429859161,-0.00079971941886469722,0,-0.22925251722335815,-0.0064107542857527733,-0.33321905136108398,-0.012640664353966713,1.0960325002670288,0.25953039526939392,0
4439,-0.13258983194828033,0,-0.022134330123662949,0,-0.075607232749462128,0,-0.023847885429859161,-0.00079971941886469722,0,-0.22925251722335815,-0.0064107542857527733,-0.33321905136108398,-0.012640664353966713,1.0960325002670288,0.25953039526939392,0
9178,0.021126922219991684,0,-0.022134330123662949,0,-0.075607232749462128,0,-0.023847885429859161,-0.00079971941886469722,0,-0.16263291239738464,-0.0064107542857527733,-0.036233901977539062,0.40264433622360229,1.0960325002670288,1.1921373605728149,2
8372,0.021126922219991684,0,-0.022134330123662949,0,-0.075607232749462128,0,-0.023847885429859161,-0.00079971941886469722,0,-0.22925251722335815,-0.0064107542857527733,-0.33321905136108398,-0.012640664353966713,1.0960325002670288,0.41324740648269653,0
724,-0.13258983194828033,0,-0.022134330123662949,0,-0.075607232749462128,0,-0.023847885429859161,-0.00079971941886469722,0,-0.22925251722335815,-0.0064107542857527733,0.13924197852611542,-0.012640664353966713,1.0960325002670288,0.73199164867401123,0
8185,0.021126922219991684,0,-0.022134330123662949,0,-0.065096728503704071,0,-0.023847885429859161,-0.00079971941886469722,0,-0.22925251722335815,-0.0064107542857527733,-0.33321905136108398,-0.012640664353966713,1.0960325002670288,0.42375791072845459,0
8904,-0.13258983194828033,0,-0.022134330123662949,0,-0.075607232749462128,0,-0.023847885429859161,-0.00079971941886469722,0,-0.16263291239738464,-0.0064107542857527733,-0.33321905136108398,-0.012640664353966713,1.0960325002670288,0.32615002989768982,0
1522,-0.13258983194828033,0,-0.022134330123662949,0,-0.075607232749462128,0,-0.023847885429859161,-0.00079971941886469722,0,-0.22925251722335815,-0.0064107542857527733,-0.33321905136108398,-0.012640664353966713,1.0960325002670288,0.25953039526939392,0
15721,-0.13258983194828033,0,0.48766922950744629,0,-0.075607232749462128,0,-0.023847885429859161,-0.00079971941886469722,0,-0.16263291239738464,-0.0064107542857527733,-0.036233901977539062,-0.012640664353966713,1.0960325002670288,1.132939338684082,0
20770,-0.13258983194828033,0,-0.022134330123662949,0,-0.075607232749462128,0,-0.023847885429859161,-0.00079971941886469722,0,-0.22925251722335815,-0.0064107542857527733,-0.33321905136108398,-0.012640664353966713,1.0960325002670288,0.25953039526939392,0
3290,-0.13258983194828033,0,-0.022134330123662949,0,-0.075607232749462128,0,-0.023847885429859161,-0.00079971941886469722,0,-0.22925251722335815,-0.0064107542857527733,-0.33321905136108398,-0.012640664353966713,1.0960325002670288,0.25953039526939392,0
5855,0.29880502820014954,0,0.48766922950744629,0,-0.075607232749462128,0,-0.023847885429859161,-0.00079971941886469722,0,0.13461831212043762,-0.0064107542857527733,-0.036233901977539062,-0.012640664353966713,1.0960325002670288,1.8615841865539551,1
9620,-0.13258983194828033,0,-0.022134330123662949,0,-0.075607232749462128,0,-0.023847885429859161,-0.00079971941886469722,0,-0.22925251722335815,-0.0064107542857527733,-0.33321905136108398,-0.012640664353966713,1.0960325002670288,0.25953039526939392,0
8324,0.021126922219991684,0,-0.022134330123662949,0,-0.075607232749462128,0,-0.023847885429859161,-0.00079971941886469722,0,-0.22925251722335815,-0.0064107542857527733,-0.33321905136108398,-0.012640664353966713,1.0960325002670288,0.41324740648269653,0
9773,-0.13258983194828033,0,-0.022134330123662949,0,-0.075607232749462128,0,-0.023847885429859161,-0.00079971941886469722,0,0.61881047487258911,-0.0064107542857527733,-0.33321905136108398,-0.012640664353966713,1.0960325002670288,1.1075927019119263,1
10487,0.021126922219991684,0,-0.022134330123662949,0,-0.065096728503704071,0,-0.023847885429859161,-0.00079971941886469722,0,-0.22925251722335815,-0.0064107542857527733,-0.33321905136108398,-0.012640664353966713,1.0960325002670288,0.42375791072845459,0
4299,-0.13258983194828033,0,-0.022134330123662949,0,-0.075607232749462128,0,-0.023847885429859161,-0.00079971941886469722,0,-0.22925251722335815,-0.0064107542857527733,-0.036233901977539062,-0.012640664353966713,1.0960325002670288,0.55651575326919556,0
4173,-0.13258983194828033,0,-0.022134330123662949,0,-0.075607232749462128,0,-0.023847885429859161,-0.00079971941886469722,0,-0.16263291239738464,-0.0064107542857527733,-0.036233901977539062,-0.012640664353966713,1.0960325002670288,0.62313532829284668,3
549,-0.13258983194828033,0,-0.022134330123662949,0,-0.075607232749462128,0,-0.023847885429859161,-0.00079971941886469722,0,-0.22925251722335815,-0.0064107542857527733,-0.33321905136108398,-0.012640664353966713,1.0960325002670288,0.25953039526939392,0
6609,-0.13258983194828033,0,-0.022134330123662949,0,0.65901291370391846,0,-0.023847885429859161,-0.00079971941886469722,0,0.61881047487258911,-0.0064107542857527733,-0.33321905136108398,-0.012640664353966713,1.0960325002670288,1.8422131538391113,0
9044,0.021126922219991684,0,-0.022134330123662949,0,-0.075607232749462128,0,-0.023847885429859161,-0.00079971941886469722,0,0.73834800720214844,-0.0064107542857527733,-0.33321905136108398,-0.012640664353966713,1.0960325002670288,1.3808470964431763,0
18859,-0.13258983194828033,0,-0.022134330123662949,0,-0.065096728503704071,0,-0.023847885429859161,-0.00079971941886469722,0,-0.22925251722335815,-0.0064107542857527733,-0.036233901977539062,-0.012640664353966713,1.0960325002670288,0.56702625751495361,0
15706,-0.13258983194828033,0,-0.022134330123662949,0,-0.075607232749462128,0,-0.023847885429859161,-0.00079971941886469722,0,-0.010510962456464767,-0.0064107542857527733,-0.33321905136108398,-0.012640664353966713,1.0960325002670288,0.47827199101448059,0
17383,-0.13258983194828033,0,-0.022134330123662949,0,-0.075607232749462128,0,-0.023847885429859161,-0.00079971941886469722,0,-0.010510962456464767,-0.0064107542857527733,-0.036233901977539062,-0.012640664353966713,1.0960325002670288,0.77525711059570312,0
11303,-0.13258983194828033,0,-0.022134330123662949,0,-0.065096728503704071,0,-0.023847885429859161,-0.00079971941886469722,0,-0.22925251722335815,-0.0064107542857527733,-0.33321905136108398,-0.012640664353966713,1.0960325002670288,0.27004089951515198,0
18632,0.021126922219991684,0,-0.022134330123662949,0,0.65901291370391846,0,-0.023847885429859161,-0.00079971941886469722,0,-0.22925251722335815,-0.0064107542857527733,-0.036233901977539062,-0.012640664353966713,1.0960325002670288,1.4448527097702026,2
8113,0.021126922219991684,0,-0.022134330123662949,0,-0.075607232749462128,0,-0.023847885429859161,-0.00079971941886469722,0,-0.22925251722335815,-0.0064107542857527733,-0.33321905136108398,-0.012640664353966713,1.0960325002670288,0.41324740648269653,1
6565,0.021126922219991684,0,-0.022134330123662949,0,-0.075607232749462128,0,-0.023847885429859161,-0.00079971941886469722,0,-0.16263291239738464,-0.0064107542857527733,-0.33321905136108398,-0.012640664353966713,1.0960325002670288,0.47986686229705811,0
10856,-0.13258983194828033,0,-0.022134330123662949,0,-0.075607232749462128,0,-0.023847885429859161,-0.00079971941886469722,0,-0.22925251722335815,-0.0064107542857527733,-0.33321905136108398,-0.012640664353966713,1.0960325002670288,0.25953039526939392,0
5205,0.021126922219991684,0,-0.022134330123662949,0,-0.075607232749462128,0,-0.023847885429859161,-0.00079971941886469722,0,0.61881047487258911,-0.0064107542857527733,-0.036233901977539062,-0.012640664353966713,1.0960325002670288,1.5582950115203857,0
6830,-0.13258983194828033,0,-0.022134330123662949,0,-0.075607232749462128,0,-0.023847885429859161,-0.00079971941886469722,0,-0.22925251722335815,-0.0064107542857527733,-0.33321905136108398,-0.012640664353966713,1.0960325002670288,0.25953039526939392,0
18528,0.29880502820014954,0,-0.022134330123662949,0,-0.075607232749462128,0,-0.023847885429859161,-0.00079971941886469722,0,0.61881047487258911,-0.0064107542857527733,-0.036233901977539062,-0.012640664353966713,1.0960325002670288,1.8359730243682861,0
19141,0.021126922219991684,0,-0.022134330123662949,0,-0.075607232749462128,0,-0.023847885429859161,-0.00079971941886469722,0,-0.046982802450656891,-0.0064107542857527733,-0.33321905136108398,-0.012640664353966713,1.0960325002670288,0.59551703929901123,0
2536,0.021126922219991684,0,-0.022134330123662949,0,-0.075607232749462128,0,-0.023847885429859161,-0.00079971941886469722,0,-0.22925251722335815,-0.0064107542857527733,0.95809155702590942,-0.012640664353966713,1.0960325002670288,1.7045574188232422,0
2952,1.8667768239974976,0,0.48766922950744629,0,0.65901291370391846,0,-0.023847885429859161,-0.00079971941886469722,0,0.73834800720214844,-0.0064107542857527733,0.95809155702590942,-0.012640664353966713,1.0960325002670288,5.7622308731079102,3
709,-0.13258983194828033,0,-0.022134330123662949,0,-0.075607232749462128,0,-0.023847885429859161,-0.00079971941886469722,0,-0.22925251722335815,-0.0064107542857527733,-0.33321905136108398,-0.012640664353966713,1.0960325002670288,0.25953039526939392,0
9230,-0.13258983194828033,0,-0.022134330123662949,0,-0.065096728503704071,0,-0.023847885429859161,-0.00079971941886469722,0,-0.22925251722335815,-0.0064107542857527733,-0.33321905136108398,-0.012640664353966713,1.0960325002670288,0.27004089951515198,0
5637,0.021126922219991684,0,0.48766922950744629,0,-0.075607232749462128,0,-0.023847885429859161,-0.00079971941886469722,0,-0.010510962456464767,-0.0064107542857527733,1.1454603672027588,-0.012640664353966713,1.0960325002670288,2.6204712390899658,0
17119,0.021126922219991684,0,-0.022134330123662949,0,-0.075607232749462128,0,-0.023847885429859161,-0.00079971941886469722,0,-0.22925251722335815,-0.0064107542857527733,-0.036233901977539062,-0.012640664353966713,1.0960325002670288,0.7102324366569519,0
15956,-0.13258983194828033,0,-0.022134330123662949,0,-0.075607232749462128,0,-0.023847885429859161,-0.00079971941886469722,0,-0.22925251722335815,-0.0064107542857527733,-0.33321905136108398,-0.012640664353966713,1.0960325002670288,0.25953039526939392,0
14814,0.021126922219991684,0,-0.022134330123662949,0,-0.065096728503704071,0,-0.023847885429859161,-0.00079971941886469722,0,-0.22925251722335815,-0.0064107542857527733,0.88107496500015259,-0.012640664353966713,1.0960325002670288,1.6380515098571777,0
11332,-0.13258983194828033,0,-0.022134330123662949,0,-0.075607232749462128,0,-0.023847885429859161,-0.00079971941886469722,0,0.61881047487258911,-0.0064107542857527733,-0.33321905136108398,-0.012640664353966713,1.0960325002670288,1.1075927019119263,0
17781,-0.13258983194828033,0,-0.022134330123662949,0,-0.075607232749462128,0,-0.023847885429859161,-0.00079971941886469722,0,-0.22925251722335815,-0.0064107542857527733,-0.036233901977539062,-0.012640664353966713,1.0960325002670288,0.55651575326919556,0
6925,0.021126922219991684,0,-0.022134330123662949,0,-0.075607232749462128,0,-0.023847885429859161,-0.00079971941886469722,0,-0.010510962456464767,-0.0064107542857527733,-0.036233901977539062,-0.012640664353966713,1.0960325002670288,0.92897379398345947,6
8342,-0.13258983194828033,0,-0.022134330123662949,0,-0.075607232749462128,0,-0.023847885429859161,-0.00079971941886469722,0,-0.22925251722335815,-0.0064107542857527733,-0.33321905136108398,-0.012640664353966713,1.0960325002670288,0.25953039526939392,0
1661,-0.13258983194828033,0,-0.022134330123662949,0,-0.065096728503704071,0,-0.023847885429859161,-0.00079971941886469722,0,0.61881047487258911,-0.0064107542857527733,0.88107496500015259,-0.012640664353966713,1.0960325002670288,2.3323979377746582,1
7421,-0.13258983194828033,0,-0.022134330123662949,0,-0.075607232749462128,0,-0.023847885429859161,-0.00079971941886469722,0,-0.22925251722335815,-0.0064107542857527733,-0.33321905136108398,-0.012640664353966713,1.0960325002670288,0.25953039526939392,0
1605,-0.13258983194828033,0,-0.022134330123662949,0,-0.075607232749462128,0,-0.023847885429859161,-0.00079971941886469722,0,-0.22925251722335815,-0.0064107542857527733,-0.33321905136108398,-0.012640664353966713,1.0960325002670288,0.25953039526939392,0
19802,-0.13258983194828033,0,-0.022134330123662949,0,-0.075607232749462128,0,-0.023847885429859161,-0.00079971941886469722,0,-0.22925251722335815,-0.0064107542857527733,-0.33321905136108398,-0.012640664353966713,1.0960325002670288,0.25953039526939392,0
14771,0.021126922219991684,0,-0.022134330123662949,0,0.81433242559432983,0,-0.023847885429859161,-0.00079971941886469722,0,-0.22925251722335815,-0.0064107542857527733,-0.036233901977539062,-0.012640664353966713,1.0960325002670288,1.6001721620559692,1
3894,-0.13258983194828033,0,-0.022134330123662949,0,-0.065096728503704071,0,-0.023847885429859161,-0.00079971941886469722,0,-0.22925251722335815,-0.0064107542857527733,-0.036233901977539062,-0.012640664353966713,1.0960325002670288,0.56702625751495361,0
659,-0.13258983194828033,0,-0.022134330123662949,0,-0.075607232749462128,0,-0.023847885429859161,-0.00079971941886469722,0,-0.22925251722335815,-0.0064107542857527733,-0.33321905136108398,-0.012640664353966713,1.0960325002670288,0.25953039526939392,0
20254,0.29880502820014954,0,-0.022134330123662949,0,-0.075607232749462128,0,-0.023847885429859161,-0.00079971941886469722,0,0.61881047487258911,-0.0064107542857527733,-0.33321905136108398,-0.012640664353966713,1.0960325002670288,1.538987398147583,1
5665,-0.13258983194828033,0,-0.022134330123662949,0,-0.075607232749462128,0,-0.023847885429859161,-0.00079971941886469722,0,-0.22925251722335815,-0.0064107542857527733,-0.036233901977539062,-0.012640664353966713,1.0960325002670288,0.55651575326919556,0
4754,-0.13258983194828033,0,-0.022134330123662949,0,-0.075607232749462128,0,-0.023847885429859161,-0.00079971941886469722,0,-0.22925251722335815,-0.0064107542857527733,-0.33321905136108398,-0.012640664353966713,1.0960325002670288,0.25953039526939392,0
866,0.5311434268951416,0,-0.022134330123662949,0,-0.065096728503704071,0,-0.023847885429859161,-0.00079971941886469722,0,0.61881047487258911,-0.0064107542857527733,-0.036233901977539062,-0.012640664353966713,1.0960325002670288,2.0788211822509766,0
1197,-0.13258983194828033,0,-0.022134330123662949,0,-0.075607232749462128,0,-0.023847885429859161,-0.00079971941886469722,0,-0.22925251722335815,-0.0064107542857527733,-0.33321905136108398,-0.012640664353966713,1.0960325002670288,0.25953039526939392,0
7970,0.29880502820014954,0,-0.022134330123662949,0,0.65901291370391846,0,-0.023847885429859161,-0.00079971941886469722,0,-0.16263291239738464,-0.0064107542857527733,-0.33321905136108398,-0.012640664353966713,1.0960325002670288,1.4921644926071167,1
7298,-0.13258983194828033,0,-0.022134330123662949,0,-0.065096728503704071,0,-0.023847885429859161,-0.00079971941886469722,0,-0.22925251722335815,-0.0064107542857527733,-0.036233901977539062,-0.012640664353966713,1.0960325002670288,0.56702625751495361,0
11681,-0.13258983194828033,0,-0.022134330123662949,0,-0.065096728503704071,0,-0.023847885429859161,-0.00079971941886469722,0,-0.22925251722335815,-0.0064107542857527733,0.95809155702590942,-0.012640664353966713,1.0960325002670288,1.5613511800765991,0
2488,0.021126922219991684,0,-0.022134330123662949,0,0.81433242559432983,0,-0.023847885429859161,-0.00079971941886469722,0,-0.010510962456464767,-0.0064107542857527733,-0.036233901977539062,-0.012640664353966713,1.0960325002670288,1.8189133405685425,4
5482,-0.13258983194828033,0,-0.022134330123662949,0,-0.075607232749462128,0,-0.023847885429859161,-0.00079971941886469722,0,-0.22925251722335815,-0.0064107542857527733,-0.33321905136108398,-0.012640664353966713,1.0960325002670288,0.25953039526939392,0
3004,0.021126922219991684,0,-0.022134330123662949,0,-0.075607232749462128,0,-0.023847885429859161,-0.00079971941886469722,0,0.73834800720214844,-0.0064107542857527733,0.88107496500015259,-0.012640664353966713,1.0960325002670288,2.5951414108276367,0
11247,0.29880502820014954,0,-0.022134330123662949,0,-0.075607232749462128,0,-0.023847885429859161,-0.00079971941886469722,0,-0.22925251722335815,-0.0064107542857527733,-0.33321905136108398,-0.012640664353966713,1.0960325002670288,0.69092518091201782,0
16900,-0.13258983194828033,0,-0.022134330123662949,0,-0.075607232749462128,0,-0.023847885429859161,-0.00079971941886469722,0,-0.22925251722335815,-0.0064107542857527733,-0.33321905136108398,-0.012640664353966713,1.0960325002670288,0.25953039526939392,1
3987,-0.13258983194828033,0,-0.022134330123662949,0,-0.075607232749462128,0,-0.023847885429859161,-0.00079971941886469722,0,-0.22925251722335815,-0.0064107542857527733,-0.33321905136108398,-0.012640664353966713,1.0960325002670288,0.25953039526939392,0
2598,-0.13258983194828033,0,-0.022134330123662949,0,-0.075607232749462128,0,-0.023847885429859161,-0.00079971941886469722,0,-0.22925251722335815,-0.0064107542857527733,-0.33321905136108398,-0.012640664353966713,1.0960325002670288,0.25953039526939392,0
16730,-0.13258983194828033,0,-0.022134330123662949,0,-0.075607232749462128,0,-0.023847885429859161,-0.00079971941886469722,0,-0.22925251722335815,-0.0064107542857527733,-0.33321905136108398,-0.012640664353966713,1.0960325002670288,0.25953039526939392,0
1224,0.021126922219991684,0,-0.022134330123662949,0,-0.075607232749462128,0,-0.023847885429859161,-0.00079971941886469722,0,-0.22925251722335815,-0.0064107542857527733,-0.33321905136108398,-0.012640664353966713,1.0960325002670288,0.41324740648269653,0
10723,-0.13258983194828033,0,-0.022134330123662949,0,-0.075607232749462128,0,-0.023847885429859161,-0.00079971941886469722,0,-0.22925251722335815,-0.0064107542857527733,-0.33321905136108398,-0.012640664353966713,1.0960325002670288,0.25953039526939392,1
17978,-0.13258983194828033,0,-0.022134330123662949,0,-0.075607232749462128,0,-0.023847885429859161,-0.00079971941886469722,0,-0.22925251722335815,-0.0064107542857527733,-0.33321905136108398,-0.012640664353966713,1.0960325002670288,0.25953039526939392,0
17511,0.021126922219991684,0,-0.022134330123662949,0,-0.075607232749462128,0,-0.023847885429859161,-0.00079971941886469722,0,-0.010510962456464767,-0.0064107542857527733,-0.33321905136108398,-0.012640664353966713,1.0960325002670288,0.6319887638092041,0
20046,-0.13258983194828033,0,-0.022134330123662949,0,-0.075607232749462128,0,-0.023847885429859161,-0.00079971941886469722,0,-0.22925251722335815,-0.0064107542857527733,-0.33321905136108398,-0.012640664353966713,1.0960325002670288,0.25953039526939392,0
5271,0.021126922219991684,0,-0.022134330123662949,0,-0.075607232749462128,0,-0.023847885429859161,-0.00079971941886469722,0,0.61881047487258911,-0.0064107542857527733,-0.33321905136108398,-0.012640664353966713,1.0960325002670288,1.2613093852996826,0
4594,-0.13258983194828033,0,-0.022134330123662949,0,-0.075607232749462128,0,-0.023847885429859161,-0.00079971941886469722,0,-0.22925251722335815,-0.0064107542857527733,-0.33321905136108398,-0.012640664353966713,1.0960325002670288,0.25953039526939392,0
8918,0.021126922219991684,0,-0.022134330123662949,0,-0.075607232749462128,0,-0.023847885429859161,-0.00079971941886469722,0,0.61881047487258911,-0.0064107542857527733,0.13924197852611542,-0.012640664353966713,1.0960325002670288,1.7337710857391357,3
4458,0.021126922219991684,0,-0.022134330123662949,0,-0.075607232749462128,0,-0.023847885429859161,-0.00079971941886469722,0,0.73834800720214844,-0.0064107542857527733,-0.33321905136108398,-0.012640664353966713,1.0960325002670288,1.3808470964431763,0
10797,-0.13258983194828033,0,-0.022134330123662949,0,-0.075607232749462128,0,-0.023847885429859161,-0.00079971941886469722,0,-0.22925251722335815,-0.0064107542857527733,-0.036233901977539062,-0.012640664353966713,1.0960325002670288,0.55651575326919556,0
16610,-0.13258983194828033,0,-0.022134330123662949,0,-0.075607232749462128,0,-0.023847885429859161,-0.00079971941886469722,0,-0.22925251722335815,-0.0064107542857527733,-0.33321905136108398,-0.012640664353966713,1.0960325002670288,0.25953039526939392,0
18287,0.5311434268951416,0,0.48766922950744629,0,0.65901291370391846,0,-0.023847885429859161,-0.00079971941886469722,0,0.73834800720214844,-0.0064107542857527733,0.95809155702590942,0.40264433622360229,1.0960325002670288,4.841883659362793,8
3201,-0.13258983194828033,0,-0.022134330123662949,0,-0.075607232749462128,0,-0.023847885429859161,-0.00079971941886469722,0,-0.16263291239738464,-0.0064107542857527733,-0.33321905136108398,-0.012640664353966713,1.0960325002670288,0.32615002989768982,0
7384,-0.13258983194828033,0,-0.022134330123662949,0,-0.075607232749462128,0,-0.023847885429859161,-0.00079971941886469722,0,-0.22925251722335815,-0.0064107542857527733,-0.036233901977539062,-0.012640664353966713,1.0960325002670288,0.55651575326919556,0
19548,-0.13258983194828033,0,-0.022134330123662949,0,0.65901291370391846,0,-0.023847885429859161,-0.00079971941886469722,0,-0.16263291239738464,-0.0064107542857527733,0.95809155702590942,-0.012640664353966713,1.0960325002670288,2.352081298828125,0
15601,-0.13258983194828033,0,-0.022134330123662949,0,0.65901291370391846,0,-0.023847885429859161,-0.00079971941886469722,0,-0.22925251722335815,-0.0064107542857527733,-0.036233901977539062,-0.012640664353966713,1.0960325002670288,1.2911357879638672,0
12520,0.021126922219991684,0,-0.022134330123662949,0,-0.075607232749462128,0,-0.023847885429859161,-0.00079971941886469722,0,0.61881047487258911,-0.0064107542857527733,-0.33321905136108398,-0.012640664353966713,1.0960325002670288,1.2613093852996826,0
2,-0.13258983194828033,0,-0.022134330123662949,0,-0.075607232749462128,0,-0.023847885429859161,-0.00079971941886469722,0,-0.22925251722335815,-0.0064107542857527733,-0.33321905136108398,-0.012640664353966713,1.0960325002670288,0.25953039526939392,0
17246,-0.13258983194828033,0,-0.022134330123662949,0,-0.075607232749462128,0,-0.023847885429859161,-0.00079971941886469722,0,-0.22925251722335815,-0.0064107542857527733,0.88107496500015259,-0.012640664353966713,1.0960325002670288,1.4738243818283081,0
20191,-0.13258983194828033,0,-0.022134330123662949,0,-0.075607232749462128,0,-0.023847885429859161,-0.00079971941886469722,0,-0.22925251722335815,-0.0064107542857527733,-0.33321905136108398,-0.012640664353966713,1.0960325002670288,0.25953039526939392,0
3617,-0.13258983194828033,0,-0.022134330123662949,0,-0.075607232749462128,0,-0.023847885429859161,-0.00079971941886469722,0,-0.22925251722335815,-0.0064107542857527733,-0.33321905136108398,-0.012640664353966713,1.0960325002670288,0.25953039526939392,1
5501,-0.13258983194828033,0,-0.022134330123662949,0,-0.075607232749462128,0,-0.023847885429859161,-0.00079971941886469722,0,-0.22925251722335815,-0.0064107542857527733,-0.036233901977539062,-0.012640664353966713,1.0960325002670288,0.55651575326919556,0
4470,-0.13258983194828033,0,-0.022134330123662949,0,-0.075607232749462128,0,-0.023847885429859161,-0.00079971941886469722,0,-0.22925251722335815,-0.0064107542857527733,-0.036233901977539062,-0.012640664353966713,1.0960325002670288,0.55651575326919556,1
1394,0.5311434268951416,0,-0.022134330123662949,0,-0.075607232749462128,0,-0.023847885429859161,-0.00079971941886469722,0,-0.010510962456464767,-0.0064107542857527733,0.95809155702590942,-0.012640664353966713,1.0960325002670288,2.4333159923553467,2
5397,-0.13258983194828033,0,-0.022134330123662949,0,-0.075607232749462128,0,-0.023847885429859161,-0.00079971941886469722,0,-0.22925251722335815,-0.0064107542857527733,0.88107496500015259,-0.012640664353966713,1.0960325002670288,1.4738243818283081,2
3756,-0.13258983194828033,0,-0.022134330123662949,0,-0.075607232749462128,0,-0.023847885429859161,-0.00079971941886469722,0,-0.22925251722335815,-0.0064107542857527733,-0.33321905136108398,-0.012640664353966713,1.0960325002670288,0.25953039526939392,0
13302,0.29880502820014954,0,-0.022134330123662949,0,-0.065096728503704071,0,-0.023847885429859161,-0.00079971941886469722,0,0.61881047487258911,-0.0064107542857527733,0.95809155702590942,-0.012640664353966713,1.0960325002670288,2.8408093452453613,2
20493,0.5311434268951416,0,-0.022134330123662949,0,-0.065096728503704071,0,-0.023847885429859161,-0.00079971941886469722,0,0.61881047487258911,-0.0064107542857527733,0.95809155702590942,-0.012640664353966713,1.0960325002670288,3.0731477737426758,2
4951,-0.13258983194828033,0,-0.022134330123662949,0,-0.075607232749462128,0,-0.023847885429859161,-0.00079971941886469722,0,-0.22925251722335815,-0.0064107542857527733,-0.33321905136108398,-0.012640664353966713,1.0960325002670288,0.25953039526939392,0
970,-0.13258983194828033,0,-0.022134330123662949,0,-0.075607232749462128,0,-0.023847885429859161,-0.00079971941886469722,0,0.61881047487258911,-0.0064107542857527733,-0.036233901977539062,-0.012640664353966713,1.0960325002670288,1.4045780897140503,0
1640,0.021126922219991684,0,-0.022134330123662949,0,-0.075607232749462128,0,-0.023847885429859161,-0.00079971941886469722,0,-0.22925251722335815,-0.0064107542857527733,0.88107496500015259,-0.012640664353966713,1.0960325002670288,1.6275410652160645,3
11791,0.5311434268951416,0,-0.022134330123662949,0,-0.075607232749462128,0,-0.023847885429859161,-0.00079971941886469722,0,-0.010510962456464767,-0.0064107542857527733,-0.33321905136108398,-0.012640664353966713,1.0960325002670288,1.1420043706893921,0
11041,-0.13258983194828033,0,-0.022134330123662949,0,-0.065096728503704071,0,-0.023847885429859161,-0.00079971941886469722,0,0.61881047487258911,-0.0064107542857527733,-0.036233901977539062,-0.012640664353966713,1.0960325002670288,1.4150885343551636,0
6715,0.29880502820014954,0,-0.022134330123662949,0,-0.065096728503704071,0,-0.023847885429859161,-0.00079971941886469722,0,-0.010510962456464767,-0.0064107542857527733,-0.036233901977539062,-0.012640664353966713,1.0960325002670288,1.2171616554260254,1
4268,-0.13258983194828033,0,-0.022134330123662949,0,-0.075607232749462128,0,-0.023847885429859161,-0.00079971941886469722,0,-0.22925251722335815,-0.0064107542857527733,0.95809155702590942,-0.012640664353966713,1.0960325002670288,1.5508407354354858,0
14188,-0.13258983194828033,0,-0.022134330123662949,0,-0.075607232749462128,0,-0.023847885429859161,-0.00079971941886469722,0,-0.22925251722335815,-0.0064107542857527733,-0.33321905136108398,-0.012640664353966713,1.0960325002670288,0.25953039526939392,0
19366,0.021126922219991684,0,-0.022134330123662949,0,-0.065096728503704071,0,-0.023847885429859161,-0.00079971941886469722,0,-0.22925251722335815,-0.0064107542857527733,0.88107496500015259,-0.012640664353966713,1.0960325002670288,1.6380515098571777,5
2449,-0.13258983194828033,0,-0.022134330123662949,0,-0.075607232749462128,0,-0.023847885429859161,-0.00079971941886469722,0,-0.22925251722335815,-0.0064107542857527733,-0.036233901977539062,-0.012640664353966713,1.0960325002670288,0.55651575326919556,1
6144,-0.13258983194828033,0,-0.022134330123662949,0,-0.075607232749462128,0,-0.023847885429859161,-0.00079971941886469722,0,-0.010510962456464767,-0.0064107542857527733,0.88107496500015259,-0.012640664353966713,1.0960325002670288,1.6925657987594604,0
1222,-0.13258983194828033,0,-0.022134330123662949,0,-0.075607232749462128,0,-0.023847885429859161,-0.00079971941886469722,0,-0.22925251722335815,-0.0064107542857527733,-0.33321905136108398,-0.012640664353966713,1.0960325002670288,0.25953039526939392,0
9664,-0.13258983194828033,0,-0.022134330123662949,0,-0.075607232749462128,0,-0.023847885429859161,-0.00079971941886469722,0,-0.22925251722335815,-0.0064107542857527733,-0.33321905136108398,-0.012640664353966713,1.0960325002670288,0.25953039526939392,0
3826,-0.13258983194828033,0,-0.022134330123662949,0,-0.075607232749462128,0,-0.023847885429859161,-0.00079971941886469722,0,-0.22925251722335815,-0.0064107542857527733,-0.036233901977539062,-0.012640664353966713,1.0960325002670288,0.55651575326919556,0
12926,0.29880502820014954,0,-0.022134330123662949,0,-0.065096728503704071,0,-0.023847885429859161,-0.00079971941886469722,0,-0.16263291239738464,-0.0064107542857527733,0.88107496500015259,-0.012640664353966713,1.0960325002670288,1.9823489189147949,0
19205,0.021126922219991684,0,-0.022134330123662949,0,-0.065096728503704071,0,-0.023847885429859161,-0.00079971941886469722,0,-0.22925251722335815,-0.0064107542857527733,-0.036233901977539062,-0.012640664353966713,1.0960325002670288,0.72074294090270996,0
13005,-0.13258983194828033,0,-0.022134330123662949,0,-0.075607232749462128,0,-0.023847885429859161,-0.00079971941886469722,0,-0.22925251722335815,-0.0064107542857527733,-0.33321905136108398,-0.012640664353966713,1.0960325002670288,0.25953039526939392,0
6953,-0.13258983194828033,0,-0.022134330123662949,0,-0.075607232749462128,0,-0.023847885429859161,-0.00079971941886469722,0,0.61881047487258911,-0.0064107542857527733,-0.33321905136108398,-0.012640664353966713,1.0960325002670288,1.1075927019119263,0
8717,-0.13258983194828033,0,-0.022134330123662949,0,-0.075607232749462128,0,-0.023847885429859161,-0.00079971941886469722,0,-0.22925251722335815,-0.0064107542857527733,-0.33321905136108398,-0.012640664353966713,1.0960325002670288,0.25953039526939392,0
2651,-0.13258983194828033,0,-0.022134330123662949,0,-0.075607232749462128,0,-0.023847885429859161,-0.00079971941886469722,0,-0.22925251722335815,-0.0064107542857527733,-0.33321905136108398,-0.012640664353966713,1.0960325002670288,0.25953039526939392,0
20304,-0.13258983194828033,0,-0.022134330123662949,0,-0.075607232749462128,0,-0.023847885429859161,-0.00079971941886469722,0,-0.22925251722335815,-0.0064107542857527733,-0.036233901977539062,-0.012640664353966713,1.0960325002670288,0.55651575326919556,1
19071,-0.13258983194828033,0,-0.022134330123662949,0,-0.075607232749462128,0,-0.023847885429859161,-0.00079971941886469722,0,0.61881047487258911,-0.0064107542857527733,-0.33321905136108398,-0.012640664353966713,1.0960325002670288,1.1075927019119263,0
6490,0.021126922219991684,0,-0.022134330123662949,0,-0.075607232749462128,0,-0.023847885429859161,-0.00079971941886469722,0,-0.22925251722335815,-0.0064107542857527733,-0.33321905136108398,-0.012640664353966713,1.0960325002670288,0.41324740648269653,0
4784,-0.13258983194828033,0,-0.022134330123662949,0,-0.075607232749462128,0,-0.023847885429859161,-0.00079971941886469722,0,-0.22925251722335815,-0.0064107542857527733,-0.33321905136108398,-0.012640664353966713,1.0960325002670288,0.25953039526939392,0
2556,-0.13258983194828033,0,-0.022134330123662949,0,-0.075607232749462128,0,-0.023847885429859161,-0.00079971941886469722,0,-0.22925251722335815,-0.0064107542857527733,-0.33321905136108398,-0.012640664353966713,1.0960325002670288,0.25953039526939392,0
3568,-0.13258983194828033,0,-0.022134330123662949,0,-0.075607232749462128,0,-0.023847885429859161,-0.00079971941886469722,0,0.61881047487258911,-0.0064107542857527733,1.1454603672027588,-0.012640664353966713,1.0960325002670288,2.5862727165222168,0
2136,0.021126922219991684,0,-0.022134330123662949,0,-0.065096728503704071,0,-0.023847885429859161,-0.00079971941886469722,0,0.73834800720214844,-0.0064107542857527733,0.88107496500015259,-0.012640664353966713,1.0960325002670288,2.6056520938873291,9
18582,0.29880502820014954,0,-0.022134330123662949,0,-0.065096728503704071,0,-0.023847885429859161,-0.00079971941886469722,0,-0.22925251722335815,-0.0064107542857527733,-0.036233901977539062,-0.012640664353966713,1.0960325002670288,0.99842053651809692,0
14521,-0.13258983194828033,0,-0.022134330123662949,0,-0.075607232749462128,0,-0.023847885429859161,-0.00079971941886469722,0,-0.22925251722335815,-0.0064107542857527733,-0.33321905136108398,-0.012640664353966713,1.0960325002670288,0.25953039526939392,0
7485,0.021126922219991684,0,-0.022134330123662949,0,-0.075607232749462128,0,-0.023847885429859161,-0.00079971941886469722,0,-0.16263291239738464,-0.0064107542857527733,-0.036233901977539062,-0.012640664353966713,1.0960325002670288,0.77685201168060303,0
11520,-0.13258983194828033,0,-0.022134330123662949,0,-0.075607232749462128,0,-0.023847885429859161,-0.00079971941886469722,0,-0.22925251722335815,-0.0064107542857527733,-0.33321905136108398,-0.012640664353966713,1.0960325002670288,0.25953039526939392,0
8386,-0.13258983194828033,0,-0.022134330123662949,0,-0.075607232749462128,0,-0.023847885429859161,-0.00079971941886469722,0,-0.22925251722335815,-0.0064107542857527733,-0.33321905136108398,-0.012640664353966713,1.0960325002670288,0.25953039526939392,0
14528,0.5311434268951416,0,0.48766922950744629,0,-0.065096728503704071,0,-0.023847885429859161,-0.00079971941886469722,0,0.73834800720214844,-0.0064107542857527733,0.95809155702590942,-0.012640664353966713,1.0960325002670288,3.7024893760681152,11
5559,0.5311434268951416,0,-0.022134330123662949,0,0.65901291370391846,0,-0.023847885429859161,-0.00079971941886469722,0,-0.010510962456464767,-0.0064107542857527733,0.88107496500015259,0.12485232949256897,1.0960325002670288,3.2284126281738281,2
17618,0.021126922219991684,0,-0.022134330123662949,0,0.65901291370391846,0,-0.023847885429859161,-0.00079971941886469722,0,-0.010510962456464767,-0.0064107542857527733,0.95809155702590942,-0.012640664353966713,1.0960325002670288,2.6579196453094482,10
10946,-0.13258983194828033,0,-0.022134330123662949,0,-0.075607232749462128,0,-0.023847885429859161,-0.00079971941886469722,0,-0.22925251722335815,-0.0064107542857527733,-0.33321905136108398,-0.012640664353966713,1.0960325002670288,0.25953039526939392,0
1392,0.021126922219991684,0,-0.022134330123662949,0,-0.075607232749462128,0,-0.023847885429859161,-0.00079971941886469722,0,-0.010510962456464767,-0.0064107542857527733,-0.33321905136108398,-0.012640664353966713,1.0960325002670288,0.6319887638092041,0
6037,0.021126922219991684,0,-0.022134330123662949,0,-0.065096728503704071,0,-0.023847885429859161,-0.00079971941886469722,0,-0.22925251722335815,-0.0064107542857527733,0.88107496500015259,-0.012640664353966713,1.0960325002670288,1.6380515098571777,0
3003,0.5311434268951416,0,-0.022134330123662949,0,0.65901291370391846,0,-0.023847885429859161,-0.00079971941886469722,0,-0.046982802450656891,-0.0064107542857527733,0.13924197852611542,-0.012640664353966713,1.0960325002670288,2.3126139640808105,4
15800,0.021126922219991684,0,-0.022134330123662949,0,-0.075607232749462128,0,-0.023847885429859161,-0.00079971941886469722,0,-0.22925251722335815,-0.0064107542857527733,-0.33321905136108398,-0.012640664353966713,1.0960325002670288,0.41324740648269653,0
6283,-0.13258983194828033,0,-0.022134330123662949,0,-0.075607232749462128,0,-0.023847885429859161,-0.00079971941886469722,0,-0.22925251722335815,-0.0064107542857527733,-0.33321905136108398,-0.012640664353966713,1.0960325002670288,0.25953039526939392,1
4850,-0.13258983194828033,0,-0.022134330123662949,0,0.65901291370391846,0,-0.023847885429859161,-0.00079971941886469722,0,-0.22925251722335815,-0.0064107542857527733,-0.036233901977539062,-0.012640664353966713,1.0960325002670288,1.2911357879638672,0
18554,-0.13258983194828033,0,-0.022134330123662949,0,-0.075607232749462128,0,-0.023847885429859161,-0.00079971941886469722,0,0.73834800720214844,-0.0064107542857527733,-0.036233901977539062,-0.012640664353966713,1.0960325002670288,1.5241158008575439,0
17663,-0.13258983194828033,0,-0.022134330123662949,0,-0.075607232749462128,0,-0.023847885429859161,-0.00079971941886469722,0,-0.22925251722335815,-0.0064107542857527733,-0.33321905136108398,-0.012640664353966713,1.0960325002670288,0.25953039526939392,0
9509,-0.13258983194828033,0,-0.022134330123662949,0,-0.065096728503704071,0,-0.023847885429859161,-0.00079971941886469722,0,-0.22925251722335815,-0.0064107542857527733,-0.33321905136108398,-0.012640664353966713,1.0960325002670288,0.27004089951515198,0
9010,0.021126922219991684,0,-0.022134330123662949,0,-0.065096728503704071,0,-0.023847885429859161,-0.00079971941886469722,0,0.61881047487258911,-0.0064107542857527733,-0.33321905136108398,0.12485232949256897,1.0960325002670288,1.4093127250671387,1
9065,-0.13258983194828033,0,-0.022134330123662949,0,-0.075607232749462128,0,-0.023847885429859161,-0.00079971941886469722,0,-0.22925251722335815,-0.0064107542857527733,-0.33321905136108398,-0.012640664353966713,1.0960325002670288,0.25953039526939392,0
19673,0.021126922219991684,0,-0.022134330123662949,0,-0.075607232749462128,0,-0.023847885429859161,-0.00079971941886469722,0,0.73834800720214844,-0.0064107542857527733,-0.33321905136108398,-0.012640664353966713,1.0960325002670288,1.3808470964431763,1
18058,0.021126922219991684,0,-0.022134330123662949,0,-0.075607232749462128,0,-0.023847885429859161,-0.00079971941886469722,0,-0.22925251722335815,-0.0064107542857527733,-0.33321905136108398,-0.012640664353966713,1.0960325002670288,0.41324740648269653,0
12966,-0.13258983194828033,0,-0.022134330123662949,0,-0.075607232749462128,0,-0.023847885429859161,-0.00079971941886469722,0,-0.22925251722335815,-0.0064107542857527733,-0.33321905136108398,-0.012640664353966713,1.0960325002670288,0.25953039526939392,0
8306,0.021126922219991684,0,-0.022134330123662949,0,-0.065096728503704071,0,-0.023847885429859161,-0.00079971941886469722,0,-0.22925251722335815,-0.0064107542857527733,0.88107496500015259,-0.012640664353966713,1.0960325002670288,1.6380515098571777,0
8732,-0.13258983194828033,0,-0.022134330123662949,0,-0.065096728503704071,0,-0.023847885429859161,-0.00079971941886469722,0,-0.22925251722335815,-0.0064107542857527733,-0.036233901977539062,-0.012640664353966713,1.0960325002670288,0.56702625751495361,0
6272,-0.13258983194828033,0,-0.022134330123662949,0,-0.075607232749462128,0,-0.023847885429859161,-0.00079971941886469722,0,-0.22925251722335815,-0.0064107542857527733,-0.036233901977539062,-0.012640664353966713,1.0960325002670288,0.55651575326919556,0
17162,0.29880502820014954,0,-0.022134330123662949,0,-0.065096728503704071,0,-0.023847885429859161,-0.00079971941886469722,0,-0.22925251722335815,-0.0064107542857527733,-0.036233901977539062,-0.012640664353966713,1.0960325002670288,0.99842053651809692,1
8652,-0.13258983194828033,0,-0.022134330123662949,0,-0.075607232749462128,0,-0.023847885429859161,-0.00079971941886469722,0,-0.22925251722335815,-0.0064107542857527733,-0.33321905136108398,-0.012640664353966713,1.0960325002670288,0.25953039526939392,0
2873,-0.13258983194828033,0,-0.022134330123662949,0,-0.075607232749462128,0,-0.023847885429859161,-0.00079971941886469722,0,-0.22925251722335815,-0.0064107542857527733,-0.33321905136108398,-0.012640664353966713,1.0960325002670288,0.25953039526939392,0
20630,-0.13258983194828033,0,-0.022134330123662949,0,-0.075607232749462128,0,-0.023847885429859161,-0.00079971941886469722,0,-0.22925251722335815,-0.0064107542857527733,-0.33321905136108398,-0.012640664353966713,1.0960325002670288,0.25953039526939392,0
18202,0.021126922219991684,0,-0.022134330123662949,0,-0.075607232749462128,0,3.0720410346984863,-0.00079971941886469722,0,0.13461831212043762,-0.0064107542857527733,-0.036233901977539062,-0.012640664353966713,1.0960325002670288,4.1699914932250977,0
1490,-0.13258983194828033,0,-0.022134330123662949,0,-0.075607232749462128,0,-0.023847885429859161,-0.00079971941886469722,0,-0.22925251722335815,-0.0064107542857527733,-0.33321905136108398,-0.012640664353966713,1.0960325002670288,0.25953039526939392,0
12164,-0.13258983194828033,0,-0.022134330123662949,0,-0.065096728503704071,0,-0.023847885429859161,-0.00079971941886469722,0,-0.22925251722335815,-0.0064107542857527733,-0.036233901977539062,-0.012640664353966713,1.0960325002670288,0.56702625751495361,0
6798,-0.13258983194828033,0,-0.022134330123662949,0,-0.075607232749462128,0,-0.023847885429859161,-0.00079971941886469722,0,-0.22925251722335815,-0.0064107542857527733,-0.33321905136108398,-0.012640664353966713,1.0960325002670288,0.25953039526939392,0
4476,-0.13258983194828033,0,-0.022134330123662949,0,-0.075607232749462128,0,-0.023847885429859161,-0.00079971941886469722,0,-0.22925251722335815,-0.0064107542857527733,0.95809155702590942,-0.012640664353966713,1.0960325002670288,1.5508407354354858,0
8682,0.021126922219991684,0,-0.022134330123662949,0,-0.065096728503704071,0,-0.023847885429859161,-0.00079971941886469722,0,0.73834800720214844,-0.0064107542857527733,0.95809155702590942,-0.012640664353966713,1.0960325002670288,2.6826686859130859,3
15868,0.29880502820014954,0,-0.022134330123662949,0,0.65901291370391846,0,-0.023847885429859161,-0.00079971941886469722,0,0.61881047487258911,-0.0064107542857527733,0.13924197852611542,-0.012640664353966713,1.0960325002670288,2.7460689544677734,0
13246,-0.13258983194828033,0,-0.022134330123662949,0,-0.075607232749462128,0,-0.023847885429859161,-0.00079971941886469722,0,-0.22925251722335815,-0.0064107542857527733,-0.33321905136108398,-0.012640664353966713,1.0960325002670288,0.25953039526939392,0
17210,-0.13258983194828033,0,-0.022134330123662949,0,-0.075607232749462128,0,-0.023847885429859161,-0.00079971941886469722,0,-0.16263291239738464,-0.0064107542857527733,-0.036233901977539062,-0.012640664353966713,1.0960325002670288,0.62313532829284668,0
15226,-0.13258983194828033,0,-0.022134330123662949,0,-0.075607232749462128,0,-0.023847885429859161,-0.00079971941886469722,0,-0.22925251722335815,-0.0064107542857527733,-0.33321905136108398,-0.012640664353966713,1.0960325002670288,0.25953039526939392,0
6943,-0.13258983194828033,0,-0.022134330123662949,0,-0.075607232749462128,0,-0.023847885429859161,-0.00079971941886469722,0,-0.22925251722335815,-0.0064107542857527733,-0.33321905136108398,-0.012640664353966713,1.0960325002670288,0.25953039526939392,0
4560,-0.13258983194828033,0,-0.022134330123662949,0,-0.075607232749462128,0,-0.023847885429859161,-0.00079971941886469722,0,-0.22925251722335815,-0.0064107542857527733,-0.33321905136108398,-0.012640664353966713,1.0960325002670288,0.25953039526939392,0
14972,-0.13258983194828033,0,-0.022134330123662949,0,-0.075607232749462128,0,-0.023847885429859161,-0.00079971941886469722,0,-0.22925251722335815,-0.0064107542857527733,-0.33321905136108398,-0.012640664353966713,1.0960325002670288,0.25953039526939392,0
11193,-0.13258983194828033,0,-0.022134330123662949,0,-0.075607232749462128,0,-0.023847885429859161,-0.00079971941886469722,0,-0.22925251722335815,-0.0064107542857527733,0.13924197852611542,-0.012640664353966713,1.0960325002670288,0.73199164867401123,0
3499,-0.13258983194828033,0,-0.022134330123662949,0,-0.075607232749462128,0,-0.023847885429859161,-0.00079971941886469722,0,0.73834800720214844,-0.0064107542857527733,-0.33321905136108398,-0.012640664353966713,1.0960325002670288,1.2271304130554199,0
14446,0.021126922219991684,0,-0.022134330123662949,0,-0.065096728503704071,0,-0.023847885429859161,-0.00079971941886469722,0,0.73834800720214844,-0.0064107542857527733,-0.036233901977539062,-0.012640664353966713,1.0960325002670288,1.6883431673049927,0
15204,-0.13258983194828033,0,-0.022134330123662949,0,-0.075607232749462128,0,-0.023847885429859161,-0.00079971941886469722,0,-0.010510962456464767,-0.0064107542857527733,0.95809155702590942,-0.012640664353966713,1.0960325002670288,1.7695821523666382,1
1751,-0.13258983194828033,0,-0.022134330123662949,0,-0.065096728503704071,0,-0.023847885429859161,-0.00079971941886469722,0,-0.22925251722335815,-0.0064107542857527733,0.88107496500015259,-0.012640664353966713,1.0960325002670288,1.4843348264694214,0
4633,0.29880502820014954,0,-0.022134330123662949,0,-0.075607232749462128,0,-0.023847885429859161,-0.00079971941886469722,0,-0.16263291239738464,-0.0064107542857527733,-0.036233901977539062,-0.012640664353966713,1.0960325002670288,1.0545294284820557,0
3018,-0.13258983194828033,0,-0.022134330123662949,0,-0.075607232749462128,0,-0.023847885429859161,-0.00079971941886469722,0,-0.22925251722335815,-0.0064107542857527733,-0.33321905136108398,-0.012640664353966713,1.0960325002670288,0.25953039526939392,0
36,0.021126922219991684,0,-0.022134330123662949,0,-0.075607232749462128,0,-0.023847885429859161,-0.00079971941886469722,0,-0.22925251722335815,-0.0064107542857527733,-0.33321905136108398,-0.012640664353966713,1.0960325002670288,0.41324740648269653,0
16117,-0.13258983194828033,0,-0.022134330123662949,0,-0.075607232749462128,0,-0.023847885429859161,-0.00079971941886469722,0,0.61881047487258911,-0.0064107542857527733,-0.33321905136108398,-0.012640664353966713,1.0960325002670288,1.1075927019119263,0
18113,-0.13258983194828033,0,-0.022134330123662949,0,-0.075607232749462128,0,-0.023847885429859161,-0.00079971941886469722,0,-0.22925251722335815,-0.0064107542857527733,-0.036233901977539062,-0.012640664353966713,1.0960325002670288,0.55651575326919556,0
13369,0.021126922219991684,0,-0.022134330123662949,0,-0.075607232749462128,0,-0.023847885429859161,-0.00079971941886469722,0,0.73834800720214844,-0.0064107542857527733,-0.33321905136108398,-0.012640664353966713,1.0960325002670288,1.3808470964431763,3
12619,0.021126922219991684,0,-0.022134330123662949,0,-0.065096728503704071,0,-0.023847885429859161,-0.00079971941886469722,0,-0.22925251722335815,-0.0064107542857527733,0.13924197852611542,-0.012640664353966713,1.0960325002670288,0.89621883630752563,1
20172,-0.13258983194828033,0,-0.022134330123662949,0,-0.075607232749462128,0,-0.023847885429859161,-0.00079971941886469722,0,-0.22925251722335815,-0.0064107542857527733,-0.33321905136108398,-0.012640664353966713,1.0960325002670288,0.25953039526939392,1
20469,0.021126922219991684,0,-0.022134330123662949,0,-0.075607232749462128,0,-0.023847885429859161,-0.00079971941886469722,0,0.61881047487258911,-0.0064107542857527733,-0.33321905136108398,-0.012640664353966713,1.0960325002670288,1.2613093852996826,1
20235,-0.13258983194828033,0,-0.022134330123662949,0,-0.075607232749462128,0,-0.023847885429859161,-0.00079971941886469722,0,-0.22925251722335815,-0.0064107542857527733,-0.33321905136108398,-0.012640664353966713,1.0960325002670288,0.25953039526939392,0
15444,-0.13258983194828033,0,-0.022134330123662949,0,-0.075607232749462128,0,-0.023847885429859161,-0.00079971941886469722,0,-0.22925251722335815,-0.0064107542857527733,-0.33321905136108398,-0.012640664353966713,1.0960325002670288,0.25953039526939392,0
9588,-0.13258983194828033,0,-0.022134330123662949,0,-0.075607232749462128,0,-0.023847885429859161,-0.00079971941886469722,0,-0.22925251722335815,-0.0064107542857527733,-0.33321905136108398,-0.012640664353966713,1.0960325002670288,0.25953039526939392,0
15989,0.021126922219991684,0,-0.022134330123662949,0,-0.065096728503704071,0,-0.023847885429859161,-0.00079971941886469722,0,-0.22925251722335815,-0.0064107542857527733,-0.33321905136108398,-0.012640664353966713,1.0960325002670288,0.42375791072845459,0
8628,0.5311434268951416,0,-0.022134330123662949,0,-0.065096728503704071,0,-0.023847885429859161,-0.00079971941886469722,0,0.61881047487258911,-0.0064107542857527733,-0.036233901977539062,-0.012640664353966713,1.0960325002670288,2.0788211822509766,1
596,-0.13258983194828033,0,-0.022134330123662949,0,-0.075607232749462128,0,-0.023847885429859161,-0.00079971941886469722,0,-0.22925251722335815,-0.0064107542857527733,-0.33321905136108398,-0.012640664353966713,1.0960325002670288,0.25953039526939392,0
6404,-0.13258983194828033,0,-0.022134330123662949,0,-0.075607232749462128,0,-0.023847885429859161,-0.00079971941886469722,0,-0.22925251722335815,-0.0064107542857527733,-0.33321905136108398,-0.012640664353966713,1.0960325002670288,0.25953039526939392,0
6474,-0.13258983194828033,0,-0.022134330123662949,0,-0.075607232749462128,0,-0.023847885429859161,-0.00079971941886469722,0,-0.22925251722335815,-0.0064107542857527733,-0.33321905136108398,-0.012640664353966713,1.0960325002670288,0.25953039526939392,0
16838,0.021126922219991684,0,-0.022134330123662949,0,-0.065096728503704071,0,-0.023847885429859161,-0.00079971941886469722,0,-0.010510962456464767,-0.0064107542857527733,-0.33321905136108398,-0.012640664353966713,1.0960325002670288,0.64249926805496216,0
7342,0.021126922219991684,0,-0.022134330123662949,0,-0.065096728503704071,0,-0.023847885429859161,-0.00079971941886469722,0,-0.046982802450656891,-0.0064107542857527733,-0.33321905136108398,-0.012640664353966713,1.0960325002670288,0.60602754354476929,0
142,0.021126922219991684,0,-0.022134330123662949,0,-0.075607232749462128,0,-0.023847885429859161,-0.00079971941886469722,0,-0.22925251722335815,-0.0064107542857527733,-0.036233901977539062,-0.012640664353966713,1.0960325002670288,0.7102324366569519,0
17115,0.5311434268951416,0,-0.022134330123662949,0,0.65901291370391846,0,-0.023847885429859161,-0.00079971941886469722,0,0.73834800720214844,-0.0064107542857527733,0.95809155702590942,-0.012640664353966713,1.0960325002670288,3.9167954921722412,2
16885,0.29880502820014954,0,-0.022134330123662949,0,-0.065096728503704071,0,-0.023847885429859161,-0.00079971941886469722,0,-0.16263291239738464,-0.0064107542857527733,0.95809155702590942,-0.012640664353966713,1.0960325002670288,2.0593647956848145,0
15004,-0.13258983194828033,0,-0.022134330123662949,0,-0.065096728503704071,0,-0.023847885429859161,-0.00079971941886469722,0,-0.22925251722335815,-0.0064107542857527733,-0.33321905136108398,-0.012640664353966713,1.0960325002670288,0.27004089951515198,0
15319,-0.13258983194828033,0,-0.022134330123662949,0,-0.075607232749462128,0,-0.023847885429859161,-0.00079971941886469722,0,-0.22925251722335815,-0.0064107542857527733,-0.33321905136108398,-0.012640664353966713,1.0960325002670288,0.25953039526939392,0
17462,-0.13258983194828033,0,-0.022134330123662949,0,-0.075607232749462128,0,-0.023847885429859161,-0.00079971941886469722,0,-0.22925251722335815,-0.0064107542857527733,-0.33321905136108398,-0.012640664353966713,1.0960325002670288,0.25953039526939392,0
5632,0.021126922219991684,0,-0.022134330123662949,0,-0.075607232749462128,0,-0.023847885429859161,-0.00079971941886469722,0,-0.16263291239738464,-0.0064107542857527733,-0.33321905136108398,-0.012640664353966713,1.0960325002670288,0.47986686229705811,0
13241,-0.13258983194828033,0,-0.022134330123662949,0,-0.075607232749462128,0,-0.023847885429859161,-0.00079971941886469722,0,-0.22925251722335815,-0.0064107542857527733,-0.33321905136108398,-0.012640664353966713,1.0960325002670288,0.25953039526939392,0
15314,-0.13258983194828033,0,-0.022134330123662949,0,-0.075607232749462128,0,-0.023847885429859161,-0.00079971941886469722,0,-0.22925251722335815,-0.0064107542857527733,-0.33321905136108398,-0.012640664353966713,1.0960325002670288,0.25953039526939392,0
424,0.021126922219991684,0,-0.022134330123662949,0,-0.065096728503704071,0,-0.023847885429859161,-0.00079971941886469722,0,-0.010510962456464767,-0.0064107542857527733,1.1454603672027588,0.40264433622360229,1.0960325002670288,2.5364627838134766,15
10721,-0.13258983194828033,0,-0.022134330123662949,0,-0.075607232749462128,0,-0.023847885429859161,-0.00079971941886469722,0,0.73834800720214844,-0.0064107542857527733,-0.33321905136108398,-0.012640664353966713,1.0960325002670288,1.2271304130554199,0
5416,-0.13258983194828033,0,-0.022134330123662949,0,-0.075607232749462128,0,-0.023847885429859161,-0.00079971941886469722,0,-0.22925251722335815,-0.0064107542857527733,-0.33321905136108398,-0.012640664353966713,1.0960325002670288,0.25953039526939392,0
15010,0.29880502820014954,0,-0.022134330123662949,0,-0.065096728503704071,0,-0.023847885429859161,-0.00079971941886469722,0,0.73834800720214844,-0.0064107542857527733,-0.036233901977539062,-0.012640664353966713,1.0960325002670288,1.9660211801528931,0
6315,-0.13258983194828033,0,-0.022134330123662949,0,-0.075607232749462128,0,-0.023847885429859161,-0.00079971941886469722,0,0.61881047487258911,-0.0064107542857527733,-0.33321905136108398,-0.012640664353966713,1.0960325002670288,1.1075927019119263,0
13540,-0.13258983194828033,0,-0.022134330123662949,0,-0.075607232749462128,0,-0.023847885429859161,-0.00079971941886469722,0,-0.22925251722335815,-0.0064107542857527733,-0.33321905136108398,-0.012640664353966713,1.0960325002670288,0.25953039526939392,0
173,0.5311434268951416,0,-0.022134330123662949,0,-0.065096728503704071,0,-0.023847885429859161,-0.00079971941886469722,0,-0.16263291239738464,-0.0064107542857527733,0.88107496500015259,0.40264433622360229,1.0960325002670288,2.6299729347229004,3
20616,-0.13258983194828033,0,-0.022134330123662949,0,-0.075607232749462128,0,-0.023847885429859161,-0.00079971941886469722,0,-0.22925251722335815,-0.0064107542857527733,-0.33321905136108398,-0.012640664353966713,1.0960325002670288,0.25953039526939392,0
15909,-0.13258983194828033,0,-0.022134330123662949,0,-0.075607232749462128,0,-0.023847885429859161,-0.00079971941886469722,0,-0.22925251722335815,-0.0064107542857527733,-0.33321905136108398,-0.012640664353966713,1.0960325002670288,0.25953039526939392,0
3605,-0.13258983194828033,0,-0.022134330123662949,0,-0.075607232749462128,0,-0.023847885429859161,-0.00079971941886469722,0,-0.22925251722335815,-0.0064107542857527733,-0.33321905136108398,-0.012640664353966713,1.0960325002670288,0.25953039526939392,0
12583,-0.13258983194828033,0,-0.022134330123662949,0,-0.075607232749462128,0,-0.023847885429859161,-0.00079971941886469722,0,-0.22925251722335815,-0.0064107542857527733,-0.33321905136108398,-0.012640664353966713,1.0960325002670288,0.25953039526939392,0
15253,0.5311434268951416,0,-0.022134330123662949,0,-0.065096728503704071,0,-0.023847885429859161,-0.00079971941886469722,0,0.73834800720214844,-0.0064107542857527733,-0.036233901977539062,0.12485232949256897,1.0960325002670288,2.3358521461486816,3
19759,0.29880502820014954,0,-0.022134330123662949,0,-0.075607232749462128,0,-0.023847885429859161,-0.00079971941886469722,0,-0.16263291239738464,-0.0064107542857527733,-0.036233901977539062,0.40264433622360229,1.0960325002670288,1.4698143005371094,1
2020,0.021126922219991684,0,-0.022134330123662949,0,-0.075607232749462128,0,-0.023847885429859161,-0.00079971941886469722,0,-0.22925251722335815,-0.0064107542857527733,-0.33321905136108398,-0.012640664353966713,1.0960325002670288,0.41324740648269653,0
17954,0.5311434268951416,0,-0.022134330123662949,0,-0.065096728503704071,0,-0.023847885429859161,-0.00079971941886469722,0,-0.046982802450656891,-0.0064107542857527733,0.95809155702590942,-0.012640664353966713,1.0960325002670288,2.4073543548583984,1
20573,-0.13258983194828033,0,-0.022134330123662949,0,-0.075607232749462128,0,-0.023847885429859161,-0.00079971941886469722,0,-0.22925251722335815,-0.0064107542857527733,-0.33321905136108398,-0.012640664353966713,1.0960325002670288,0.25953039526939392,1
10861,-0.13258983194828033,0,-0.022134330123662949,0,-0.075607232749462128,0,-0.023847885429859161,-0.00079971941886469722,0,-0.16263291239738464,-0.0064107542857527733,-0.33321905136108398,-0.012640664353966713,1.0960325002670288,0.32615002989768982,2
7859,0.5311434268951416,0,-0.022134330123662949,0,-0.065096728503704071,0,-0.023847885429859161,-0.00079971941886469722,0,0.73834800720214844,-0.0064107542857527733,0.88107496500015259,-0.012640664353966713,1.0960325002670288,3.1156690120697021,1
17729,-0.13258983194828033,0,-0.022134330123662949,0,-0.075607232749462128,0,-0.023847885429859161,-0.00079971941886469722,0,-0.22925251722335815,-0.0064107542857527733,-0.33321905136108398,-0.012640664353966713,1.0960325002670288,0.25953039526939392,0
19863,-0.13258983194828033,0,-0.022134330123662949,0,-0.075607232749462128,0,-0.023847885429859161,-0.00079971941886469722,0,0.73834800720214844,-0.0064107542857527733,-0.036233901977539062,-0.012640664353966713,1.0960325002670288,1.5241158008575439,0
10153,0.29880502820014954,0,-0.022134330123662949,0,0.65901291370391846,0,-0.023847885429859161,-0.00079971941886469722,0,0.61881047487258911,-0.0064107542857527733,0.95809155702590942,-0.012640664353966713,1.0960325002670288,3.5649192333221436,5
4957,0.021126922219991684,0,-0.022134330123662949,0,-0.065096728503704071,0,-0.023847885429859161,-0.00079971941886469722,0,-0.22925251722335815,-0.0064107542857527733,0.95809155702590942,-0.012640664353966713,1.0960325002670288,1.7150678634643555,0
5289,0.021126922219991684,0,-0.022134330123662949,0,0.65901291370391846,0,-0.023847885429859161,-0.00079971941886469722,0,-0.046982802450656891,-0.0064107542857527733,1.1454603672027588,-0.012640664353966713,1.0960325002670288,2.80881667137146,4
10610,0.021126922219991684,0,-0.022134330123662949,0,-0.075607232749462128,0,3.0720410346984863,-0.00079971941886469722,0,-0.16263291239738464,-0.0064107542857527733,0.95809155702590942,0.40264433622360229,1.0960325002670288,5.2823514938354492,1
19502,-0.13258983194828033,0,-0.022134330123662949,0,-0.075607232749462128,0,-0.023847885429859161,-0.00079971941886469722,0,-0.22925251722335815,-0.0064107542857527733,-0.33321905136108398,-0.012640664353966713,1.0960325002670288,0.25953039526939392,1
8868,-0.13258983194828033,0,-0.022134330123662949,0,-0.075607232749462128,0,-0.023847885429859161,-0.00079971941886469722,0,-0.22925251722335815,-0.0064107542857527733,-0.33321905136108398,-0.012640664353966713,1.0960325002670288,0.25953039526939392,0
3382,-0.13258983194828033,0,-0.022134330123662949,0,-0.065096728503704071,0,-0.023847885429859161,-0.00079971941886469722,0,-0.22925251722335815,-0.0064107542857527733,-0.036233901977539062,-0.012640664353966713,1.0960325002670288,0.56702625751495361,0
19775,-0.13258983194828033,0,-0.022134330123662949,0,-0.075607232749462128,0,-0.023847885429859161,-0.00079971941886469722,0,0.73834800720214844,-0.0064107542857527733,-0.33321905136108398,-0.012640664353966713,1.0960325002670288,1.2271304130554199,0
4592,-0.13258983194828033,0,-0.022134330123662949,0,-0.075607232749462128,0,-0.023847885429859161,-0.00079971941886469722,0,-0.22925251722335815,-0.0064107542857527733,-0.33321905136108398,-0.012640664353966713,1.0960325002670288,0.25953039526939392,0
8403,-0.13258983194828033,0,-0.022134330123662949,0,-0.075607232749462128,0,-0.023847885429859161,-0.00079971941886469722,0,-0.22925251722335815,-0.0064107542857527733,-0.33321905136108398,-0.012640664353966713,1.0960325002670288,0.25953039526939392,0
14067,-0.13258983194828033,0,-0.022134330123662949,0,-0.075607232749462128,0,-0.023847885429859161,-0.00079971941886469722,0,-0.22925251722335815,-0.0064107542857527733,-0.33321905136108398,-0.012640664353966713,1.0960325002670288,0.25953039526939392,0
3156,0.5311434268951416,0,-0.022134330123662949,0,0.65901291370391846,0,-0.023847885429859161,-0.00079971941886469722,0,0.61881047487258911,-0.0064107542857527733,-0.036233901977539062,-0.012640664353966713,1.0960325002670288,2.8029317855834961,0
973,-0.13258983194828033,0,-0.022134330123662949,0,-0.075607232749462128,0,-0.023847885429859161,-0.00079971941886469722,0,-0.22925251722335815,-0.0064107542857527733,-0.33321905136108398,-0.012640664353966713,1.0960325002670288,0.25953039526939392,0
17035,-0.13258983194828033,0,-0.022134330123662949,0,-0.075607232749462128,0,-0.023847885429859161,-0.00079971941886469722,0,-0.22925251722335815,-0.0064107542857527733,-0.33321905136108398,-0.012640664353966713,1.0960325002670288,0.25953039526939392,0
2485,0.021126922219991684,0,-0.022134330123662949,0,-0.065096728503704071,0,-0.023847885429859161,-0.00079971941886469722,0,0.73834800720214844,-0.0064107542857527733,-0.036233901977539062,-0.012640664353966713,1.0960325002670288,1.6883431673049927,0
3942,0.021126922219991684,0,-0.022134330123662949,0,-0.075607232749462128,0,-0.023847885429859161,-0.00079971941886469722,0,-0.22925251722335815,-0.0064107542857527733,-0.33321905136108398,-0.012640664353966713,1.0960325002670288,0.41324740648269653,0
15382,-0.13258983194828033,0,-0.022134330123662949,0,-0.075607232749462128,0,-0.023847885429859161,-0.00079971941886469722,0,-0.22925251722335815,-0.0064107542857527733,-0.33321905136108398,-0.012640664353966713,1.0960325002670288,0.25953039526939392,0
9889,0.021126922219991684,0,-0.022134330123662949,0,-0.075607232749462128,0,-0.023847885429859161,-0.00079971941886469722,0,0.73834800720214844,-0.0064107542857527733,0.95809155702590942,-0.012640664353966713,1.0960325002670288,2.6721580028533936,51
7651,-0.13258983194828033,0,-0.022134330123662949,0,-0.075607232749462128,0,-0.023847885429859161,-0.00079971941886469722,0,-0.046982802450656891,-0.0064107542857527733,-0.33321905136108398,-0.012640664353966713,1.0960325002670288,0.44180026650428772,0
4003,0.021126922219991684,0,-0.022134330123662949,0,-0.075607232749462128,0,-0.023847885429859161,-0.00079971941886469722,0,-0.16263291239738464,-0.0064107542857527733,-0.33321905136108398,-0.012640664353966713,1.0960325002670288,0.47986686229705811,0
4517,-0.13258983194828033,0,-0.022134330123662949,0,-0.075607232749462128,0,-0.023847885429859161,-0.00079971941886469722,0,-0.22925251722335815,-0.0064107542857527733,-0.33321905136108398,-0.012640664353966713,1.0960325002670288,0.25953039526939392,0
20310,-0.13258983194828033,0,-0.022134330123662949,0,-0.075607232749462128,0,-0.023847885429859161,-0.00079971941886469722,0,-0.22925251722335815,-0.0064107542857527733,0.88107496500015259,-0.012640664353966713,1.0960325002670288,1.4738243818283081,0
14474,0.021126922219991684,0,-0.022134330123662949,0,-0.075607232749462128,0,-0.023847885429859161,-0.00079971941886469722,0,-0.22925251722335815,-0.0064107542857527733,0.95809155702590942,-0.012640664353966713,1.0960325002670288,1.7045574188232422,0
1695,0.021126922219991684,0,-0.022134330123662949,0,-0.075607232749462128,0,-0.023847885429859161,-0.00079971941886469722,0,-0.22925251722335815,-0.0064107542857527733,0.13924197852611542,-0.012640664353966713,1.0960325002670288,0.88570833206176758,1
5773,-0.13258983194828033,0,-0.022134330123662949,0,-0.075607232749462128,0,-0.023847885429859161,-0.00079971941886469722,0,-0.22925251722335815,-0.0064107542857527733,-0.33321905136108398,-0.012640664353966713,1.0960325002670288,0.25953039526939392,0
14744,0.021126922219991684,0,-0.022134330123662949,0,-0.065096728503704071,0,-0.023847885429859161,-0.00079971941886469722,0,-0.010510962456464767,-0.0064107542857527733,-0.33321905136108398,-0.012640664353966713,1.0960325002670288,0.64249926805496216,0
9694,-0.13258983194828033,0,-0.022134330123662949,0,-0.075607232749462128,0,-0.023847885429859161,-0.00079971941886469722,0,-0.22925251722335815,-0.0064107542857527733,-0.33321905136108398,-0.012640664353966713,1.0960325002670288,0.25953039526939392,0
17151,-0.13258983194828033,0,-0.022134330123662949,0,-0.075607232749462128,0,-0.023847885429859161,-0.00079971941886469722,0,-0.22925251722335815,-0.0064107542857527733,-0.33321905136108398,-0.012640664353966713,1.0960325002670288,0.25953039526939392,0
983,-0.13258983194828033,0,-0.022134330123662949,0,-0.075607232749462128,0,-0.023847885429859161,-0.00079971941886469722,0,0.61881047487258911,-0.0064107542857527733,-0.33321905136108398,-0.012640664353966713,1.0960325002670288,1.1075927019119263,0
9076,-0.13258983194828033,0,-0.022134330123662949,0,-0.075607232749462128,0,-0.023847885429859161,-0.00079971941886469722,0,-0.22925251722335815,-0.0064107542857527733,-0.036233901977539062,-0.012640664353966713,1.0960325002670288,0.55651575326919556,0
10844,-0.13258983194828033,0,-0.022134330123662949,0,-0.075607232749462128,0,-0.023847885429859161,-0.00079971941886469722,0,-0.22925251722335815,-0.0064107542857527733,-0.33321905136108398,-0.012640664353966713,1.0960325002670288,0.25953039526939392,0
13546,0.021126922219991684,0,-0.022134330123662949,0,-0.065096728503704071,0,-0.023847885429859161,-0.00079971941886469722,0,0.61881047487258911,-0.0064107542857527733,1.1454603672027588,-0.012640664353966713,1.0960325002670288,2.7504997253417969,3
10077,0.021126922219991684,0,-0.022134330123662949,0,-0.075607232749462128,0,-0.023847885429859161,-0.00079971941886469722,0,0.73834800720214844,-0.0064107542857527733,-0.33321905136108398,-0.012640664353966713,1.0960325002670288,1.3808470964431763,5
2130,-0.13258983194828033,0,0.48766922950744629,0,-0.075607232749462128,0,-0.023847885429859161,-0.00079971941886469722,0,0.73834800720214844,-0.0064107542857527733,-0.036233901977539062,-0.012640664353966713,1.0960325002670288,2.0339188575744629,0
8788,0.29880502820014954,0,-0.022134330123662949,0,-0.075607232749462128,0,-0.023847885429859161,-0.00079971941886469722,0,-0.010510962456464767,-0.0064107542857527733,0.88107496500015259,0.40264433622360229,1.0960325002670288,2.53924560546875,2
3510,0.021126922219991684,0,-0.022134330123662949,0,-0.065096728503704071,0,-0.023847885429859161,-0.00079971941886469722,0,-0.22925251722335815,-0.0064107542857527733,0.88107496500015259,-0.012640664353966713,1.0960325002670288,1.6380515098571777,0
13446,0.021126922219991684,0,-0.022134330123662949,0,-0.065096728503704071,0,-0.023847885429859161,-0.00079971941886469722,0,0.73834800720214844,-0.0064107542857527733,0.0077285803854465485,-0.012640664353966713,1.0960325002670288,1.732305645942688,0
16670,-0.13258983194828033,0,-0.022134330123662949,0,-0.075607232749462128,0,-0.023847885429859161,-0.00079971941886469722,0,-0.22925251722335815,-0.0064107542857527733,-0.33321905136108398,-0.012640664353966713,1.0960325002670288,0.25953039526939392,0
12374,0.29880502820014954,0,-0.022134330123662949,0,-0.065096728503704071,0,-0.023847885429859161,-0.00079971941886469722,0,-0.22925251722335815,-0.0064107542857527733,-0.33321905136108398,-0.012640664353966713,1.0960325002670288,0.70143568515777588,0
6551,-0.13258983194828033,0,-0.022134330123662949,0,-0.075607232749462128,0,-0.023847885429859161,-0.00079971941886469722,0,-0.22925251722335815,-0.0064107542857527733,-0.33321905136108398,-0.012640664353966713,1.0960325002670288,0.25953039526939392,0
18745,0.021126922219991684,0,-0.022134330123662949,0,-0.075607232749462128,0,-0.023847885429859161,-0.00079971941886469722,0,0.73834800720214844,-0.0064107542857527733,-0.33321905136108398,-0.012640664353966713,1.0960325002670288,1.3808470964431763,0
