FID,X1,X2,X3,X4,X6,X7,X8,X19,X10,X14,X17,X18,X22
2682,10630.555555555555,0.061171335249542727,0.1516105565717272,0.87342414423830672,2.7777777777799999,0,8.764748313388889,1500,1.5654451070633324,0,2.7777777777777786,33.333333333333336,1376.52230149
9479,4661.1111111111122,0.076502920143027425,0.22994189511322999,0.82877824791418364,0,0,6.3769545468611124,1500,1.4406300471115867,0,11.111111111111114,8.3333333333333339,3000
2056,57619.444444444453,0.10756389143325459,0.30962051776502919,0.87151355155956223,80.555555555600009,1.8215045241715,10.588395574249999,488.70831525099999,2.0443625906487441,128.285714286,94.444444444444443,216.66666666666669,1320.0913343100001
10165,14552.777777777781,0.1244290704332888,0.331531971750334,0.8748667875548769,150,0.62259595928505618,10.011472383166668,609.78910025300002,1.4576667422744105,166.125,16.666666666666668,152.7777777777778,1183.3270455300001
11366,16202.777777777781,0.092048757071832674,0.2529681810389165,0.87002415566603808,16.666666666699999,1.6407760799289799,2.7099321832777781,1206.7802443999999,1.8762277459357779,64,19.44444444444445,188.88888888888889,507.18354851999999
6446,10236.111111111111,0.083846621438263227,0.24193782903663502,0.85988265943012221,0,1.8375105391055304,5.2298314490555571,1500,1.913883063005932,132,27.777777777777786,5.5555555555555571,3000
20291,1558.3333333333335,0.077116221033868088,0.28957397504456328,0.79431604278074874,0,0,4.6867415493888895,1500,0.56233514461880829,0,5.5555555555555571,0,1792.9555246699999
442,11122.222222222224,0.1112653846153846,0.33778843656343649,0.87197787212787214,22.222222222199999,1.2866474608360314,8.5651580694444451,1500,1.2978529008039708,0,8.3333333333333339,47.222222222222221,892.32379618000004
14853,1063.8888888888889,0.02288720626631854,0.15007258485639688,0.80346266318537862,0,0,3.2620496482222223,1500,0.63651416829481278,0,0,2.7777777777777786,3000
18363,1447.2222222222226,0.084317850287907864,0.29129635316698649,0.85991401151631475,0,1.051922448906222,7.1834268221944466,1500,0,0,2.7777777777777786,5.5555555555555571,3000
19280,2930.5555555555561,0.08311004739336493,0.14442957345971566,0.80486331753554508,0,0,4.2579673877499999,1500,0.83593736448989864,0,0,19.44444444444445,2611.8332977099999
1281,705.55555555555577,0.059503937007874028,0.18226889763779527,0.91982440944881882,0,1.7549376119753477,4.980425161666667,1500,1.8424406447166164,0,2.7777777777777786,16.666666666666668,456.12618146
8941,42902.777777777781,0.10103360958238912,0.32356756231790224,0.85982806733570738,80.555555555600009,0.74583015730506874,11.527275220777778,827.64037419399995,1.9350447491657743,75.761904761899999,75,169.44444444444446,433.52038799999997
14622,9402.7777777777792,0.079685819793205312,0.25252274741506647,0.86219039881831616,50,1.7853397291999089,2.5952960221583337,415.31906957900003,1.6696723353649454,50,5.5555555555555571,50,980.59985744999994
10082,13177.777777777781,0.092821564080944358,0.32717953204047218,0.85470564924114667,0,0,15.888951069749998,1500,2.0289406937621584,56.600000000000001,127.7777777777778,41.666666666666671,267.63927388000002
3939,17322.222222222223,0.10445192431045544,0.24156783194355355,0.85796031109685689,0,0,14.377371368583331,1500,1.7461447476523062,569,22.222222222222229,25,2603.6508551799998
19900,225,0.034722222222222224,0.32912962962962972,0.82559753086419763,0,0,5.1478844440555562,1500,0,0,0,2.7777777777777786,3000
18365,15447.222222222224,0.16543556914224061,0.3771989210573638,0.87953101960079128,2.7777777777799999,1.6814519088429951,4.2074215893055564,417.86316113199996,1.9325356710290329,140,263.88888888888891,194.44444444444446,607.91237530000001
16378,18827.777777777781,0.14510874889347891,0.27935293596931249,0.84864024786072589,8.3333333333300015,0,10.613260379194443,1500,1.7868411899645524,669.33333333300004,100,13.888888888888893,1227.15448085
17339,15736.111111111111,0.089021465136804936,0.22266504854368926,0.85277433362753752,2.7777777777799999,0,18.544849878722232,1500,1.6869025948471867,0,19.44444444444445,83.333333333333343,3000
13268,1830.5555555555561,0.11614764795144157,0.2705617602427921,0.87559028831562979,0,2.0283076178172541,3.0777195033333338,898.81347760600011,0.8576347830548221,70,5.5555555555555571,63.888888888888893,1196.8814003800001
1422,28844.444444444449,0.23625628852080124,0.51073976309707247,0.89239265215716479,13.8888888889,0.11608401877588075,13.945700578722224,192.17748989099999,1.8684678533818897,342.19548872199999,233.33333333333331,647.22222222222217,35.61863185
15460,8197.2222222222226,0.1011997627922738,0.29608698746187728,0.88046407997289056,8.3333333333300015,0,0,747.0496589789999,1.9058558633904668,0,116.66666666666669,5.5555555555555571,1926.19029843
584,3605.5555555555561,0.088871186440677957,0.24512326656394451,0.85105770416024651,2.7777777777799999,0,11.048292780805557,1500,0.7595473914748635,0,16.666666666666668,63.888888888888893,2219.1394240999998
5716,1197.2222222222224,0.091656148491879363,0.18397494199535966,0.83995058004640377,0,0.58236070354472114,0,1500,0.86756322848146117,1717,8.3333333333333339,5.5555555555555571,1218.2058509000001
13850,3716.666666666667,0.07721562032884903,0.23842077727952171,0.83881098654708519,11.1111111111,1.7410442358227405,7.4060357312222234,1500,1.6575827892998014,36,0,63.888888888888893,3000
14692,35494.444444444445,0.13123135075911724,0.30955439035842852,0.87594799655658162,13.8888888889,0.43226023626596538,0,191.62290648999999,2.0604018284073224,445.625,86.111111111111128,69.444444444444471,1147.10742252
6182,4922.2222222222226,0.068450169300225738,0.19393363431151239,0.85676726862302488,2.7777777777799999,0,7.4202912754444466,1134.75173404,1.5437891850588952,42,8.3333333333333339,11.111111111111114,3000
988,30819.444444444449,0.11563435781883732,0.41310429022082018,0.88992541685443893,58.333333333299997,0.7979404601747192,0.68020671178611125,266.11326921699998,1.3726044989330657,0,69.444444444444471,322.22222222222223,1199.65193557
6030,69.444444444444471,0.18285199999999999,0.34999999999999998,0.74934400000000001,2.7777777777799999,0,0,1500,1.9949164942380759,0,2.7777777777777786,0,444.10011510000004
3366,7125,0.081711539961013643,0.21947571150097467,0.86784393762183232,16.666666666699999,0,10.378875233361113,1500,1.193549604098133,0,0,69.444444444444471,3000
16428,688.88888888888903,0.17686774193548388,0.42865927419354838,0.91031088709677421,0,0,5.0214068299444454,1392.57834149,0,0,27.777777777777786,30.555555555555557,1472.3652012299999
19303,21713.888888888891,0.1227309069975694,0.29959385953690681,0.87082750415760524,19.444444444400002,0.81509736629223761,10.071284229916667,1500,1.7236905376755425,40,55.555555555555571,147.22222222222226,876.02407634999997
13732,411.1111111111112,0.082769594594594598,0.32346351351351349,0.82935945945945944,0,1.2338438738533044,3.5880536117777782,1500,0,0,2.7777777777777786,0,3000
20745,2869.4444444444453,0.074211519845111332,0.2466628267182962,0.87363049370764756,0,0.54196519858485703,6.5434007493611119,1500,1.5218914527150942,0,5.5555555555555571,13.888888888888893,3000
8147,4563.8888888888896,0.084085270846013388,0.2262068167985393,0.83384747413268412,8.3333333333300015,1.9312971226358275,6.3836867001666677,1500,1.3417592596674663,0,0,27.777777777777786,3000
8417,41611.111111111117,0.20305204939919894,0.37824694926568758,0.85969604138851796,11.1111111111,0.075610137806689542,6.4085131136666655,330.83018743700001,1.8171546594281012,81.5,136.11111111111111,191.66666666666669,1109.3417487300001
12981,32352.777777777785,0.11844569417017255,0.3667096677255946,0.85660968489739853,36.111111111100001,0,7.9107295860000013,611.55362123199995,1.8452514766070285,59.25,27.777777777777786,25,690.44959765999999
17332,5027.7777777777774,0.093276850828729274,0.2092396132596685,0.84721292817679561,22.222222222199999,0,11.746882424638891,1402.1620105300001,1.6107211464954641,0,16.666666666666668,52.777777777777779,936.49618716999998
18806,2683.333333333333,0.081032505175983441,0.18797577639751556,0.81556221532091089,2.7777777777799999,0,7.9163907934444451,1500,1.3550184078914749,41,5.5555555555555571,75,3000
16070,6591.6666666666679,0.088581626632954061,0.35646236831015593,0.85425891276864729,25,0,18.946003864249999,1500,1.4673737515107819,0,13.888888888888893,272.22222222222223,2065.0893577999996
16028,39363.888888888898,0.15758392491708414,0.32763536094841578,0.89111812857243666,33.333333333300004,0.2753642479888081,7.005483107472223,630.86258723000003,2.0430457628609218,105.22222222200001,111.11111111111113,122.22222222222223,450.68968683000003
6226,6122.2222222222226,0.091597232304900203,0.30223275862068971,0.86220254083484571,11.1111111111,1.4624824269514765,0.98174830416111125,481.46895370300001,1.5608751140762245,48,0,83.333333333333343,1137.72195113
1900,39466.666666666672,0.1428119580518018,0.34844715653153152,0.86484817004504511,13.8888888889,0.56478252941887797,2.5082511550444448,191.42274235900001,1.9422229299854497,407.34408602199994,80.555555555555557,344.44444444444451,362.22561804999998
15784,15583.333333333336,0.095445597147950076,0.27327948306595368,0.86538345811051687,22.222222222199999,0.41963180928409066,6.3144505646666662,1500,1.9950479669344601,0,44.444444444444457,77.7777777777778,964.42430698999999
12740,28969.444444444449,0.13395132802761531,0.29064752133473964,0.8987874484610221,19.444444444400002,0.11994223634771856,8.3487832994722222,363.90208778599998,1.5576488262180208,108,33.333333333333336,44.444444444444457,1593.59758115
8544,1133.3333333333335,0.10518578431372548,0.3056612745098039,0.86932818627450981,8.3333333333300015,2.1546256934939141,0,1500,1.0397207708399181,0,2.7777777777777786,47.222222222222221,718.97340673999997
16693,10283.333333333334,0.12959689357104268,0.35238198271204763,0.85469991896272279,11.1111111111,0.37543851610872447,4.8663536934166665,1147.3695941799999,1.854660751887468,150,44.444444444444457,55.555555555555571,1198.4811945199999
1762,29761.111111111117,0.1028485439611723,0.28353110882956878,0.86410716819115174,91.666666666699996,1.8642242090227945,5.9117621606666688,572.36622687099998,1.3009447983643767,722,8.3333333333333339,300,1175.7986185300001
8157,1833.333333333333,0.08406469696969697,0.23565424242424246,0.86806363636363637,0,0,7.6211121065000036,1500,0.69314718055994529,0,2.7777777777777786,11.111111111111114,3000
9066,422.22222222222223,0.041095394736842115,0.215475,0.82277236842105272,0,0,0.15976386128361111,1500,0,0,0,2.7777777777777786,3000
4131,1677.7777777777781,0.083653145695364237,0.23650811258278145,0.84351572847682121,0,0,5.03063744475,774.48755601800008,1.2798542258336676,0,2.7777777777777786,0,3000
5231,4094.4444444444453,0.11400929443690637,0.2883274762550882,0.88067618724559027,2.7777777777799999,1.0116143973355465,1.4799735286027778,681.15099678800004,1.5075580730569142,0,38.888888888888886,205.5555555555556,1170.87502595
8861,1438.8888888888889,0.0911953667953668,0.24231196911196909,0.85010231660231661,0,0,6.8992426180555544,1500,0.63651416829481278,0,2.7777777777777786,0,3000
6627,24255.555555555562,0.19168275309207511,0.32741149793861657,0.88405958543289054,8.3333333333300015,1.6007723585722369,6.3025280906944445,244.471043068,1.7992024853358792,115,72.222222222222229,66.666666666666671,1057.83768117
20205,4069.4444444444453,0.096763617747440273,0.18692696245733789,0.83216962457337884,8.3333333333300015,1.9318525904391688,4.1247779155277788,1500,0.63319716839568507,0,5.5555555555555571,27.777777777777786,3000
17118,15583.333333333336,0.075363012477718358,0.2183172549019608,0.86074967914438505,27.777777777800001,0,5.4899253990000005,1500,1.8607492984429852,0,22.222222222222229,75,1318.4324015699999
4794,1663.8888888888889,0.047215025041736233,0.14261001669449086,0.82294090150250421,0,0,0,1500,0,0,0,0,1118.3529257800001
3274,2733.333333333333,0.11699166666666665,0.45363831300813012,0.87318536585365847,22.222222222199999,0,2.9714861769722223,1500,1.5709437919213494,0,30.555555555555557,94.444444444444443,2569.2947784500002
2385,23288.888888888891,0.14684061307251908,0.4129413645038168,0.87087693225190843,8.3333333333300015,0.053462451698932136,2.4269637357694447,274.75727017899999,1.7483113263740511,196.5,72.222222222222229,127.7777777777778,207.63792708
15960,550,0.084735353535353539,0.25880808080808082,0.86131616161616165,0,0,5.5977709202777781,1500,0.69314718055994529,0,8.3333333333333339,5.5555555555555571,2300.1323592499998
1741,1166.6666666666667,0.062964999999999993,0.28913261904761905,0.80994476190476206,8.3333333333300015,1.344833168298071,6.4803606790555559,1500,1.6094379124341005,0,2.7777777777777786,8.3333333333333339,3000
2652,43433.333333333336,0.22372674597083653,0.50654299693016114,0.88969485801995407,8.3333333333300015,1.1936646503571653,17.205068467083336,177.089152031,2.0303296244824853,428.42857142899999,316.66666666666669,661.1111111111112,210.88485057
17570,29188.888888888891,0.18931663494480394,0.55038597259231059,0.89050940236010656,22.222222222199999,0.50832749163681756,6.6128813730000005,266.78324612199998,2.0389296406726074,249.95833333299998,247.22222222222226,790.55555555555998,108.77167675
1855,1183.3333333333335,0.090344600938967137,0.18512089201877932,0.88725774647887312,0,0,4.3698330997777788,1500,0,0,0,8.3333333333333339,3000
18902,372.22222222222223,0.062564179104477605,0.27596343283582092,0.84568805970149252,0,0,3.5963225954444451,1500,1.0549201679861442,0,2.7777777777777786,0,2302.26843835
5915,46450,0.10457496112905157,0.28523180839612489,0.87227556512378901,41.666666666700003,1.707705260996728,8.6741025240555576,271.72799836600001,1.9264082792488944,101.17647058799999,94.444444444444443,225,750.10843233000003
18115,17166.666666666668,0.1166645792880259,0.43264868932038841,0.87491791262135921,8.3333333333300015,0,2.369838202636112,504.79650020599996,1.8356495631569971,0,5.5555555555555571,22.222222222222229,1090.40691754
10146,6138.8888888888905,0.089667601809954756,0.24310076923076926,0.86831429864253407,2.7777777777799999,0,3.9526632162499999,1500,1.6732478854140973,89,58.333333333333343,186.11111111111111,2177.2087362399998
18994,9033.3333333333339,0.053530688806888063,0.13201110086100862,0.90105817958179579,5.5555555555599998,1.9688431110698079,1.5540870030333336,898.53872781199993,0.84636582962628737,0,2.7777777777777786,25,3000
16833,8794.4444444444453,0.10866522425773847,0.42391651926721408,0.8619661718256475,2.7777777777799999,1.7791216551095601,3.6620508517500001,1500,1.6733708122748283,0,5.5555555555555571,169.44444444444446,458.26700289000001
4058,1413.8888888888889,0.11511080550098232,0.26820078585461687,0.84272809430255413,0,1.762600950665586,0,1500,0,0,0,2.7777777777777786,2791.1108164799998
8723,11772.222222222224,0.11507243983010855,0.31336498348277492,0.86367090608777719,5.5555555555599998,1.6654079340844332,3.4617846404722226,82.146945410100003,1.8705761705846355,67.714285714300004,155.55555555555554,61.111111111111114,452.33707050999999
17590,11780.555555555557,0.095590639000235803,0.31343475595378451,0.8625535251120019,61.111111111099994,1.7235755966933946,16.976569314527779,1369.84036556,1.6428698433324618,81.72727272729999,19.44444444444445,291.66666666666669,632.91993868999998
11426,988.88888888888903,0.097458146067415721,0.31469438202247191,0.80300955056179779,2.7777777777799999,0,5.8612100725000014,1500,1.0397207708399181,0,2.7777777777777786,38.888888888888886,3000
18029,3797.2222222222231,0.1101667154352597,0.2790237015362107,0.86486188734455016,16.666666666699999,1.6287117083762488,5.2577007372500004,952.59407273300008,1.5176516211003841,0,8.3333333333333339,55.555555555555571,872.80660751999994
13612,3966.666666666667,0.18961778711484595,0.36248158263305319,0.8714613445378151,5.5555555555599998,0,4.4336843301944455,731.79689887399991,1.0296530140645737,0,16.666666666666668,2.7777777777777786,1558.7990724399999
3053,3025,0.068080073461891641,0.26567116620752984,0.89057630853994485,22.222222222199999,0,4.7689488236944433,506.22933063900001,1.3762512670779288,0,2.7777777777777786,108.33333333333334,1394.5083281699999
4266,8511.1111111111113,0.11134840078328979,0.4447240208877285,0.86720515665796338,27.777777777800001,1.5262592324185764,2.8734989397222233,177.47345164999999,1.4503341772974323,0,16.666666666666668,247.22222222222226,2009.11319538
14737,16200,0.11471320301783265,0.2261144890260631,0.91081591220850477,5.5555555555599998,1.8294377367257848,13.580665960138891,389.84034320699999,1.8338004383137809,0,36.111111111111114,19.44444444444445,1383.8793221799999
3940,28630.555555555562,0.099870078587367794,0.23256338410788785,0.82864025419617726,8.3333333333300015,0,21.65316142061112,1500,1.8596653955781304,86,83.333333333333343,97.222222222222229,1497.3421886799999
9793,7433.3333333333339,0.059919431988041866,0.12426345291479821,0.86142567264573988,0,0.66564092655609519,4.0671945700555554,1500,0.69314718055994529,238,0,5.5555555555555571,3000
9564,3066.666666666667,0.091211141304347834,0.27723233695652177,0.82362119565217384,2.7777777777799999,0,4.8268507935555567,1500,1.0397207708399181,0,0,2.7777777777777786,2151.8533269999998
16930,28425,0.14139062835922994,0.40540862894556828,0.84902295514511872,11.1111111111,1.0819213012908822,8.6942271652777787,337.88230972100001,2.0610094547739504,114.40000000000001,25,19.44444444444445,1850.5100378300001
4559,1547.2222222222226,0.078162836624775592,0.32097450628366248,0.87052226211849193,5.5555555555599998,0,0.30832791242222224,1140.0446512599999,1.4066777022503074,0,5.5555555555555571,55.555555555555571,2119.5719790600001
18972,11075,0.13471775771256586,0.25334467017807882,0.86289541008276904,16.666666666699999,0,9.3087708225833339,1111.33488728,1.9314443748448815,821,50,13.888888888888893,1590.6688873799999
7026,5947.2222222222226,0.073608640822045782,0.20649336758524056,0.82350373657169551,0,0.10247193896193033,7.1988527955555579,1500,1.4410137066630533,33,8.3333333333333339,75,3000
17931,25575,0.12432117953730855,0.32276336483110674,0.88195886825241665,22.222222222199999,1.636874798915636,9.6729232392777753,558.15679878200001,1.9873966685746032,117.666666667,94.444444444444443,166.66666666666669,469.40838179999997
11734,1352.7777777777781,0.093368377823408621,0.18754722792607806,0.86830759753593423,0,0,5.6002368776944458,1500,0.69314718055994529,0,0,8.3333333333333339,3000
19104,4772.2222222222226,0.14984394644935972,0.35509889406286377,0.86444179278230504,2.7777777777799999,0.5155697638238057,2.0725683043861114,878.95730435999997,1.6388281613973172,0,41.666666666666671,388.88888888888886,1271.65730551
144,9455.5555555555547,0.14810760869565218,0.40310992949471214,0.87249626909518219,5.5555555555599998,0.12252232170236453,2.7963921408055561,759.25312261100009,1.7480990437519652,0,169.44444444444446,66.666666666666671,169.53940066000001
10753,11183.333333333336,0.11276485345255838,0.26578601589667161,0.84914927968206666,11.1111111111,0,13.231784539166668,1500,1.8659179402504491,75.375,75,183.33333333333331,715.92969421999999
13078,4230.5555555555557,0.10604629021667759,0.23026782665791198,0.86409658568614578,5.5555555555599998,1.1302294831886888,0.75162064303888909,285.99974323800001,1.7015492615149008,0,27.777777777777786,141.66666666666669,671.66611086
14042,2547.2222222222226,0.12480338058887674,0.33385005452562699,0.85393522355507079,0,1.9123978850489909,0,726.55348825699991,1.041477386277853,180,44.444444444444457,50,695.88362030999997
16340,19022.222222222223,0.12242571553738317,0.36770017523364479,0.86766645735981318,13.8888888889,0,0,1300.9957605999998,1.6769481930192331,0,8.3333333333333339,38.888888888888886,1117.74241224
175,46894.444444444445,0.12286576235043239,0.27432630612486675,0.88953336689965645,30.555555555599998,1.352469512588494,4.650890599277778,887.61053528600007,1.8975778449060476,99.333333333300004,36.111111111111114,44.444444444444457,812.16651745000001
18069,9255.5555555555547,0.1195685174069628,0.25882527010804324,0.8461351740696279,8.3333333333300015,1.6767914166773097,12.113055015111113,1500,1.4894501033916474,42,5.5555555555555571,113.88888888888893,2203.0060718499999
18133,14236.111111111111,0.079197326829268291,0.22887301463414639,0.8603588878048779,13.8888888889,0.70915172438920659,8.1634753865277787,1500,1.6759315652976361,0,25,94.444444444444443,2660.5196358399999
3546,5511.1111111111122,0.080721874999999998,0.19176522177419361,0.86273094758064517,22.222222222199999,0,3.7102064581388885,1500,1.4250699497687225,62,2.7777777777777786,88.888888888888914,3000
20007,26425,0.20701778618732261,0.52838454746136865,0.88547832439819207,11.1111111111,0.52063966086993796,1.7377157582861114,268.812190692,2.1242715289369531,343.33333333299998,286.1111111111112,594.44444444444446,50.958932840000003
313,5877.7777777777783,0.058365311909262765,0.17872268431001892,0.82684102079395094,2.7777777777799999,0,4.5944548864999994,1500,1.71408754118701,0,8.3333333333333339,8.3333333333333339,3000
3252,2911.1111111111113,0.12258225190839693,0.26536984732824426,0.89243282442748084,11.1111111111,1.8419510783872128,3.2112859648611121,840.16082554899992,1.1901337204464384,45.333333333299997,13.888888888888893,86.111111111111128,946.13725984999996
2444,5555.5555555555557,0.092186399999999988,0.22562094999999999,0.85135495000000005,5.5555555555599998,0.073271266768689697,1.7321530547722226,1269.89663406,1.1972970154342817,0,2.7777777777777786,55.555555555555571,697.50849534999998
16613,1791.666666666667,0.14700573643410852,0.42299736434108531,0.88387705426356578,5.5555555555599998,0,9.8614259325833338,337.84334468700001,1.5859341131926616,0,16.666666666666668,233.33333333333331,3000
800,5669.4444444444443,0.06989970602645762,0.19688985791278785,0.87290097991180793,5.5555555555599998,0.90043066723898213,8.4879656431388888,1400.0464257599999,1.591352520264095,0,5.5555555555555571,44.444444444444457,1835.79540084
14786,21252.777777777781,0.13281159325578354,0.41673283230950198,0.89046405698601483,0,0,10.740307520166668,558.85888848699994,1.7272284166165892,0,16.666666666666668,44.444444444444457,1389.71113902
2436,1811.1111111111115,0.05026978527607362,0.10128358895705522,0.89373052147239262,0,0,7.1513825266388897,1500,1.3510394158370158,0,0,61.111111111111114,2168.2340701899998
10174,19822.222222222223,0.17111285033632287,0.30665325112107622,0.86857453755605385,8.3333333333300015,1.8452015518280545,1.7285512293500005,1500,1.7851867299129132,373.78571428599997,138.88888888888891,25,1694.29718551
6911,3597.2222222222222,0.072658146718146729,0.24779189189189191,0.85051158301158292,2.7777777777799999,1.6713518524348454,9.5461530368055563,688.73135640300006,1.3951483101958189,0,2.7777777777777786,47.222222222222221,552.31377365000003
20026,3197.2222222222222,0.090483492615117275,0.24040112945264991,0.85970981754995657,5.5555555555599998,0,5.1259253704166667,683.23283915100001,1.6878722687778307,0,8.3333333333333339,25,1543.8357625900001
7375,39708.333333333336,0.083407072402938098,0.2246815459951032,0.86928088842252538,52.777777777799997,0,3.3593568811944445,796.432525328,1.8932845427704164,43,16.666666666666668,197.22222222222226,2644.9981702499999
18820,10741.666666666668,0.1234561417119214,0.23433152314455649,0.87414543573829839,8.3333333333300015,1.6277165751968881,8.5874029600277773,474.56426181800003,1.943936488004792,45.5,47.222222222222221,130.55555555555554,479.64878105000003
6362,858.33333333333348,0.11429514563106795,0.27184563106796122,0.82548770226537216,0,0,0.98787532759444441,1500,0,0,0,0,3000
19709,30980.555555555562,0.096537317313727236,0.26653631309961445,0.88325892584954724,36.111111111100001,0,14.614322235666664,368.53811608900003,1.8008560719231252,75,16.666666666666668,147.22222222222226,1013.06626838
2574,17941.666666666668,0.1975907880476854,0.29747053723486611,0.87180193528409977,2.7777777777799999,0,2.9996213984444444,585.96005511600004,1.8947633363085568,0,50,27.777777777777786,2725.02395389
9024,1036.1111111111113,0.081268632707774791,0.29349544235924929,0.84923806970509386,5.5555555555599998,0.66301512922172312,0,1500,1.2061241560282692,0,0,25,1087.85622788
9369,2258.333333333333,0.10784243542435423,0.22525190651906521,0.86130565805658055,5.5555555555599998,0.77391897034093238,9.7461287076666672,1500,1.4090504265255432,0,5.5555555555555571,197.22222222222226,207.68136942999999
19120,37541.666666666672,0.18251413244543102,0.36034312245652977,0.87976180540140581,13.8888888889,0,1.5685645514305555,820.15124833800007,1.8596817787658719,204.75,150,36.111111111111114,981.3835117000001
14897,1336.1111111111113,0.071810187110187107,0.24446798336798334,0.87021185031185033,8.3333333333300015,0,8.7993562055277792,1500,1.6326309271543518,0,0,38.888888888888886,3000
14385,37205.555555555562,0.098559474391518603,0.35450304614006273,0.85255378527698977,11.1111111111,1.8822778736774533,15.203330355444448,1500,1.9730580334878993,352,63.888888888888893,161.11111111111111,140.65134871999999
12992,20166.666666666668,0.081217424242424244,0.2343965013774105,0.83926943526170794,19.444444444400002,0,3.5787657715555561,1500,1.8600254342394791,442,27.777777777777786,47.222222222222221,3000
20499,5747.2222222222226,0.055049009183180279,0.14743421942967619,0.85355659739004341,0,0,5.4539264345555569,1500,1.4868952268881837,0,0,16.666666666666668,3000
12402,11313.888888888892,0.14000856862263689,0.33311581144119812,0.8648124478271545,11.1111111111,0.089114999998774799,3.9375746060833339,148.06310342399999,2.0651076760398959,112.275862069,202.77777777777783,363.88888888888886,617.52395619000004
2844,891.66666666666674,0.023001869158878502,0.20200623052959502,0.84939003115264788,0,0,6.4963227353888877,1500,0,0,0,2.7777777777777786,3000
18805,19644.444444444449,0.29727382635746602,0.28586723699095024,0.87913171662895928,0,0,5.9757799667222224,910.80034131800005,1.6604867170062581,95.5,47.222222222222221,16.666666666666668,1029.34791799
7667,5927.7777777777783,0.09513069353327086,0.22322610121836928,0.86255979381443293,16.666666666699999,1.856055926493976,17.711119838750001,1461.66734028,1.4209920662624966,40,5.5555555555555571,30.555555555555557,1123.18080474
5862,3772.2222222222231,0.079115390279823269,0.26446686303387329,0.84209661266568481,13.8888888889,1.7616016022044287,4.0474531307222215,1500,1.3208883431493219,0,0,44.444444444444457,2236.2534750099999
774,3322.2222222222222,0.08795635451505017,0.39169489966555188,0.90730033444816061,0,1.3322907114800593,0,1500,1.9629913010792523,603.33333333300004,63.888888888888893,2.7777777777777786,282.39512463
17348,655.55555555555577,0.064935169491525419,0.19640805084745766,0.86788220338983046,0,0,5.4956431755000006,1500,1.1244168915426469,0,8.3333333333333339,50,2803.2740455100002
17262,2163.8888888888887,0.090834788189987165,0.24435738125802309,0.8594480102695764,8.3333333333300015,0,6.6350857161666683,582.52404430000001,0.9057885085687164,0,0,88.888888888888914,3000
18628,650,0.059688888888888889,0.29819316239316235,0.81527051282051288,0,1.4656691640690973,0,1500,1.2366848691405041,0,5.5555555555555571,2.7777777777777786,3000
1697,17563.888888888891,0.10537907638779059,0.2856218725288629,0.87793196267594498,5.5555555555599998,1.8513527849156264,7.4010566775833322,1500,1.9988842556074189,78.75,58.333333333333343,38.888888888888886,127.64959433999999
4790,44450,0.086657811523559558,0.23771084239470069,0.8586234908136483,16.666666666699999,0,10.940617083777775,454.39488267600001,1.9459703525415959,76.75,16.666666666666668,52.777777777777779,974.68381567999995
1706,9402.7777777777792,0.19054047267355986,0.38198661742983753,0.87320516986706054,0,0.9569193179268668,6.7606203554444457,937.29122882600007,1.7521968470552451,68,22.222222222222229,22.222222222222229,660.76364936000004
15231,1536.1111111111111,0.097917179023508161,0.28354358047016281,0.87640108499095848,11.1111111111,0,7.8196145502500016,1332.53165762,1.4520440731936837,0,11.111111111111114,25,1531.2688472499999
17960,6000,0.13908171296296296,0.44481629629629627,0.84663444444444436,5.5555555555599998,0,6.1974231861666684,1500,1.4817951716235649,319.5,22.222222222222229,155.55555555555554,2023.6884703999999
12394,26422.222222222223,0.11223784693019342,0.3815666631623213,0.87464634146341469,5.5555555555599998,0,16.110714722777779,1500,2.0157566244881187,105.8,272.22222222222223,80.555555555555557,496.71884696000001
1572,955.55555555555554,0.057783720930232561,0.15396424418604651,0.85731220930232555,2.7777777777799999,0,8.3436142265000033,1500,1.4750763110546947,0,0,16.666666666666668,1642.74603776
17422,988.88888888888903,0.18295898876404493,0.36522808988764049,0.8438292134831461,0,0,1.8054198218277784,1500,0,0,0,0,3000
6584,14955.555555555557,0.15312449851411589,0.27110425334323923,0.89045466196136713,5.5555555555599998,0,2.8747298242777783,806.41754750899997,1.7510120666851197,0,11.111111111111114,13.888888888888893,660.87423494999996
6558,39630.555555555562,0.12656638396299152,0.38875165066236772,0.87608378075278615,47.222222222200003,0.4158450180523996,9.728860221444446,323.75288916599999,1.7657125817865849,309.75,36.111111111111114,302.77777777777783,254.55730919000001
13502,18497.222222222223,0.1258491064724433,0.38547522150473051,0.85480456525003756,41.666666666700003,1.7942221712416395,5.7805246798333325,337.01045009900002,1.6874722229880068,108,44.444444444444457,161.11111111111111,2566.64781399
19656,2050,0.07654146341463415,0.1830252032520325,0.8187703252032521,2.7777777777799999,1.7452224123628408,4.9222339946388889,1500,0.84868555772641718,0,8.3333333333333339,33.333333333333336,3000
2914,1230.5555555555557,0.061730925507900672,0.14096297968397289,0.80813656884875851,0,0,6.0778347779444433,1500,0,0,0,2.7777777777777786,3000
17844,911.11111111111131,0.036487804878048778,0.23310121951219509,0.84852957317073174,2.7777777777799999,0.4487160669831321,7.3954879889444456,1500,1.5912841837478131,0,2.7777777777777786,0,3000
13444,2841.666666666667,0.1036208211143695,0.29716089931573803,0.82608074291300093,8.3333333333300015,0.900702218031597,1.9610489827166668,1500,1.7192587168046858,0,19.44444444444445,16.666666666666668,3000
3644,9722.2222222222244,0.12075899999999999,0.23018245714285715,0.91357028571428578,0,0.6574427332567907,0,348.08087137400003,1.7559010500724022,0,36.111111111111114,52.777777777777779,463.55518520999999
1019,63375,0.25347214990138067,0.52437428007889553,0.88662480824019285,2.7777777777799999,1.5053560500898897,9.3823521102222234,208.09863403400001,1.9180685447486812,108.833333333,288.88888888888891,75,262.03616572999999
10142,1475,0.060376271186440685,0.36103653483992471,0.84928851224105462,5.5555555555599998,0.38730490792469136,2.5224068342416666,1500,0.77062476806841285,0,11.111111111111114,22.222222222222229,2537.92205573
13390,31277.777777777785,0.15545334813499112,0.43016362344582593,0.87315595026642989,25,1.0301553953088658,12.197199199055555,177.415053274,1.8505034676469796,172.27272727299999,125,319.44444444444451,788.21140886000001
18634,52372.222222222234,0.13558050811498887,0.33127612177787208,0.87446246419857865,69.444444444399991,0,5.2841793178055569,496.16370936699997,2.0717803739557743,855,61.111111111111114,66.666666666666671,410.36110041000001
2383,255.5555555555556,0.15215978260869564,0.21583152173913045,0.82350326086956516,0,0,1.9762398977472224,1500,0,0,0,0,3000
16033,4986.1111111111122,0.097385181058495821,0.39779080779944292,0.85147186629526461,13.8888888889,0,4.2527135104166662,1500,1.8852672866726716,293.19999999999999,11.111111111111114,50,2133.8070532199999
8702,6752.7777777777783,0.07503994241053065,0.14820761003702182,0.8098820238584945,2.7777777777799999,0,12.938038288611114,1500,1.6317045308652791,47,8.3333333333333339,77.7777777777778,3000
7400,1919.4444444444448,0.092879015918958044,0.25291143270622285,0.88987452966714908,0,1.6695193253911258,2.4948282355638893,1500,1.0397207708399181,0,5.5555555555555571,19.44444444444445,3000
13835,1200,0.08297523148148149,0.21134421296296302,0.80446342592592601,0,0,10.159182841527779,1500,0,0,0,0,3000
13263,2533.333333333333,0.14710372807017544,0.26795175438596491,0.91158881578947359,2.7777777777799999,0.060504423031499825,4.8078905989444456,434.47272242999998,1.3208883431493219,0,0,8.3333333333333339,1251.7018386899999
17167,7591.6666666666679,0.12256414196853276,0.2429148554701793,0.85063025978777906,5.5555555555599998,0,3.6202054871111113,1500,1.4669071049122544,737,16.666666666666668,0,1402.20535086
14410,2416.666666666667,0.073104942528735631,0.22820965517241379,0.84667379310344826,2.7777777777799999,2.1679701781658447,9.6338541083611133,737.11877179300006,1.4451858789480825,0,13.888888888888893,38.888888888888886,613.86215843000002
18924,4752.7777777777774,0.074221917007597893,0.22775517241379309,0.86087960257159546,2.7777777777799999,1.7087105382884145,5.1142686363333354,1500,1.550023301562933,0,5.5555555555555571,88.888888888888914,2870.5442755700001
19577,1927.7777777777781,0.097522622478386167,0.2904985590778098,0.87176916426512963,0,0.35784747492095464,8.0984187239444463,1500,1.2394967485779316,300,5.5555555555555571,147.22222222222226,635.14518471999997
314,13927.777777777781,0.096627343438372565,0.31203436378141197,0.86370468687674518,5.5555555555599998,0.99708511660665555,11.973853626777778,1500,1.2594620020102774,84,30.555555555555557,188.88888888888889,1811.6012578499999
3342,1736.1111111111111,0.18011663999999999,0.24659935999999999,0.87220143999999999,0,1.6688692051546514,0.74217075050833325,1485.9231480599999,1.7870633997952414,0,0,13.888888888888893,814.13280626000005
2705,9897.2222222222244,0.14608804378332865,0.24541855178220603,0.87513163064833011,8.3333333333300015,1.7474367974495419,8.6171801647499997,939.95355519500004,1.887352350262208,454.16666666699996,86.111111111111128,58.333333333333343,1420.0997015
7305,19155.555555555558,0.1155348752900232,0.42415678654292333,0.86169437354988399,55.555555555600002,1.6922490420748642,2.8528293236666662,823.298756303,1.8495554736782065,396.83333333300004,36.111111111111114,27.777777777777786,805.77438103999998
19042,37202.777777777781,0.12319355633539909,0.23916116628089301,0.86321110281490332,27.777777777800001,2.0181236723737541,6.0600115806666688,507.22470184599996,1.8104389509013292,122.111111111,36.111111111111114,127.7777777777778,1368.01557389
10455,3994.4444444444453,0.059632823365785813,0.20654534075104311,0.83270257301808071,22.222222222199999,0,9.2938480961944432,1500,1.7754678523282399,0,13.888888888888893,69.444444444444471,3000
18962,2975,0.13652689075630253,0.36779271708683481,0.83709794584500463,8.3333333333300015,0,10.164577303722224,1500,2.0000852214906617,0,16.666666666666668,38.888888888888886,3000
2084,7350,0.11678136810279667,0.2490327286470144,0.8312119425547998,5.5555555555599998,0,5.5229247321111119,630.85354276300006,2.0031774308596848,250,52.777777777777779,16.666666666666668,3000
8277,60988.888888888898,0.13983080251411914,0.48219502641646927,0.87694654308617237,158.33333333299998,0.87659600583223318,7.5401229179722229,444.63220305499999,1.4792965845883532,631.58333333300004,150,737.77777777777806,247.63626515999999
3936,22452.777777777785,0.11381644191513053,0.34054813806754919,0.86081098602004202,13.8888888889,0.060582239916885675,17.443927692166667,320.93456339599999,1.8471898811562342,252,155.55555555555554,100,512.87573972999996
1176,64019.444444444453,0.12412256692845056,0.30105763439927108,0.87157721612357353,41.666666666700003,0,11.3338816855,329.06643144399999,1.8877920944754467,45.833333333299997,286.1111111111112,194.44444444444446,462.75005721999997
825,1936.1111111111115,0.087188809182209476,0.2482,0.87986972740315628,2.7777777777799999,1.6852183190656416,0.58905433087777781,1500,1.8563264711759011,90,13.888888888888893,86.111111111111128,1354.79555295
6058,20866.666666666668,0.081404459531416409,0.3280397763578275,0.83044973375931841,11.1111111111,0,0.83525876233888907,568.22354653399998,1.8238262981584477,62.333333333299997,16.666666666666668,19.44444444444445,3000
6480,20013.888888888891,0.090115031228313672,0.25444480222068011,0.8749636502428868,61.111111111099994,0.66658765828407807,6.0283044628611124,891.93556922800008,1.849593178751884,0,47.222222222222221,230.5555555555556,892.92576479000002
456,17405.555555555558,0.097181758697733794,0.21947990743696136,0.81856495371848059,2.7777777777799999,0,22.751646635944446,1500,1.9370101358237908,52.399999999999999,25,94.444444444444443,2022.7095208600001
7830,34419.444444444445,0.13562103139375353,0.29582449358405288,0.88045795335324017,30.555555555599998,0.48123507041241592,1.7600623557138892,380.728327734,2.004213504201688,89.681818181799997,102.7777777777778,302.77777777777783,1141.5666177099999
17648,4550,0.079135836385836392,0.3767178266178266,0.86802789987789986,0,0,7.2441261880833343,1500,1.4391741154213276,0,5.5555555555555571,30.555555555555557,2614.10924032
90,53466.666666666672,0.1845756961762261,0.43713139546965918,0.86579995324189529,25,1.6702162177034712,7.6857956088055559,400.76798530500002,2.021124792441177,141.80000000000001,216.66666666666669,294.44444444444451,744.59383814
7340,9155.5555555555547,0.10650279126213592,0.22797393810679609,0.83208091626213598,8.3333333333300015,1.7993918539817144,5.6688219104722224,1353.5325076199999,1.4892634875792599,338.66666666700002,75,208.33333333333331,3000
19008,43316.666666666672,0.11501179299730666,0.28090204565858662,0.87295740028215973,41.666666666700003,0.84485242787594927,3.9495011993055562,1126.11266763,1.924319632333277,72,30.555555555555557,102.7777777777778,1039.19354383
15287,3394.4444444444453,0.11392487725040915,0.27712495908346968,0.85866456628477905,13.8888888889,0,1.9772032382333331,1368.9002410000001,1.7041236816587455,216,8.3333333333333339,166.66666666666669,3000
13009,14177.777777777781,0.069223628526645778,0.27481816222570532,0.84928526645768032,22.222222222199999,0,14.310745707250002,1500,1.5910959076989175,70,22.222222222222229,166.66666666666669,1157.53161929
19419,8211.1111111111113,0.080979161028416777,0.36442090663058185,0.84839600811907989,13.8888888889,0.032844325772323268,0.96719451986944482,804.35989990199994,1.8170769389275148,0,13.888888888888893,94.444444444444443,2381.7285671599998
13894,5311.1111111111122,0.14151046025104602,0.28066542887029289,0.90522975941422601,8.3333333333300015,1.161188863334494,5.8198726836388897,992.80600326299998,1.4902305301189536,0,36.111111111111114,111.11111111111113,1083.97967993
17450,40013.888888888898,0.13617375216938565,0.49653222492190208,0.8661941409232905,77.777777777799997,1.0259276277414149,5.4986126781111118,682.49641174099997,1.9626380284513198,680.77777777800009,116.66666666666669,75,263.56687469999997
1093,366.66666666666674,0.06511666666666667,0.34904318181818184,0.87445530303030294,0,0,5.453873669388889,1500,0.86756322848146117,0,0,13.888888888888893,3000
15328,12788.888888888892,0.11877495655951345,0.22087152476107733,0.82308073414422234,2.7777777777799999,0,14.045386314194445,1500,1.9008191487117687,95.5,183.33333333333331,86.111111111111128,320.16195061000002
12867,7786.1111111111122,0.086381448448091327,0.34796179093828045,0.83005090973956475,11.1111111111,1.8340234536057789,5.1739408215277782,512.52931755099996,1.2475774019093806,64,16.666666666666668,75,637.46342232999996
1647,15072.222222222224,0.11740875414670104,0.3292807040176926,0.86198621452266866,16.666666666699999,0.49392751672503987,4.8040285436111114,1500,1.5224936640674758,95.625,94.444444444444443,158.33333333333334,1249.6815444700001
12221,28752.777777777785,0.11993358129649308,0.26823367790551639,0.87433790938073608,19.444444444400002,0,10.4131000475,745.35588713699997,1.8130206924580412,103.666666667,33.333333333333336,44.444444444444457,772.51945255999999
9823,2450,0.10662482993197278,0.40045362811791385,0.86380555555555549,11.1111111111,0,10.134142599444443,1500,1.5320062721496781,0,8.3333333333333339,152.7777777777778,1733.28056894
2877,4597.2222222222226,0.060408700906344412,0.17302906344410873,0.8360336555891239,13.8888888889,0,4.395069693111112,1500,1.544001559229629,0,2.7777777777777786,8.3333333333333339,3000
15876,1572.2222222222226,0.058333745583038873,0.16252226148409893,0.82610565371024736,0,0,1.9210880530111112,1500,0,0,2.7777777777777786,0,3000
15187,22588.888888888891,0.099766908509591731,0.30585678799803251,0.83639183472700451,25,0.96585462123765764,5.1730605499444433,1500,1.7665266111625555,83,47.222222222222221,61.111111111111114,1316.70754053
4123,61.111111111111114,0,0.070327272727272724,0.91447272727272721,0,0,1.5218328961388892,1266.5650420300001,0,0,0,2.7777777777777786,3000
16437,3652.7777777777778,0.074603574144486692,0.26115673003802281,0.87649163498098848,2.7777777777799999,1.0411500411480661,0,1230.97960012,1.4941751382893085,0,2.7777777777777786,27.777777777777786,2460.3786735399999
18266,1608.3333333333335,0.085732469775474954,0.20136476683937826,0.87998721934369606,0,0,3.1419528542222226,1500,1.1437083894262501,0,2.7777777777777786,19.44444444444445,3000
9069,27583.333333333336,0.13917694864048338,0.42768563947633431,0.86883914400805651,38.888888888899999,1.8896500510837648,8.3148730009722218,277.39244582999999,1.8368650858334117,245.55555555599997,27.777777777777786,116.66666666666669,798.48281333
17335,3069.4444444444453,0.065849864253393661,0.22208923076923079,0.85541176470588232,8.3333333333300015,1.8265324074437403,0,1500,1.1626998334975678,0,0,80.555555555555557,3000
9762,9308.3333333333339,0.085791644285287974,0.33182226201133991,0.86037096389137568,13.8888888889,0,6.9324876799166679,1500,1.5407370674616219,0,0,44.444444444444457,1991.03585673
15837,10627.777777777779,0.073708233141662305,0.24298758494511241,0.85112417668583373,5.5555555555599998,1.1035360838325663,6.0917614539166678,1500,1.2309770833358624,0,13.888888888888893,119.44444444444444,2092.4305028499998
8968,191.66666666666669,0.066320289855072462,0.11391014492753625,0.84356666666666669,0,0,2.5081424146416671,1500,0,0,2.7777777777777786,0,3000
19273,11150,0.079732411559541611,0.22624950174389635,0.85993507722969609,2.7777777777799999,0,11.12080352275,764.96564203499997,1.8755969064636331,0,27.777777777777786,52.777777777777779,3000
7673,3688.8888888888891,0.094947740963855401,0.30850150602409637,0.85701694277108442,27.777777777800001,0,11.805601530388891,1356.4918147999999,1.9066260340079044,0,19.44444444444445,150,1832.96611031
13951,9036.1111111111113,0.11978997848140177,0.28208041807562251,0.84373642791269587,5.5555555555599998,0,10.039399791611109,1500,1.7414374513769826,0,44.444444444444457,97.222222222222229,1213.08248024
9635,13747.222222222224,0.12911515457668216,0.45594425136391192,0.8663215801171954,50,0,7.9804363504722229,693.82324916699997,1.7883760519423308,60.600000000000001,66.666666666666671,219.44444444444446,796.98398020000002
6806,6508.3333333333339,0.16622138284250962,0.29499125053350411,0.86768604353393086,5.5555555555599998,0,6.7286090295555567,795.90340725399994,1.7410846762712504,0,16.666666666666668,127.7777777777778,754.55262074999996
1856,922.2222222222224,0.05508524096385542,0.3817816265060241,0.84673162650602407,2.7777777777799999,0,5.930346821194445,1500,1.1189600186289752,0,2.7777777777777786,27.777777777777786,2195.1378734999998
10107,1338.8888888888889,0.091642738589211598,0.17499045643153527,0.87417593360995849,8.3333333333300015,0,11.473484043861113,1500,1.0608569471580214,0,2.7777777777777786,19.44444444444445,3000
17672,30858.333333333336,0.12042174813214512,0.2559780538302277,0.90718498514717805,11.1111111111,0.042248740848367321,4.7496312679166666,68.584980934800001,1.7085319657394185,233,38.888888888888886,94.444444444444443,1088.0424742499999
1921,4133.3333333333339,0.074140658602150536,0.22137466397849465,0.86062526881720436,8.3333333333300015,0,2.5468962935166668,1500,1.4455321651015138,0,75,41.666666666666671,3000
10216,3219.4444444444453,0.076212855910267469,0.22246117342536667,0.85696911130284736,0,0,9.9897506921111088,1500,1.3592367006650063,0,16.666666666666668,47.222222222222221,3000
5002,12033.333333333336,0.16881110341643585,0.34254990766389659,0.90052084487534634,27.777777777800001,0.31571895531094141,6.1047292154444452,504.69506415400002,1.8860817624206281,0,44.444444444444457,191.66666666666669,354.92454554
170,13550,0.13722166871668715,0.37167242722427213,0.86551346863468626,5.5555555555599998,0,13.228789560083337,1083.0162167399999,1.8467819981525784,157,38.888888888888886,263.88888888888891,587.97853184999997
11818,7691.6666666666679,0.095538497652582169,0.24013961719032145,0.8668886240520044,30.555555555599998,0,5.0812149460555567,1500,1.8510982283203039,0,11.111111111111114,133.33333333333334,2452.4207128600001
1135,5413.8888888888896,0.085684299640841469,0.25608978963571066,0.86373335043612109,13.8888888889,0,11.514293881527779,1500,1.7432033703968126,0,2.7777777777777786,111.11111111111113,1427.1738561300001
3387,922.2222222222224,0.11176084337349396,0.36431626506024095,0.86047259036144574,0,0.68876833811528193,2.8436761482222228,717.23637235699994,0.79631164017381295,0,11.111111111111114,47.222222222222221,1012.87114403
7648,25180.555555555562,0.10985784886927744,0.25833736348593489,0.86932300055157197,16.666666666699999,0,11.461356374111114,460.18307142399999,1.962730434181708,70.444444444399991,44.444444444444457,227.77777777777786,888.73315812999999
3265,919.44444444444457,0.060174924471299102,0.12004984894259818,0.86143172205438057,2.7777777777799999,0,1.5130535400722225,1500,1.4270610433807247,0,0,8.3333333333333339,3000
14370,733.33333333333348,0.053803409090909089,0.44692613636363637,0.77608068181818179,0,1.2476526055764514,0.89317220217500015,1305.5773782799999,0,0,0,5.5555555555555571,1185.90379583
12388,4566.666666666667,0.081050851581508529,0.19642019464720195,0.86536788321167879,2.7777777777799999,0,4.7641364546388898,1500,1.5999714209268676,0,0,63.888888888888893,1083.9915763500001
16631,6363.8888888888905,0.079808293321693591,0.18003697075512876,0.87610013094718464,13.8888888889,1.7023573802366812,2.2591519743083337,863.22568337199993,1.6153294916925856,0,13.888888888888893,50,973.0399271
19963,9030.5555555555547,0.073909104890802838,0.29238812673023684,0.84238154414026445,11.1111111111,1.3174538307385186,6.0925233232777778,1500,1.1563745537147716,0,2.7777777777777786,11.111111111111114,2144.4879210700001
2366,1011.1111111111113,0.096292582417582401,0.28750302197802202,0.86091373626373624,0,0,0,1022.6589725600001,1.2945451658448961,0,8.3333333333333339,58.333333333333343,1684.5127349300001
2309,7741.6666666666679,0.078112414782920706,0.26631819160387515,0.85463222102619307,11.1111111111,1.2600536531658957,7.5230538438333321,1500,1.7000986142474368,0,30.555555555555557,52.777777777777779,3000
5190,33005.555555555562,0.14809614543006228,0.42449364585086691,0.87567396061269143,13.8888888889,1.7615893161094434,3.3954090684166669,527.079450984,1.9554970977350656,122.2,144.44444444444446,122.22222222222223,523.10009031000004
15690,36.111111111111114,0,0.41021538461538459,0.87692307692307692,16.714725015699994,0,3.4536869173888887,1500,0.23379165870645929,0,0,63.888888888888893,2518.3400764899998
9399,4605.5555555555557,0.23013305186972255,0.33409203860072378,0.88104089264173702,0,1.6681844236499679,4.4636015666944457,854.14633475899996,1.2034398583324188,0,36.111111111111114,16.666666666666668,1587.49551791
8705,29300,0.19084318354190369,0.49605145999241562,0.87822760712931358,13.8888888889,1.1774902751777043,18.598598346305558,512.57595505300003,1.9975576684815095,250.125,138.88888888888891,200,940.90882753000005
11185,17038.888888888891,0.086576312357352456,0.19699219106618848,0.83462127486142812,94.444444444400006,0,16.046175571833338,1500,1.6878749102762762,58.5,36.111111111111114,152.7777777777778,725.57661651000001
945,3313.8888888888891,0.063658172673931257,0.22718155909471921,0.81909564124056999,2.7777777777799999,0,9.5430210225833338,1500,1.0547209169068124,0,5.5555555555555571,25,1889.4180105299999
20279,6791.6666666666679,0.088340613496932507,0.21728167689161554,0.82908809815950923,0,0,13.419740658138888,1500,1.6070874950232406,941.60000000000002,19.44444444444445,22.222222222222229,3000
16898,3441.666666666667,0.071544390637610977,0.28354406779661018,0.84492873284907188,5.5555555555599998,1.6857363019696396,4.6140146786666669,1500,1.5210166692427518,0,2.7777777777777786,88.888888888888914,2867.77236928
20261,49758.333333333343,0.20147951766873221,0.48323936247418081,0.87421344833361248,44.444444444399998,1.2337736821441208,12.425030340472224,87.447626145699999,1.9459700809096407,466.20833333300004,366.66666666666674,519.44444444444446,438.00192893000002
16356,13916.666666666668,0.13063692614770461,0.29128449101796405,0.90118315369261481,19.444444444400002,0.20437128132092336,1.5466883807055556,143.177195047,1.8663871521472832,291,75,172.22222222222226,468.98822272000001
5989,27697.222222222223,0.12244973422926488,0.20542606559021159,0.83196934108915865,11.1111111111,1.1491111094858817,4.5504901890833338,1289.1667017899999,1.2416637671371231,0,25,44.444444444444457,1041.6353595200001
6073,1888.8888888888889,0.037020294117647061,0.16646294117647059,0.87787191176470591,0,2.0548309232023798,4.1960515104722234,1500,0,0,8.3333333333333339,8.3333333333333339,3000
8685,6038.8888888888905,0.093632106715731356,0.29232240110395585,0.85014305427782888,11.1111111111,1.0166233787236409,10.716370153250001,1500,1.6306251772725429,40,2.7777777777777786,58.333333333333343,605.97282957000004
20481,366.66666666666674,0.055509848484848488,0.18716742424242425,0.87956060606060593,0,0,7.8642115888611128,1500,1.5193826646423012,0,0,8.3333333333333339,3000
19098,5036.1111111111122,0.1153204081632653,0.39838996138996136,0.85684842801985661,13.8888888889,0.40247084377598097,1.6359190264833334,604.72495078400004,1.5368366226227177,50,8.3333333333333339,216.66666666666669,629.55035224999995
1077,1863.8888888888889,0.079708345752608045,0.16679791356184803,0.8473178837555887,0,0.29484888244007601,9.4362339389999992,1500,1.5999714209268676,0,2.7777777777777786,13.888888888888893,3000
19984,33177.777777777781,0.17820298057602146,0.34241248325519091,0.82413914936369725,16.666666666699999,1.8708553025787749,2.1489497637833339,1258.67083035,1.6602088911558868,114.5,69.444444444444471,44.444444444444457,1554.84965066
16285,2727.7777777777778,0.14084134419551933,0.44993289205702652,0.88048686354378825,0,2.2231190558285823,3.8203513596666672,829.20534258399994,1.0571375895278774,675.42857142900004,11.111111111111114,44.444444444444457,506.33447784999998
4208,5286.1111111111122,0.10238870204939569,0.29152995270625331,0.86309337887545978,30.555555555599998,0,19.384538822333337,1379.24298864,1.6192743741969049,46,8.3333333333333339,308.33333333333337,1397.24560888
2726,18338.888888888891,0.1522711905483187,0.36001260224174492,0.8713980460466525,19.444444444400002,0.31512249693777772,4.0977905391666667,437.40174364199999,1.6336561820422897,83,122.22222222222223,233.33333333333331,578.24209342999995
10711,64500,0.10254531438415157,0.26197426356589149,0.87822249784668394,97.222222222199989,0.94721271734737456,3.5973463737500002,575.51048008400005,1.8139291695050608,71,58.333333333333343,33.333333333333336,550.24060614999996
8837,5113.8888888888896,0.087394948397610001,0.2086423682781097,0.84590575774035848,5.5555555555599998,1.5030703673120247,3.4499767918055566,1500,1.8665144250938681,211.80000000000001,30.555555555555557,94.444444444444443,3000
16494,6186.1111111111122,0.10877916479568928,0.2742986977997306,0.85016973506960036,0,1.6983923816745552,3.9614209550555564,1500,1.873715943640154,0,19.44444444444445,36.111111111111114,3000
999,32455.555555555562,0.14207070352618967,0.4363552721670661,0.87434881033892509,27.777777777800001,0.15906443880563648,10.693563631166668,978.06509499999993,1.7231471772826819,140.72727272700001,247.22222222222226,202.77777777777783,201.05476826
185,28058.333333333336,0.1900094545094545,0.52565290565290568,0.88529184239184233,33.333333333300004,0.83868204445675754,10.251785716583331,439.41543745300004,2.0545380055418336,242.16666666700002,166.66666666666669,216.66666666666669,226.33886332
931,16633.333333333336,0.10500484301937207,0.24687997661990649,0.86485684702738819,11.1111111111,0,7.0879682945833338,1500,1.8786879490716053,532.25,11.111111111111114,72.222222222222229,2126.5021456899999
19842,7983.3333333333339,0.081614265831593605,0.21914565066109956,0.8346592553931802,5.5555555555599998,1.9420296091106184,7.9123756340833342,1500,1.6262641745095678,315.33333333299998,2.7777777777777786,52.777777777777779,2007.6812537000001
18854,6663.8888888888905,0.13162046686119214,0.23684335139641521,0.84439132972071707,2.7777777777799999,0,1.4099237737777781,1500,1.4708084763221114,0,11.111111111111114,2.7777777777777786,3000
17757,20391.666666666668,0.20179959133633019,0.42087755074240568,0.87674556599918263,16.666666666699999,0.20781839031218893,4.167197266444445,798.85733524800003,1.8797535047541007,447.33333333300004,55.555555555555571,138.88888888888891,464.72526877000001
17955,6316.6666666666679,0.14652902374670185,0.3437918645558487,0.88701578715919094,5.5555555555599998,1.3070395373491803,4.1624228902777789,502.31009763899999,1.7262806584918369,0,33.333333333333336,208.33333333333331,765.95807066999998
17619,39297.222222222234,0.16658232840884993,0.24248945359440169,0.87676344101222869,8.3333333333300015,0.93403343258425642,7.7902609921111106,335.92257445000001,1.5651743967587126,0,77.7777777777778,13.888888888888893,2709.71664126
6097,5138.8888888888896,0.091475945945945963,0.30978589189189187,0.84272545945945943,0,1.630734017532498,1.935642366977778,1500,1.4786258764929634,0,0,8.3333333333333339,1992.99606629
16357,6627.7777777777783,0.1553327745180218,0.42660121542330259,0.86823968985750211,33.333333333300004,1.6741413967300149,3.3863335143888884,776.45916501199997,1.6905327155263352,0,8.3333333333333339,25,1844.2124538800001
13468,43288.888888888898,0.13169563013347024,0.38782322253593432,0.86391192248459958,61.111111111099994,0.53092761821774603,0,508.14544883800005,1.9999344257289555,100,55.555555555555571,77.7777777777778,1237.95498161
14322,927.77777777777806,0.080236526946107778,0.28743413173652688,0.8714248502994012,11.1111111111,0,7.6597921178333355,1500,0.95569989111253439,0,2.7777777777777786,38.888888888888886,1733.9731350100001
11552,297.22222222222223,0.088579439252336453,0.32055514018691589,0.72958598130841124,0,0,2.3786174426555564,1500,0,0,0,0,3000
1911,27250,0.10779922528032621,0.23776771661569826,0.84639417940876649,44.444444444399998,1.4698918664447214,12.582949949138891,627.27755929499995,1.8145746793051143,116.5,100,86.111111111111128,1293.23656342
9655,27811.111111111117,0.12515392528965241,0.32791188573711549,0.84599421693967247,19.444444444400002,1.7228179898594302,6.460700955638889,1500,1.7416419757098105,247.5,91.666666666666686,113.88888888888893,1709.7018165300001
3236,8202.7777777777792,0.10728540467321368,0.28731063325431772,0.8555646461225872,16.666666666699999,0,0,963.47844799100005,1.6234207833640604,400,8.3333333333333339,466.66666666666674,661.52943172000005
1090,1094.4444444444446,0.10189492385786802,0.31323502538071063,0.88177005076142123,0,2.2006839700478293,5.2873543540277783,542.50839151599996,0.69314718055994529,0,5.5555555555555571,61.111111111111114,2913.5728811200001
4333,4275,0.07718187134502924,0.26578700454840803,0.84922742040285903,0,0.96574345381731641,3.6261128566666669,1500,1.9723266390905936,0,16.666666666666668,5.5555555555555571,3000
8707,9638.8888888888905,0.091205417867435162,0.1827401729106628,0.84033645533141221,8.3333333333300015,0,13.557594639916667,1500,1.7952741779107779,74.666666666699996,30.555555555555557,2.7777777777777786,1136.66455505
5859,23602.777777777785,0.10657049546898906,0.27992094857008354,0.89701629987054254,16.666666666699999,0.19582665283483011,1.8343683702833331,254.87198278700001,1.6407371261419068,0,22.222222222222229,88.888888888888914,1258.94822761
5580,14933.333333333336,0.070210621279761895,0.17518960193452382,0.83916166294642858,25,0,19.440561373416671,1500,1.7007724386851819,0,25,150,490.67504939999998
19204,1783.3333333333335,0.050564485981308416,0.1778461059190031,0.8504018691588785,0,0,8.4694996632499997,1500,0.6829081047004717,0,5.5555555555555571,11.111111111111114,1528.5136164400001
7123,34333.333333333336,0.11561224110032366,0.3665533252427185,0.84750305825242722,25,0.52024146814525618,18.032174487083331,1500,1.7887618012932911,534.85294117599994,116.66666666666669,166.66666666666669,640.33898655999997
16363,9288.8888888888905,0.091255412679425843,0.29165870215310996,0.85957099282296656,2.7777777777799999,0,1.7355176785416666,438.75966415900001,1.714421279538733,0,5.5555555555555571,22.222222222222229,1166.83560192
18884,36580.555555555562,0.11275494722454248,0.42513809704609312,0.86015821246867652,55.555555555600002,0.60966121786445959,3.3952327967222233,458.77822131199997,1.8341439146999876,477.39999999999998,55.555555555555571,519.44444444444446,496.39586324999999
2274,1061.1111111111113,0.098050785340314126,0.36355654450261782,0.88724240837696333,2.7777777777799999,0.30315218814789657,0,916.21644211199998,1.8152507356487029,314.33333333299998,38.888888888888886,0,334.50408139000001
18549,827.77777777777771,0.054126510067114095,0.16578087248322149,0.84335100671140939,0,0,3.4438974346388886,1500,0,0,0,5.5555555555555571,3000
12630,1511.1111111111111,0.10625863970588234,0.34074044117647057,0.82010386029411764,0,1.7280075509833743,2.5479341533972222,1447.2006139699999,1.6849243827207228,51,2.7777777777777786,5.5555555555555571,1800.01800796
3800,3411.1111111111113,0.13127817589576546,0.34803705211726382,0.89380944625407166,8.3333333333300015,2.2632362388055851,2.12588334925,357.51490365300003,1.7321259814902656,0,5.5555555555555571,155.55555555555554,3000
12386,15130.555555555557,0.15293431246557734,0.29743860840829817,0.90086895538828715,5.5555555555599998,1.5886528812573155,2.7076482187083339,379.72103163400004,1.7772978703338804,0,27.777777777777786,94.444444444444443,1136.4357323199999
2569,2286.1111111111113,0.071039368165249098,0.29574264884568652,0.86226913730255172,5.5555555555599998,1.3720233543322295,7.0099528681111121,282.42330101099998,1.2130075659799042,0,2.7777777777777786,33.333333333333336,1974.9061689099999
487,7275,0.1179332187857961,0.34457773959526539,0.8698298587247042,2.7777777777799999,0.92176239399083604,6.6658342487777773,789.37967779799999,1.6313454208085969,0,5.5555555555555571,5.5555555555555571,1595.59536923
1766,21822.222222222223,0.12742062118126274,0.30402631109979633,0.89033503054989815,25,0.53581806188713965,4.0902022190555565,627.104832343,1.8477984990860024,110.59999999999999,69.444444444444471,366.66666666666674,1417.35539376
11166,338.88888888888891,0.1003172131147541,0.36652295081967212,0.80016721311475414,0,0,3.932364200666667,1500,0,0,0,0,3000
15050,18530.555555555558,0.097445885174636496,0.28369013641133273,0.84077030430220356,16.666666666699999,0,0,1500,1.7373064465447408,0,8.3333333333333339,125,1561.4276744000001
12794,683.33333333333337,0.10761219512195122,0.30059024390243905,0.81231707317073176,0,0,1.7241411230361114,1500,0,0,0,2.7777777777777786,3000
7232,30161.111111111117,0.15580634555166695,0.49613178301713018,0.86576933136857614,58.333333333299997,0,12.281931672166667,517.05786086199998,2.1236201151992611,448.26086956500001,147.22222222222226,555.55555555555577,407.10099458000002
16299,3388.8888888888891,0.061535491803278684,0.22449950819672126,0.85501819672131152,0,1.9405839469912165,0.69043235096388911,1500,0.98909386518210263,1111,5.5555555555555571,55.555555555555571,3000
11994,1194.4444444444443,0.06994790697674419,0.32952302325581395,0.79048209302325589,2.7777777777799999,0,8.3064948326111114,1500,1.3055446784247464,0,5.5555555555555571,0,3000
11348,14544.444444444449,0.077565718105423981,0.19885137509549275,0.85154169213139808,2.7777777777799999,0.47339496607524451,6.7953441016944431,1500,1.4023977580795297,495,8.3333333333333339,19.44444444444445,3000
20450,2425,0.19033081328751436,0.27106048109965641,0.88222863688430697,2.7777777777799999,0.4589386504206498,2.9481482829722228,472.67012002800004,1.6900923508551438,0,25,19.44444444444445,1229.8515954500001
19191,3525,0.081316469661150512,0.28921851851851849,0.82214948778565811,2.7777777777799999,0,0,683.05149148500004,0.56233514461880829,0,0,2.7777777777777786,3000
2550,25566.666666666672,0.16047888961321166,0.2415628096479791,0.88894486093003044,8.3341285112199994,0,7.3766333217222222,442.96976148499999,1.6420043234371895,134,97.222222222222229,61.111111111111114,1607.1363702900001
20547,33313.888888888898,0.17324034019844911,0.46502678228966898,0.88296331193196043,13.8888888889,1.669045791092993,5.4272013383055571,696.67671430100006,1.7353447235227042,653.66666666699996,72.222222222222229,55.555555555555571,1610.38802876
8457,49797.222222222234,0.13382341161376693,0.33918771127349812,0.90791713058515078,38.888888888899999,0.42554320768541498,10.264463734361113,220.00362243400002,2.0018806869507548,113.59999999999999,125,222.22222222222226,288.15300096999999
18320,3438.8888888888891,0.092956058158319879,0.22170557350565429,0.85672883683360257,5.5555555555599998,0,13.517509860388891,1500,1.3917397695183338,0,5.5555555555555571,36.111111111111114,3000
7281,33.333333333333336,0,0.29166666666666669,0.91666666666666663,20.717468525600001,0,1.6876556791416668,1355.9269886,1.2741179582831941,0,0,47.222222222222221,987.52850363000005
14305,5050,0.076850935093509348,0.18833861386138612,0.84755363036303633,11.1111111111,0,7.6179715064444462,1210.61341384,1.7695347691096426,533.16666666699996,8.3333333333333339,44.444444444444457,3000
16242,44397.222222222234,0.16355132328098607,0.37007596195958209,0.87466879184133139,27.777777777800001,0.94512819344760834,8.7140122066666663,167.907497148,1.8314264631715935,166.804347826,305.5555555555556,544.44444444444446,103.01482427000001
11976,5655.5555555555557,0.088198870333988211,0.28184926326129672,0.81565358546168953,0,1.6760078665728588,13.544847749305555,131.67249625600002,1.8162200356756231,0,16.666666666666668,16.666666666666668,852.89947339999992
1463,3055.5555555555561,0.079169272727272727,0.35439472727272731,0.85242445454545457,5.5555555555599998,0,10.585856254333336,601.21394246800003,1.0937704472491421,0,8.3333333333333339,33.333333333333336,824.70456649000005
18903,141.66666666666669,0.039227450980392153,0.38789411764705878,0.81742549019607835,0,0,0,1500,0,0,0,0,3000
11694,3075,0.066949322493224925,0.35716043360433603,0.84497931345980126,11.1111111111,0.59428054578089806,5.0089282387222234,256.67991998900004,0.80181855254333723,0,13.888888888888893,22.222222222222229,1235.49218329
19243,4522.2222222222226,0.095633538083538069,0.28210884520884522,0.85749355036855035,47.222222222200003,1.4992057259811862,6.0410070456111118,1500,1.5876406798536524,50.600000000000001,30.555555555555557,358.33333333333337,3000
11019,5616.6666666666679,0.13113170128585558,0.21034441147378832,0.85634070227497527,0,0,5.3115386899166666,648.32613801699995,1.8734517375545652,0,22.222222222222229,5.5555555555555571,1017.15658294
6849,69.444444444444471,0.12,0.35999999999999999,0.93333999999999995,0,0.4549957540419774,0,1500,0.69314718055994529,0,2.7777777777777786,11.111111111111114,3000
15724,18177.777777777781,0.086752842298288502,0.25174999999999997,0.86294072432762836,41.666666666700003,0,16.404567420861113,1500,1.7584165110048968,71.599999999999994,25,247.22222222222226,1285.83528907
1332,13133.333333333336,0.15625158629441627,0.35037189086294412,0.8595824873096447,5.5555555555599998,0.75730988269132493,1.2489179956138892,1500,1.602120506484864,115,16.666666666666668,102.7777777777778,478.63396757999999
18713,25852.777777777785,0.15557285913828303,0.27557179542280008,0.84517761899645427,2.7777777777799999,1.3131466799937332,9.2580118558888866,584.22054066300007,1.9033326147072371,98.666666666699996,25,8.3333333333333339,366.36909657000001
15091,2830.5555555555561,0.098463002944062794,0.23604700686947991,0.81220922473012758,2.7777777777799999,0,7.8682190436944435,1500,1.6035681031705156,0,0,11.111111111111114,3000
6396,280.5555555555556,0.091277227722772275,0.14024257425742576,0.9033306930693068,0,0,6.4604241070833339,1500,0,0,0,0,1623.85940837
3316,244.44444444444446,0.028068181818181825,0.20844318181818181,0.90238409090909089,0,2.3833115325624363,1.6752556729972223,1500,0,0,0,13.888888888888893,3000
5019,22802.777777777785,0.12423349981727372,0.33567739066877816,0.83401398465099275,2.7777777777799999,1.5664636590962686,2.3376351775277784,866.65538292899998,1.7068460423379359,0,50,13.888888888888893,2160.2191572400002
964,2016.666666666667,0.07977341597796142,0.3686063360881543,0.89577300275482086,2.7777777777799999,0.16044316339090162,0.71515590178888899,1500,1.7233733142855276,0,0,11.111111111111114,547.81410418999997
17148,652.77777777777783,0.041367659574468078,0.28472553191489364,0.87387957446808517,0,0,7.1200343379722222,1500,0,0,0,5.5555555555555571,3000
9605,14861.111111111111,0.14810396261682246,0.45562433644859812,0.90433839252336445,11.1111111111,0,4.9903632054722218,949.04950205,1.9416395709707344,0,61.111111111111114,16.666666666666668,966.18839335999996
8364,28322.222222222223,0.11151348568065909,0.3480746174970577,0.84013730874852888,5.5555555555599998,0.093961613870554003,16.5600509175,1500,1.9231112880826404,415,133.33333333333334,58.333333333333343,478.54996233000003
12111,15713.888888888892,0.12774997348417888,0.34962541983383416,0.84887260031818979,13.8888888889,0.38428922685492162,3.6547699836388894,681.75738156699992,1.9057036438930459,0,44.444444444444457,166.66666666666669,1699.6867709400001
2216,3669.4444444444453,0.099911203633610876,0.22394776684330051,0.83626563209689619,2.7777777777799999,1.7188558776928062,2.9530899160000006,1500,1.1324163280102886,240,0,38.888888888888886,3000
5328,272.22222222222223,0.086752040816326523,0.30258979591836738,0.7659295918367347,0,0,3.3642595837222227,1500,0,0,2.7777777777777786,0,3000
11077,7227.7777777777783,0.093502382782475024,0.24736468101460415,0.86837083013066874,8.3333333333300015,0,0,1439.5487445700001,1.8867405466706464,0,0,30.555555555555557,1856.0136899500001
632,17183.333333333336,0.1655573714839961,0.35211369220821209,0.88091456514710631,5.5555555555599998,1.4410242597265237,8.8275570809166677,1500,1.7415181915915543,96,258.33333333333337,77.7777777777778,42.242706130000002
13435,11419.444444444443,0.11069523230357578,0.42923254682558987,0.86172673315495008,22.222222222199999,0.19317536096020974,9.8006168705277776,1500,1.9329797133359048,0,111.11111111111113,177.77777777777783,1513.2702906300001
15327,37661.111111111117,0.14840163003392831,0.42085472783596395,0.87199336922849979,22.222222222199999,0.55337670859117649,7.7633913351111126,350.41440022500001,1.9622852799211588,83,258.33333333333337,247.22222222222226,487.57834972000001
1340,27325,0.25126263088339945,0.47638418216936063,0.89142089051540108,0,1.6095549175817121,9.6971868870000009,394.411232332,1.9353450867860171,370.16666666699996,161.11111111111111,327.77777777777783,111.95625844
16980,1013.888888888889,0.066452328767123287,0.37366849315068495,0.84841424657534248,13.8888888889,0,9.7533224436666686,1500,1.0651915729410415,0,2.7777777777777786,202.77777777777783,2008.32188238
20005,7538.8888888888905,0.15803183492999262,0.23568655121591744,0.85761366985998533,13.8888888889,0,8.5355654845555584,524.87111455800004,2.0235829095014872,0,52.777777777777779,22.222222222222229,420.9172504
20246,1202.7777777777781,0.1056607390300231,0.33590461893764434,0.86325173210161665,0,0.22865779822781065,0,1500,1.3862943611198906,0,0,19.44444444444445,2708.0950935699998
14641,6908.3333333333339,0.085919340570969019,0.26133176517893042,0.88300574989947733,16.666666666699999,0.06807136950985479,5.4626371774166671,504.69496131900002,1.3185155160076507,40,2.7777777777777786,94.444444444444443,2035.13627597
18689,13575,0.053598608553304686,0.15124407612031926,0.85149625537139351,2.7844141488400003,0,15.224645895916668,1500,1.5574745675432906,0,5.5555555555555571,30.555555555555557,3000
14073,1755.5555555555561,0.07477120253164557,0.19840522151898732,0.8101367088607595,2.7777777777799999,1.7072381246161583,4.0828241176111115,1500,1.4871135884612563,0,0,33.333333333333336,2064.93535152
18037,7830.5555555555566,0.090984604469670077,0.2314973040085137,0.84061184817311108,5.5555555555599998,0.79833368879523436,0.3288278624333334,1346.21626199,1.2940621811552566,363,13.888888888888893,61.111111111111114,823.51002065
271,4808.3333333333339,0.075610629693818598,0.27687365684575388,0.86636262276140963,0,0.094370475890040231,5.7547791289444445,935.30558100300004,0.69314718055994529,0,0,2.7777777777777786,3000
283,3269.4444444444453,0.085425148683092603,0.31372710280373833,0.83455378079864062,13.8888888889,0,12.24966817927778,1500,1.7852324145727865,0,11.111111111111114,2.7777777777777786,3000
4308,4138.8888888888896,0.072857248322147669,0.18927630872483225,0.83358691275167784,5.5555555555599998,1.6839807341158051,0.97160720566388903,1500,0.97431475286934943,0,2.7777777777777786,22.222222222222229,1616.1254684
1966,275,0.056284848484848479,0.37121414141414139,0.90175151515151519,0,1.6756070434795434,0,1500,0,0,0,5.5555555555555571,3000
5724,17802.777777777781,0.086836011858324236,0.32957515993134651,0.84441836479950072,11.1111111111,1.6817531589392585,2.2103312523833338,1451.1148591399999,1.5408354425814124,0,22.222222222222229,58.333333333333343,1534.0883435999999
2599,4438.8888888888896,0.098476846057571968,0.32257659574468084,0.87404968710888609,2.7777777777799999,0,11.664935579416669,1500,1.7924051871485194,180,8.3333333333333339,16.666666666666668,3000
14461,2013.8888888888889,0.078414206896551722,0.23612413793103451,0.8156023448275862,0,0,4.8932761979444459,1500,1.1490596969706202,0,0,13.888888888888893,3000
20382,14686.111111111111,0.14228800832230001,0.24882439947039911,0.83977531681482886,8.3333333333300015,0.39388237871368681,10.423169464166667,681.131854277,1.6856565122199878,625.85714285699999,50,113.88888888888893,1222.8409494699999
17257,18575,0.081905622850306559,0.32140272169881856,0.85395525646777326,19.444444444400002,1.2697397756237463,12.009309290138891,1407.3291326200001,1.9559484702357668,58.193548387100002,83.333333333333343,133.33333333333334,485.16587721000002
14504,9008.3333333333339,0.07984788775824854,0.28937671908726492,0.87167745914276906,50,0,8.4289893355277776,1353.2462483199999,1.8434196252693769,44,2.7777777777777786,288.88888888888891,601.34546235000005
356,9069.4444444444453,0.12190937212863705,0.23504147013782545,0.84574499234303213,16.666666666699999,1.6672137719129674,4.4207210583888887,122.438883635,1.5377814466815247,292.60000000000002,52.777777777777779,200,1131.59460442
10604,327.77777777777783,0.1076915254237288,0.54418644067796607,0.89467796610169492,0,0,2.9057421500555565,1500,0,0,0,0,1918.40041013
19737,16922.222222222223,0.10610157583716349,0.25464857189757056,0.90392499999999998,38.888888888899999,0.27739990432787065,3.2360779301666667,736.89086611200003,1.7399040188326294,101,86.111111111111128,188.88888888888889,310.16282616000001
20764,10286.111111111111,0.084432244126384032,0.28626062651903866,0.84100480691331359,0,0,5.0913062895555568,1145.4584757800001,1.1209503926735831,36,11.111111111111114,8.3333333333333339,1771.6898488700001
11744,8347.2222222222244,0.089416572379367731,0.23624282861896839,0.85976705490848582,11.1111111111,0.65809151270774768,3.8597631509166668,1500,1.6678876278649559,0,8.3333333333333339,19.44444444444445,1534.1293649700001
2846,14147.222222222224,0.094017632043981919,0.26729124288238759,0.86852776359709416,13.8888888889,1.5910250034667668,6.9614957632222225,807.87401016199999,1.8045583118646384,0,2.7777777777777786,163.88888888888891,496.78087420999998
19839,12469.444444444443,0.16295299621296502,0.4409337268879483,0.8569864112274449,19.444444444400002,0.6148247102976494,9.7066780927222247,837.96477594899989,1.7797140347578702,79,5.5555555555555571,175,2004.8831928499999
12143,402.77777777777777,0.12290206896551722,0.33771310344827588,0.87756000000000001,0,1.7495699799590716,4.0647922456666672,338.67838601200003,1.0397207708399181,0,0,16.666666666666668,3000
16541,9627.7777777777792,0.095440594345066368,0.2950710617426428,0.8453344489324871,13.8888888889,0,7.3105231787777774,610.32679448600004,1.7160468554519279,0,33.333333333333336,111.11111111111113,1818.1738414199999
10060,958.33333333333348,0.076151014492753619,0.16917478260869565,0.8175707246376811,0,1.3494478762852946,3.1528443524166674,1500,0,0,0,5.5555555555555571,3000
16644,8886.1111111111113,0.094691184745232873,0.31298040012503908,0.85836942794623317,16.666666666699999,0,5.5834872068055565,729.50409445100001,1.6199500956091992,0,5.5555555555555571,105.55555555555556,3000
1826,4672.2222222222226,0.077030261593341254,0.28078953626634962,0.85314690844233054,8.3333333333300015,1.7423618301604276,6.7885575740277782,1500,1.7395464803475695,0,5.5555555555555571,33.333333333333336,3000
8384,1316.6666666666667,0.085435232067510539,0.25388354430379745,0.80758628691983125,0,1.6898355681856096,0,1500,0.99113889661309396,0,0,0,3000
17775,313.88888888888891,0.044651327433628318,0.10394513274336284,0.91598938053097356,2.7777777777799999,0,0.37606725380277789,861.68155482300006,1.6094379124341005,0,11.111111111111114,5.5555555555555571,3000
8827,13177.777777777781,0.10483693086003372,0.36943501264755479,0.83819359190556497,25,1.0489814789824914,5.6035211243055567,1033.3244710900001,1.9241158241154075,0,22.222222222222229,58.333333333333343,938.22980913000004
18299,686.1111111111112,0.055336032388663962,0.16060971659919029,0.81755870445344136,0,0,9.5746838214722256,1500,0,0,2.7777777777777786,8.3333333333333339,3000
7440,9877.7777777777792,0.15055326209223846,0.48400545556805402,0.86142663104611916,11.1111111111,0,0.1001428857311111,845.50336886800005,1.5872338528461667,138,38.888888888888886,33.333333333333336,920.39886431000002
14660,1336.1111111111113,0.063531392931392927,0.23971039501039498,0.89135779625779632,0,0,2.5150711832388888,1500,1.1269287948006761,0,5.5555555555555571,22.222222222222229,3000
14161,7897.2222222222217,0.058503833978192053,0.15405631375307774,0.8448812170242701,5.5555555555599998,0,15.033380744777777,1500,1.9982627039565108,71,13.888888888888893,69.444444444444471,3000
5423,10908.333333333334,0.074843621084797557,0.27538749681690849,0.8440721161191751,2.7777777777799999,0,8.4980517586388906,1500,2.0147652219163872,0,13.888888888888893,16.666666666666668,3000
14497,4480.5555555555557,0.079349349039057659,0.27700508369497828,0.8571650960942343,8.3333333333300015,0,9.1270870571666673,1500,1.4975795067632287,0,2.7777777777777786,122.22222222222223,3000
18908,21269.444444444449,0.2083455139088416,0.32063305472117021,0.88369815854773415,2.7777777777799999,0.3232536365193629,0.24365613840055561,703.57488563399988,2.103434044343619,0,127.7777777777778,33.333333333333336,1384.0751297199999
8003,34100,0.16137390029325513,0.44576173020527859,0.86639638318670575,38.888888888899999,1.019253629085652,14.474183514555554,34.689906756300005,1.8995511448501128,219,136.11111111111111,263.88888888888891,286.38452534999999
8120,18808.333333333336,0.13997027027027026,0.28798849505242946,0.90303473637571996,13.8888888889,0,0.34530097182499997,798.72641389699993,1.6549229458623604,179,50,163.88888888888891,1239.6180368600001
11118,21258.333333333336,0.094584241473931796,0.25544694890892461,0.86814523716189729,8.3333333333300015,0,8.1332932365555575,947.50867225399998,1.7547274155009225,33,25,63.888888888888893,795.42156877000002
1064,41786.111111111117,0.11083365020275213,0.30511665226351131,0.8611468257661371,58.333333333299997,0,8.8639081573333325,631.26671456400004,1.9424396734353373,276.10000000000002,52.777777777777779,108.33333333333334,347.56258729000001
16182,30841.666666666672,0.19682368729172292,0.52457065657930291,0.88466619832477711,30.555555555599998,1.008857282025859,8.1411412243333316,188.98347859500001,1.9172353924396759,566.68181818199992,119.44444444444444,544.44444444444446,646.97235742999999
19268,4388.8888888888896,0.043125443037974685,0.19857177215189875,0.86166316455696212,0,0.82051851936722997,0,770.21919535100005,1.2770342594661392,0,2.7777777777777786,16.666666666666668,3000
8276,61669.444444444453,0.14268647808657267,0.48490074320976528,0.87804161073825493,72.222222222200003,0.29855030674791871,6.523789334611112,109.60127597899999,2.0346022410852918,551.97368421099998,244.44444444444446,663.88888888888903,743.19450939000001
16098,28386.111111111117,0.21789286622957235,0.31616475193267451,0.87469314022898526,11.1111111111,1.2832697073440658,0.54957794656388892,404.23141663300004,1.9639614192653256,93,50,38.888888888888886,335.74670828000001
10523,5763.8888888888905,0.099265831325301201,0.29299561445783129,0.86471518072289166,13.8888888889,0,9.4942284295277766,542.21657275099994,1.8576597663535841,0,16.666666666666668,55.555555555555571,2949.00651642
19844,4302.7777777777774,0.082452808263395738,0.2626765009683667,0.80512007746933512,0,0,6.8651520053055552,1500,0.60192397173228951,0,5.5555555555555571,16.666666666666668,1183.3543651699999
14948,12416.666666666668,0.22564031319910521,0.41403125279642061,0.84737527964205817,5.5555555555599998,0,6.5464602318888891,1500,1.7798041739057435,0,41.666666666666671,5.5555555555555571,2097.7732918900001
2062,12466.666666666668,0.10339471925133691,0.23924721479500891,0.84907959001782529,19.444444444400002,0,0,1500,1.8970843194047464,790.16666666699996,72.222222222222229,36.111111111111114,2811.57885085
1357,17461.111111111109,0.13339077314667516,0.21705338848234171,0.84860672923957992,2.7777777777799999,0,5.6657543936111114,1500,2.0828065201037216,0,16.666666666666668,52.777777777777779,579.06988899999999
3476,1069.4444444444446,0.095333766233766243,0.33533064935064938,0.88397324675324673,0,0.50467297163437963,7.8953117976666674,1500,0,0,30.555555555555557,116.66666666666669,2140.75180525
4287,5916.6666666666679,0.089091267605633795,0.32096915492957745,0.83005521126760562,2.7777777777799999,1.7694291599229892,0,1500,1.4339788721330118,0,11.111111111111114,55.555555555555571,981.87297934000003
5441,11705.555555555557,0.080077289985761746,0.25486483151400091,0.84509625059326055,5.5555555555599998,0,0,1500,1.4205580376792548,0,2.7777777777777786,8.3333333333333339,1542.3245266500001
20456,15583.333333333336,0.084893368983957218,0.31290565062388592,0.82958422459893044,11.1111111111,0,8.4946153406666678,1086.3839597000001,1.2299186037642071,56,16.666666666666668,30.555555555555557,1293.79891374
17489,21336.111111111117,0.23139705767478189,0.4812957167035542,0.88494314542377295,5.5555555555599998,0.26999605116008712,1.1989234078694446,476.63720110199995,1.0337705357946634,0,61.111111111111114,208.33333333333331,658.40820058999998
10212,4066.666666666667,0.051508743169398914,0.30028442622950818,0.85900013661202179,13.8888888889,1.8023454238739465,18.529981663138891,991.67957923100005,0.11924692639624493,0,11.111111111111114,69.444444444444471,1671.52533614
20504,12347.222222222224,0.16567633295838019,0.21727941507311588,0.89030123734533184,13.8888888889,0,14.47311226013889,606.65420325599996,1.5508457063832817,130,36.111111111111114,11.111111111111114,1109.95818244
20303,12827.777777777781,0.10046634906886097,0.37615638804677359,0.87681992204417492,2.7777777777799999,1.6760305371383282,0,201.410229335,1.6214522123068729,196,27.777777777777786,141.66666666666669,1326.29658986
20364,402.77777777777777,0.043864137931034483,0.1941758620689655,0.86670620689655165,0,1.6910832397874904,0,1500,0,0,0,8.3333333333333339,3000
15639,24677.777777777785,0.11368631247185952,0.37437403196758218,0.85614102881584875,22.222222222199999,0.33391065140826509,16.247416397666665,1023.58122527,1.8550259099994739,462.39473684199999,52.777777777777779,316.66666666666669,1201.7323285
4926,891.66666666666674,0.02341993769470405,0.25704205607476632,0.81102959501557637,0,0.82662412082133463,1.9052486202333336,1500,0,0,0,2.7777777777777786,3000
883,11747.222222222224,0.078016859777725225,0.25820449278789309,0.85394558997398917,8.3333333333300015,1.8811411623405048,6.1301730291388896,1500,1.9520579583942583,1750,27.777777777777786,66.666666666666671,3000
18565,2769.4444444444453,0.081619558676028089,0.30746710130391169,0.85656569709127384,2.7777777777799999,0,11.1905502525,1500,0.63651416829481278,0,0,8.3333333333333339,2407.0116029199999
7390,2566.666666666667,0.043504761904761914,0.23061396103896106,0.82607532467532463,0,0,0.0016046003491749998,1500,0.63651416829481278,0,0,0,2765.2917129900002
6357,18544.444444444449,0.078364604553624928,0.29505380467345715,0.8486199370880767,8.3333333333300015,0,8.148956699750002,1500,1.7476145198910689,58.5,11.111111111111114,94.444444444444443,685.65038915000002
19888,3008.333333333333,0.090446075715604798,0.22078938134810711,0.87605964912280698,2.7777777777799999,0.50962420270717868,6.7732403344166681,356.69867149999999,1.6485375254490411,0,13.888888888888893,30.555555555555557,3000
1462,2116.666666666667,0.12344343832020994,0.33302808398950129,0.83294553805774285,2.7777777777799999,0,9.7352712472777778,1500,1.407649049014366,0,11.111111111111114,88.888888888888914,3000
10599,3738.8888888888891,0.065106760772659741,0.23615631500742945,0.83708202080237737,2.7777777777799999,1.7214606954979583,5.3548112885833339,977.72738158600009,1.3144157658247682,0,11.111111111111114,41.666666666666671,3000
2028,4305.5555555555557,0.073755419354838703,0.15497109677419355,0.82591322580645166,2.7777777777799999,1.6919087338251526,14.511760999916667,1500,1.5459898600072757,0,11.111111111111114,83.333333333333343,3000
9801,3016.666666666667,0.074943462246777157,0.22850423572744011,0.8723417127071823,63.888888888899992,0,8.3055223733055552,1500,1.3251016070665862,0,0,30.555555555555557,2234.3249188899999
12970,7163.8888888888905,0.090400930593253201,0.26273272586273749,0.88831256300891814,30.555555555599998,1.699835435200286,0,518.15331078700001,1.6422913858984356,0,16.666666666666668,483.33333333333337,853.05404801999998
4583,7055.5555555555566,0.14116122047244095,0.29874421259842521,0.88933803149606294,25,1.6872257518022824,2.952858769194445,354.33599279199996,1.4881052829503449,0,8.3333333333333339,605.55555555555577,1041.81267192
11305,23327.777777777785,0.1503405334603477,0.48256258633007859,0.88799764229578471,22.222222222199999,0.5842395546649034,3.1436107463333332,442.11967614699995,1.8118081767367658,292.60000000000002,61.111111111111114,352.77777777777777,1190.0331381599999
5112,122.22222222222223,0.079068181818181829,0.22334999999999999,0.85154545454545461,0,0,4.4615387930833341,1500,0,0,0,2.7777777777777786,3000
11408,8327.7777777777792,0.12571601067378252,0.47422048032021352,0.87108599066044035,27.777777777800001,0.5341551500874907,5.1235670575555545,1033.8035447499999,1.7096273286811074,483.444444444,11.111111111111114,397.22222222222223,394.39492682000002
9483,21686.111111111117,0.10164741898296402,0.33468515434866147,0.84043922121173309,5.5555555555599998,0.91998694368607803,10.450426253500002,1500,1.8529969193394875,627.84615384599999,86.111111111111128,55.555555555555571,46.012675260000002
12103,21722.222222222223,0.15993859335038366,0.3179367135549872,0.87087812020460353,19.444444444400002,1.6998575643007263,4.4209127649166664,1500,1.7370715517454116,47,130.55555555555554,97.222222222222229,1128.16607793
7393,23213.888888888891,0.13915777192772524,0.26855835826253444,0.88424523154241952,13.8888888889,1.5938748568843786,9.43869404663889,111.76027685299999,1.9133422409822112,137.80000000000001,80.555555555555557,191.66666666666669,166.48388978
5082,17005.555555555558,0.12674246978111728,0.33003275073505389,0.87303985625612546,8.3333333333300015,1.795232446662465,8.4568633258333339,1500,1.9019145899285068,52,19.44444444444445,141.66666666666669,1194.4075570999998
984,22977.777777777785,0.09807072050290136,0.20376743230174085,0.82517799806576408,19.444444444400002,1.0929213929735753,16.21822619733333,1500,1.7572785804482325,57.857142857100001,50,211.11111111111111,1272.4645065
11745,27.777777777777786,0.33334999999999998,0.5,0.75,0,0,5.9584402345277789,1500,1.2770342594661392,0,0,13.888888888888893,2314.1759054700001
12106,2041.666666666667,0.098161224489795931,0.26664462585034016,0.83721469387755099,0,0.21598832081902519,4.9003279134166666,693.37502381000002,1.5801430513827013,0,2.7777777777777786,33.333333333333336,1268.0840085100001
4964,1250,0.11068333333333333,0.41357400000000011,0.8866477777777777,2.7777777777799999,1.2600145755449113,0,1283.13328886,1.8869217944626564,467,25,0,435.00798677
16699,25941.666666666672,0.17017848806082025,0.28992297890566443,0.90733410429382155,25,0.35194839433976804,4.3358187968333324,210.17713314299999,1.7918290836705839,42,80.555555555555557,269.44444444444451,756.95952838999995
4086,1747.2222222222226,0.082813990461049286,0.16467186009538951,0.87435421303656591,0,1.6832945627453832,2.7395207931638894,1192.9512545600001,1.0296530140645737,0,0,11.111111111111114,1392.04481257
15905,10438.888888888891,0.13039656732304414,0.34763536455561472,0.8676441458222458,11.1111111111,0.22737698453188265,6.4664673553888896,1500,1.7394536289512228,354.66666666699996,94.444444444444443,66.666666666666671,665.23258080999994
4783,7575,0.069856398973230663,0.25135243857719103,0.84164829482948289,30.555555555599998,0,19.511772862666671,1500,1.8823850284305224,58.333333333299997,27.777777777777786,130.55555555555554,3000
12993,3755.5555555555561,0.040088239644970422,0.3072809171597633,0.90096605029585797,11.1111111111,0,0.35606848582777778,1151.0186130500001,1.6715952780212542,0,19.44444444444445,2.7777777777777786,1595.47394454
12021,31891.666666666672,0.094476927096942775,0.3367263827192753,0.82266704990854456,25,0.27192775983785811,25.68905263666667,1500,1.6939933741932114,428.51428571400004,47.222222222222221,269.44444444444451,1339.8370983100001
3774,2216.666666666667,0.077492481203007529,0.28160739348370928,0.89633170426065156,0,0,0,1500,0,0,0,0,3000
14452,1758.3333333333335,0.10025260663507107,0.2264595576619273,0.87438199052132692,0,0.5786343851482455,4.0081915406388884,1500,1.1407201964134568,0,5.5555555555555571,69.444444444444471,3000
5803,8863.8888888888905,0.12798542776559071,0.35978392353494204,0.86946267627702911,5.5555555555599998,0.084643915223726121,0,441.53337764099996,1.6937975262909422,172,86.111111111111128,55.555555555555571,432.30383645000001
80,18925,0.10825320710406576,0.25659693233524145,0.83651887567884919,58.333333333299997,0,23.70027672463889,1500,1.3712099961390438,43.666666666700003,44.444444444444457,461.1111111111112,297.95613055000001
3518,2194.4444444444448,0.10263113924050632,0.29378759493670892,0.83623531645569615,0,0,7.2156133455277773,1500,0.95027053923323479,0,2.7777777777777786,19.44444444444445,3000
962,15511.111111111111,0.088472958452722072,0.30046645773638969,0.85987705945558734,5.5555555555599998,0.68986110116876931,9.1333056298611126,1500,2.0350007212400425,86.352941176499996,150,36.111111111111114,3000
6183,1025,0.08334471544715448,0.24710352303523039,0.87460867208672077,13.8888888889,1.4522434830488216,1.8390521228222223,713.90653139699998,1.1105128934217814,0,0,19.44444444444445,2410.9156431900001
1965,17191.666666666668,0.088959993536920343,0.26428814024882857,0.83849424785910476,44.444444444399998,0.35062744789166195,15.981897090972225,1367.00788392,1.7088166582834243,458.57142857100001,30.555555555555557,313.88888888888891,2373.7693432900001
15469,8430.5555555555566,0.094349225700164741,0.26790144975288305,0.86111301482701819,36.111111111100001,0.1469309756289916,6.2442207628888884,1500,1.7230643687987841,0,36.111111111111114,191.66666666666669,1717.01449781
19355,8819.4444444444453,0.11896749606299213,0.29245376377952759,0.86907429921259838,27.777777777800001,2.0001257609276042,7.4574983302500009,912.31905612200001,1.306643635736751,185,30.555555555555557,166.66666666666669,845.62843938000003
9832,944.44444444444457,0.046190000000000002,0.17257764705882353,0.81522323529411767,0,0.95662201718506557,4.3021932392500002,1500,0.63651416829481278,0,0,8.3333333333333339,3000
19792,44394.444444444445,0.13554239769740958,0.33248585283443871,0.88538166061819545,50,1.7856677767802933,11.799521169694446,567.21604073399999,1.835584973569752,828.77777777800009,44.444444444444457,72.222222222222229,988.33679203999998
6750,5050,0.21378443344334436,0.1951344884488449,0.87271182618261822,2.7777777777799999,0,0,1500,1.5850998376444738,158,11.111111111111114,2.7777777777777786,3000
13157,488.88888888888891,0.027363636363636361,0.25575738636363637,0.84282329545454548,0,0.66949659874046619,0.34606664217777777,1500,1.2511559833636317,0,0,5.5555555555555571,3000
12377,3488.8888888888891,0.11082420382165603,0.28724203821656052,0.86890955414012738,2.7777777777799999,1.8989298681460327,0.15574392296222225,930.92370766100009,1.2464635767183827,0,2.7777777777777786,100,1595.55326571
8452,830.55555555555577,0.063774581939799319,0.34850033444816048,0.89097023411371246,0,0,11.81892198075,1500,0,0,2.7777777777777786,63.888888888888893,3000
3155,10519.444444444445,0.12061283337734355,0.38043578030102981,0.864448798521257,8.3333333333300015,1.8397455586886575,5.0954093343055566,598.07948713999997,1.9103289020255976,56.875,11.111111111111114,147.22222222222226,1406.74613791
16968,18169.444444444449,0.15387723589665189,0.23559016969882279,0.8849926158079805,8.3333333333300015,0,0.13299160812638888,827.92965793500002,1.8725346170926205,94,66.666666666666671,77.7777777777778,964.76921275999996
18379,7250,0.091378773946360167,0.19932103448275865,0.81860038314176242,41.666666666700003,0,6.1127132456944455,1500,1.6446230663178709,0,8.3333333333333339,50,3000
17063,1902.7777777777781,0.06661503649635038,0.19779226277372261,0.8635811678832116,0,0,4.1741140367777785,1500,0,0,2.7777777777777786,8.3333333333333339,3000
18241,6066.6666666666679,0.083264697802197807,0.24158539377289376,0.82159276556776561,8.3333333333300015,0,17.696400813361112,1500,1.9506034752998815,54,16.666666666666668,19.44444444444445,3000
17811,7288.8888888888905,0.085410327743902448,0.25245533536585368,0.86868643292682923,8.3333333333300015,0.090767961365681299,0,470.40189876400001,1.2855506722029451,66,11.111111111111114,238.88888888888889,1977.3634269500001
17581,75772.222222222234,0.1001404208519686,0.28108130728059244,0.88453766038565884,47.222222222200003,1.0687263499031221,5.5135945305000007,328.17452684599999,1.95200134879704,76.75,88.888888888888914,102.7777777777778,1376.5524887300001
1918,15533.333333333336,0.09795724248927036,0.23651571888412015,0.86091400214592273,2.7777777777799999,0.035870111184078832,8.087459543416669,426.46921272099996,1.9339937816624984,106.375,13.888888888888893,52.777777777777779,1497.7022539999998
14223,1061.1111111111113,0.06173664921465969,0.5082960732984293,0.82463350785340317,11.1111111111,0,12.181009598555555,1500,1.0397207708399181,0,2.7777777777777786,188.88888888888889,1823.43318286
12367,650,0.029105982905982913,0.15394230769230768,0.87066025641025635,0,0,0.87332125754722245,1500,0,0,0,0,3000
17676,22855.555555555562,0.090013393291200769,0.21768490520175013,0.84602826932425867,11.1111111111,0,19.822572503833332,1500,1.73823008099464,63.652173912999999,88.888888888888914,227.77777777777786,241.2051974
395,17669.444444444449,0.15467237855683069,0.35901502908347743,0.86526755227165542,13.8888888889,0,8.2463031413333336,1500,1.9427077429719428,36,100,88.888888888888914,1806.76476078
1530,94.444444444444443,0.029411764705882356,0.38056470588235292,0.81249117647058822,0,0,0.78046133084722225,1500,0,0,0,2.7777777777777786,3000
10408,7311.1111111111122,0.10793985562310029,0.34101101823708208,0.85678886778115493,5.5555555555599998,0.8831968911877075,1.086666580475,365.98047690300001,1.4306853360872926,0,13.888888888888893,8.3333333333333339,1774.5185989999998
13735,9250,0.17180546546546546,0.28458465465465466,0.91067792792792801,11.1111111111,2.0621829796993274,0,447.21658487199994,1.8689986610181728,0,25,13.888888888888893,497.18817154999999
902,13991.666666666668,0.15435155846734167,0.34893182449870958,0.88560974786579316,13.8888888889,1.8664412320060384,6.2589972348055545,251.04318633900002,2.0050411910567161,150.5,150,261.11111111111114,1183.94480006
20221,10944.444444444445,0.12204928934010152,0.39942431472081219,0.87513060913705587,13.8888888889,0.71138100924345948,0,1297.0803355800001,2.0026146465497225,86.75,91.666666666666686,27.777777777777786,1718.1513426900001
2124,40702.777777777781,0.10392333310584864,0.39207234695966708,0.87391258445369546,13.8888888889,1.0253509526191635,6.9885334078055577,1500,2.0058621533492094,84.411764705899998,136.11111111111111,113.88888888888893,556.11561286999995
377,15338.888888888892,0.075522093444404206,0.31393833755885553,0.81419753712423037,33.333333333300004,1.7908366860702074,9.3247698566944432,1500,1.84860147696704,0,8.3333333333333339,155.55555555555554,429.87779863999998
8062,11575,0.14840561555075593,0.40228881689464852,0.86590511159107275,55.555555555600002,1.6666693756719595,6.9581592516666673,250.70265542200002,1.3438885179108524,385.852941176,61.111111111111114,461.1111111111112,131.87331022000001
14187,30508.333333333336,0.15741686242374578,0.48715951015205322,0.87422503869616686,38.888888888899999,0.29177341558873993,2.7863288945,180.3942127,1.7953106310178859,474.45454545500002,155.55555555555554,547.22222222222229,1229.6857944799999
1455,1122.2222222222224,0.090910891089108922,0.21367698019801981,0.88874702970297037,0,1.3446346961267002,9.3731579430555563,1500,0.88029443440734001,0,8.3333333333333339,122.22222222222223,392.31882797999998
15007,2827.7777777777778,0.074519941060903719,0.3338167976424361,0.83146797642436143,2.7777777777799999,0,7.4511134128333314,1174.1389404000001,1.9276949965815069,0,0,125,2862.8953617400002
9746,2127.7777777777778,0.085661227154047004,0.22238537859007831,0.83238838120104441,11.1111111111,1.8444329576203411,8.4464249241111116,1500,1.4978661367769954,0,0,58.333333333333343,3000
4439,2336.1111111111113,0.071270749108204509,0.1907038049940547,0.85254470868014265,0,0,7.0181922845555569,1500,1.7140875411870102,0,13.888888888888893,22.222222222222229,3000
9178,13016.666666666668,0.1485735381988903,0.38605992317541615,0.8770679257362356,11.1111111111,0.89465691913052381,11.152806814305556,167.16893022100001,1.7199345751507449,60.700000000000003,80.555555555555557,113.88888888888893,216.06807569
8372,13383.333333333336,0.070246575342465756,0.28937490660024906,0.83971886674968865,2.7777777777799999,0.45252219030925422,4.4064602808333335,1500,1.0549201679861442,0,2.7777777777777786,5.5555555555555571,3000
724,5466.666666666667,0.13175279471544715,0.37058236788617888,0.84160365853658536,5.5555555555599998,1.4281152290598913,1.3751828756361113,612.46783139599995,1.6132506918990774,58,13.888888888888893,144.44444444444446,3000
8185,23066.666666666672,0.1128927866088632,0.33240031310211943,0.83641906310211944,22.222222222199999,1.6694844618729898,7.8925070273333322,999.59849987899997,1.7748060168814122,46,36.111111111111114,50,389.91488084000002
8904,6819.4444444444443,0.084218900203665986,0.28464162932790232,0.8689338492871691,0,0,16.619551692055555,1500,1.7882431738740223,60,30.555555555555557,47.222222222222221,1319.1264389099999
1522,2561.1111111111113,0.092050000000000007,0.27723470715835141,0.81554229934924072,2.7777777777799999,0,3.4284700796111114,312.24965077799999,1.0905994737794789,0,0,2.7777777777777786,2421.7762540099998
15721,2386.1111111111113,0.12524284051222351,0.49761874272409778,0.87798172293364374,2.7777777777799999,1.7323614531516069,1.6699412302111112,1500,1.5624669281927279,73,11.111111111111114,72.222222222222229,1759.6513092600001
20770,2858.333333333333,0.058499416909621002,0.19266384839650147,0.84830087463556858,0,0,4.604885729694443,1500,0.63651416829481278,0,5.5555555555555571,8.3333333333333339,3000
3290,927.77777777777806,0.044126347305389217,0.17593023952095807,0.86353443113772455,0,0,8.0785166536944448,1500,0.69314718055994529,0,0,5.5555555555555571,3000
5855,33661.111111111117,0.23431735434890244,0.50574003961049674,0.90422965835946523,11.1111111111,0.058251411448448802,12.669644380722222,373.77856973400003,1.7774944366684851,123,136.11111111111111,69.444444444444471,970.14294617999997
9620,627.77777777777783,0.073929646017699122,0.21281194690265487,0.90189823008849557,0,0,3.1640041511388897,747.92469386800008,0,0,0,2.7777777777777786,2985.8550931899999
8324,11755.555555555557,0.067645415879017012,0.24754562854442344,0.84404066635160691,8.3333333333300015,0,13.301018801277776,1500,1.6014656614270941,0,8.3333333333333339,33.333333333333336,2194.18082207
9773,5794.4444444444443,0.080907238734419948,0.2905738255033557,0.85843058485139023,8.3333333333300015,1.1784224353253332,11.931953442138887,1500,1.5606307495475584,130,19.44444444444445,30.555555555555557,828.28942169000004
10487,24036.111111111117,0.15100710736160869,0.31009870565121922,0.90666810354790239,33.333333333300004,0.39607428075379958,5.9669555810555579,410.16350485999999,1.8478000788896571,32,52.777777777777779,44.444444444444457,872.06738516999997
4299,7758.3333333333339,0.068603007518796999,0.2018118868600072,0.82712846401718587,8.3333333333300015,1.6686726508869614,8.0552009727222238,684.08023405500001,1.5166188754284606,57.333333333299997,8.3333333333333339,63.888888888888893,2868.7474915799999
4173,9180.5555555555547,0.087563358547655082,0.21597310136157336,0.84955918305597578,13.8888888889,1.8697759047078399,3.6235539614999999,1488.3024798900001,1.9767004326482891,69.666666666699996,11.111111111111114,88.888888888888914,3000
549,2066.666666666667,0.050938575268817197,0.26484516129032259,0.89674744623655922,2.7777777777799999,1.8918319377903303,9.3899604428333312,816.52172995399997,1.4750763110546947,0,0,52.777777777777779,3000
6609,2727.7777777777778,0.061202749490835026,0.29276456211812629,0.87272219959266806,41.666666666700003,1.6802213848498928,6.7179007320000004,1500,1.5674319853341843,136,0,38.888888888888886,2894.2966175199999
9044,24786.111111111117,0.092082169673876474,0.33084253053905638,0.84555080130001126,2.7777777777799999,0.24106505883726875,7.342386546027778,1500,1.7629124632687343,473,30.555555555555557,44.444444444444457,855.06422634
18859,6613.8888888888905,0.10667627047459052,0.21700104997900041,0.852962620747585,25,0,10.044570390472225,1500,1.1355711705934901,0,5.5555555555555571,86.111111111111128,1041.84947422
15706,8286.1111111111113,0.087129835735836408,0.28852101910828026,0.83613975863224943,11.1111111111,0.57313709229645182,8.5567575176944466,1500,1.8359055101757344,100,27.777777777777786,13.888888888888893,3000
17383,6522.2222222222226,0.11340528109028961,0.2722460391822828,0.86567704429301529,11.1111111111,0,3.0606242831111112,536.90536681499998,1.8353721465510129,105.40000000000001,13.888888888888893,108.33333333333334,3000
11303,6211.1111111111122,0.0857136404293381,0.20296824686940965,0.88142906976744184,30.555555555599998,1.4744127125908808,0.81551631042777772,1500,1.6882009186749536,0,19.44444444444445,55.555555555555571,853.75902074999999
18632,9627.7777777777792,0.085855452971725324,0.23102377380265435,0.87505963646855167,61.111111111099994,1.9242356521506681,3.1093472442777781,1500,1.3822883407085431,33,8.3333333333333339,100,1686.63065497
8113,10077.777777777779,0.091213588754134531,0.2299001378169791,0.87764760198456448,13.8888888889,0,9.2613278750555565,940.96112871100001,1.6745522273374749,0,8.3333333333333339,47.222222222222221,1773.62177952
6565,19516.666666666668,0.16928844292627382,0.30286574153145457,0.86181598348989463,2.7777777777799999,0,5.2967786048055565,812.80080895899994,1.732179414718265,74,116.66666666666669,5.5555555555555571,1981.43558061
10856,2944.4444444444453,0.073381792452830191,0.18634433962264152,0.86257971698113212,0,0,8.4124722418333349,1500,0.56233514461880829,0,8.3333333333333339,5.5555555555555571,2677.3911497499998
5205,11747.222222222224,0.081321092456845587,0.29267734689051789,0.81274376921257985,11.1111111111,1.9059427636195605,1.9489959305111115,1500,1.2632955865718805,176,13.888888888888893,75,2718.8070894100001
6830,286.1111111111112,0.12856990291262135,0.32932427184466018,0.8875631067961165,0,1.9539696876626425,0.50190023555000007,1500,0,0,2.7777777777777786,11.111111111111114,3000
18528,28866.666666666672,0.12420416666666667,0.28924920130869897,0.89804669938414161,13.8888888889,1.5597652113248499,3.8528455672500015,572.34035099900007,1.9166982253477549,250,33.333333333333336,69.444444444444471,671.04067693000002
19141,12044.444444444443,0.16199497232472326,0.22220544280442805,0.83092716789667909,5.5555555555599998,1.6743693390973913,8.5966503376111127,100.73728255200001,2.0322244804901906,84.333333333300004,69.444444444444471,22.222222222222229,3000
2536,11505.555555555557,0.21656175760502167,0.38779896185417673,0.86622938194109123,2.7777777777799999,0.90665484596721524,0,740.99539233199994,1.8151715574169442,0,55.555555555555571,208.33333333333331,2285.3085380699999
2952,92202.777777777796,0.13841714518121292,0.49370572409845448,0.8697397403066911,75,1.5049720091444962,4.4625443284166666,672.34198952600002,2.0144478013725142,598.38888888899999,116.66666666666669,280.5555555555556,640.86987498999997
709,3844.4444444444453,0.075312283236994224,0.16745736994219654,0.84920823699421966,0,0.70410769319231459,5.3476037460833341,1495.5071466899999,1.3563362969912938,0,2.7777777777777786,22.222222222222229,1411.5046157100001
9230,2711.1111111111113,0.090570696721311475,0.23614252049180329,0.86020584016393442,19.444444444400002,0,7.8449695942499993,1500,1.3667110520552042,0,2.7777777777777786,44.444444444444457,3000
5637,23386.111111111117,0.20033760541632026,0.49383266421190158,0.88709670982301936,13.8888888889,0.42761805176728518,0.987559165438889,358.80031605699997,1.913396290823304,120.666666667,225,575,398.01173168999998
17119,15677.777777777781,0.12182131467044648,0.32434766123316794,0.89505278171509561,5.5555555555599998,1.856199474504804,4.2130188538333329,128.615887493,1.8455776767217209,46,19.44444444444445,66.666666666666671,1568.33329964
15956,555.55555555555577,0.097353499999999996,0.20314100000000002,0.88138700000000003,5.5555555555599998,0.66281274800260903,4.8578955555555545,1154.9138649500001,1.5315392542960464,0,8.3333333333333339,0,920.25013358000001
14814,21775,0.084168567419313695,0.22329931113662452,0.86542536037759921,22.222222222199999,1.7445087367809764,4.1057256693611119,1232.9570461599999,1.6192313451535196,0,8.3333333333333339,166.66666666666669,868.79925299999991
11332,9300,0.14818416965352449,0.25058151135005968,0.88864345878136197,2.9796604504099999,0,4.0797920838611113,389.91682023499999,2.0903293755379124,175,27.777777777777786,27.777777777777786,1468.86493969
17781,2050,0.076897018970189704,0.32288631436314363,0.84602520325203245,8.3333333333300015,0,5.0932927892222226,739.65810639800009,1.4897503188505912,0,2.7777777777777786,91.666666666666686,2269.8931042600002
6925,15144.444444444449,0.099744625825385166,0.2424743213499633,0.83352787967718278,5.5555555555599998,0,10.518977755666668,1500,1.6984662203140035,96.230769230799993,30.555555555555557,88.888888888888914,1263.6535517299999
8342,2855.5555555555561,0.06258608949416343,0.16423385214007782,0.86116809338521405,0,0,5.0356887300277773,1500,0.88769427579910398,0,0,19.44444444444445,3000
1661,5597.2222222222226,0.076441488833746893,0.21163607940446647,0.85364957816377174,19.444444444400002,0.61949477935770958,2.6436826059527783,1500,1.0401362063976196,153.33333333299998,16.666666666666668,150,801.67858361000003
7421,8255.5555555555566,0.081256056527590853,0.22156083445491251,0.8432523553162854,5.5555555555599998,1.6969043972426958,8.0663812071111121,1500,1.8189059923060815,0,16.666666666666668,22.222222222222229,3000
1605,6555.5555555555557,0.14529542372881354,0.35006190677966104,0.88544275423728791,0,0,7.098577702361113,693.30295313600004,1.6796025844117757,0,19.44444444444445,19.44444444444445,1094.1990766199999
19802,594.44444444444446,0.036586915887850464,0.2157714953271028,0.81745981308411209,0,1.6887868322008637,7.8516131693611122,1500,1.0482847643708475,0,0,16.666666666666668,2560.0175130100001
14771,12172.222222222224,0.07574167047010498,0.23482090369694211,0.87543505248744857,186.11111111099999,0,5.7108844772777774,646.00483512000005,1.7915126377141299,0,8.3333333333333339,63.888888888888893,1289.0220833799999
3894,5777.7777777777783,0.068087307692307697,0.21842600961538461,0.87335692307692303,16.666666666699999,0,5.5456532556388893,1172.1779915,1.3979534454177238,0,0,72.222222222222229,1745.69836345
659,200,0.034722222222222224,0.16930833333333334,0.81969166666666671,0,0,2.6898227372416668,1500,0,0,0,0,3000
20254,28186.111111111117,0.16701904996550704,0.31679063762688481,0.89245122696363466,5.5555555555599998,1.6171581623628126,11.319573067194446,424.94617589000001,1.262043927982901,178,52.777777777777779,58.333333333333343,556.22051342999998
5665,5230.5555555555557,0.1259385023898035,0.43503977695167279,0.89435772703133287,2.7777777777799999,0.37047968027484623,0,623.75970225100002,1.3418952129979382,0,119.44444444444444,80.555555555555557,658.80876563000004
4754,3266.666666666667,0.046818112244897972,0.13077619047619046,0.86323664965986391,0,0.73465537391922442,2.178926070322222,1500,0.56233514461880829,0,5.5555555555555571,2.7777777777777786,3000
866,50636.111111111124,0.13592023149925939,0.31821957320752647,0.89059718031707713,33.333333333300004,1.4842877423968368,0.94217903861944463,272.62108417100001,1.6668369231390514,146.83333333299998,91.666666666666686,125,487.66695939999994
1197,1052.7777777777781,0.061503430079155673,0.15824459102902375,0.80763113456464375,0,0,4.3438179828888899,1500,0,0,2.7777777777777786,2.7777777777777786,3000
7970,29544.444444444449,0.11382425723956376,0.26909595712673939,0.8745689074840165,44.444444444399998,1.8118730262465172,12.569929411527779,913.03667409000002,1.787782815173623,80,13.888888888888893,52.777777777777779,896.98817116999999
7298,2747.2222222222226,0.1274006066734075,0.44550384226491402,0.82845389282103132,16.666666666699999,2.0428460022334645,7.2385733553611127,1227.4472159100001,1.2867015225715246,0,2.7777777777777786,88.888888888888914,2152.6909368400002
11681,3308.333333333333,0.061894122586062139,0.32207615449202348,0.87480948782535706,22.222222222199999,0,12.190600634388893,1500,1.4380646131747723,0,2.7777777777777786,261.11111111111114,1330.8916528499999
2488,11761.111111111111,0.07750951818611243,0.2380206896551724,0.88919560699102507,138.88888888899999,1.6744863143778834,3.6276911608611111,992.24477089399988,1.7104999010945801,109,13.888888888888893,63.888888888888893,2120.1156403300001
5482,1333.3333333333335,0.059470000000000002,0.30389916666666666,0.88328145833333338,2.7777777777799999,1.4246043934258226,1.2081437096694445,1500,1.3321790402101223,0,5.5555555555555571,19.44444444444445,1943.5341063400001
3004,16808.333333333336,0.10961041150223104,0.30404554619071228,0.83259879358783673,11.1111111111,0.41765346105060319,13.788005308805554,1500,1.8628621753933401,436.34210526300001,91.666666666666686,155.55555555555554,3000
11247,33936.111111111117,0.16069949251043628,0.28923883113694032,0.86878597036915761,2.7777777777799999,0,3.5747810089166667,1500,1.9270379044735759,0,22.222222222222229,38.888888888888886,509.39707719
16900,3008.333333333333,0.14500526315789472,0.20468051708217916,0.91571532779316722,0,0,0,1500,0,0,8.3333333333333339,0,3000
3987,7850,0.15292416843595188,0.32378103326256191,0.8325148973814579,2.7777777777799999,1.934381237355836,2.9825015301111115,1500,1.6453483530817463,0,38.888888888888886,5.5555555555555571,3000
2598,4202.7777777777774,0.073534170522141437,0.26300231328486451,0.84455994712491733,8.3333333333300015,2.3243657684031902,3.7881218477777789,1500,1.9668375531387372,0,2.7777777777777786,52.777777777777779,3000
16730,1725,0.049631239935587761,0.21450144927536235,0.84847600644122378,2.7777777777799999,0.25854327421333656,6.7754581572222223,1500,1.1973401339967784,0,2.7777777777777786,52.777777777777779,3000
1224,16825,0.2474407792636619,0.43248096417368337,0.88871561829288426,0,0,1.5026735376777778,1500,1.7752510503794958,0,138.88888888888891,36.111111111111114,1578.7953964000001
10723,6172.2222222222226,0.049798334833483344,0.25189230423042303,0.84552655265526555,0,0,6.3271283820555571,413.04549287300006,0,0,2.7777777777777786,5.5555555555555571,3000
17978,208.33333333333331,0.04428,0.17281333333333335,0.68510533333333334,0,0,2.8255762955555563,1500,0,0,0,0,3000
17511,24411.111111111117,0.15836223258989532,0.31824155666818388,0.88664837278106512,11.1111111111,0.36562175428697613,0,704.01410750600007,1.8718245000988525,91.785714285699996,116.66666666666669,47.222222222222221,663.16585694000003
20046,2013.8888888888889,0.055969241379310336,0.1776270344827586,0.85668317241379288,0,0,6.2017202189722225,1500,1.3862943611198906,0,0,16.666666666666668,3000
5271,10458.333333333334,0.12559545816733067,0.32712778220451533,0.86677447543160691,11.1111111111,0.7743919853937421,6.9754301365555564,1011.89171642,1.8795816830967658,224.5,133.33333333333334,55.555555555555571,989.53147625999998
4594,433.33333333333337,0.12206410256410258,0.33443910256410259,0.91010641025641004,5.5555555555599998,0,0,953.37300031799998,0.89794572485677981,0,0,19.44444444444445,2015.9356125500001
8918,15669.444444444449,0.12987913490515865,0.22702838149264309,0.85939950363410733,5.5555555555599998,0.43118053627781128,2.1339741837555559,891.8949714339999,1.2621585590201714,125,44.444444444444457,141.66666666666669,1286.06734289
4458,11344.444444444443,0.094176591576885418,0.2809841332027424,0.83560247306562196,13.8888888889,1.44006831902156,8.9515812832500004,1500,1.5502103625773485,784,8.3333333333333339,47.222222222222221,739.36161752999999
10797,2644.4444444444448,0.062048424369747897,0.28022626050420169,0.85587279411764694,5.5555555555599998,1.681872814849853,3.6472878459722233,1500,1.5607345675833282,0,0,77.7777777777778,3000
16610,2413.8888888888887,0.076420943613348669,0.16521910241657078,0.8426081703107019,0,0,7.710937071,1240.8685385900001,1.6881741707394664,0,5.5555555555555571,13.888888888888893,714.80935772999999
18287,36641.666666666672,0.18240438177545296,0.54476847092714731,0.89469330604199837,38.888888888899999,0.21893272258116839,2.687316355375001,176.36708038900002,1.7628149518146798,744.65714285699994,286.1111111111112,372.22222222222223,123.84436502
3201,2344.4444444444448,0.097959123222748801,0.2382022511848341,0.81283661137440755,0,0.14740344729078264,1.4085947474972225,1500,1.1851895746799308,63,5.5555555555555571,27.777777777777786,3000
7384,988.88888888888903,0.02331376404494382,0.15748960674157306,0.87871938202247191,8.3333333333300015,0,9.7995231604166673,1500,1.6944150734184462,0,0,100,2152.0883414999998
19548,5883.3333333333339,0.11031619452313504,0.30827832861189802,0.88198489140698777,52.777777777799997,0.24492212698197249,3.1079752975833337,483.834069661,1.5603322033831797,79,36.111111111111114,355.55555555555566,754.50958648000005
15601,7633.3333333333339,0.078027365356622996,0.37536917758369731,0.84574294032023289,47.222222222200003,1.689137141092875,3.5338880707222216,1500,1.6586595716807686,0,16.666666666666668,100,2166.7651766999998
12520,10594.444444444445,0.081406843209229154,0.2883153382275826,0.81824847928683797,8.3333333333300015,1.8185866775853468,7.3801954026944454,1500,1.9620633053767405,188,36.111111111111114,36.111111111111114,3000
2,6247.2222222222226,0.099552867941307244,0.16422761227212093,0.8421111160515784,0,0,0.75223430037222228,1500,1.4584173649045928,0,5.5555555555555571,22.222222222222229,3000
17246,4330.5555555555557,0.095311417575368831,0.38839364977549712,0.84669666452854409,13.8888888889,0.21110752850852252,5.2186270798611112,1500,2.0128255425942401,0,11.111111111111114,158.33333333333334,538.00478404
20191,7505.5555555555566,0.17347298297557365,0.29149515173945229,0.90184452257586956,5.5555555555599998,0.19451316916202216,0,1014.89428004,1.2770342594661392,0,19.44444444444445,8.3333333333333339,1080.5537145599999
3617,1294.4444444444443,0.16040300429184548,0.19061974248927041,0.87098412017167381,0,0,3.9172557480000001,1500,0.99326821014996081,0,5.5555555555555571,5.5555555555555571,1657.81006017
5501,2650,0.06837809224318657,0.15170733752620547,0.86651467505241087,8.6520975150199995,0.2990724008161621,3.4894162690000003,1500,0.79601775777672035,0,2.7777777777777786,69.444444444444471,414.49446131000002
4470,7525,0.1025186415651532,0.21285873015873019,0.84514677002583971,11.1111111111,0,12.969559071500001,484.13341420199998,1.7939128128204296,33,11.111111111111114,94.444444444444443,2168.7259365599998
1394,60183.333333333343,0.13210752792393612,0.43014252284685678,0.87094567986707283,5.5555555555599998,0.12418207074985366,6.1073428749722227,537.62899368800004,1.8183484572732176,117.8,63.888888888888893,305.5555555555556,417.74464627999998
5397,4555.5555555555557,0.078395853658536588,0.23365195121951221,0.85856865853658537,2.7777777777799999,0.96770291413945875,2.8617529335277783,1500,1.3645478393012385,0,8.3333333333333339,161.11111111111111,2258.1779450700001
3756,1680.5555555555554,0.036415041322314053,0.16364727272727272,0.86762462809917362,0,0,7.1470417156944457,1500,0,0,0,8.3333333333333339,2827.3713906799999
13302,26966.666666666672,0.15065448084054384,0.3864734651833539,0.87280019571487433,25,2.0753856331713503,6.4499035135000016,292.32677518599996,1.9984749082679103,126.5,125,352.77777777777777,888.22341476999998
20493,55858.333333333343,0.14508451936943659,0.37291233775921229,0.90579296334974402,19.444444444400002,1.0314340350674522,2.5377355764638891,194.111271612,1.8524207373111012,126.714285714,175,236.11111111111114,398.29059321
4951,8930.5555555555566,0.077783234836702964,0.30258171073094869,0.84878734059097971,8.3333333333300015,0.22030356704441156,11.753480749027776,1500,1.9983249618028689,0,27.777777777777786,19.44444444444445,3000
970,7544.4444444444443,0.12984959499263626,0.38960776877761416,0.86600423416789396,0,0.44309543136334001,10.928457362861108,740.3559969239999,1.9577178865401907,154.66666666700002,63.888888888888893,108.33333333333334,1727.07672809
1640,9611.1111111111113,0.11081864161849712,0.28642213872832373,0.82762546242774571,2.7777777777799999,1.6702271310575107,5.5373696098888896,1500,1.8145455531391648,0,36.111111111111114,161.11111111111111,2720.1066824099998
11791,36161.111111111117,0.10488575049930866,0.376818144108158,0.84756690735904139,11.1111111111,0,1.6250217903055555,586.33025011300003,1.9227254479368281,92.105263157900012,44.444444444444457,11.111111111111114,406.01112175999998
11041,9011.1111111111113,0.091682090012330436,0.34632012946979041,0.84312774352651054,27.777777777800001,1.6883207870952972,13.269621450361113,1023.73687876,1.7845890715452442,178,16.666666666666668,80.555555555555557,3000
6715,30233.333333333336,0.1164077085630283,0.32809547041528853,0.85556931275266446,33.333333333300004,0,3.4738492092222222,520.45911354199995,1.9202775223299569,98.666666666699996,108.33333333333334,105.55555555555556,2473.32621531
4268,2372.2222222222226,0.20774695550351288,0.26530749414519905,0.86593419203747068,8.3333333333300015,1.1659373205378316,0,837.22989505300006,1.6826161324302251,0,19.44444444444445,222.22222222222226,1711.60710191
14188,1586.1111111111111,0.063953064798598955,0.14386042031523644,0.81388791593695275,0,0,9.4050663903611138,1500,0.69314718055994529,0,5.5555555555555571,5.5555555555555571,3000
19366,21877.777777777781,0.090397359065515479,0.27135622143219906,0.86922859319451495,25,0,14.901794732249998,1500,1.9246108267975548,57.333333333299997,50,175,816.68844715
2449,5908.3333333333339,0.064771791255289118,0.17387005171603195,0.87124353549600375,8.3333333333300015,0,8.3511325174722231,1399.40367408,1.4705046309693497,35,11.111111111111114,69.444444444444471,1174.49886113
6144,4855.5555555555557,0.082574370709382158,0.25212780320366129,0.85866933638443932,0,1.8550902605267896,4.8763048323055562,1500,0.98183664963007045,88,0,177.77777777777783,3000
1222,72.222222222222229,0,0.42307692307692307,0.96153846153846156,0,0.67489457280190823,0.77078986709444453,343.01050301099997,1.0549201679861442,0,0,5.5555555555555571,1523.0878352
9664,4375,0.08836755555555556,0.2405994920634921,0.84175180952380957,0,0,8.0129503566111122,1500,1.8427418370198041,0,44.444444444444457,8.3333333333333339,534.80098325999995
3826,2513.8888888888887,0.076330497237569059,0.22876077348066295,0.84390806629834259,5.5555555555599998,1.845814600187732,3.5029798220277781,1012.0831937200001,1.4079510653975973,0,0,77.7777777777778,3000
12926,34727.777777777781,0.10707637977923533,0.29005128779395289,0.83671454167333226,22.222222222199999,1.4820308301022569,13.415187464333336,905.41024960100003,1.8494523581329465,60.5,86.111111111111128,183.33333333333331,1023.64732207
19205,10208.333333333334,0.063444680272108839,0.17858473469387756,0.87031605442176874,16.666666666699999,0,8.6979550680833349,881.016398503,1.6836836097185963,0,5.5555555555555571,111.11111111111113,2463.9010270499998
13005,2063.8888888888887,0.050648855989232834,0.25377294751009422,0.80839798115746964,0,0,6.692890567138889,740.58042423199993,0.94044798865532642,0,2.7777777777777786,2.7777777777777786,1858.8744090800001
6953,4605.5555555555557,0.11901260554885405,0.23477322074788906,0.86156598311218335,5.5555555555599998,0.21533555123134687,2.9058820608055562,262.48883039899999,1.5890181112155048,222,19.44444444444445,44.444444444444457,791.67588204000003
8717,2622.2222222222226,0.050541419491525429,0.13465391949152539,0.81986345338983047,0,0,4.592778979777778,1500,0.82395921650108228,0,0,8.3333333333333339,3000
2651,311.1111111111112,0.10935267857142858,0.30034285714285713,0.83085714285714285,0,0,7.7392162060277787,1500,0,0,5.5555555555555571,2.7777777777777786,1870.0144213900001
20304,1969.4444444444448,0.062157263751763052,0.2375873060648801,0.8678520451339915,0,1.0051301266191361,4.6723462102222229,1500,1.0114042647073518,0,0,61.111111111111114,3000
19071,1097.2222222222224,0.069094936708860757,0.15219696202531646,0.89382835443037978,0,0,3.0774616448055552,1500,1.8200759753606213,133,2.7777777777777786,11.111111111111114,1199.8576665600001
6490,11094.444444444443,0.17987826740110166,0.2912373560340511,0.87527428642964444,11.1111111111,0,5.8194361643333341,1500,1.6081537102428889,0,52.777777777777779,11.111111111111114,2386.5967290999997
4784,1461.1111111111111,0.055046768060836498,0.17295817490494295,0.84256406844106457,0,1.7104131322594314,3.7216168436666668,1500,1.0549201679861442,0,0,27.777777777777786,3000
2556,5825,0.073660276585598469,0.2987631378159275,0.83634244158321414,5.5555555555599998,0,4.0469865527500017,1500,1.5867847075280477,0,2.7777777777777786,13.888888888888893,3000
3568,2747.2222222222226,0.15579120323559148,0.34426966632962591,0.87578685540950452,11.1111111111,1.7689577564897243,2.420836302150001,1500,0.67032626771377712,125,27.777777777777786,402.77777777777777,408.34665452000002
2136,22811.111111111117,0.11521192157817828,0.29198297613248897,0.83539283974671219,19.444444444400002,0.73026143893237516,16.28720389916667,1399.73556239,1.5173861000369038,365.363636364,47.222222222222221,152.7777777777778,1415.2355460900001
18582,27219.444444444449,0.11580219410143892,0.37365420961322587,0.85638667210939889,19.444444444400002,0.73671132511287285,5.7724392881111113,1500,1.5220878088986731,49,86.111111111111128,119.44444444444444,1357.2175592399999
14521,380.55555555555566,0.10143795620437956,0.19221532846715328,0.88373065693430652,0,0,4.8080002081944455,1500,0,0,0,0,3000
7485,12980.555555555557,0.17474662957414938,0.31809976460517869,0.87335561737641765,11.1111111111,0,7.0699249009444447,1054.60135092,2.0413135492460794,70,138.88888888888891,75,459.97481076000003
11520,213.88888888888889,0.019923376623376624,0.17019999999999999,0.9220753246753246,0,0,2.6209166559083328,1500,0,0,0,8.3333333333333339,3000
8386,1269.4444444444443,0.06783719912472648,0.27109693654266959,0.85949628008752743,8.3333333333300015,1.7399532397693929,3.6287599434166662,1500,1.5367224694372197,0,2.7777777777777786,22.222222222222229,2967.10683402
14528,41538.888888888898,0.13435822522402033,0.46414709107930979,0.8747852748428514,19.444444444400002,0.21438089024221579,6.6712079637222228,1113.4837632000001,1.8990612274639755,773.39999999999998,113.88888888888893,225,1105.3675422399999
5559,67344.444444444453,0.15549838722983006,0.44687835340702847,0.86733091899026571,41.666666666700003,1.71866575413008,13.607418324138887,399.78892992599998,1.8551932095244363,119.91304347799999,352.77777777777777,163.88888888888891,271.98728498999998
17618,19111.111111111117,0.10004795058139536,0.25894523255813962,0.85162425872093028,41.666666666700003,0,18.052381221249998,1500,1.8296207332966825,109.285714286,41.666666666666671,275,622.88036294000005
10946,1338.8888888888889,0.091167219917012432,0.24775352697095435,0.84151307053941915,0,0,1.0796345284388891,1500,0,0,13.888888888888893,0,3000
1392,24752.777777777785,0.077162585568398612,0.32033267871170462,0.82356938615194708,11.1111111111,0,4.0372049453611112,1500,1.5098452168770296,88,11.111111111111114,58.333333333333343,1587.42967058
6037,14491.666666666668,0.10963191489361702,0.33800486869848573,0.8561693885374736,30.555555555599998,1.3654706493164879,3.2268162862777783,1464.8311114200001,1.7664099646690092,0,30.555555555555557,186.11111111111111,1424.8579597600001
3003,51202.777777777781,0.14973148700699832,0.26880183366787824,0.88848776108067051,47.222222222200003,0,1.2794696544944448,945.11227898800007,1.6755240114653691,84.599999999999994,36.111111111111114,141.66666666666669,719.05415225000002
15800,11161.111111111111,0.079586560477849677,0.30493588850174219,0.86169044300647091,11.1111111111,0,3.4936032351111117,1020.44800048,1.8835536110019699,0,44.444444444444457,25,3000
6283,2727.7777777777778,0.10527698574338086,0.17064399185336049,0.87425376782077391,2.7777777777799999,0.61887194470704454,0,368.65287908400001,1.754105330999288,0,11.111111111111114,8.3333333333333339,1002.17582258
4850,5933.3333333333339,0.077271161048689141,0.24482078651685391,0.86276985018726593,41.666666666700003,0,7.275707033055558,1500,1.6911392365898943,0,8.3333333333333339,100,2750.3104403799998
18554,5711.1111111111122,0.10637140077821013,0.25967568093385213,0.86073822957198443,5.5555555555599998,1.7070058487158304,8.3455585119166678,444.34245862099999,1.9770574697421481,302.19999999999999,19.44444444444445,122.22222222222223,3000
17663,777.77777777777771,0.095578214285714294,0.28063535714285714,0.82605249999999997,0,0,8.2824628350277774,595.39560603199993,0,0,0,0,2115.7524107099998
9509,7052.7777777777783,0.07022099251673887,0.18138893265064984,0.81506923985821178,19.444444444400002,1.9535533698987939,4.4734853356388884,1500,1.4142967941031801,0,8.3333333333333339,33.333333333333336,3000
9010,18005.555555555558,0.17421494908978707,0.38038906201789568,0.89108937056464055,30.555555555599998,0,4.0622405559444443,609.57091601499997,1.6247221603829671,244,83.333333333333343,44.444444444444457,249.41194048
9065,4469.4444444444453,0.13955518955873214,0.31679484151646986,0.8825413300186451,0,0,5.7627565261944449,498.08306418300003,1.7361211828147631,0,16.666666666666668,5.5555555555555571,1366.6033482099999
19673,18880.555555555558,0.10394763866411652,0.31639864646167426,0.84584040017654849,11.1111111111,1.6875657892573164,10.100525018638887,1500,1.8936046280374488,526.5,13.888888888888893,55.555555555555571,560.53573915000004
18058,10841.666666666668,0.16470189597745324,0.20892910581603893,0.87772177811939533,2.7777777777799999,0,8.3670698807777786,1455.11910444,1.6628378135026376,0,11.111111111111114,11.111111111111114,580.28321721999998
12966,672.22222222222217,0.057778512396694209,0.24077561983471074,0.79701487603305787,0,0,4.6955823441388898,1353.21510233,0,0,2.7777777777777786,2.7777777777777786,3000
8306,18297.222222222223,0.075428449977227877,0.23626107484439049,0.86231887050250489,19.444444444400002,0.033228433309120849,0,1376.19809035,1.7588502872861098,0,16.666666666666668,163.88888888888891,1100.0463975099999
8732,869.44444444444457,0.1483258785942492,0.29757667731629389,0.82259936102236419,33.333333333300004,1.6769378286055834,5.3990053398055569,1076.7996218400001,1.1317680669094343,0,5.5555555555555571,111.11111111111113,1399.37998356
6272,8352.7777777777792,0.11563618224143665,0.27395670103092784,0.88883794479547729,8.3333333333300015,0.69958436836550753,8.9394569136666711,596.36770763200002,1.5526569684489866,0,11.111111111111114,63.888888888888893,1577.5213416399999
17162,25422.222222222223,0.07890539772727273,0.24926502403846151,0.84907651879370627,19.444444444400002,0,10.429233227499999,1500,1.9816239195813157,37.5,41.666666666666671,77.7777777777778,2943.6525224900001
8652,3155.5555555555561,0.065916901408450704,0.19116698943661969,0.85641936619718306,0,0,10.078511925750002,1500,1.5149662093659928,35,16.666666666666668,16.666666666666668,1224.6640091700001
2873,4777.7777777777774,0.079437093023255814,0.26517145348837212,0.83355319767441849,0,0.19970313681013269,5.1787143061111118,262.00705868400001,1.8831028973364043,0,5.5555555555555571,36.111111111111114,577.15552218000005
20630,7894.4444444444443,0.07769232934553133,0.24995643912737511,0.87353803659394791,5.5555555555599998,0,12.760705947083334,1500,1.8297880231042087,0,16.666666666666668,52.777777777777779,966.87045266999996
18202,16497.222222222223,0.088404041084357621,0.22063574675871361,0.84111116349553794,8.3333333333300015,0,21.611843643222226,1500,1.7889174477639826,122.571428571,27.777777777777786,119.44444444444444,973.06521094000004
1490,958.33333333333348,0.074563768115942022,0.24827333333333329,0.85272289855072458,0,0,8.4069031978611122,1500,0,0,13.888888888888893,2.7777777777777786,3000
12164,6905.5555555555566,0.13515462590506838,0.2471370474658085,0.85523761061946912,16.666666666699999,0,9.0151999195000005,1500,1.7548416164095446,0,77.7777777777778,122.22222222222223,1144.41487796
6798,1386.1111111111111,0.08837515030060121,0.27197535070140283,0.87753747494989986,2.7777777777799999,0.84564801417648616,2.9259257357222226,1500,1.856622631873931,0,22.222222222222229,11.111111111111114,2072.5408041999999
4476,1880.5555555555561,0.074256573116691288,0.41102422451994092,0.87336602658788787,2.7777777777799999,0,15.468933441583335,1500,1.3984652685243637,0,2.7777777777777786,205.5555555555556,815.76543261999996
8682,13763.888888888892,0.12414825428859735,0.24523634712411704,0.84779404641775979,16.666666666699999,0.2181185648208695,7.5689816889722232,206.15745135400002,1.1022757808728163,480.57142857100001,44.444444444444457,194.44444444444446,909.27747478000003
15868,25800,0.13046854005167954,0.31072607665805341,0.90190587855297155,41.666666666700003,1.9140635722429724,2.6092060540833337,179.899115266,1.6036838315774029,213,38.888888888888886,138.88888888888891,957.60385738000002
13246,163.88888888888891,0.016949152542372881,0.25351864406779662,0.91486101694915245,0,1.6691652891572992,0,1500,0,0,0,0,1683.5704312400001
17210,6669.4444444444443,0.084753144523115373,0.29202282382340689,0.85913981674302375,8.3333333333300015,0,4.0970534073888905,1370.15412047,1.8037666276667901,62,2.7777777777777786,80.555555555555557,2087.8487540699998
15226,1533.3333333333335,0.085809963768115949,0.21387228260869567,0.87470652173913044,5.5555555555599998,1.6874147760266192,9.3616511801388871,1500,1.5797618513906606,0,25,25,302.04132587999999
6943,7333.3333333333339,0.13205768939393939,0.38811041666666668,0.8721396212121213,5.5555555555599998,0.55623118057828536,0.75046463468888891,1001.08907957,1.4053484997634842,0,22.222222222222229,16.666666666666668,1212.6035593000001
4560,1105.5555555555557,0.072850753768844215,0.29091231155778896,0.83763316582914571,0,0,5.0538614745000014,1500,0,0,0,0,3000
14972,2072.2222222222226,0.080247319034852549,0.19923418230563006,0.83458713136729223,0,0,5.9995080739444457,1500,1.0397207708399181,0,0,0,3000
11193,4794.4444444444453,0.084269988412514471,0.3165793742757822,0.87251338354577057,0,0,7.0029568925555576,1500,1.0905994737794789,0,0,138.88888888888891,3000
3499,4333.3333333333339,0.10232012820512823,0.27977403846153848,0.83585339743589737,0,0,3.050924051055556,1500,1.7813708845948262,620,8.3333333333333339,2.7777777777777786,3000
14446,10047.222222222224,0.077966740392590536,0.23578578932817251,0.83669145700857062,25,0,3.3460870715833337,1500,1.7691721896813997,306,2.7777777777777786,108.33333333333334,2045.4226042400001
15204,3083.333333333333,0.1007691891891892,0.40602945945945945,0.86511585585585582,5.5555555555599998,1.7114557836856217,6.4067234213333348,1500,1.7071794109802527,100,8.3333333333333339,272.22222222222223,1636.18667633
1751,4422.2222222222226,0.074281281407035174,0.32287060301507536,0.8758204145728643,33.333333333300004,0,4.3884390699722227,1378.07417792,0.9677495768581964,0,5.5555555555555571,186.11111111111111,1365.6175440699999
4633,25902.777777777785,0.11316902949061665,0.23138189812332441,0.82513079892761387,13.8888888889,0,12.277049397972224,828.96716020999997,1.7432272541762557,72.666666666699996,113.88888888888893,66.666666666666671,1350.5171150399999
3018,277.77777777777783,0.16773299999999999,0.26133000000000001,0.88433499999999998,0,0,8.2678513078611129,1500,0,0,8.3333333333333339,2.7777777777777786,3000
36,11127.777777777781,0.11005711432850723,0.33484276085871195,0.86226105841238143,5.5555555555599998,0.77658565375331012,4.0251044598055561,749.37496500100008,1.4456832418740029,49,2.7777777777777786,36.111111111111114,3000
16117,9002.7777777777792,0.17733174946004321,0.24376988583770445,0.85602548596112316,2.7777777777799999,0.99126948774670276,3.7614894311944447,1500,1.8228537978191024,136,52.777777777777779,19.44444444444445,1962.15162371
18113,3575,0.101303885003885,0.28702750582750586,0.87367987567987559,5.5555555555599998,0.40065334516919832,10.370610085611114,1500,1.81389761589742,0,2.7777777777777786,80.555555555555557,3000
13369,11822.222222222224,0.089199412593984964,0.25566994830827072,0.82982746710526312,2.7777777777799999,0,8.6959368936666674,1500,1.8874849634783839,688.75,38.888888888888886,13.888888888888893,3000
12619,18911.111111111117,0.082488307873090486,0.27148886603995298,0.84248758813160984,16.666666666699999,0.81779425890751256,2.9415574155833331,1359.11214952,1.7679583260583431,0,30.555555555555557,144.44444444444446,1497.16148198
20172,94.444444444444443,0.034320588235294117,0.12303235294117645,0.93530000000000002,0,0,2.0546019374611109,1500,0.95027053923323479,0,13.888888888888893,2.7777777777777786,3000
20469,13936.111111111111,0.20555860075742474,0.34569095076739093,0.8565150886984253,5.5555555555599998,0.13643783387142708,7.7458268028333341,485.58520189999996,1.9578883925581776,180,19.44444444444445,5.5555555555555571,1283.73102638
20235,8238.8888888888905,0.08505650708024276,0.21074409979770736,0.8738720498988537,2.7777777777799999,0,3.2063545042500001,810.02431830399996,1.6077078035549102,37,8.3333333333333339,50,2092.3367066000001
15444,200,0.016674999999999999,0.371,0.80974583333333328,0,1.0047988741065828,0,1500,0,0,2.7777777777777786,0,3000
9588,1958.333333333333,0.066832624113475181,0.27966368794326241,0.87922794326241127,2.7777777777799999,1.9385445952791749,4.6543897020000005,1103.28984479,2.0000852214906617,0,30.555555555555557,27.777777777777786,3000
15989,15997.222222222224,0.11211300573016147,0.19775026914394861,0.86603889564160441,19.444444444400002,0,4.7896338517777783,1500,1.4084547167015089,0,8.3333333333333339,38.888888888888886,2166.8626983899999
8628,42294.444444444445,0.15547320373046106,0.30348927492447131,0.87670633127544995,19.444444444400002,0,11.34057636625,1010.0569960399999,1.9967096105720048,167,122.22222222222223,88.888888888888914,603.10973146000003
596,5344.4444444444453,0.09448487525987527,0.21212697505197506,0.88768274428274418,11.1111111111,0,6.5401317298888886,729.71573127600004,1.5189967772767472,30,8.3333333333333339,41.666666666666671,2373.1879105500002
6404,3902.7777777777778,0.08677708185053383,0.2482093238434164,0.85033032028469746,2.7777777777799999,0.8106215273079862,2.9519566248888887,1500,1.619064424809292,0,16.666666666666668,27.777777777777786,2015.68272303
6474,2208.333333333333,0.060950062893081761,0.19407245283018867,0.84703874213836483,11.4943915077,1.8729377992599441,8.4568309652777796,1500,1.7234868448421836,0,2.7777777777777786,36.111111111111114,3000
16838,24519.444444444449,0.072249688455874025,0.24091933839356519,0.86456988784411459,16.666666666699999,0,4.5471161179722221,841.06619866800008,1.7155764354093319,90.333333333300004,5.5555555555555571,47.222222222222221,490.17038258000002
7342,18808.333333333336,0.086026524885541272,0.31868235120366273,0.84988356225077533,27.777777777800001,0.36232727434771173,1.9168301264500001,339.10411218500002,1.6896459142033002,85.5,8.3333333333333339,30.555555555555557,2602.3988178000004
142,12900,0.082104500430663224,0.20956205857019811,0.8700701981050819,11.1111111111,0.70764465723477332,14.240615874222224,1500,1.8392777123107436,0,11.111111111111114,88.888888888888914,2883.2538416900002
17115,63641.666666666679,0.12520862031338659,0.34686069137095715,0.87182965824276548,36.111111111100001,1.6739941894006014,0,309.379790625,1.9985104619795599,476.936708861,280.5555555555556,244.44444444444446,619.90289296000003
16885,27280.555555555562,0.097893992465125756,0.32672386722329699,0.85997668261887794,22.222222222199999,1.1776999995546311,3.3643866486944449,1192.2134521099999,1.7209131073734776,68.666666666699996,66.666666666666671,288.88888888888891,462.96118784999999
15004,6430.5555555555557,0.17898116630669547,0.29580915766738658,0.88762120950323975,22.222222222199999,1.8143142114977584,3.7631331443055567,1500,1.7724112307341349,0,38.888888888888886,44.444444444444457,2882.66237009
15319,177.77777777777783,0.10624062500000001,0.41831875000000002,0.90423437500000003,0,0,0.9299300871166668,1500,0,0,0,2.7777777777777786,3000
17462,6211.1111111111122,0.046768872987477637,0.17365505366726294,0.86736793381037569,5.5555555555599998,0.67438430091769486,5.9156067104166672,1500,1.3317775565762302,0,11.111111111111114,44.444444444444457,3000
5632,18108.333333333336,0.091472020248504357,0.33216319987728182,0.85069222273354794,5.5555555555599998,0.20267710408621509,1.2756411348333334,1024.0100970200001,1.3935909011032697,74.200000000000003,8.3333333333333339,44.444444444444457,3000
13241,344.44444444444451,0.077468548387096769,0.23747903225806449,0.79036048387096769,0,1.0588830336309591,5.4913225825555561,1500,1.0986122886681096,0,0,13.888888888888893,3000
15314,3044.4444444444453,0.068367244525547446,0.21021085766423361,0.83657874087591244,0,1.6890886452346032,2.1052130085500003,1500,0.95569989111253439,0,2.7777777777777786,13.888888888888893,3000
424,10625,0.10357749019607844,0.30372334640522874,0.86848632679738558,22.222222222199999,0,4.3109630436666668,1500,1.7080120124338023,115.666666667,36.111111111111114,483.33333333333337,159.35205692
10721,7338.8888888888905,0.11595844057532173,0.23045995457986371,0.8537295230885692,8.3333333333300015,0.033744848774392266,7.8944313736666656,1500,1.6654747189767418,747.42857142899993,16.666666666666668,47.222222222222221,2696.5936994399999
5416,455.55555555555571,0.13433658536585366,0.25167865853658539,0.90553658536585357,0,0,8.4956542072222216,1500,0.69314718055994529,0,0,0,3000
15010,28119.444444444449,0.2283140768546873,0.3557103724192433,0.89115773980045443,16.666666666699999,0.73210610490933392,6.3009955232222215,1007.58924285,1.8489739521335602,363,77.7777777777778,75,1750.38865005
6315,852.77777777777771,0.063716286644951145,0.19412247557003254,0.89901661237785024,0,1.1260036517281935,0.76983159104166676,895.32713431299999,1.5406465859104317,141,72.222222222222229,11.111111111111114,2211.0836176799999
13540,2011.1111111111115,0.10284433701657457,0.41748411602209951,0.85039488950276232,8.3333333333300015,0,6.8842952775833348,1500,1.7481554572476763,0,36.111111111111114,58.333333333333343,1407.75718059
173,38400,0.18253194444444445,0.32279728732638885,0.87751311487268513,16.666666666699999,0,8.5187545846944452,757.56503887300005,1.8804131354693381,72.666666666699996,180.5555555555556,150,211.33917477
20616,658.33333333333337,0.07016497890295359,0.21829198312236286,0.87804303797468364,0,0,0.91557115285833324,1500,0.95027053923323479,0,0,27.777777777777786,3000
15909,3850,0.08344256854256854,0.18684848484848485,0.86432857142857145,0,0,3.6569132791111119,1500,0,0,0,8.3333333333333339,3000
3605,1625,0.09179777777777777,0.25395948717948719,0.82743367521367517,2.7777777777799999,1.6729466676528659,3.5706072079722233,576.78415121199998,0,0,0,5.5555555555555571,3000
12583,1255.5555555555557,0.059590929203539825,0.26994048672566368,0.83222168141592923,0,0,3.4318272687777784,1500,1.0986122886681096,0,0,2.7777777777777786,3000
15253,59936.111111111124,0.13926106965750568,0.36830377717013491,0.89333941233721093,27.777777777800001,0.1145794444407026,8.1862111080833344,275.31599823599998,2.0177874105736251,533,172.22222222222226,80.555555555555557,253.87206805
19759,27530.555555555562,0.12565188174755326,0.29513067298960755,0.86188230249218034,13.8888888889,0.052927142545948047,16.803128729305559,878.53632784000001,1.8564605950506332,78.833333333300004,111.11111111111113,119.44444444444444,205.77238077000001
2020,16086.111111111111,0.12678848212743912,0.23775990329822139,0.89166959074425833,5.5555555555599998,0.38887441192255923,7.7301766616111127,714.86086973699992,1.8196099494223037,48,13.888888888888893,22.222222222222229,550.54016503000003
17954,42502.777777777781,0.094117861577674669,0.30344275537546572,0.86303751388798111,22.222222222199999,0.06225923620707096,2.0562772760222225,751.43156973899988,2.0126784762531744,83.599999999999994,41.666666666666671,194.44444444444446,1406.8264023300001
20573,2758.333333333333,0.061918328298086613,0.18633776435045321,0.86430070493454181,2.7777777777799999,2.0190255081208743,5.2028141218055568,1500,0.95544714139376685,0,0,36.111111111111114,3000
10861,2219.4444444444448,0.089431163954943674,0.30630963704630793,0.89010225281601996,0,0.72803609137608738,0,792.51305525800001,0.75344246118023839,71.25,2.7777777777777786,25,1168.4044250100001
7859,59283.333333333343,0.15716330709399307,0.34652570518226972,0.8960461671820823,30.555555555599998,1.1207598763042479,6.905745860722222,579.43832991099998,1.7838884314140511,664.83333333300004,175,169.44444444444446,947.61484869999992
17729,1741.666666666667,0.082196172248803823,0.23478915470494416,0.85980462519936207,2.7777777777799999,0,9.6905284060555559,1500,1.2130075659799042,0,5.5555555555555571,0,3000
19863,6361.1111111111122,0.14671585152838429,0.2431697379912664,0.8416593886462882,5.5555555555599998,0.6947540421186964,0.89381212249166675,1218.12270061,1.6745067514925749,624.93333333300006,72.222222222222229,102.7777777777778,1315.6635389400001
10153,32916.666666666672,0.13719006751054852,0.28599071729957803,0.87148050632911389,55.555555555600002,1.4466517040322369,2.7862271870000006,1135.5783773200001,1.9041215063737429,159.33333333299998,41.666666666666671,252.77777777777786,1242.44232281
4957,12844.444444444443,0.085682223183390985,0.29552584342560562,0.87506224048442915,30.555555555599998,1.6369597326965997,6.803254813194445,1283.38228439,1.5148713463278145,0,19.44444444444445,213.88888888888889,1622.41558074
5289,22855.555555555562,0.12497316480311133,0.30114036217792906,0.8826330456976178,58.333333333299997,0,5.7992061903888885,596.429568131,1.8876425610529191,84.666666666699996,108.33333333333334,441.66666666666674,601.63927521000005
10610,18908.333333333336,0.083979418245923323,0.20154557073600704,0.84894479212575291,8.3333333333300015,0,19.743384007666663,1500,1.7952318698508103,63.833333333299997,22.222222222222229,252.77777777777786,129.06845311000001
19502,8594.4444444444453,0.077693729799612157,0.20805378151260506,0.85185539754363293,5.5555555555599998,0,3.9142173615277778,625.18590682800004,1.4929303437448125,0,2.7777777777777786,19.44444444444445,3000
8868,2433.333333333333,0.19355022831050231,0.32697614155251142,0.90831484018264841,0,1.6406414154081883,0,1500,1.5372374443786705,0,22.222222222222229,2.7777777777777786,2364.6247504299999
3382,8433.3333333333339,0.08956508563899869,0.22566327404479575,0.866163372859025,16.666666666699999,0,2.097544995841667,1500,1.8905918187988608,35,2.7777777777777786,119.44444444444444,1292.1823407500001
19775,4405.5555555555557,0.084898171500630532,0.2411165195460277,0.8547499369482976,0,0.31685558886863496,4.5262746471388891,1500,1.9226714991364169,420,8.3333333333333339,11.111111111111114,3000
4592,761.11111111111131,0.093117153284671531,0.21608905109489049,0.83199817518248176,0,0,5.0382301052222234,1500,1.0986122886681096,0,0,0,3000
8403,1847.2222222222226,0.042908571428571428,0.17952120300751881,0.86363428571428558,0,0,9.3418598636111128,1500,0,0,2.7777777777777786,5.5555555555555571,2172.17167187
14067,711.11111111111131,0.068729296874999998,0.26299218749999997,0.791891796875,0,0,3.5558571290555561,1500,0.63651416829481278,0,11.111111111111114,8.3333333333333339,2655.86315513
3156,61336.111111111124,0.15418871880802498,0.41232016665911869,0.87625495222136673,36.111111111100001,1.6764921255488332,3.9839274180833342,367.13340734300004,1.883107384761213,164,172.22222222222226,127.7777777777778,959.79728493000005
973,327.77777777777783,0.030292372881355931,0.22295338983050847,0.76596525423728812,0,0,0,1500,0,0,0,0,3000
17035,5466.666666666667,0.13186875000000001,0.31131849593495936,0.86623206300813005,2.7777777777799999,0.45746299559872328,0.15380665394527779,332.81693739900004,1.6576582911404043,0,80.555555555555557,58.333333333333343,394.93732355999998
2485,20066.666666666668,0.065037929125138422,0.21721720653377632,0.8559292220376522,16.666666666699999,1.2995237355695743,6.2609842217499994,315.33956726099996,1.6298510117086913,600,33.333333333333336,61.111111111111114,3000
3942,18575,0.081219874383131455,0.3026619410797069,0.84158371467025572,11.1111111111,0,8.0128631734999995,422.16287656699996,1.9048392878744409,0,63.888888888888893,52.777777777777779,3000
15382,602.77777777777783,0.048417972350230418,0.16604377880184332,0.85109585253456221,0,1.7076592774863559,2.4644958716472223,1500,1.0986122886681096,0,0,5.5555555555555571,3000
9889,11913.888888888892,0.085524947540219179,0.25099508043833063,0.86183667521566798,5.5555555555599998,1.6676628993768781,19.095881766249999,1500,1.6127332576630502,639.14285714300001,11.111111111111114,288.88888888888891,3000
7651,1002.7777777777781,0.059391412742382278,0.2353565096952909,0.87101468144044325,0,0,6.2456002990833346,1500,1.6092766236848226,83.5,19.44444444444445,11.111111111111114,3000
4003,11980.555555555557,0.12286519823788546,0.29335699049385583,0.86610229538604222,8.3333333333300015,0,4.9224142265833342,908.61162781100006,1.7766086227266789,70,25,22.222222222222229,2145.8554681599999
4517,2294.4444444444448,0.068671186440677962,0.18052602905569007,0.86449915254237286,5.5555555555599998,0,4.6387102598888887,1215.64284509,1.2798542258336674,0,2.7777777777777786,52.777777777777779,2348.2690059900001
20310,8080.5555555555566,0.10152265383293227,0.26856146442076317,0.88636074252320385,13.8888888889,2.0669204188188393,8.5895000438611131,824.64656238800001,1.6809215837776996,0,16.666666666666668,163.88888888888891,786.05782919000001
14474,9802.7777777777792,0.097903910456219878,0.27464882402947011,0.86524536695947851,0,0.4758726048752433,1.6017261641277778,163.80624582299998,1.4985756022054164,0,13.888888888888893,197.22222222222226,754.38256561000003
1695,14869.444444444449,0.091200149448907156,0.25731492620960211,0.8800828881001308,13.8888888889,1.1443026169262838,10.771602198055556,1147.2042319300001,1.7907665257346823,53,25,138.88888888888891,744.67496134999999
5773,1322.2222222222224,0.065538865546218489,0.2240079831932773,0.86360399159663859,0,0,5.5767527415555564,1069.3057098700001,1.2790075192745578,0,0,13.888888888888893,1610.8753114900001
14744,9838.8888888888905,0.07509328063241108,0.14761236589497459,0.84537176736307162,19.444444444400002,0,12.164140114638892,1500,1.7141512672350958,119,27.777777777777786,33.333333333333336,3000
9694,5858.3333333333339,0.074951114272166899,0.27903195827406352,0.85125822664770034,5.5555555555599998,0,16.088373143083338,1500,1.8926863453338696,0,19.44444444444445,30.555555555555557,3000
17151,1033.3333333333335,0.070523387096774193,0.2098997311827957,0.89039784946236566,0,0,4.8358364994722214,1500,0,0,0,5.5555555555555571,2306.17458412
983,6161.1111111111122,0.10478155996393146,0.24456073038773671,0.85580545536519392,2.7777777777799999,2.0458017802817898,1.2352331341777778,513.88454930699993,0.93243444811263976,180.66666666700002,16.666666666666668,44.444444444444457,969.10911744999999
9076,1658.3333333333335,0.096926465661641537,0.22670100502512561,0.88701892797319937,2.7777777777799999,0,3.3336481168055565,1500,1.0368353716214715,0,0,66.666666666666671,3000
10844,3322.2222222222222,0.069618561872909698,0.14941387959866226,0.86618085284280932,0,0,10.955193766861113,1500,1.310783678099714,0,0,0,2770.17146091
13546,12586.111111111111,0.11145122489516664,0.33901427940851908,0.8923783491502979,27.777777777800001,1.0477538757019138,5.8097804754999993,481.29465158099998,1.5642209568949113,163,33.333333333333336,533.33333333333337,789.05074782999998
10077,20075,0.084666127023661275,0.24545132143351325,0.86578399059083999,11.1111111111,0,7.7202341645000008,1126.70431831,2.0164221617638312,374.08333333300004,77.7777777777778,52.777777777777779,590.86161962000006
2130,8113.8888888888905,0.16037148236905172,0.46037466621020207,0.88936093803491956,8.3333333333300015,0,4.6117649435833332,494.18580135600001,1.9989913977132887,429,86.111111111111128,97.222222222222229,964.08159517000001
8788,32463.888888888891,0.12796723710105246,0.32992773166766493,0.86536314708650641,13.8888888889,0.77755002002595708,1.4902494706583334,333.20528713800002,1.7608613781991576,100,194.44444444444446,180.5555555555556,71.822185270000006
3510,15694.444444444449,0.10455361061946902,0.33681456637168145,0.86253553982300879,16.666666666699999,0.54301460593444306,9.5566029055555575,618.40640490199996,1.7785502425029391,51.166666666700003,36.111111111111114,163.88888888888891,370.19250111000002
13446,22041.666666666672,0.081864499054820405,0.31805429111531192,0.81995441713925654,30.555555555599998,1.7587663606064246,9.9214489094444431,1500,1.8510710294432036,305.80000000000001,41.666666666666671,133.33333333333334,598.67431124999996
16670,3305.5555555555561,0.070007983193277307,0.17410058823529412,0.85226697478991587,0,0,5.1786658331944455,1500,0,0,13.888888888888893,2.7777777777777786,3000
12374,30080.555555555562,0.20612975343983747,0.45261808107858531,0.89941302059285255,16.666666666699999,0,1.1139553379972225,528.86866925200002,1.8388244477127755,0,69.444444444444471,36.111111111111114,1340.7049469599999
6551,200,0.056509722222222225,0.26823055555555553,0.92875416666666677,0,0,0,847.347041494,0,0,0,0,1548.6413110999999
18745,12183.333333333336,0.15138344733242134,0.25374886000911995,0.86431798905608759,8.3333333333300015,0,1.7996613766305556,1287.1816718099999,1.6965752972847279,920.5,19.44444444444445,8.3333333333333339,2069.7026125100001
