FID,X1,X2,X3,X4,X6,X7,X8,X19,X10,X14,X17,X18,X22,base_value,prediction,observed
2682,-0.07548300176858902,0.0062988866120576859,0,-0.00068172719329595566,-0.0019514376763254404,0.0040492666885256767,-0.00035470037255436182,-0.0043812375515699387,-0.0092957643792033195,-0.023065488785505295,-0.16787923872470856,-0.046615421772003174,-0.054081771522760391,0.59798634052276611,0.22454488277435303,0
9479,-0.075574286282062531,0.0062988866120576859,0,-0.00068172719329595566,-0.0019514376763254404,0.0040492666885256767,-0.0076320399530231953,-0.0043812375515699387,-0.0092957643792033195,-0.023065488785505295,-0.16051062941551208,-0.046615421772003174,-0.054081771522760391,0.59798634052276611,0.22454488277435303,0
2056,0.66142833232879639,0.06064862385392189,0,-0.0092400526627898216,0.024265382438898087,-0.015550772659480572,0.051698610186576843,-0.0037639883812516928,0.038197834044694901,0.0025066081434488297,0.3238045871257782,0.10687312483787537,-0.32354399561882019,0.59798634052276611,1.5153112411499023,3
10165,-0.067176811397075653,0.0016728490591049194,0,-0.00068172719329595566,0.021780708804726601,-0.0011346579995006323,0.016467632725834846,-0.0037639883812516928,-0.0069783078506588936,0.029514247551560402,-0.13506017625331879,0.023572590202093124,-0.057922322303056717,0.59798634052276611,0.41827663779258728,0
11366,-0.067047856748104095,0.0055585145018994808,0,-0.00068172719329595566,-0.0012738922378048301,-0.0031891281250864267,-0.0076320399530231953,-0.0043812375515699387,0.021939147263765335,0.029256802052259445,-0.088288255035877228,0.057124804705381393,-0.048462465405464172,0.59798634052276611,0.4909091591835022,2
6446,-0.08343389630317688,0.0055585145018994808,0,-0.00068172719329595566,-0.0012738922378048301,-7.0058784331195056e-05,-0.0076320399530231953,-0.0043812375515699387,0.029987301677465439,0.029256802052259445,-0.090360306203365326,-0.046118717640638351,-0.050597574561834335,0.59798634052276611,0.37823963165283203,4
20291,-0.075574286282062531,0.0062988866120576859,0,-0.00068172719329595566,-0.0019514376763254404,0.0040492666885256767,-0.0076320399530231953,-0.0043812375515699387,-0.0092957643792033195,-0.023065488785505295,-0.16051062941551208,-0.046615421772003174,-0.054081771522760391,0.59798634052276611,0.22454488277435303,0
442,-0.072948500514030457,0.0062988866120576859,0,-0.00068172719329595566,-0.0012738922378048301,-0.0028859868180006742,-0.00035470037255436182,-0.0043812375515699387,-0.0086451191455125809,-0.023065488785505295,-0.16899043321609497,-0.031291685998439789,-0.048675194382667542,0.59798634052276611,0.24109160900115967,0
14853,-0.075574286282062531,0.0062988866120576859,0,-0.00068172719329595566,-0.0019514376763254404,0.0040492666885256767,-0.0076320399530231953,-0.0043812375515699387,-0.0092957643792033195,-0.023065488785505295,-0.16051062941551208,-0.046615421772003174,-0.054081771522760391,0.59798634052276611,0.22454488277435303,0
18363,-0.073694862425327301,0.0062988866120576859,0,-0.00068172719329595566,-0.0012738922378048301,-0.0028859868180006742,-0.0076320399530231953,-0.0043812375515699387,-0.0086451191455125809,-0.023065488785505295,-0.1616218239068985,-0.046615421772003174,-0.049242973327636719,0.59798634052276611,0.22454488277435303,0
19280,-0.075574286282062531,0.0062988866120576859,0,-0.00068172719329595566,-0.0019514376763254404,0.0040492666885256767,-0.0076320399530231953,-0.0043812375515699387,-0.0092957643792033195,-0.023065488785505295,-0.16051062941551208,-0.046615421772003174,-0.054081771522760391,0.59798634052276611,0.22454488277435303,0
1281,-0.076798610389232635,0.0058063571341335773,0,0.0016078826738521457,-0.0012738922378048301,-7.0058784331195056e-05,-0.0076320399530231953,-0.0043812375515699387,0.022343223914504051,-0.023322936147451401,-0.15598927438259125,-0.046615421772003174,-0.048634860664606094,0.59798634052276611,0.26302570104598999,0
8941,0.16829375922679901,0.034504927694797516,0,-0.00068172719329595566,0.024265382438898087,-0.0023161503486335278,0.14216135442256927,-0.0037639883812516928,0.060171432793140411,0.037249565124511719,0.53240835666656494,0.023904750123620033,-0.069577991962432861,0.59798634052276611,1.5446063280105591,4
14622,-0.073504060506820679,0.0062988866120576859,0,-0.00068172719329595566,0.0029900050722062588,0.00023308269737754017,-0.0076320399530231953,5.5566750233992934e-05,-0.0086451191455125809,-0.023065488785505295,-0.16811297833919525,0.00017097796080633998,-0.047376573085784912,0.59798634052276611,0.27871716022491455,0
10082,-0.40333589911460876,0.024338638409972191,0,-0.00068172719329595566,-0.027893496677279472,0.027292026206851006,0.14215235412120819,-0.047997448593378067,0.023118885233998299,0.012826542370021343,1.2177002429962158,-0.016222653910517693,0.64706265926361084,0.59798634052276611,2.1963458061218262,0
3939,-0.078018717467784882,0.0055585145018994808,0,-0.00068172719329595566,-0.0019514376763254404,0.0040492666885256767,0.016467632725834846,-0.0043812375515699387,-0.012336397543549538,0.040400564670562744,-0.12536516785621643,-0.046118717640638351,-0.055850271135568619,0.59798634052276611,0.33975878357887268,2
19900,-0.075574286282062531,0.0062988866120576859,0,-0.00068172719329595566,-0.0019514376763254404,0.0040492666885256767,-0.0076320399530231953,-0.0043812375515699387,-0.0092957643792033195,-0.023065488785505295,-0.16051062941551208,-0.046615421772003174,-0.054081771522760391,0.59798634052276611,0.22454488277435303,0
18365,-0.094904311001300812,0.0054050562903285027,0,-0.034552797675132751,-0.0079372720792889595,-0.0043385997414588928,-0.060527771711349487,-0.0017602797597646713,-0.1066562607884407,-0.036459676921367645,1.064134955406189,0.045306805521249771,-0.16164037585258484,0.59798634052276611,1.2040567398071289,0
16378,-0.040166169404983521,-0.059193212538957596,0,-0.00068172719329595566,-0.0022017830051481724,0.0045545022003352642,0.14189712703227997,-0.0043812375515699387,0.022595016285777092,0.050170857459306717,0.4672202467918396,-0.041160929948091507,-0.05628640204668045,0.59798634052276611,1.0803536176681519,0
17339,-0.064346551895141602,0.0062988866120576859,0,-0.00068172719329595566,-0.0019514376763254404,0.0040492666885256767,0.0553925521671772,-0.0043812375515699387,-0.0076289540156722069,-0.023065488785505295,-0.12195523828268051,0.023075874894857407,-0.050493407994508743,0.59798634052276611,0.41229912638664246,0
13268,-0.096421889960765839,0.0041030864231288433,0,-0.00068172719329595566,-0.0012738922378048301,0.042359478771686554,-0.0076320399530231953,-0.0043812375515699387,-0.0086451191455125809,0.029514247551560402,-0.18671475350856781,0.023572590202093124,-0.044104944914579391,0.59798634052276611,0.34768021106719971,0
1422,-0.42593547701835632,-0.066876702010631561,0,0.012156296521425247,-0.009574107825756073,0.10877899080514908,0.14223693311214447,0.061721198260784149,-0.069870807230472565,-0.035219654440879822,1.1800036430358887,0.10807354003190994,0.99844712018966675,0.59798634052276611,2.6019279956817627,4
15460,-0.10361046344041824,0.0055585145018994808,0,-0.00068172719329595566,-0.026230491697788239,0.0071751661598682404,-0.060527771711349487,-0.059671957045793533,0.022500956431031227,-0.019831059500575066,0.82949715852737427,-0.039898023009300232,-0.16908535361289978,0.59798634052276611,0.98318135738372803,0
584,-0.070614993572235107,0.0062988866120576859,0,-0.00068172719329595566,-0.0019514376763254404,0.0040492666885256767,0.016467632725834846,-0.0043812375515699387,-0.0092957643792033195,-0.023065488785505295,-0.11740939319133759,0.023075874894857407,-0.051705822348594666,0.59798634052276611,0.36877238750457764,0
5716,-0.081577591598033905,0.0062988866120576859,0,-0.00068172719329595566,-0.0012738922378048301,0.00087288313079625368,-0.0076320399530231953,-0.0043812375515699387,-0.011058547534048557,0.03952397033572197,-0.16746172308921814,-0.046118717640638351,-0.052890904247760773,0.59798634052276611,0.2716057300567627,0
13850,-0.072619304060935974,0.0062988866120576859,0,-0.00068172719329595566,-0.0012738922378048301,0.00023308269737754017,-0.0076320399530231953,-0.0043812375515699387,-0.0086451191455125809,-0.023065488785505295,-0.16189412772655487,0.023075874894857407,-0.046782203018665314,0.59798634052276611,0.30061933398246765,1
14692,0.15049293637275696,-0.001992958365008235,0,-0.00068172719329595566,-0.0014673550613224506,-0.00030860758852213621,-0.060263548046350479,0.0091549456119537354,0.058259375393390656,0.037249565124511719,0.3531326949596405,0.015676377341151237,-0.043366137892007828,0.59798634052276611,1.1138725280761719,1
6182,-0.075574286282062531,0.0062988866120576859,0,-0.00068172719329595566,-0.0019514376763254404,0.0040492666885256767,-0.0076320399530231953,-0.0043812375515699387,-0.0092957643792033195,-0.023065488785505295,-0.16051062941551208,-0.046615421772003174,-0.054081771522760391,0.59798634052276611,0.22454488277435303,0
988,0.10750072449445724,0.033297337591648102,0,0.0003468212962616235,0.005893167108297348,-5.4661977628711611e-06,-0.060263548046350479,0.0091549456119537354,-0.025492221117019653,-0.037541218101978302,0.26266101002693176,0.13496804237365723,-0.047328323125839233,0.59798634052276611,0.98117762804031372,0
6030,-0.079853169620037079,-0.0052338577806949615,0,-0.00048817350761964917,-0.0019514376763254404,0.0045545022003352642,-0.0076320399530231953,-0.0043812375515699387,0.028458705171942711,-0.023322936147451401,-0.14707855880260468,-0.046615421772003174,-0.051417093724012375,0.59798634052276611,0.26302570104598999,0
3366,-0.070988908410072327,0.0062988866120576859,0,-0.00068172719329595566,-0.0019514376763254404,0.0040492666885256767,0.016467632725834846,-0.0043812375515699387,-0.0092957643792033195,-0.023065488785505295,-0.18518851697444916,0.023075874894857407,-0.051705822348594666,0.59798634052276611,0.30061933398246765,0
16428,-0.07539454847574234,-0.0066046523861587048,0,0.0012933581601828337,-0.0019514376763254404,0.0040492666885256767,-0.0076320399530231953,-0.0043812375515699387,-0.01092097070068121,-0.023065488785505295,-0.081150107085704803,-0.046615421772003174,-0.052915330976247787,0.59798634052276611,0.29269790649414062,0
19303,-0.037340525537729263,0.0041030864231288433,0,-0.00068172719329595566,-0.0015242373337969184,0.00087288313079625368,0.016467632725834846,-0.0043812375515699387,-0.0069783078506588936,-0.044673047959804535,-0.028473805636167526,0.023857636377215385,-0.047380346804857254,0.59798634052276611,0.47185459733009338,0
13732,-0.073694862425327301,0.0062988866120576859,0,-0.00068172719329595566,-0.0012738922378048301,-0.0028859868180006742,-0.0076320399530231953,-0.0043812375515699387,-0.0086451191455125809,-0.023065488785505295,-0.1616218239068985,-0.046615421772003174,-0.049242973327636719,0.59798634052276611,0.22454488277435303,0
20745,-0.075574286282062531,0.0062988866120576859,0,-0.00068172719329595566,-0.0012738922378048301,0.00087288313079625368,-0.0076320399530231953,-0.0043812375515699387,-0.0086451191455125809,-0.023065488785505295,-0.1616218239068985,-0.046615421772003174,-0.051122412085533142,0.59798634052276611,0.22454488277435303,0
8147,-0.10126050561666489,0.0062988866120576859,0,-0.00068172719329595566,-0.0012738922378048301,0.042359478771686554,-0.0076320399530231953,-0.0043812375515699387,-0.0086451191455125809,-0.023065488785505295,-0.18301597237586975,-0.046615421772003174,-0.045528609305620193,0.59798634052276611,0.22454488277435303,0
8417,0.091568730771541595,-0.010931202210485935,0,-0.00048817350761964917,-0.008016691543161869,-0.0031210652086883783,-0.060263548046350479,0.12582173943519592,0.0038086851127445698,0.021242685616016388,0.97353559732437134,0.030673176050186157,-0.15641584992408752,0.59798634052276611,1.6053999662399292,0
12981,0.12828373908996582,0.0033627140801399946,0,-0.00068172719329595566,-0.0019514376763254404,0.0036761516239494085,-0.0073678097687661648,-0.0043812375515699387,0.0035829613916575909,0.024727620184421539,-0.090157218277454376,-0.035148940980434418,-0.048977047204971313,0.59798634052276611,0.57295465469360352,1
17332,-0.070698104798793793,0.0062988866120576859,0,-0.00068172719329595566,-0.0019514376763254404,0.0040492666885256767,0.016467632725834846,-0.0043812375515699387,-0.0092957643792033195,-0.023065488785505295,-0.11713708192110062,0.0093773305416107178,-0.052247259765863419,0.59798634052276611,0.35472160577774048,0
18806,-0.071294821798801422,0.0062988866120576859,0,-0.00068172719329595566,-0.0019514376763254404,0.0040492666885256767,-0.0076320399530231953,-0.0043812375515699387,-0.0092957643792033195,-0.023065488785505295,-0.16078293323516846,0.023075874894857407,-0.051705822348594666,0.59798634052276611,0.30061933398246765,3
16070,-0.067331977188587189,0.0062988866120576859,0,-0.00068172719329595566,-0.0019514376763254404,0.0040492666885256767,0.0553925521671772,-0.0043812375515699387,-0.0092957643792033195,-0.022251004353165627,-0.1037241667509079,0.19893810153007507,-0.053208738565444946,0.59798634052276611,0.59983891248703003,1
16028,0.11113174259662628,-0.0040209591388702393,0,0.0003468212962616235,-0.0094273686408996582,-0.0060661970637738705,-0.060263548046350479,-0.059671957045793533,0.05841711163520813,0.022610226646065712,0.78708887100219727,0.015315646305680275,-0.17278435826301575,0.59798634052276611,1.2806624174118042,1
6226,-0.06941540539264679,0.0062988866120576859,0,-0.00068172719329595566,-0.0012738922378048301,-0.0028859868180006742,-0.0076320399530231953,-0.0043812375515699387,-0.0086451191455125809,-0.023065488785505295,-0.16189412772655487,0.023075874894857407,-0.04686703160405159,0.59798634052276611,0.30061933398246765,0
1900,0.18531617522239685,-0.001992958365008235,0,-0.00068172719329595566,-0.0064353416673839092,-0.00027435008087195456,-0.060263548046350479,0.0091549456119537354,0.056709419935941696,0.031087271869182587,0.27837854623794556,0.10836302489042282,0.11002900451421738,0.59798634052276611,1.3073774576187134,2
15784,-0.077875725924968719,0.0055585145018994808,0,-0.00068172719329595566,-0.0015242373337969184,0.00025427748914808035,-0.0076320399530231953,-0.0043812375515699387,0.02782890759408474,-0.044930495321750641,0.0057437880896031857,0.023857636377215385,-0.04752562940120697,0.59798634052276611,0.47667855024337769,0
12740,0.12420453876256943,0.0008966470486484468,0,0.0016078826738521457,-0.001217010198161006,0.0018158257007598877,-9.0469271526671946e-05,0.0091549456119537354,-0.026142865419387817,0.029514247551560402,-0.10760775953531265,-0.02282659150660038,-0.048101350665092468,0.59798634052276611,0.55919486284255981,0
8544,-0.1080528050661087,0.0062988866120576859,0,-0.00068172719329595566,-0.0012738922378048301,0.049657925963401794,-0.0076320399530231953,-0.0043812375515699387,-0.0086451191455125809,-0.023065488785505295,-0.18301597237586975,-0.031291685998439789,-0.044811870902776718,0.59798634052276611,0.24109160900115967,1
16693,-0.071280680596828461,0.00093247659970074892,0,-0.00068172719329595566,-0.0015242373337969184,0.00025427748914808035,-0.0076320399530231953,-0.0043812375515699387,0.022500956431031227,0.037249565124511719,0.034751851111650467,0.024354351684451103,-0.049589939415454865,0.59798634052276611,0.58294010162353516,0
1762,0.09923369437456131,0.0062988866120576859,0,-0.00068172719329595566,0.021780708804726601,-0.0026528083253651857,-0.0073678097687661648,-0.0037639883812516928,-0.027905652299523354,0.025948937982320786,-0.17096906900405884,0.20460687577724457,-0.054942075163125992,0.59798634052276611,0.68757283687591553,0
8157,-0.075574286282062531,0.0062988866120576859,0,-0.00068172719329595566,-0.0019514376763254404,0.0040492666885256767,-0.0076320399530231953,-0.0043812375515699387,-0.0092957643792033195,-0.023065488785505295,-0.16051062941551208,-0.046615421772003174,-0.054081771522760391,0.59798634052276611,0.22454488277435303,0
9066,-0.075574286282062531,0.0062988866120576859,0,-0.00068172719329595566,-0.0019514376763254404,0.0040492666885256767,-0.0076320399530231953,-0.0043812375515699387,-0.0092957643792033195,-0.023065488785505295,-0.16051062941551208,-0.046615421772003174,-0.054081771522760391,0.59798634052276611,0.22454488277435303,1
4131,-0.075574286282062531,0.0062988866120576859,0,-0.00068172719329595566,-0.0019514376763254404,0.0040492666885256767,-0.0076320399530231953,-0.0043812375515699387,-0.0092957643792033195,-0.023065488785505295,-0.16051062941551208,-0.046615421772003174,-0.054081771522760391,0.59798634052276611,0.22454488277435303,0
5231,-0.068560458719730377,0.0041030864231288433,0,-0.00068172719329595566,-0.0012738922378048301,-0.0028859868180006742,-0.0076320399530231953,-0.0043812375515699387,-0.0086451191455125809,-0.023065488785505295,-0.074608534574508667,0.056937448680400848,-0.045769128948450089,0.59798634052276611,0.42152348160743713,0
8861,-0.075574286282062531,0.0062988866120576859,0,-0.00068172719329595566,-0.0019514376763254404,0.0040492666885256767,-0.0076320399530231953,-0.0043812375515699387,-0.0092957643792033195,-0.023065488785505295,-0.16051062941551208,-0.046615421772003174,-0.054081771522760391,0.59798634052276611,0.22454488277435303,0
6627,0.11016712337732315,-0.060418490320444107,0,3.2296738936565816e-05,-0.0014673550613224506,-0.0040674777701497078,-0.060263548046350479,0.0091549456119537354,0.003650951199233532,0.037249565124511719,0.30451977252960205,0.015676377341151237,-0.044562816619873047,0.59798634052276611,0.90765821933746338,0
20205,-0.10126050561666489,0.0062988866120576859,0,-0.00068172719329595566,-0.0012738922378048301,0.042359478771686554,-0.0076320399530231953,-0.0043812375515699387,-0.0086451191455125809,-0.023065488785505295,-0.18301597237586975,-0.046615421772003174,-0.045528609305620193,0.59798634052276611,0.22454488277435303,0
17118,-0.068683013319969177,0.0055585145018994808,0,-0.00068172719329595566,-0.0019514376763254404,0.0045545022003352642,-0.0076320399530231953,-0.0043812375515699387,0.022096877917647362,-0.023322936147451401,-0.088115707039833069,0.023075874894857407,-0.05125107616186142,0.59798634052276611,0.40725323557853699,1
4794,-0.075574286282062531,0.0062988866120576859,0,-0.00068172719329595566,-0.0019514376763254404,0.0040492666885256767,-0.0076320399530231953,-0.0043812375515699387,-0.0092957643792033195,-0.023065488785505295,-0.16051062941551208,-0.046615421772003174,-0.054081771522760391,0.59798634052276611,0.22454488277435303,0
3274,-0.069823019206523895,0.0041030864231288433,0,-0.00068172719329595566,-0.0019514376763254404,0.0040492666885256767,-0.0076320399530231953,-0.0043812375515699387,-0.0092957643792033195,-0.023065488785505295,-0.093003802001476288,0.023075874894857407,-0.050607919692993164,0.59798634052276611,0.36877238750457764,0
2385,-0.16534581780433655,-0.059653282165527344,0,-0.0005745904054492712,-0.0063020763918757439,0.019257040694355965,-0.060187973082065582,0.0065702451393008232,-0.012291825376451015,0.045236360281705856,0.27295604348182678,-0.0045048589818179607,0.47236937284469604,0.59798634052276611,1.1055153608322144,0
15960,-0.075574286282062531,0.0062988866120576859,0,-0.00068172719329595566,-0.0019514376763254404,0.0040492666885256767,-0.0076320399530231953,-0.0043812375515699387,-0.0092957643792033195,-0.023065488785505295,-0.16051062941551208,-0.046615421772003174,-0.054081771522760391,0.59798634052276611,0.22454488277435303,1
1741,-0.073694862425327301,0.0062988866120576859,0,-0.00068172719329595566,-0.0012738922378048301,-0.0028859868180006742,-0.0076320399530231953,-0.0043812375515699387,-0.0086451191455125809,-0.023065488785505295,-0.1616218239068985,-0.046615421772003174,-0.049242973327636719,0.59798634052276611,0.22454488277435303,0
2652,-0.061475664377212524,-0.066876702010631561,0,0.011361280456185341,-0.0096002714708447456,-0.016358533874154091,0.14223693311214447,0.061721198260784149,-0.076558448374271393,-0.03291485458612442,1.5505249500274658,0.10807354003190994,0.88430005311965942,0.59798634052276611,3.0924210548400879,1
17570,-0.40313443541526794,-0.066876702010631561,0,0.011361280456185341,-0.009574107825756073,-0.0014444614062085748,-0.060187973082065582,0.061721198260784149,-0.079716287553310394,-0.035219654440879822,1.2770355939865112,0.10807354003190994,0.84077805280685425,0.59798634052276611,2.2408037185668945,4
1855,-0.075574286282062531,0.006546730175614357,0,0.0003468212962616235,-0.0019514376763254404,0.0040492666885256767,-0.0076320399530231953,-0.0043812375515699387,-0.0092957643792033195,-0.023065488785505295,-0.16178703308105469,-0.046615421772003174,-0.054081771522760391,0.59798634052276611,0.22454488277435303,0
18902,-0.075574286282062531,0.0062988866120576859,0,-0.00068172719329595566,-0.0019514376763254404,0.0040492666885256767,-0.0076320399530231953,-0.0043812375515699387,-0.0092957643792033195,-0.023065488785505295,-0.16051062941551208,-0.046615421772003174,-0.054081771522760391,0.59798634052276611,0.22454488277435303,0
5915,0.16168352961540222,0.034504927694797516,0,-0.00068172719329595566,-0.0014673550613224506,-0.000948408676777035,0.00076492992229759693,0.0091549456119537354,0.060171432793140411,0.03569924458861351,0.35363423824310303,0.095148853957653046,-0.061248347163200378,0.59798634052276611,1.2844027280807495,1
18115,-0.072238504886627197,0.0033627140801399946,0,-0.00068172719329595566,-0.0019514376763254404,0.0045545022003352642,-0.0076320399530231953,-0.0043812375515699387,0.022096877917647362,-0.023322936147451401,-0.15562249720096588,-0.046615421772003174,-0.052529122680425644,0.59798634052276611,0.26302570104598999,0
10146,-0.073808342218399048,0.0062988866120576859,0,-0.00068172719329595566,-0.0022017830051481724,0.0040492666885256767,-0.0076320399530231953,-0.0043812375515699387,-0.0092957643792033195,0.037507008761167526,0.027966335415840149,0.042411312460899353,-0.054101958870887756,0.59798634052276611,0.56411623954772949,1
18994,-0.10259012132883072,0.006546730175614357,0,0.0016078826738521457,-0.0012738922378048301,0.042359478771686554,-0.0076320399530231953,-0.0043812375515699387,-0.0086451191455125809,-0.023065488785505295,-0.18429237604141235,-0.046615421772003174,-0.045460071414709091,0.59798634052276611,0.22454488277435303,0
16833,-0.072619304060935974,0.0062988866120576859,0,-0.00068172719329595566,-0.0012738922378048301,0.00023308269737754017,-0.0076320399530231953,-0.0043812375515699387,-0.0086451191455125809,-0.023065488785505295,-0.16029387712478638,0.041132848709821701,-0.046782203018665314,0.59798634052276611,0.32027646899223328,5
4058,-0.075800880789756775,0.0041030864231288433,0,-0.00068172719329595566,-0.0012738922378048301,0.00023308269737754017,-0.0076320399530231953,-0.0043812375515699387,-0.0086451191455125809,-0.023065488785505295,-0.1616218239068985,-0.046615421772003174,-0.048060234636068344,0.59798634052276611,0.22454488277435303,0
8723,-0.099729709327220917,0.022142840549349785,0,-0.00068172719329595566,-0.008016691543161869,-0.0086312508210539818,-0.060527771711349487,0.12582173943519592,0.022343223914504051,0.021242685616016388,1.0061302185058594,0.029949299991130829,-0.14148139953613281,0.59798634052276611,1.5065480470657349,2
17590,-0.0725846067070961,0.0062988866120576859,0,-0.00068172719329595566,0.0033516115508973598,0.00023308269737754017,0.016467632725834846,-0.0043812375515699387,-0.0086451191455125809,0.027963928878307343,-0.11081419140100479,0.19707003235816956,-0.051313884556293488,0.59798634052276611,0.60095071792602539,0
11426,-0.075429379940032959,0.0062988866120576859,0,-0.00068172719329595566,-0.0019514376763254404,0.0040492666885256767,-0.0076320399530231953,-0.0043812375515699387,-0.0092957643792033195,-0.023065488785505295,-0.16051062941551208,-0.037334047257900238,-0.053745977580547333,0.59798634052276611,0.23430699110031128,0
18029,-0.06941540539264679,0.0062988866120576859,0,-0.00068172719329595566,-0.0012738922378048301,-0.0028859868180006742,-0.0076320399530231953,-0.0043812375515699387,-0.0086451191455125809,-0.023065488785505295,-0.16189412772655487,0.023075874894857407,-0.04686703160405159,0.59798634052276611,0.30061933398246765,0
13612,-0.074064947664737701,-0.0063444166444242001,0,-0.00048817350761964917,-0.0019514376763254404,0.0040492666885256767,-0.0076320399530231953,-0.0043812375515699387,-0.01092097070068121,-0.023065488785505295,-0.080889873206615448,-0.046615421772003174,-0.05298386886715889,0.59798634052276611,0.29269790649414062,0
3053,-0.071294821798801422,0.006546730175614357,0,0.0003468212962616235,-0.0019514376763254404,0.0040492666885256767,-0.0076320399530231953,-0.0043812375515699387,-0.0092957643792033195,-0.023065488785505295,-0.16205933690071106,0.023075874894857407,-0.051705822348594666,0.59798634052276611,0.30061933398246765,0
4266,-0.069147862493991852,0.0062988866120576859,0,-0.00068172719329595566,-0.001217010198161006,-0.0028859868180006742,-0.0076320399530231953,0.0091549456119537354,-0.0086451191455125809,-0.022251004353165627,-0.094879984855651855,0.19893810153007507,-0.048725202679634094,0.59798634052276611,0.5563122034072876,1
14737,-0.07502380758523941,0.0036105571780353785,0,0.0016078826738521457,-0.001217010198161006,-7.0058784331195056e-05,0.016467632725834846,5.5566750233992934e-05,0.021939147263765335,-0.023322936147451401,-0.10205274075269699,-0.0463060662150383,-0.047536958009004593,0.59798634052276611,0.34613779187202454,0
3940,0.09398544579744339,0.034504927694797516,0,-0.00068172719329595566,-0.0022017830051481724,0.0036761516239494085,0.15974961221218109,-0.0043812375515699387,0.0035829613916575909,0.037249565124511719,0.54837518930435181,0.015676377341151237,-0.05099773034453392,0.59798634052276611,1.4365242719650269,1
9793,-0.076113060116767883,0.0062988866120576859,0,-0.00068172719329595566,-0.0012738922378048301,0.00087288313079625368,-0.0076320399530231953,-0.0043812375515699387,-0.0086451191455125809,0.029514247551560402,-0.16504830121994019,-0.046118717640638351,-0.053172580897808075,0.59798634052276611,0.2716057300567627,0
9564,-0.075574286282062531,0.0062988866120576859,0,-0.00068172719329595566,-0.0019514376763254404,0.0040492666885256767,-0.0076320399530231953,-0.0043812375515699387,-0.0092957643792033195,-0.023065488785505295,-0.16051062941551208,-0.046615421772003174,-0.054081771522760391,0.59798634052276611,0.22454488277435303,0
16930,0.1724972277879715,-9.1568435891531408e-05,0,-0.00068172719329595566,-0.001217010198161006,-0.0040674777701497078,-9.0469271526671946e-05,0.0091549456119537354,0.058259375393390656,0.029256802052259445,-0.11253012716770172,-0.035148940980434418,-0.040204986929893494,0.59798634052276611,0.67312294244766235,1
4559,-0.071294821798801422,0.0062988866120576859,0,-0.00068172719329595566,-0.0019514376763254404,0.0040492666885256767,-0.0076320399530231953,-0.0043812375515699387,-0.0092957643792033195,-0.023065488785505295,-0.16078293323516846,0.023075874894857407,-0.051705822348594666,0.59798634052276611,0.30061933398246765,0
18972,-0.088748745620250702,-9.1568435891531408e-05,0,-0.00068172719329595566,-0.0022017830051481724,0.0045545022003352642,-0.00035470037255436182,-0.0043812375515699387,0.030643168836832047,0.050170857459306717,0.018015302717685699,-0.047116626054048538,-0.054487578570842743,0.59798634052276611,0.50330626964569092,0
7026,-0.071294821798801422,0.0062988866120576859,0,-0.00068172719329595566,-0.0012738922378048301,0.0026941748801618814,-0.0076320399530231953,-0.0043812375515699387,-0.0092957643792033195,-0.023065488785505295,-0.16010540723800659,0.023075874894857407,-0.051705822348594666,0.59798634052276611,0.30061933398246765,0
17931,0.15716800093650818,-0.00096891354769468307,0,-0.00068172719329595566,-0.0015242373337969184,-0.0040674777701497078,0.14216135442256927,-0.0043812375515699387,0.058259375393390656,0.037249565124511719,0.52046322822570801,0.015676377341151237,-0.042343851178884506,0.59798634052276611,1.4749972820281982,1
11734,-0.075574286282062531,0.0062988866120576859,0,-0.00068172719329595566,-0.0019514376763254404,0.0040492666885256767,-0.0076320399530231953,-0.0043812375515699387,-0.0092957643792033195,-0.023065488785505295,-0.16051062941551208,-0.046615421772003174,-0.054081771522760391,0.59798634052276611,0.22454488277435303,0
19104,-0.070855997502803802,-0.0035284301266074181,0,-0.00068172719329595566,-0.0012738922378048301,0.00087288313079625368,-0.0076320399530231953,-0.0043812375515699387,-0.0086451191455125809,-0.015933653339743614,-0.064072132110595703,0.22847995162010193,-0.050363890826702118,0.59798634052276611,0.59997093677520752,0
144,-0.48336300253868103,-0.01042620837688446,0,-0.0005745904054492712,-0.011090368032455444,0.017463589087128639,-0.060272529721260071,-0.034379478543996811,-0.0080341817811131477,-0.043022692203521729,1.2115466594696045,-0.00034423591569066048,0.83937996625900269,0.59798634052276611,2.0148696899414062,3
10753,-0.063959166407585144,0.034504927694797516,0,-0.00068172719329595566,-0.0022017830051481724,0.0045545022003352642,0.14189712703227997,-0.0043812375515699387,0.022500956431031227,0.037249565124511719,0.54396742582321167,0.038538400083780289,-0.05590420588850975,0.59798634052276611,1.2940717935562134,1
13078,-0.069041483104228973,0.0062988866120576859,0,-0.00068172719329595566,-0.001217010198161006,-0.0028859868180006742,-0.0076320399530231953,0.0091549456119537354,-0.0086451191455125809,-0.023065488785505295,-0.10856518149375916,0.023075874894857407,-0.046009883284568787,0.59798634052276611,0.36877238750457764,0
14042,-0.099281400442123413,0.0016728490591049194,0,-0.00068172719329595566,-0.0015242373337969184,0.042359478771686554,-0.0076320399530231953,-0.0043812375515699387,-0.0086451191455125809,0.037507008761167526,0.0047836205922067165,-0.00033022018033079803,-0.045279085636138916,0.59798634052276611,0.51655423641204834,0
16340,-0.039806213229894638,0.0041030864231288433,0,-0.00068172719329595566,-0.0019514376763254404,0.0040492666885256767,-0.0076320399530231953,-0.0043812375515699387,-0.0076289540156722069,-0.023065488785505295,-0.16366004943847656,-0.037334047257900238,-0.052033908665180206,0.59798634052276611,0.26796391606330872,1
175,0.1416410356760025,0.0036677776370197535,0,0.0003468212962616235,-0.0012738922378048301,-0.0040674777701497078,-0.0073678097687661648,-0.0043812375515699387,0.0034252279438078403,0.029256802052259445,-0.079921111464500427,-0.02282659150660038,-0.058810699731111526,0.59798634052276611,0.59767580032348633,0
18069,-0.068011581897735596,0.0041030864231288433,0,-0.00068172719329595566,-0.0012738922378048301,-0.0028859868180006742,0.016467632725834846,-0.0043812375515699387,-0.0086451191455125809,-0.023065488785505295,-0.18629971146583557,0.023075874894857407,-0.045769128948450089,0.59798634052276611,0.30061933398246765,0
18133,-0.068036898970603943,0.0062988866120576859,0,-0.00068172719329595566,-0.0012738922378048301,0.00087288313079625368,-0.0072973784990608692,-0.0043812375515699387,-0.0069783078506588936,-0.023065488785505295,-0.099000461399555206,0.023075874894857407,-0.048746462911367416,0.59798634052276611,0.36877238750457764,0
3546,-0.071833565831184387,0.0062988866120576859,0,-0.00068172719329595566,-0.0019514376763254404,0.0040492666885256767,-0.0076320399530231953,-0.0043812375515699387,-0.0092957643792033195,0.029514247551560402,-0.16420947015285492,0.023572590202093124,-0.053756006062030792,0.59798634052276611,0.34768021106719971,0
20007,-0.40313443541526794,-0.066876702010631561,0,0.011361280456185341,-0.009574107825756073,-0.0014444614062085748,-0.060187973082065582,0.061721198260784149,-0.079716287553310394,-0.035219654440879822,1.2770355939865112,0.10807354003190994,0.84077805280685425,0.59798634052276611,2.2408037185668945,1
313,-0.075574286282062531,0.0062988866120576859,0,-0.00068172719329595566,-0.0019514376763254404,0.0040492666885256767,-0.0076320399530231953,-0.0043812375515699387,-0.0092957643792033195,-0.023065488785505295,-0.16051062941551208,-0.046615421772003174,-0.054081771522760391,0.59798634052276611,0.22454488277435303,1
3252,-0.072477079927921295,0.0043509285897016525,0,0.0016078826738521457,-0.0012738922378048301,0.00023308269737754017,-0.0076320399530231953,-0.0043812375515699387,-0.0086451191455125809,-0.023065488785505295,-0.095391355454921722,0.023075874894857407,-0.04561576247215271,0.59798634052276611,0.36877238750457764,0
2444,-0.071294821798801422,0.0062988866120576859,0,-0.00068172719329595566,-0.0012738922378048301,0.0026941748801618814,-0.0076320399530231953,-0.0043812375515699387,-0.0092957643792033195,-0.023065488785505295,-0.16010540723800659,0.023075874894857407,-0.051705822348594666,0.59798634052276611,0.30061933398246765,0
16613,-0.069638751447200775,-0.0032805872615426779,0,0.0003468212962616235,-0.0018945554038509727,0.0040492666885256767,0.016467632725834846,0.0091549456119537354,-0.0092957643792033195,-0.022251004353165627,-0.11332402378320694,0.19021950662136078,-0.052466101944446564,0.59798634052276611,0.5460735559463501,1
800,-0.074827924370765686,0.0062988866120576859,0,-0.00068172719329595566,-0.0012738922378048301,0.00087288313079625368,-0.00035470037255436182,-0.0043812375515699387,-0.0086451191455125809,-0.023065488785505295,-0.16899043321609497,-0.031291685998439789,-0.050554636865854263,0.59798634052276611,0.24109160900115967,0
14786,-0.038631487637758255,0.0008966470486484468,0,0.0003468212962616235,-0.0019514376763254404,0.0040492666885256767,0.016467632725834846,-0.0043812375515699387,-0.0076289540156722069,-0.023065488785505295,-0.1180933341383934,-0.031291685998439789,-0.051801927387714386,0.59798634052276611,0.34290173649787903,3
2436,-0.072624422609806061,0.006546730175614357,0,0.0016078826738521457,-0.0019514376763254404,0.0040492666885256767,-0.0076320399530231953,-0.0043812375515699387,-0.0092957643792033195,-0.023065488785505295,-0.16205933690071106,0.023075874894857407,-0.051637288182973862,0.59798634052276611,0.30061933398246765,0
10174,-0.092057928442955017,-0.010931202210485935,0,-0.00048817350761964917,-0.0094273686408996582,-0.0055121826007962227,-0.060527771711349487,-0.059671957045793533,0.022164870053529739,0.021242685616016388,0.81693202257156372,-0.039741992950439453,-0.16483677923679352,0.59798634052276611,1.0151315927505493,4
6911,-0.072733879089355469,0.0062988866120576859,0,-0.00068172719329595566,-0.0012738922378048301,-0.0028859868180006742,0.016467632725834846,-0.0043812375515699387,-0.0086451191455125809,-0.023065488785505295,-0.18602739274501801,-0.031291685998439789,-0.048675194382667542,0.59798634052276611,0.24109160900115967,1
20026,-0.075574286282062531,0.0062988866120576859,0,-0.00068172719329595566,-0.0019514376763254404,0.0040492666885256767,-0.0076320399530231953,-0.0043812375515699387,-0.0092957643792033195,-0.023065488785505295,-0.16051062941551208,-0.046615421772003174,-0.054081771522760391,0.59798634052276611,0.22454488277435303,0
7375,0.1217542439699173,0.0055585145018994808,0,-0.00068172719329595566,0.002255577826872468,0.0036761516239494085,-0.0073678097687661648,-0.0043812375515699387,0.0035829613916575909,-0.023322936147451401,-0.090763047337532043,0.041994437575340271,-0.061546929180622101,0.59798634052276611,0.58874493837356567,0
18820,-0.076571278274059296,0.0033627140801399946,0,-0.00068172719329595566,-0.0015242373337969184,-0.0031891281250864267,-0.00035470037255436182,-0.0043812375515699387,0.029987301677465439,-0.044930495321750641,-0.0013784836046397686,0.023857636377215385,-0.045504331588745117,0.59798634052276611,0.47667855024337769,0
6362,-0.07447640597820282,0.0041030864231288433,0,-0.00068172719329595566,-0.0019514376763254404,0.0040492666885256767,-0.0076320399530231953,-0.0043812375515699387,-0.0092957643792033195,-0.023065488785505295,-0.16051062941551208,-0.046615421772003174,-0.05298386886715889,0.59798634052276611,0.22454488277435303,0
19709,0.10616781562566757,0.0058063571341335773,0,0.0003468212962616235,-0.0018945554038509727,0.0036761516239494085,0.016731863841414452,0.0091549456119537354,0.0035829613916575909,0.029256802052259445,-0.1350909024477005,0.008938940241932869,-0.047896582633256912,0.59798634052276611,0.5967676043510437,0
2574,-0.074175737798213959,-0.0052338577806949615,0,-0.00048817350761964917,-0.0022017830051481724,0.0045545022003352642,-0.0076320399530231953,-0.0043812375515699387,0.022322600707411766,-0.044930495321750641,0.011712878942489624,-0.047613330185413361,-0.05287507176399231,0.59798634052276611,0.39704489707946777,0
9024,-0.075574286282062531,0.0062988866120576859,0,-0.00068172719329595566,-0.0012738922378048301,0.00087288313079625368,-0.0076320399530231953,-0.0043812375515699387,-0.0086451191455125809,-0.023065488785505295,-0.1616218239068985,-0.046615421772003174,-0.051122412085533142,0.59798634052276611,0.22454488277435303,0
9369,-0.24868778884410858,0.013351938687264919,0,-0.0005745904054492712,-0.0061086136847734451,0.017716813832521439,0.016722876578569412,-0.0033613787963986397,-0.004133232869207859,-0.047148481011390686,-0.22773396968841553,0.026490576565265656,0.55478835105895996,0.59798634052276611,0.68930906057357788,0
19120,0.11280389130115509,-0.010931202210485935,0,-0.00048817350761964917,-0.026230491697788239,0.0062968158163130283,-0.060263548046350479,-0.059671957045793533,0.0038086851127445698,0.021242685616016388,0.83913189172744751,-0.028772223740816116,-0.17899419367313385,0.59798634052276611,1.2159185409545898,1
14897,-0.075338095426559448,0.0062988866120576859,0,-0.00068172719329595566,-0.0019514376763254404,0.0040492666885256767,-0.00035470037255436182,-0.0043812375515699387,-0.0092957643792033195,-0.023065488785505295,-0.16787923872470856,-0.037334047257900238,-0.053745977580547333,0.59798634052276611,0.23430699110031128,0
14385,0.12567397952079773,0.041557975113391876,0,-0.0005745904054492712,-0.0062797027640044689,-0.053880605846643448,0.14223693311214447,-0.0033613787963986397,0.018442759290337563,0.038077060133218765,0.51224172115325928,-0.0045048589818179607,0.89559465646743774,0.59798634052276611,2.3032102584838867,3
12992,-0.041199900209903717,0.0055585145018994808,0,-0.00068172719329595566,-0.0019514376763254404,0.0045545022003352642,-0.0076320399530231953,-0.0043812375515699387,0.022096877917647362,0.029256802052259445,-0.089873529970645905,-0.030794966965913773,-0.054495267570018768,0.59798634052276611,0.42844346165657043,1
20499,-0.075574286282062531,0.0062988866120576859,0,-0.00068172719329595566,-0.0019514376763254404,0.0040492666885256767,-0.0076320399530231953,-0.0043812375515699387,-0.0092957643792033195,-0.023065488785505295,-0.16051062941551208,-0.046615421772003174,-0.054081771522760391,0.59798634052276611,0.22454488277435303,0
12402,-0.11111666262149811,-0.0057889111340045929,0,-0.00068172719329595566,-0.008016691543161869,-0.0022427160292863846,-0.060527771711349487,0.12582173943519592,0.028232978656888008,0.016978481784462929,0.89977699518203735,0.1243753656744957,-0.14792352914810181,0.59798634052276611,1.4568743705749512,0
2844,-0.075574286282062531,0.0062988866120576859,0,-0.00068172719329595566,-0.0019514376763254404,0.0040492666885256767,-0.0076320399530231953,-0.0043812375515699387,-0.0092957643792033195,-0.023065488785505295,-0.16051062941551208,-0.046615421772003174,-0.054081771522760391,0.59798634052276611,0.22454488277435303,0
18805,-0.042427163571119308,-0.0063444166444242001,0,-0.00048817350761964917,-0.0022017830051481724,0.0040492666885256767,-0.0076320399530231953,-0.0043812375515699387,-0.0092541603371500969,0.037507008761167526,0.033550944179296494,-0.047116626054048538,-0.054765831679105759,0.59798634052276611,0.49848246574401855,0
7667,-0.073203437030315399,0.0062988866120576859,0,-0.00068172719329595566,-0.0012738922378048301,0.00023308269737754017,0.0553925521671772,-0.0043812375515699387,-0.0086451191455125809,-0.023065488785505295,-0.18602739274501801,-0.046615421772003174,-0.047945726662874222,0.59798634052276611,0.26807159185409546,0
5862,-0.076243683695793152,0.0062988866120576859,0,-0.00068172719329595566,-0.0012738922378048301,0.00023308269737754017,-0.0076320399530231953,-0.0043812375515699387,-0.0086451191455125809,-0.023065488785505295,-0.1616218239068985,-0.031291685998439789,-0.048590362071990967,0.59798634052276611,0.24109160900115967,0
774,-0.14795902371406555,0.034752774983644485,0,0.0016078826738521457,-0.0063589583151042461,-0.018390269950032234,-0.060272529721260071,-0.0039104903116822243,0.023459289222955704,0.057583600282669067,0.37089312076568604,-0.024759650230407715,0.53216677904129028,0.59798634052276611,1.3567991256713867,0
17348,-0.072179593145847321,0.0062988866120576859,0,-0.00068172719329595566,-0.0019514376763254404,0.0040492666885256767,-0.0076320399530231953,-0.0043812375515699387,-0.0092957643792033195,-0.023065488785505295,-0.16051062941551208,0.00017097796080633998,-0.052534013986587524,0.59798634052276611,0.27627378702163696,0
17262,-0.071294821798801422,0.0062988866120576859,0,-0.00068172719329595566,-0.0019514376763254404,0.0040492666885256767,-0.0076320399530231953,-0.0043812375515699387,-0.0092957643792033195,-0.023065488785505295,-0.16078293323516846,0.023075874894857407,-0.051705822348594666,0.59798634052276611,0.30061933398246765,1
18628,-0.073694862425327301,0.0062988866120576859,0,-0.00068172719329595566,-0.0012738922378048301,-0.0028859868180006742,-0.0076320399530231953,-0.0043812375515699387,-0.0086451191455125809,-0.023065488785505295,-0.1616218239068985,-0.046615421772003174,-0.049242973327636719,0.59798634052276611,0.22454488277435303,0
1697,-0.21556861698627472,0.012611565180122852,0,-0.0005745904054492712,-0.0062797027640044689,-0.079264111816883087,-0.0073767961002886295,-0.0033613787963986397,0.0086545338854193687,0.038077060133218765,-0.010285402648150921,-0.036223284900188446,0.84146583080291748,0.59798634052276611,1.1398614645004272,2
4790,0.16244581341743469,0.0055585145018994808,0,-0.00068172719329595566,-0.0019514376763254404,0.0036761516239494085,0.016731863841414452,-0.0043812375515699387,0.060329169034957886,0.029256802052259445,-0.11907386034727097,-0.004759601317346096,-0.062252283096313477,0.59798634052276611,0.68288505077362061,2
1706,-0.072724275290966034,-0.0052338577806949615,0,-0.00048817350761964917,-0.0012738922378048301,-0.0028859868180006742,-0.0076320399530231953,-0.0043812375515699387,-0.011669697239995003,0.029434558004140854,-0.085059098899364471,-0.046118717640638351,-0.05019523948431015,0.59798634052276611,0.33975878357887268,0
15231,-0.075574286282062531,0.0062988866120576859,0,-0.00068172719329595566,-0.0019514376763254404,0.0040492666885256767,-0.0076320399530231953,-0.0043812375515699387,-0.0092957643792033195,-0.023065488785505295,-0.16051062941551208,-0.046615421772003174,-0.054081771522760391,0.59798634052276611,0.22454488277435303,0
17960,-0.070377014577388763,0.0006488041253760457,0,-0.00068172719329595566,-0.0019514376763254404,0.0040492666885256767,-0.0076320399530231953,-0.0043812375515699387,-0.0092957643792033195,0.029514247551560402,-0.092960841953754425,0.023572590202093124,-0.052658103406429291,0.59798634052276611,0.41583326458930969,0
12394,0.13550552725791931,0.039709843695163727,0,-0.034552797675132751,-0.026151072233915329,-0.001389116165228188,0.14216135442256927,-0.059671957045793533,-0.055847615003585815,-0.036459676921367645,1.1963329315185547,0.015315646305680275,-0.15769296884536743,0.59798634052276611,1.7552458047866821,1
1572,-0.07548300176858902,0.0062988866120576859,0,-0.00068172719329595566,-0.0019514376763254404,0.0040492666885256767,-0.00035470037255436182,-0.0043812375515699387,-0.0092957643792033195,-0.023065488785505295,-0.16787923872470856,-0.046615421772003174,-0.054081771522760391,0.59798634052276611,0.22454488277435303,0
17422,-0.074438869953155518,-0.0063444166444242001,0,-0.00048817350761964917,-0.0019514376763254404,0.0040492666885256767,-0.0076320399530231953,-0.0043812375515699387,-0.01092097070068121,-0.023065488785505295,-0.14866898953914642,-0.046615421772003174,-0.05298386886715889,0.59798634052276611,0.22454488277435303,1
6584,-0.071612633764743805,-0.0040209591388702393,0,0.0003468212962616235,-0.0019514376763254404,0.0040492666885256767,-0.0076320399530231953,-0.0043812375515699387,-0.010879256762564182,-0.023145182058215141,-0.15461575984954834,-0.046615421772003174,-0.05298386886715889,0.59798634052276611,0.22454488277435303,1
6558,0.11938204616308212,0.00093247659970074892,0,-0.00068172719329595566,-0.0025910029653459787,0.016217231750488281,0.016807431355118752,0.0079430239275097847,0.013994255103170872,0.023272262886166573,-0.13881859183311462,0.18341252207756042,0.64540785551071167,0.59798634052276611,1.4832644462585449,10
13502,-0.039509635418653488,0.0016728490591049194,0,-0.00068172719329595566,-0.0014673550613224506,0.00023308269737754017,-0.0076320399530231953,0.0091549456119537354,-0.0069783078506588936,0.037507008761167526,0.010085520334541798,0.024354351684451103,-0.046609114855527878,0.59798634052276611,0.57811611890792847,0
19656,-0.076898761093616486,0.0062988866120576859,0,-0.00068172719329595566,-0.0012738922378048301,0.00023308269737754017,-0.0076320399530231953,-0.0043812375515699387,-0.0086451191455125809,-0.023065488785505295,-0.1616218239068985,-0.046615421772003174,-0.049158137291669846,0.59798634052276611,0.22454488277435303,0
2914,-0.075574286282062531,0.0062988866120576859,0,-0.00068172719329595566,-0.0019514376763254404,0.0040492666885256767,-0.0076320399530231953,-0.0043812375515699387,-0.0092957643792033195,-0.023065488785505295,-0.16051062941551208,-0.046615421772003174,-0.054081771522760391,0.59798634052276611,0.22454488277435303,0
17844,-0.075574286282062531,0.0062988866120576859,0,-0.00068172719329595566,-0.0012738922378048301,0.00087288313079625368,-0.0076320399530231953,-0.0043812375515699387,-0.0086451191455125809,-0.023065488785505295,-0.1616218239068985,-0.046615421772003174,-0.051122412085533142,0.59798634052276611,0.22454488277435303,0
13444,-0.075200363993644714,0.0062988866120576859,0,-0.00068172719329595566,-0.0012738922378048301,0.00087288313079625368,-0.0076320399530231953,-0.0043812375515699387,-0.0086451191455125809,-0.023065488785505295,-0.093842647969722748,-0.046615421772003174,-0.051122412085533142,0.59798634052276611,0.29269790649414062,0
3644,-0.072046801447868347,0.0036105571780353785,0,0.0016078826738521457,-0.001217010198161006,0.00087288313079625368,-0.0076320399530231953,0.0091549456119537354,0.016559207811951637,-0.023145182058215141,-0.089832179248332977,0.0096866823732852936,-0.047147314995527267,0.59798634052276611,0.39845824241638184,0
1019,1.102851390838623,-0.072647601366043091,0,0.0026958170346915722,-0.0096002714708447456,-0.20775745809078217,0.051774188876152039,0.095766104757785797,-0.062233559787273407,-0.06631585955619812,1.8684296607971191,-0.033372171223163605,0.94985496997833252,0.59798634052276611,4.2174334526062012,3
10142,-0.075574286282062531,0.0062988866120576859,0,-0.00068172719329595566,-0.0012738922378048301,-0.00025095813907682896,-0.0076320399530231953,-0.0043812375515699387,-0.0092957643792033195,-0.023065488785505295,-0.15984734892845154,-0.046615421772003174,-0.051122412085533142,0.59798634052276611,0.22454488277435303,0
13390,0.081098668277263641,-0.0099661452695727348,0,-0.00068172719329595566,-0.008016691543161869,-0.0095096034929156303,0.14216135442256927,0.12582173943519592,0.0034252279438078403,0.016978481784462929,1.05670166015625,0.10974172502756119,-0.1392151415348053,0.59798634052276611,1.966524600982666,2
18634,0.96721744537353516,-0.0016889215912669897,0,-0.0092400526627898216,0.00019075255841016769,0.0020033442415297031,-0.0049240514636039734,-0.0043812375515699387,0.03702140599489212,0.17239677906036377,0.036632873117923737,-0.031780097633600235,0.019356830045580864,0.59798634052276611,1.780793309211731,1
2383,-0.074491657316684723,-0.0035284301266074181,0,-0.00068172719329595566,-0.0019514376763254404,0.0040492666885256767,-0.0076320399530231953,-0.0043812375515699387,-0.0092957643792033195,-0.023065488785505295,-0.15286383032798767,-0.046615421772003174,-0.05298386886715889,0.59798634052276611,0.22454488277435303,0
16033,-0.071288585662841797,0.0055585145018994808,0,-0.00068172719329595566,-0.0019514376763254404,0.0045545022003352642,-0.0076320399530231953,-0.0043812375515699387,0.022500956431031227,0.029256802052259445,-0.15864495933055878,0.00066769082332029939,-0.054129451513290405,0.59798634052276611,0.36181551218032837,0
8702,-0.070988908410072327,0.0062988866120576859,0,-0.00068172719329595566,-0.0019514376763254404,0.0040492666885256767,0.016467632725834846,-0.0043812375515699387,-0.0092957643792033195,-0.023065488785505295,-0.18518851697444916,0.023075874894857407,-0.051705822348594666,0.59798634052276611,0.30061933398246765,0
7400,-0.073694862425327301,0.006546730175614357,0,0.0003468212962616235,-0.0012738922378048301,-0.0028859868180006742,-0.0076320399530231953,-0.0043812375515699387,-0.0086451191455125809,-0.023065488785505295,-0.1628982275724411,-0.046615421772003174,-0.049242973327636719,0.59798634052276611,0.22454488277435303,0
13835,-0.075268372893333435,0.0062988866120576859,0,-0.00068172719329595566,-0.0019514376763254404,0.0040492666885256767,0.016467632725834846,-0.0043812375515699387,-0.0092957643792033195,-0.023065488785505295,-0.18491619825363159,-0.046615421772003174,-0.054081771522760391,0.59798634052276611,0.22454488277435303,0
13263,-0.075821258127689362,-0.0032805872615426779,0,0.0016078826738521457,-0.0012738922378048301,0.0026941748801618814,-0.0076320399530231953,-0.0043812375515699387,-0.0092957643792033195,-0.023065488785505295,-0.1534627228975296,-0.046615421772003174,-0.052915330976247787,0.59798634052276611,0.22454488277435303,0
17167,-0.08010575920343399,0.0041030864231288433,0,-0.00068172719329595566,-0.0019514376763254404,0.0040492666885256767,-0.0076320399530231953,-0.0043812375515699387,-0.011709191836416721,0.03952397033572197,-0.098571501672267914,-0.046118717640638351,-0.05475236102938652,0.59798634052276611,0.33975878357887268,0
14410,-0.10788317769765854,0.0062988866120576859,0,-0.00068172719329595566,-0.0012738922378048301,0.049657925963401794,0.016467632725834846,-0.0043812375515699387,-0.0086451191455125809,-0.023065488785505295,-0.13964249193668365,-0.037334047257900238,-0.045043859630823135,0.59798634052276611,0.30246007442474365,0
18924,-0.072619304060935974,0.0062988866120576859,0,-0.00068172719329595566,-0.0012738922378048301,0.00023308269737754017,-0.0076320399530231953,-0.0043812375515699387,-0.0086451191455125809,-0.023065488785505295,-0.16189412772655487,0.023075874894857407,-0.046782203018665314,0.59798634052276611,0.30061933398246765,0
19577,-0.071833565831184387,0.0062988866120576859,0,-0.00068172719329595566,-0.0012738922378048301,-0.00025095813907682896,-0.0076320399530231953,-0.0043812375515699387,-0.0092957643792033195,0.029514247551560402,-0.1635461300611496,0.023572590202093124,-0.050796642899513245,0.59798634052276611,0.34768021106719971,2
314,-0.068979837000370026,0.0062988866120576859,0,-0.00068172719329595566,-0.0012738922378048301,-0.0028859868180006742,0.016467632725834846,-0.0043812375515699387,-0.0086451191455125809,0.029514247551560402,-0.11919871717691422,0.057124804705381393,-0.048917211592197418,0.59798634052276611,0.45242831110954285,0
3342,-0.071129702031612396,-0.0052338577806949615,0,-0.00048817350761964917,-0.0012738922378048301,-0.0031891281250864267,-0.0076320399530231953,-0.0043812375515699387,0.022568948566913605,-0.023322936147451401,-0.14657303690910339,-0.046615421772003174,-0.047690324485301971,0.59798634052276611,0.26302570104598999,0
2705,-0.067557498812675476,-0.059193212538957596,0,-0.00068172719329595566,-0.0015242373337969184,-7.0058784331195056e-05,0.0005006969440728426,-0.0043812375515699387,0.022343223914504051,0.037249565124511719,0.36894020438194275,0.030310029163956642,-0.049882672727108002,0.59798634052276611,0.87403988838195801,6
7305,-0.039688751101493835,0.0033627140801399946,0,-0.00068172719329595566,0.0033516115508973598,-0.0031891281250864267,-0.0076320399530231953,-0.0043812375515699387,0.021939147263765335,0.029256802052259445,-0.076323188841342926,-0.045809362083673477,-0.048892516642808914,0.59798634052276611,0.42929911613464355,0
19042,0.095521606504917145,0.0033627140801399946,0,-0.00068172719329595566,-0.0012738922378048301,0.041177984327077866,-0.0073678097687661648,-0.0043812375515699387,0.0034252279438078403,0.029256802052259445,-0.10036845505237579,0.009248293936252594,-0.054179880768060684,0.59798634052276611,0.61172664165496826,3
10455,-0.069399885833263397,0.0055585145018994808,0,-0.00068172719329595566,-0.0019514376763254404,0.0045545022003352642,-0.00035470037255436182,-0.0043812375515699387,0.022500956431031227,-0.023322936147451401,-0.095080249011516571,0.023075874894857407,-0.05125107616186142,0.59798634052276611,0.40725323557853699,2
18962,-0.079081222414970398,-9.1568435891531408e-05,0,-0.00068172719329595566,-0.0019514376763254404,0.0045545022003352642,0.016467632725834846,-0.0043812375515699387,0.028232978656888008,-0.023322936147451401,-0.10837537050247192,-0.037334047257900238,-0.051081299781799316,0.59798634052276611,0.340940922498703,0
2084,-0.082404196262359619,0.0033627140801399946,0,-0.00068172719329595566,-0.0022017830051481724,0.0045545022003352642,-0.0076320399530231953,-0.0043812375515699387,0.028232978656888008,0.037249565124511719,0.030150942504405975,-0.047116626054048538,-0.053813230246305466,0.59798634052276611,0.50330626964569092,0
8277,1.7293821573257446,-0.0027918869163841009,0,-0.0092400526627898216,0.22997431457042694,0.15524691343307495,-0.022038562223315239,-0.032689675688743591,-0.0038455496542155743,0.1503966748714447,1.5768035650253296,0.11239486932754517,1.3360474109649658,0.59798634052276611,5.8176217079162598,101
3936,0.081882648169994354,0.022142840549349785,0,-0.00068172719329595566,-0.008016691543161869,-0.0031210652086883783,0.14216135442256927,0.12582173943519592,0.0035829613916575909,0.021242685616016388,1.1592220067977905,0.015315646305680275,-0.14133863151073456,0.59798634052276611,2.0161979198455811,3
1176,0.87506437301635742,0.028402727097272873,0,-0.043111123144626617,-0.024740394204854965,-0.011340586468577385,0.051698610186576843,0.12582173943519592,-0.10525942593812943,-0.096386939287185669,1.1999388933181763,-0.015765981748700142,-0.46663662791252136,0.59798634052276611,2.1156702041625977,5
825,-0.06815049797296524,0.0055585145018994808,0,-0.00068172719329595566,-0.0012738922378048301,-0.0031891281250864267,-0.0076320399530231953,-0.0043812375515699387,0.022343223914504051,0.029256802052259445,-0.090632624924182892,0.023572590202093124,-0.048462465405464172,0.59798634052276611,0.45431411266326904,0
6058,-0.041854988783597946,0.0055585145018994808,0,-0.00068172719329595566,-0.0019514376763254404,0.0045545022003352642,-0.0076320399530231953,-0.0043812375515699387,0.022096877917647362,0.029256802052259445,-0.089873529970645905,-0.046118717640638351,-0.05506303533911705,0.59798634052276611,0.41189670562744141,0
6480,-0.039491839706897736,0.0055585145018994808,0,-0.00068172719329595566,0.0058362856507301331,0.00056974188191816211,-0.0076320399530231953,-0.0043812375515699387,0.021939147263765335,-0.04411601647734642,0.019466735422611237,0.19100126624107361,-0.050505015999078751,0.59798634052276611,0.69555014371871948,0
456,-0.072787746787071228,0.0055585145018994808,0,-0.00068172719329595566,-0.0019514376763254404,0.0045545022003352642,0.0553925521671772,-0.0043812375515699387,0.029740957543253899,-0.023322936147451401,-0.11252129822969437,0.023075874894857407,-0.049882657825946808,0.59798634052276611,0.45077997446060181,1
7830,0.14856359362602234,-0.001992958365008235,0,-0.00068172719329595566,-0.0014673550613224506,-0.00030860758852213621,-0.060263548046350479,5.5566750233992934e-05,0.058259375393390656,0.023674530908465385,0.28222766518592834,0.11475785076618195,-0.046938605606555939,0.59798634052276611,1.1138725280761719,0
17648,-0.075574286282062531,0.0062988866120576859,0,-0.00068172719329595566,-0.0019514376763254404,0.0040492666885256767,-0.0076320399530231953,-0.0043812375515699387,-0.0092957643792033195,-0.023065488785505295,-0.16051062941551208,-0.046615421772003174,-0.054081771522760391,0.59798634052276611,0.22454488277435303,0
90,0.79988175630569458,-0.0087918490171432495,0,-0.0090464996173977852,-0.008016691543161869,-0.022104432806372643,-0.022114129737019539,-0.0017602797597646713,0.038423564285039902,-0.011511855758726597,0.82929080724716187,0.10957999527454376,-0.5775763988494873,0.59798634052276611,1.7142401933670044,2
7340,-0.071003302931785583,0.035245303064584732,0,-0.00068172719329595566,-0.0015242373337969184,0.00023308269737754017,-0.060527771711349487,-0.0043812375515699387,-0.0086451191455125809,0.037507008761167526,0.34308251738548279,0.078609839081764221,-0.051435321569442749,0.59798634052276611,0.89446520805358887,0
19008,0.16332089900970459,0.0033627140801399946,0,-0.00068172719329595566,-0.0012738922378048301,-0.00030860758852213621,-0.0073678097687661648,-0.0043812375515699387,0.060171432793140411,0.029256802052259445,-0.094434984028339386,0.008938940241932869,-0.057653572410345078,0.59798634052276611,0.69693589210510254,2
15287,-0.070735670626163483,0.0041030864231288433,0,-0.00068172719329595566,-0.0019514376763254404,0.0040492666885256767,-0.0076320399530231953,-0.0043812375515699387,-0.0092957643792033195,0.029514247551560402,-0.16420947015285492,0.023572590202093124,-0.052658103406429291,0.59798634052276611,0.34768021106719971,1
13009,-0.068274714052677155,0.0062988866120576859,0,-0.00068172719329595566,-0.0019514376763254404,0.0040492666885256767,0.016467632725834846,-0.0043812375515699387,-0.0076289540156722069,0.029514247551560402,-0.12538182735443115,0.023572590202093124,-0.053756006062030792,0.59798634052276611,0.41583326458930969,0
19419,-0.069491170346736908,0.0055585145018994808,0,-0.00068172719329595566,-0.0012738922378048301,0.0031994106248021126,-0.0076320399530231953,-0.0043812375515699387,0.022500956431031227,-0.023322936147451401,-0.087034083902835846,0.023075874894857407,-0.05125107616186142,0.59798634052276611,0.40725323557853699,0
13894,-0.070099517703056335,0.0008966470486484468,0,0.0016078826738521457,-0.0012738922378048301,-0.0028859868180006742,-0.0076320399530231953,-0.0043812375515699387,-0.0086451191455125809,-0.023065488785505295,-0.07646111398935318,0.023385228589177132,-0.045700591057538986,0.59798634052276611,0.3837314248085022,0
17450,0.0058197909966111183,-9.1568435891531408e-05,0,-0.00068172719329595566,0.22997431457042694,-0.070532910525798798,-0.060187973082065582,-0.032689675688743591,0.032843444496393204,0.04294426366686821,1.1057907342910767,0.0050921146757900715,0.80947965383529663,0.59798634052276611,2.6657476425170898,4
1093,-0.075574286282062531,0.0062988866120576859,0,-0.00068172719329595566,-0.0019514376763254404,0.0040492666885256767,-0.0076320399530231953,-0.0043812375515699387,-0.0092957643792033195,-0.023065488785505295,-0.16051062941551208,-0.046615421772003174,-0.054081771522760391,0.59798634052276611,0.22454488277435303,0
15328,-0.3997148871421814,0.022142840549349785,0,-0.00068172719329595566,-0.027893496677279472,0.027292026206851006,0.14215235412120819,-0.047997448593378067,0.020038885995745659,0.02865542471408844,1.2016195058822632,0.0097695011645555496,0.62297743558883667,0.59798634052276611,2.1963458061218262,3
12867,-0.072784125804901123,0.0062988866120576859,0,-0.00068172719329595566,-0.0012738922378048301,0.00023308269737754017,-0.0076320399530231953,-0.0043812375515699387,-0.0086451191455125809,0.029514247551560402,-0.097541555762290955,0.023572590202093124,-0.048832379281520844,0.59798634052276611,0.41583326458930969,0
1647,-0.066192381083965302,0.033049490302801132,0,-0.00068172719329595566,-0.0015242373337969184,0.00087288313079625368,-0.060527771711349487,-0.0043812375515699387,-0.0069783078506588936,0.037507008761167526,0.3873269259929657,0.030310029163956642,-0.052301682531833649,0.59798634052276611,0.89446520805358887,1
12221,0.12512283027172089,0.0033627140801399946,0,-0.00068172719329595566,-0.0019514376763254404,0.0036761516239494085,0.016731863841414452,-0.0043812375515699387,0.0035829613916575909,0.029256802052259445,-0.10363125801086426,-0.02282659150660038,-0.048572290688753128,0.59798634052276611,0.59767580032348633,3
9823,-0.070988908410072327,0.0062988866120576859,0,-0.00068172719329595566,-0.0019514376763254404,0.0040492666885256767,0.016467632725834846,-0.0043812375515699387,-0.0092957643792033195,-0.023065488785505295,-0.18518851697444916,0.023075874894857407,-0.051705822348594666,0.59798634052276611,0.30061933398246765,0
2877,-0.075574286282062531,0.0062988866120576859,0,-0.00068172719329595566,-0.0019514376763254404,0.0040492666885256767,-0.0076320399530231953,-0.0043812375515699387,-0.0092957643792033195,-0.023065488785505295,-0.16051062941551208,-0.046615421772003174,-0.054081771522760391,0.59798634052276611,0.22454488277435303,0
15876,-0.075574286282062531,0.0062988866120576859,0,-0.00068172719329595566,-0.0019514376763254404,0.0040492666885256767,-0.0076320399530231953,-0.0043812375515699387,-0.0092957643792033195,-0.023065488785505295,-0.16051062941551208,-0.046615421772003174,-0.054081771522760391,0.59798634052276611,0.22454488277435303,0
15187,0.10603378713130951,0.0055585145018994808,0,-0.00068172719329595566,-0.0015242373337969184,-0.0037643373943865299,-0.0073678097687661648,-0.0043812375515699387,-0.00028789538191631436,0.037427317351102829,0.021569019183516502,0.0097207017242908478,-0.044598616659641266,0.59798634052276611,0.7156902551651001,0
4123,-0.076903887093067169,0.006546730175614357,0,0.0016078826738521457,-0.0019514376763254404,0.0040492666885256767,-0.0076320399530231953,-0.0043812375515699387,-0.0092957643792033195,-0.023065488785505295,-0.16178703308105469,-0.046615421772003174,-0.054013233631849289,0.59798634052276611,0.22454488277435303,0
16437,-0.073694862425327301,0.0062988866120576859,0,-0.00068172719329595566,-0.0012738922378048301,-0.0028859868180006742,-0.0076320399530231953,-0.0043812375515699387,-0.0086451191455125809,-0.023065488785505295,-0.1616218239068985,-0.046615421772003174,-0.049242973327636719,0.59798634052276611,0.22454488277435303,0
18266,-0.075574286282062531,0.0062988866120576859,0,-0.00068172719329595566,-0.0019514376763254404,0.0040492666885256767,-0.0076320399530231953,-0.0043812375515699387,-0.0092957643792033195,-0.023065488785505295,-0.16051062941551208,-0.046615421772003174,-0.054081771522760391,0.59798634052276611,0.22454488277435303,0
9069,0.08134961873292923,-9.1568435891531408e-05,0,-0.00068172719329595566,-0.001217010198161006,0.041177984327077866,-9.0469271526671946e-05,0.0091549456119537354,0.0034252279438078403,0.029256802052259445,-0.13419660925865173,0.008938940241932869,-0.038245514035224915,0.59798634052276611,0.5967676043510437,1
17335,-0.072619304060935974,0.0062988866120576859,0,-0.00068172719329595566,-0.0012738922378048301,0.00023308269737754017,-0.0076320399530231953,-0.0043812375515699387,-0.0086451191455125809,-0.023065488785505295,-0.16189412772655487,0.023075874894857407,-0.046782203018665314,0.59798634052276611,0.30061933398246765,0
9762,-0.074919216334819794,0.0062988866120576859,0,-0.00068172719329595566,-0.0019514376763254404,0.0040492666885256767,-0.0076320399530231953,-0.0043812375515699387,-0.0092957643792033195,-0.023065488785505295,-0.16051062941551208,-0.031291685998439789,-0.053513996303081512,0.59798634052276611,0.24109160900115967,0
15837,-0.069041483104228973,0.0062988866120576859,0,-0.00068172719329595566,-0.0012738922378048301,-0.0028859868180006742,-0.0076320399530231953,-0.0043812375515699387,-0.0086451191455125809,-0.023065488785505295,-0.094114959239959717,0.023075874894857407,-0.04686703160405159,0.59798634052276611,0.36877238750457764,0
8968,-0.075574286282062531,0.0062988866120576859,0,-0.00068172719329595566,-0.0019514376763254404,0.0040492666885256767,-0.0076320399530231953,-0.0043812375515699387,-0.0092957643792033195,-0.023065488785505295,-0.16051062941551208,-0.046615421772003174,-0.054081771522760391,0.59798634052276611,0.22454488277435303,0
19273,-0.069268360733985901,0.0055585145018994808,0,-0.00068172719329595566,-0.0019514376763254404,0.0045545022003352642,0.016467632725834846,-0.0043812375515699387,0.022500956431031227,-0.023322936147451401,-0.11184490472078323,0.0093773305416107178,-0.051792513579130173,0.59798634052276611,0.39320245385169983,1
7673,-0.069185249507427216,0.0055585145018994808,0,-0.00068172719329595566,-0.0019514376763254404,0.0045545022003352642,0.016467632725834846,-0.0043812375515699387,0.022500956431031227,-0.023322936147451401,-0.1121172159910202,0.023075874894857407,-0.05125107616186142,0.59798634052276611,0.40725323557853699,0
13951,-0.071865774691104889,0.0033627140801399946,0,-0.00068172719329595566,-0.0022017830051481724,0.0040492666885256767,0.016467632725834846,-0.0043812375515699387,-0.012546067126095295,-0.044752735644578934,-0.020142871886491776,0.023857636377215385,-0.05095386877655983,0.59798634052276611,0.43819767236709595,0
9635,-0.069570928812026978,-0.00096891354769468307,0,-0.00068172719329595566,0.0020052327308803797,0.0045545022003352642,-0.060527771711349487,-0.0043812375515699387,0.022500956431031227,0.03569924458861351,0.29458358883857727,0.10978249460458755,-0.057287812232971191,0.59798634052276611,0.87369394302368164,1
6806,-0.069838270545005798,-0.0035284301266074181,0,-0.00068172719329595566,-0.0019514376763254404,0.0040492666885256767,-0.0076320399530231953,-0.0043812375515699387,-0.0092957643792033195,-0.023065488785505295,-0.085357010364532471,0.023075874894857407,-0.050607919692993164,0.59798634052276611,0.36877238750457764,0
1856,-0.075574286282062531,0.0062988866120576859,0,-0.00068172719329595566,-0.0019514376763254404,0.0040492666885256767,-0.0076320399530231953,-0.0043812375515699387,-0.0092957643792033195,-0.023065488785505295,-0.16051062941551208,-0.046615421772003174,-0.054081771522760391,0.59798634052276611,0.22454488277435303,0
10107,-0.075268372893333435,0.0062988866120576859,0,-0.00068172719329595566,-0.0019514376763254404,0.0040492666885256767,0.016467632725834846,-0.0043812375515699387,-0.0092957643792033195,-0.023065488785505295,-0.18491619825363159,-0.046615421772003174,-0.054081771522760391,0.59798634052276611,0.22454488277435303,0
17672,0.10535998642444611,0.0043509285897016525,0,0.0016078826738521457,-0.001217010198161006,0.0018158257007598877,-0.0073678097687661648,0.0091549456119537354,-0.026142865419387817,0.029514247551560402,-0.10268370062112808,0.009248293936252594,-0.047184884548187256,0.59798634052276611,0.57444274425506592,0
1921,-0.073254957795143127,0.035245303064584732,0,-0.00068172719329595566,-0.0022017830051481724,0.0040492666885256767,-0.060527771711349487,-0.0043812375515699387,-0.0092957643792033195,-0.044673047959804535,0.36530277132987976,-0.026333915069699287,-0.056116942316293716,0.59798634052276611,0.72511649131774902,0
10216,-0.074239388108253479,0.0062988866120576859,0,-0.00068172719329595566,-0.0019514376763254404,0.0040492666885256767,0.016467632725834846,-0.0043812375515699387,-0.0092957643792033195,-0.023065488785505295,-0.11713708192110062,-0.031291685998439789,-0.053513996303081512,0.59798634052276611,0.30924466252326965,1
5002,-0.20795030891895294,-0.0040209591388702393,0,0.0016078826738521457,-0.0064922240562736988,0.016862038522958755,-0.0073767961002886295,-0.0043812375515699387,0.020038885995745659,-0.069409757852554321,0.0091033801436424255,0.037230059504508972,0.39619988203048706,0.59798634052276611,0.77939713001251221,1
170,-0.069659098982810974,-9.1568435891531408e-05,0,-0.00068172719329595566,-0.0019514376763254404,0.0045545022003352642,0.016467632725834846,-0.0043812375515699387,0.022500956431031227,0.027706483379006386,-0.086886607110500336,0.19226008653640747,-0.054918687790632248,0.59798634052276611,0.64290571212768555,4
11818,-0.069865085184574127,0.0055585145018994808,0,-0.00068172719329595566,-0.0019514376763254404,0.0045545022003352642,-0.0076320399530231953,-0.0043812375515699387,0.022500956431031227,-0.023322936147451401,-0.15549072623252869,0.023075874894857407,-0.05125107616186142,0.59798634052276611,0.339100182056427,0
1135,-0.070988908410072327,0.0055585145018994808,0,-0.00068172719329595566,-0.0019514376763254404,0.0040492666885256767,0.016467632725834846,-0.0043812375515699387,-0.012546067126095295,-0.023145182058215141,-0.18111817538738251,0.023075874894857407,-0.051705822348594666,0.59798634052276611,0.30061933398246765,0
3387,-0.074919216334819794,0.0062988866120576859,0,-0.00068172719329595566,-0.0012738922378048301,0.00087288313079625368,-0.0076320399530231953,-0.0043812375515699387,-0.0086451191455125809,-0.023065488785505295,-0.1616218239068985,-0.031291685998439789,-0.050554636865854263,0.59798634052276611,0.24109160900115967,1
7648,0.14597070217132568,0.0055585145018994808,0,-0.00068172719329595566,-0.0022017830051481724,0.0036761516239494085,0.016731863841414452,-0.0043812375515699387,0.05841711163520813,0.03569924458861351,0.015461103990674019,0.17449951171875,-0.048738885670900345,0.59798634052276611,0.99799728393554688,0
3265,-0.075574286282062531,0.0062988866120576859,0,-0.00068172719329595566,-0.0019514376763254404,0.0040492666885256767,-0.0076320399530231953,-0.0043812375515699387,-0.0092957643792033195,-0.023065488785505295,-0.16051062941551208,-0.046615421772003174,-0.054081771522760391,0.59798634052276611,0.22454488277435303,0
14370,-0.073694862425327301,0.0062988866120576859,0,-0.00068172719329595566,-0.0012738922378048301,-0.0028859868180006742,-0.0076320399530231953,-0.0043812375515699387,-0.0086451191455125809,-0.023065488785505295,-0.1616218239068985,-0.046615421772003174,-0.049242973327636719,0.59798634052276611,0.22454488277435303,0
12388,-0.071294821798801422,0.0062988866120576859,0,-0.00068172719329595566,-0.0019514376763254404,0.0040492666885256767,-0.0076320399530231953,-0.0043812375515699387,-0.0092957643792033195,-0.023065488785505295,-0.16078293323516846,0.023075874894857407,-0.051705822348594666,0.59798634052276611,0.30061933398246765,0
16631,-0.073130130767822266,0.0062988866120576859,0,-0.00068172719329595566,-0.0012738922378048301,0.00023308269737754017,-0.0076320399530231953,-0.0043812375515699387,-0.0086451191455125809,-0.023065488785505295,-0.093842647969722748,0.00017097796080633998,-0.047610394656658173,0.59798634052276611,0.34442684054374695,0
19963,-0.073694862425327301,0.0062988866120576859,0,-0.00068172719329595566,-0.0012738922378048301,-0.0028859868180006742,-0.0076320399530231953,-0.0043812375515699387,-0.0086451191455125809,-0.023065488785505295,-0.1616218239068985,-0.046615421772003174,-0.049242973327636719,0.59798634052276611,0.22454488277435303,0
2366,-0.071294821798801422,0.0062988866120576859,0,-0.00068172719329595566,-0.0019514376763254404,0.0040492666885256767,-0.0076320399530231953,-0.0043812375515699387,-0.0092957643792033195,-0.023065488785505295,-0.16078293323516846,0.023075874894857407,-0.051705822348594666,0.59798634052276611,0.30061933398246765,1
2309,-0.069124594330787659,0.0062988866120576859,0,-0.00068172719329595566,-0.0012738922378048301,-0.0028859868180006742,-0.0076320399530231953,-0.0043812375515699387,-0.0086451191455125809,-0.023065488785505295,-0.093842647969722748,0.0093773305416107178,-0.047408469021320343,0.59798634052276611,0.35472160577774048,0
5190,0.11634568870067596,-0.0099661452695727348,0,-0.00068172719329595566,-0.0094273686408996582,-0.0063905324786901474,-0.060263548046350479,-0.059671957045793533,0.060171432793140411,0.021242685616016388,0.83079135417938232,0.015315646305680275,-0.15555205941200256,0.59798634052276611,1.3398998975753784,1
15690,-0.071294821798801422,0.0062988866120576859,0,-0.00068172719329595566,-0.0019514376763254404,0.0040492666885256767,-0.0076320399530231953,-0.0043812375515699387,-0.0092957643792033195,-0.023065488785505295,-0.16078293323516846,0.023075874894857407,-0.051705822348594666,0.59798634052276611,0.30061933398246765,0
9399,-0.072996608912944794,-0.0063444166444242001,0,-0.00048817350761964917,-0.0012738922378048301,-0.0028859868180006742,-0.0076320399530231953,-0.0043812375515699387,-0.010270325466990471,-0.023065488785505295,-0.066540353000164032,-0.0463060662150383,-0.048145070672035217,0.59798634052276611,0.30765694379806519,0
8705,0.10748036205768585,-0.010931202210485935,0,-0.00048817350761964917,-0.0094273686408996582,-0.0095096034929156303,0.15974961221218109,-0.059671957045793533,0.058485109359025955,0.021242685616016388,0.96975785493850708,0.030673176050186157,-0.15432202816009521,0.59798634052276611,1.7010246515274048,1
11185,-0.069085799157619476,0.0062988866120576859,0,-0.00068172719329595566,0.039171040058135986,0.020109599456191063,0.016467632725834846,-0.0037639883812516928,-0.0076289540156722069,0.024985065683722496,-0.15252508223056793,0.023881943896412849,-0.061979595571756363,0.59798634052276611,0.43323567509651184,1
945,-0.075268372893333435,0.0062988866120576859,0,-0.00068172719329595566,-0.0019514376763254404,0.0040492666885256767,0.016467632725834846,-0.0043812375515699387,-0.0092957643792033195,-0.023065488785505295,-0.18491619825363159,-0.046615421772003174,-0.054081771522760391,0.59798634052276611,0.22454488277435303,0
20279,-0.0808977410197258,0.0062988866120576859,0,-0.00068172719329595566,-0.0019514376763254404,0.0040492666885256767,0.016467632725834846,-0.0043812375515699387,-0.011709191836416721,0.03952397033572197,-0.12297710031270981,-0.046118717640638351,-0.055850271135568619,0.59798634052276611,0.33975878357887268,1
16898,-0.06941540539264679,0.0062988866120576859,0,-0.00068172719329595566,-0.0012738922378048301,-0.0028859868180006742,-0.0076320399530231953,-0.0043812375515699387,-0.0086451191455125809,-0.023065488785505295,-0.16189412772655487,0.023075874894857407,-0.04686703160405159,0.59798634052276611,0.30061933398246765,0
20261,0.33586427569389343,-0.035078011453151703,0,-0.0073939254507422447,0.01902959868311882,-0.0062600173987448215,0.12483742833137512,0.12582173943519592,-0.043991677463054657,-0.041166789829730988,1.2985320091247559,0.11515184491872787,-0.17175990343093872,0.59798634052276611,2.3115706443786621,6
16356,-0.068986512720584869,-0.0017451156163588166,0,0.0016078826738521457,-0.0014673550613224506,0.00025427748914808035,-0.060527771711349487,0.0091549456119537354,0.022500956431031227,0.037249565124511719,0.34760609269142151,0.038538400083780289,-0.050921253859996796,0.59798634052276611,0.87125056982040405,1
5989,0.12868739664554596,0.0041030864231288433,0,-0.00068172719329595566,-0.0012738922378048301,-0.0037643373943865299,-0.0073678097687661648,-0.0043812375515699387,-0.025492221117019653,-0.023065488785505295,-0.10180491954088211,-0.023632662370800972,-0.042138051241636276,0.59798634052276611,0.49717476963996887,0
6073,-0.10870789736509323,0.0062988866120576859,0,-0.00068172719329595566,-0.0012738922378048301,0.049657925963401794,-0.0076320399530231953,-0.0043812375515699387,-0.0086451191455125809,-0.023065488785505295,-0.18301597237586975,-0.046615421772003174,-0.045379657298326492,0.59798634052276611,0.22454488277435303,0
8685,-0.069109484553337097,0.0062988866120576859,0,-0.00068172719329595566,-0.0012738922378048301,-0.0028859868180006742,0.016467632725834846,-0.0043812375515699387,-0.0086451191455125809,-0.023065488785505295,-0.18629971146583557,0.023075874894857407,-0.04686703160405159,0.59798634052276611,0.30061933398246765,1
20481,-0.075574286282062531,0.0062988866120576859,0,-0.00068172719329595566,-0.0019514376763254404,0.0040492666885256767,-0.0076320399530231953,-0.0043812375515699387,-0.0092957643792033195,-0.023065488785505295,-0.16051062941551208,-0.046615421772003174,-0.054081771522760391,0.59798634052276611,0.22454488277435303,0
19098,-0.070303305983543396,0.0041030864231288433,0,-0.00068172719329595566,-0.0012738922378048301,-0.00025095813907682896,-0.0076320399530231953,-0.0043812375515699387,-0.0092957643792033195,-0.022251004353165627,-0.14795446395874023,0.19021950662136078,-0.050363890826702118,0.59798634052276611,0.47792083024978638,0
1077,-0.075268372893333435,0.0062988866120576859,0,-0.00068172719329595566,-0.0012738922378048301,-0.00025095813907682896,0.016467632725834846,-0.0043812375515699387,-0.0092957643792033195,-0.023065488785505295,-0.18425291776657104,-0.046615421772003174,-0.051122412085533142,0.59798634052276611,0.22454488277435303,1
19984,0.12627263367176056,-0.061268828809261322,0,-0.00048817350761964917,-0.0015242373337969184,-0.00064526754431426525,-0.060263548046350479,-0.0043812375515699387,-0.027117433026432991,0.037507008761167526,0.31037399172782898,-0.01817818358540535,-0.046706341207027435,0.59798634052276611,0.85156708955764771,1
16285,-0.11297345161437988,0.0006488041253760457,0,-0.00068172719329595566,-0.0012738922378048301,0.049657925963401794,-0.0076320399530231953,-0.0043812375515699387,-0.011058547534048557,0.03952397033572197,-0.18538632988929749,-0.030794966965913773,-0.045482475310564041,0.59798634052276611,0.28815248608589172,6
4208,-0.067705884575843811,0.0062988866120576859,0,-0.00068172719329595566,-0.0019514376763254404,0.0040492666885256767,0.0553925521671772,-0.0043812375515699387,-0.0092957643792033195,-0.015933653339743614,-0.16827027499675751,0.23945069313049316,-0.053208738565444946,0.59798634052276611,0.58174890279769897,0
2726,-0.083789423108100891,-0.0035284301266074181,0,-0.00068172719329595566,-0.0094273686408996582,-0.0056930826976895332,-0.060527771711349487,-0.059671957045793533,-0.0076289540156722069,0.022380692884325981,0.71703815460205078,0.1088901087641716,-0.16767959296703339,0.59798634052276611,1.0476676225662231,0
10711,1.048414945602417,0.031702209264039993,0,-0.0092400526627898216,0.024265382438898087,-0.026914246380329132,-0.0049240514636039734,-0.0037639883812516928,0.0088475588709115982,0.004056926816701889,-0.066132813692092896,-0.065023913979530334,-0.22626179456710815,0.59798634052276611,1.313012957572937,2
8837,-0.06815049797296524,0.0055585145018994808,0,-0.00068172719329595566,-0.0012738922378048301,-0.0031891281250864267,-0.0076320399530231953,-0.0043812375515699387,0.022343223914504051,0.029256802052259445,-0.090632624924182892,0.023572590202093124,-0.048462465405464172,0.59798634052276611,0.45431411266326904,1
16494,-0.075095094740390778,0.0055585145018994808,0,-0.00068172719329595566,-0.0012738922378048301,-7.0058784331195056e-05,-0.0076320399530231953,-0.0043812375515699387,0.022343223914504051,-0.023322936147451401,-0.086933717131614685,-0.046615421772003174,-0.0487033911049366,0.59798634052276611,0.33117875456809998,0
999,-0.27124246954917908,0.11300912499427795,0,-0.034445658326148987,-0.011010948568582535,-0.062845297157764435,0.14223693311214447,-0.034379478543996811,0.53385162353515625,0.0074730166234076023,2.1844673156738281,0.010491922497749329,0.78338080644607544,0.59798634052276611,3.9589729309082031,4
185,-0.40443724393844604,-0.011651501059532166,0,0.00013943336671218276,-0.011090368032455444,0.015058087185025215,0.14223693311214447,-0.034379478543996811,0.028233936056494713,0.028564726933836937,1.2944077253341675,0.092588283121585846,0.75433599948883057,0.59798634052276611,2.491992712020874,1
931,-0.075060188770294189,0.0055585145018994808,0,-0.00068172719329595566,-0.0019514376763254404,0.0045545022003352642,-0.0076320399530231953,-0.0043812375515699387,0.022595016285777092,0.042178098112344742,-0.16755795478820801,0.023572590202093124,-0.053019579499959946,0.59798634052276611,0.38616105914115906,1
19842,-0.097602896392345428,0.0062988866120576859,0,-0.00068172719329595566,-0.0012738922378048301,0.042359478771686554,-0.0076320399530231953,-0.0043812375515699387,-0.0086451191455125809,0.029514247551560402,-0.18644243478775024,0.0098740439862012863,-0.045744273811578751,0.59798634052276611,0.33362942934036255,0
18854,-0.074491657316684723,0.0006488041253760457,0,-0.00068172719329595566,-0.0019514376763254404,0.0040492666885256767,-0.0076320399530231953,-0.0043812375515699387,-0.0092957643792033195,-0.023065488785505295,-0.15704105794429779,-0.046615421772003174,-0.05298386886715889,0.59798634052276611,0.22454488277435303,0
17757,-0.038788791745901108,-0.0052338577806949615,0,-0.00048817350761964917,-0.0015242373337969184,0.00025427748914808035,-0.0076320399530231953,-0.0043812375515699387,0.022322600707411766,0.037249565124511719,0.041453763842582703,0.024354351684451103,-0.048975776880979538,0.59798634052276611,0.61659705638885498,0
17955,-0.067142024636268616,-0.0032805872615426779,0,0.0003468212962616235,-0.0012738922378048301,-0.0028859868180006742,-0.0076320399530231953,-0.0043812375515699387,-0.0086451191455125809,-0.023065488785505295,-0.064214475452899933,0.12854477763175964,-0.045769128948450089,0.59798634052276611,0.498587965965271,0
17619,0.14767724275588989,-0.05845283716917038,0,-0.00068172719329595566,-0.0014673550613224506,-0.0037643373943865299,-0.060263548046350479,0.0091549456119537354,-0.025492221117019653,-0.044673047959804535,0.26557338237762451,-0.030687879770994186,-0.059365823864936829,0.59798634052276611,0.73554331064224243,0
6097,-0.073694862425327301,0.0062988866120576859,0,-0.00068172719329595566,-0.0012738922378048301,-0.0028859868180006742,-0.0076320399530231953,-0.0043812375515699387,-0.0086451191455125809,-0.023065488785505295,-0.1616218239068985,-0.046615421772003174,-0.049242973327636719,0.59798634052276611,0.22454488277435303,0
16357,-0.072612233459949493,-0.0035284301266074181,0,-0.00068172719329595566,-0.0012738922378048301,-0.0028859868180006742,-0.0076320399530231953,-0.0043812375515699387,-0.0086451191455125809,-0.023065488785505295,-0.15397503972053528,-0.046615421772003174,-0.048145070672035217,0.59798634052276611,0.22454488277435303,1
13468,0.16191299259662628,-9.1568435891531408e-05,0,-0.00068172719329595566,0.0058362856507301331,-0.00030860758852213621,-0.0073678097687661648,-0.0043812375515699387,0.058259375393390656,0.037249565124511719,0.032150138169527054,0.0097207017242908478,-0.056809674948453903,0.59798634052276611,0.83347523212432861,1
14322,-0.075429379940032959,0.0062988866120576859,0,-0.00068172719329595566,-0.0019514376763254404,0.0040492666885256767,-0.0076320399530231953,-0.0043812375515699387,-0.0092957643792033195,-0.023065488785505295,-0.16051062941551208,-0.037334047257900238,-0.053745977580547333,0.59798634052276611,0.23430699110031128,0
11552,-0.075574286282062531,0.0062988866120576859,0,-0.00068172719329595566,-0.0019514376763254404,0.0040492666885256767,-0.0076320399530231953,-0.0043812375515699387,-0.0092957643792033195,-0.023065488785505295,-0.16051062941551208,-0.046615421772003174,-0.054081771522760391,0.59798634052276611,0.22454488277435303,0
1911,0.11381208896636963,0.034504927694797516,0,-0.00068172719329595566,0.0026827780529856682,-0.0040674777701497078,0.14216135442256927,-0.0043812375515699387,0.0034252279438078403,0.037249565124511719,0.54688316583633423,0.015676377341151237,-0.04628404974937439,0.59798634052276611,1.4389675855636597,1
9655,0.10756680369377136,-0.00096891354769468307,0,-0.00068172719329595566,-0.0015242373337969184,-0.00064526754431426525,-0.060263548046350479,-0.0043812375515699387,-0.028742523863911629,0.037427317351102829,0.35956341028213501,0.015676377341151237,-0.04578988254070282,0.59798634052276611,0.97522306442260742,0
3236,-0.071939937770366669,0.0062988866120576859,0,-0.00068172719329595566,-0.0019514376763254404,0.0040492666885256767,-0.0076320399530231953,-0.0043812375515699387,-0.0092957643792033195,0.015939217060804367,-0.14848481118679047,0.21924053132534027,-0.056471340358257294,0.59798634052276611,0.54267603158950806,0
1090,-0.10442842543125153,0.0062988866120576859,0,-0.00068172719329595566,-0.0012738922378048301,0.049657925963401794,-0.0076320399530231953,-0.0043812375515699387,-0.0086451191455125809,-0.023065488785505295,-0.18328827619552612,0.023075874894857407,-0.043003708124160767,0.59798634052276611,0.30061933398246765,0
4333,-0.078735217452049255,0.0055585145018994808,0,-0.00068172719329595566,-0.0012738922378048301,-0.0031891281250864267,-0.0076320399530231953,-0.0043812375515699387,0.02807525172829628,-0.023322936147451401,-0.086933717131614685,-0.046615421772003174,-0.047676198184490204,0.59798634052276611,0.33117875456809998,0
8707,-0.074003465473651886,0.0055585145018994808,0,-0.00068172719329595566,-0.0019514376763254404,0.0045545022003352642,0.016467632725834846,-0.0043812375515699387,0.022500956431031227,0.029256802052259445,-0.11527150124311447,-0.046118717640638351,-0.055677201598882675,0.59798634052276611,0.37823963165283203,0
5859,0.10571219027042389,0.006546730175614357,0,0.0016078826738521457,-0.001217010198161006,-0.0011293073184788227,-0.0073678097687661648,0.0091549456119537354,-0.026142865419387817,-0.023065488785505295,-0.11602938175201416,0.0084422267973423004,-0.043273244053125381,0.59798634052276611,0.51122564077377319,2
5580,-0.064346551895141602,0.0062988866120576859,0,-0.00068172719329595566,-0.0019514376763254404,0.0040492666885256767,0.0553925521671772,-0.0043812375515699387,-0.0076289540156722069,-0.023065488785505295,-0.12195523828268051,0.023075874894857407,-0.050493407994508743,0.59798634052276611,0.41229912638664246,1
19204,-0.07548300176858902,0.0062988866120576859,0,-0.00068172719329595566,-0.0019514376763254404,0.0040492666885256767,-0.00035470037255436182,-0.0043812375515699387,-0.0092957643792033195,-0.023065488785505295,-0.16787923872470856,-0.046615421772003174,-0.054081771522760391,0.59798634052276611,0.22454488277435303,0
7123,0.035198457539081573,0.0033627140801399946,0,-0.00068172719329595566,-0.0094273686408996582,-0.0057507329620420933,0.15974961221218109,-0.059671957045793533,0.0039233681745827198,0.035531524568796158,0.92622578144073486,0.015315646305680275,-0.16014251112937927,0.59798634052276611,1.5416184663772583,2
16363,-0.075574286282062531,0.0062988866120576859,0,-0.00068172719329595566,-0.0019514376763254404,0.0040492666885256767,-0.0076320399530231953,-0.0043812375515699387,-0.0092957643792033195,-0.023065488785505295,-0.16051062941551208,-0.046615421772003174,-0.054081771522760391,0.59798634052276611,0.22454488277435303,0
18884,0.11846593022346497,0.0055585145018994808,0,-0.00068172719329595566,0.0058362856507301331,-0.00030860758852213621,-0.0073678097687661648,-0.0043812375515699387,0.0034252279438078403,0.023674530908465385,0.033125162124633789,0.1941085159778595,-0.063699014484882355,0.59798634052276611,0.90574240684509277,0
2274,-0.21461614966392517,0.0058063571341335773,0,0.0003468212962616235,-0.0061086136847734451,0.017003534361720085,-0.0073767961002886295,-0.0039104903116822243,0.020038885995745659,0.0366695336997509,-0.10490059852600098,-0.029408058151602745,0.48563680052757263,0.59798634052276611,0.79716801643371582,0
18549,-0.075574286282062531,0.0062988866120576859,0,-0.00068172719329595566,-0.0019514376763254404,0.0040492666885256767,-0.0076320399530231953,-0.0043812375515699387,-0.0092957643792033195,-0.023065488785505295,-0.16051062941551208,-0.046615421772003174,-0.054081771522760391,0.59798634052276611,0.22454488277435303,0
12630,-0.076898761093616486,0.0062988866120576859,0,-0.00068172719329595566,-0.0012738922378048301,0.00023308269737754017,-0.0076320399530231953,-0.0043812375515699387,-0.0086451191455125809,-0.023065488785505295,-0.1616218239068985,-0.046615421772003174,-0.049158137291669846,0.59798634052276611,0.22454488277435303,0
3800,-0.10467537492513657,0.0008966470486484468,0,0.0016078826738521457,-0.001217010198161006,0.049657925963401794,-0.0076320399530231953,0.0091549456119537354,-0.0086451191455125809,-0.023065488785505295,-0.19554533064365387,0.023075874894857407,-0.040980122983455658,0.59798634052276611,0.30061933398246765,0
12386,-0.067050531506538391,-0.0040209591388702393,0,0.0016078826738521457,-0.001217010198161006,-0.0031891281250864267,-0.0076320399530231953,5.5566750233992934e-05,0.021939147263765335,-0.023322936147451401,-0.085733406245708466,0.023075874894857407,-0.04524584487080574,0.59798634052276611,0.40725323557853699,1
2569,-0.073694862425327301,0.0062988866120576859,0,-0.00068172719329595566,-0.001217010198161006,-0.0028859868180006742,-0.0076320399530231953,0.0091549456119537354,-0.0086451191455125809,-0.023065488785505295,-0.17607204616069794,-0.046615421772003174,-0.048385832458734512,0.59798634052276611,0.22454488277435303,0
487,-0.07259698212146759,0.0041030864231288433,0,-0.00068172719329595566,-0.0012738922378048301,-0.0028859868180006742,-0.0076320399530231953,-0.0043812375515699387,-0.0086451191455125809,-0.023065488785505295,-0.1616218239068985,-0.046615421772003174,-0.048145070672035217,0.59798634052276611,0.22454488277435303,0
1766,-0.037116527557373047,-0.00072107074083760381,0,0.0003468212962616235,-0.0015242373337969184,0.00056974188191816211,-0.060527771711349487,-0.0043812375515699387,0.021939147263765335,0.023674530908465385,0.28921842575073242,0.12939149141311646,-0.053948108106851578,0.59798634052276611,0.90490752458572388,3
11166,-0.075574286282062531,0.0062988866120576859,0,-0.00068172719329595566,-0.0019514376763254404,0.0040492666885256767,-0.0076320399530231953,-0.0043812375515699387,-0.0092957643792033195,-0.023065488785505295,-0.16051062941551208,-0.046615421772003174,-0.054081771522760391,0.59798634052276611,0.22454488277435303,0
15050,-0.036769535392522812,0.0062988866120576859,0,-0.00068172719329595566,-0.0019514376763254404,0.0040492666885256767,-0.0076320399530231953,-0.0043812375515699387,-0.0076289540156722069,-0.023065488785505295,-0.16393236815929413,0.023075874894857407,-0.051091659814119339,0.59798634052276611,0.3342762291431427,0
12794,-0.075574286282062531,0.0062988866120576859,0,-0.00068172719329595566,-0.0019514376763254404,0.0040492666885256767,-0.0076320399530231953,-0.0043812375515699387,-0.0092957643792033195,-0.023065488785505295,-0.16051062941551208,-0.046615421772003174,-0.054081771522760391,0.59798634052276611,0.22454488277435303,0
7232,0.10812566429376602,-0.0099661452695727348,0,-0.00068172719329595566,-0.0025947748217731714,0.0063310735858976841,0.14216135442256927,-0.059671957045793533,0.054955098778009415,0.024391220882534981,0.93230444192886353,0.10334689915180206,-0.022519225254654884,0.59798634052276611,1.8741685152053833,3
16299,-0.10298430919647217,0.0062988866120576859,0,-0.00068172719329595566,-0.0012738922378048301,0.042359478771686554,-0.0076320399530231953,-0.0043812375515699387,-0.011058547534048557,0.03952397033572197,-0.18912817537784576,0.023572590202093124,-0.044921159744262695,0.59798634052276611,0.34768021106719971,0
11994,-0.07548300176858902,0.0062988866120576859,0,-0.00068172719329595566,-0.0019514376763254404,0.0040492666885256767,-0.00035470037255436182,-0.0043812375515699387,-0.0092957643792033195,-0.023065488785505295,-0.16787923872470856,-0.046615421772003174,-0.054081771522760391,0.59798634052276611,0.22454488277435303,1
11348,-0.073234036564826965,0.0062988866120576859,0,-0.00068172719329595566,-0.0012738922378048301,0.00087288313079625368,-0.0076320399530231953,-0.0043812375515699387,-0.0093917334452271461,0.034341104328632355,-0.17200759053230286,-0.046118717640638351,-0.053172580897808075,0.59798634052276611,0.2716057300567627,0
20450,-0.074064947664737701,-0.0063444166444242001,0,-0.00048817350761964917,-0.0012738922378048301,0.00087288313079625368,-0.0076320399530231953,-0.0043812375515699387,-0.010270325466990471,-0.023065488785505295,-0.082001030445098877,-0.046615421772003174,-0.050024509429931641,0.59798634052276611,0.29269790649414062,1
19191,-0.075574286282062531,0.0062988866120576859,0,-0.00068172719329595566,-0.0019514376763254404,0.0040492666885256767,-0.0076320399530231953,-0.0043812375515699387,-0.0092957643792033195,-0.023065488785505295,-0.16051062941551208,-0.046615421772003174,-0.054081771522760391,0.59798634052276611,0.22454488277435303,0
2550,0.10887600481510162,-0.05820498988032341,0,0.0003468212962616235,-0.0022017830051481724,0.0031709161121398211,-0.060263548046350479,-0.0043812375515699387,-0.026142865419387817,0.037507008761167526,0.30752125382423401,0.015676377341151237,-0.050713509321212769,0.59798634052276611,0.86917728185653687,0
20547,0.10534366965293884,-0.061268828809261322,0,-0.00048817350761964917,-0.0015242373337969184,-0.0037643373943865299,-0.060263548046350479,-0.0043812375515699387,-0.029530862346291542,0.047516729682683945,0.30946791172027588,0.015676377341151237,-0.045593027025461197,0.59798634052276611,0.86917728185653687,0
8457,0.042229823768138885,-0.0022302472498267889,0,0.0016078826738521457,-0.0096796909347176552,0.013604888692498207,0.12491298466920853,0.095766104757785797,0.031695932149887085,0.027725530788302422,1.185260534286499,0.08944307267665863,0.67371189594268799,0.59798634052276611,2.8720357418060303,0
18320,-0.075268372893333435,0.0062988866120576859,0,-0.00068172719329595566,-0.0019514376763254404,0.0040492666885256767,0.016467632725834846,-0.0043812375515699387,-0.0092957643792033195,-0.023065488785505295,-0.18491619825363159,-0.046615421772003174,-0.054081771522760391,0.59798634052276611,0.22454488277435303,0
7281,-0.076248809695243835,0.006546730175614357,0,0.0016078826738521457,-0.0019514376763254404,0.0040492666885256767,-0.0076320399530231953,-0.0043812375515699387,-0.0092957643792033195,-0.023065488785505295,-0.16178703308105469,-0.031291685998439789,-0.05344545841217041,0.59798634052276611,0.24109160900115967,0
14305,-0.080787025392055511,0.0055585145018994808,0,-0.00068172719329595566,-0.0019514376763254404,0.0040492666885256767,-0.0076320399530231953,-0.0043812375515699387,0.023681448772549629,0.040400564670562744,-0.16398677229881287,-0.030794966965913773,-0.054827757179737091,0.59798634052276611,0.32663333415985107,0
16242,-0.11315597593784332,0.0049449917860329151,0,-0.034445658326148987,-0.009574107825756073,-0.037153724581003189,0.00084049650467932224,0.061721198260784149,-0.12367615848779678,-0.035219654440879822,1.3452972173690796,0.10807354003190994,1.077406644821167,0.59798634052276611,2.8430471420288086,3
11976,-0.071585290133953094,0.0055585145018994808,0,-0.00068172719329595566,-0.001217010198161006,-0.0031891281250864267,0.016467632725834846,0.0091549456119537354,0.022343223914504051,-0.023322936147451401,-0.1257895827293396,-0.046615421772003174,-0.047931086272001266,0.59798634052276611,0.33117875456809998,0
1463,-0.075268372893333435,0.0062988866120576859,0,-0.00068172719329595566,-0.0019514376763254404,0.0040492666885256767,0.016467632725834846,-0.0043812375515699387,-0.0092957643792033195,-0.023065488785505295,-0.18491619825363159,-0.046615421772003174,-0.054081771522760391,0.59798634052276611,0.22454488277435303,0
18903,-0.075574286282062531,0.0062988866120576859,0,-0.00068172719329595566,-0.0019514376763254404,0.0040492666885256767,-0.0076320399530231953,-0.0043812375515699387,-0.0092957643792033195,-0.023065488785505295,-0.16051062941551208,-0.046615421772003174,-0.054081771522760391,0.59798634052276611,0.22454488277435303,0
11694,-0.075200363993644714,0.0062988866120576859,0,-0.00068172719329595566,-0.001217010198161006,0.00087288313079625368,-0.0076320399530231953,0.0091549456119537354,-0.0086451191455125809,-0.023065488785505295,-0.10829287767410278,-0.046615421772003174,-0.050265263766050339,0.59798634052276611,0.29269790649414062,0
19243,-0.069147862493991852,0.0062988866120576859,0,-0.00068172719329595566,0.0029331231489777565,-0.0028859868180006742,-0.0076320399530231953,-0.0043812375515699387,-0.0086451191455125809,-0.015933653339743614,-0.079194299876689911,0.23945069313049316,-0.049348533153533936,0.59798634052276611,0.60881847143173218,0
11019,-0.072687990963459015,-9.1568435891531408e-05,0,-0.00068172719329595566,-0.0019514376763254404,0.0045545022003352642,-0.0076320399530231953,-0.0043812375515699387,0.022500956431031227,-0.023322936147451401,-0.083969771862030029,-0.046615421772003174,-0.052529122680425644,0.59798634052276611,0.33117875456809998,0
6849,-0.075806006789207458,0.0043509285897016525,0,0.0016078826738521457,-0.0012738922378048301,0.00087288313079625368,-0.0076320399530231953,-0.0043812375515699387,-0.0086451191455125809,-0.023065488785505295,-0.1628982275724411,-0.046615421772003174,-0.049955971539020538,0.59798634052276611,0.22454488277435303,0
15724,-0.036734871566295624,0.0055585145018994808,0,-0.00068172719329595566,-0.0019514376763254404,0.0040492666885256767,0.016467632725834846,-0.0043812375515699387,0.017575373873114586,0.027884239330887794,-0.10616010427474976,0.19707003235816956,-0.055740173906087875,0.59798634052276611,0.6609419584274292,2
1332,-0.070377014577388763,-0.0035284301266074181,0,-0.00068172719329595566,-0.0012738922378048301,0.00087288313079625368,-0.0076320399530231953,-0.0043812375515699387,-0.0086451191455125809,0.029514247551560402,-0.089894756674766541,0.023572590202093124,-0.049698736518621445,0.59798634052276611,0.41583326458930969,1
18713,0.11547722667455673,-0.0042688022367656231,0,-0.00068172719329595566,-0.0062418789602816105,-0.004033220000565052,-9.0469271526671946e-05,-0.0043812375515699387,-3.6786834243685007e-05,0.0366695336997509,-0.098057977855205536,-0.029030261561274529,0.094382040202617645,0.59798634052276611,0.69769328832626343,0
15091,-0.075574286282062531,0.0062988866120576859,0,-0.00068172719329595566,-0.0019514376763254404,0.0040492666885256767,-0.0076320399530231953,-0.0043812375515699387,-0.0092957643792033195,-0.023065488785505295,-0.16051062941551208,-0.046615421772003174,-0.054081771522760391,0.59798634052276611,0.22454488277435303,1
6396,-0.076903887093067169,0.006546730175614357,0,0.0016078826738521457,-0.0019514376763254404,0.0040492666885256767,-0.0076320399530231953,-0.0043812375515699387,-0.0092957643792033195,-0.023065488785505295,-0.16178703308105469,-0.046615421772003174,-0.054013233631849289,0.59798634052276611,0.22454488277435303,0
3316,-0.11003751307725906,0.006546730175614357,0,0.0016078826738521457,-0.0012738922378048301,0.049657925963401794,-0.0076320399530231953,-0.0043812375515699387,-0.0086451191455125809,-0.023065488785505295,-0.18429237604141235,-0.046615421772003174,-0.045311126857995987,0.59798634052276611,0.22454488277435303,0
5019,0.12899436056613922,0.0016728490591049194,0,-0.00068172719329595566,-0.0015242373337969184,-0.0037643373943865299,-0.0073678097687661648,-0.0043812375515699387,-0.025492221117019653,-0.044673047959804535,-0.0079582277685403824,-0.036643568426370621,-0.042888771742582321,0.59798634052276611,0.55327862501144409,0
964,-0.076903887093067169,0.006546730175614357,0,0.0016078826738521457,-0.0012738922378048301,-0.00025095813907682896,-0.0076320399530231953,-0.0043812375515699387,-0.0092957643792033195,-0.023065488785505295,-0.16112375259399414,-0.046615421772003174,-0.05105387419462204,0.59798634052276611,0.22454488277435303,0
17148,-0.075574286282062531,0.0062988866120576859,0,-0.00068172719329595566,-0.0019514376763254404,0.0040492666885256767,-0.0076320399530231953,-0.0043812375515699387,-0.0092957643792033195,-0.023065488785505295,-0.16051062941551208,-0.046615421772003174,-0.054081771522760391,0.59798634052276611,0.22454488277435303,0
9605,-0.083358213305473328,-0.0040209591388702393,0,0.0016078826738521457,-0.0022017830051481724,0.0045545022003352642,-0.0076320399530231953,-0.0043812375515699387,0.029740957543253899,-0.044930495321750641,0.0099434955045580864,-0.047613330185413361,-0.052650541067123413,0.59798634052276611,0.39704489707946777,0
8364,0.1220867931842804,0.024338638409972191,0,-0.00068172719329595566,-0.0094273686408996582,-0.0031210652086883783,0.14216135442256927,-0.059671957045793533,0.060329169034957886,0.021242685616016388,1.0017138719558716,0.015315646305680275,-0.16157354414463043,0.59798634052276611,1.7506983280181885,2
12111,-0.069933794438838959,0.00093247659970074892,0,-0.00068172719329595566,-0.0015242373337969184,0.00025427748914808035,-0.0076320399530231953,-0.0043812375515699387,0.022096877917647362,-0.044930495321750641,0.0081740180030465126,0.023857636377215385,-0.047539763152599335,0.59798634052276611,0.47667855024337769,0
2216,-0.077292606234550476,0.0062988866120576859,0,-0.00068172719329595566,-0.0012738922378048301,0.00023308269737754017,-0.0076320399530231953,-0.0043812375515699387,-0.0086451191455125809,0.029514247551560402,-0.16504830121994019,-0.036837343126535416,-0.050872523337602615,0.59798634052276611,0.28136789798736572,0
5328,-0.075574286282062531,0.0062988866120576859,0,-0.00068172719329595566,-0.0019514376763254404,0.0040492666885256767,-0.0076320399530231953,-0.0043812375515699387,-0.0092957643792033195,-0.023065488785505295,-0.16051062941551208,-0.046615421772003174,-0.054081771522760391,0.59798634052276611,0.22454488277435303,0
11077,-0.074144542217254639,0.0055585145018994808,0,-0.00068172719329595566,-0.0019514376763254404,0.0045545022003352642,-0.0076320399530231953,-0.0043812375515699387,0.022500956431031227,-0.023322936147451401,-0.15521842241287231,-0.046615421772003174,-0.053627025336027145,0.59798634052276611,0.26302570104598999,0
632,-0.30574142932891846,0.0049449917860329151,0,-0.034445658326148987,-0.010984784923493862,0.0056632570922374725,0.00075594079680740833,-0.034379478543996811,0.3458561897277832,-0.0060136965475976467,1.7982778549194336,-0.00018820760305970907,1.0014940500259399,0.59798634052276611,3.3632254600524902,2
13435,-0.1023506373167038,0.0055585145018994808,0,-0.00068172719329595566,-0.0094273686408996582,-0.0051878471858799458,0.14189712703227997,-0.059671957045793533,0.030145028606057167,-0.019831059500575066,0.96751666069030762,0.038021638989448547,-0.16359409689903259,0.59798634052276611,1.4203801155090332,3
15327,0.1442185640335083,0.0054050562903285027,0,-0.034552797675132751,-0.0079372720792889595,-0.0014580816496163607,-0.060263548046350479,0.12582173943519592,-0.077980123460292816,-0.036946665495634079,1.1101206541061401,0.097855746746063232,-0.15215349197387695,0.59798634052276611,1.7101161479949951,3
1340,-0.39422416687011719,-0.011651501059532166,0,0.00013943336671218276,-0.0096004363149404526,-0.083642534911632538,0.14223693311214447,0.023532196879386902,0.027086185291409492,0.017805984243750572,1.3333361148834229,0.10807354003190994,0.99877655506134033,0.59798634052276611,2.7498550415039062,3
16980,-0.070694431662559509,0.0062988866120576859,0,-0.00068172719329595566,-0.0019514376763254404,0.0040492666885256767,0.016467632725834846,-0.0043812375515699387,-0.0092957643792033195,-0.023065488785505295,-0.18244010210037231,0.056628100574016571,-0.051705822348594666,0.59798634052276611,0.33721426129341125,1
20005,-0.081789441406726837,-0.0042688022367656231,0,-0.00068172719329595566,-0.0022017830051481724,0.0045545022003352642,-0.00035470037255436182,-0.0043812375515699387,0.028232978656888008,-0.044930495321750641,0.0042553488165140152,-0.047613330185413361,-0.051763046532869339,0.59798634052276611,0.39704489707946777,0
20246,-0.075574286282062531,0.0062988866120576859,0,-0.00068172719329595566,-0.0012738922378048301,-0.00025095813907682896,-0.0076320399530231953,-0.0043812375515699387,-0.0092957643792033195,-0.023065488785505295,-0.15984734892845154,-0.046615421772003174,-0.051122412085533142,0.59798634052276611,0.22454488277435303,0
14641,-0.071294821798801422,0.0062988866120576859,0,-0.00068172719329595566,-0.0012738922378048301,0.0026941748801618814,-0.0076320399530231953,-0.0043812375515699387,-0.0092957643792033195,-0.023065488785505295,-0.16010540723800659,0.023075874894857407,-0.051705822348594666,0.59798634052276611,0.30061933398246765,0
18689,-0.075268372893333435,0.0062988866120576859,0,-0.00068172719329595566,-0.0019514376763254404,0.0040492666885256767,0.016467632725834846,-0.0043812375515699387,-0.0092957643792033195,-0.023065488785505295,-0.18491619825363159,-0.046615421772003174,-0.054081771522760391,0.59798634052276611,0.22454488277435303,0
14073,-0.076898761093616486,0.0062988866120576859,0,-0.00068172719329595566,-0.0012738922378048301,0.00023308269737754017,-0.0076320399530231953,-0.0043812375515699387,-0.0086451191455125809,-0.023065488785505295,-0.1616218239068985,-0.046615421772003174,-0.049158137291669846,0.59798634052276611,0.22454488277435303,0
18037,-0.071459650993347168,0.0062988866120576859,0,-0.00068172719329595566,-0.0012738922378048301,0.00087288313079625368,-0.0076320399530231953,-0.0043812375515699387,-0.0086451191455125809,0.029514247551560402,-0.097541555762290955,0.023572590202093124,-0.050796642899513245,0.59798634052276611,0.41583326458930969,0
271,-0.075574286282062531,0.0062988866120576859,0,-0.00068172719329595566,-0.0012738922378048301,0.0026941748801618814,-0.0076320399530231953,-0.0043812375515699387,-0.0092957643792033195,-0.023065488785505295,-0.15983310341835022,-0.046615421772003174,-0.054081771522760391,0.59798634052276611,0.22454488277435303,0
283,-0.073838621377944946,0.0055585145018994808,0,-0.00068172719329595566,-0.0019514376763254404,0.0045545022003352642,0.016467632725834846,-0.0043812375515699387,0.022500956431031227,-0.023322936147451401,-0.17962399125099182,-0.046615421772003174,-0.053627025336027145,0.59798634052276611,0.26302570104598999,0
4308,-0.073694862425327301,0.0062988866120576859,0,-0.00068172719329595566,-0.0012738922378048301,-0.0028859868180006742,-0.0076320399530231953,-0.0043812375515699387,-0.0086451191455125809,-0.023065488785505295,-0.1616218239068985,-0.046615421772003174,-0.049242973327636719,0.59798634052276611,0.22454488277435303,0
1966,-0.075024455785751343,0.006546730175614357,0,0.0016078826738521457,-0.0012738922378048301,-0.0028859868180006742,-0.0076320399530231953,-0.0043812375515699387,-0.0086451191455125809,-0.023065488785505295,-0.1628982275724411,-0.046615421772003174,-0.049174439162015915,0.59798634052276611,0.22454488277435303,0
5724,-0.066162459552288055,0.0062988866120576859,0,-0.00068172719329595566,-0.0012738922378048301,-0.0028859868180006742,-0.0076320399530231953,-0.0043812375515699387,-0.0069783078506588936,-0.023065488785505295,-0.09866081178188324,0.023075874894857407,-0.04686703160405159,0.59798634052276611,0.36877238750457764,0
2599,-0.074377387762069702,0.0055585145018994808,0,-0.00068172719329595566,-0.0019514376763254404,0.0045545022003352642,0.016467632725834846,-0.0043812375515699387,0.022500956431031227,0.029256802052259445,-0.18305055797100067,-0.046118717640638351,-0.055677201598882675,0.59798634052276611,0.31008657813072205,0
14461,-0.075574286282062531,0.0062988866120576859,0,-0.00068172719329595566,-0.0019514376763254404,0.0040492666885256767,-0.0076320399530231953,-0.0043812375515699387,-0.0092957643792033195,-0.023065488785505295,-0.16051062941551208,-0.046615421772003174,-0.054081771522760391,0.59798634052276611,0.22454488277435303,0
20382,-0.075005285441875458,0.0006488041253760457,0,-0.00068172719329595566,-0.0015242373337969184,-0.00025095813907682896,0.016467632725834846,-0.0043812375515699387,-0.01004237774759531,0.047516729682683945,-0.00086592254228889942,0.024354351684451103,-0.049763001501560211,0.59798634052276611,0.54445916414260864,0
17257,-0.037425398826599121,0.034504927694797516,0,-0.00068172719329595566,-0.0015242373337969184,-0.0031891281250864267,0.14189712703227997,-0.0043812375515699387,0.02958323061466217,0.003120063804090023,0.52862250804901123,0.030310029163956642,-0.050295241177082062,0.59798634052276611,1.2685279846191406,1
14504,-0.069880180060863495,0.0055585145018994808,0,-0.00068172719329595566,0.002255577826872468,0.0045545022003352642,-0.00035470037255436182,-0.0043812375515699387,0.022500956431031227,-0.022508449852466583,-0.15117156505584717,0.19893810153007507,-0.053732588887214661,0.59798634052276611,0.52908360958099365,0
356,-0.070536524057388306,0.0041030864231288433,0,-0.00068172719329595566,-0.0014673550613224506,-0.0028859868180006742,-0.0076320399530231953,0.0091549456119537354,-0.0086451191455125809,0.037507008761167526,0.013553093187510967,0.057906556874513626,-0.047308105975389481,0.59798634052276611,0.58105415105819702,0
10604,-0.076903887093067169,0.006546730175614357,0,0.0016078826738521457,-0.0019514376763254404,0.0040492666885256767,-0.0076320399530231953,-0.0043812375515699387,-0.0092957643792033195,-0.023065488785505295,-0.16178703308105469,-0.046615421772003174,-0.054013233631849289,0.59798634052276611,0.22454488277435303,0
19737,-0.20373700559139252,0.035493150353431702,0,0.0016078826738521457,-0.0063589583151042461,0.016498301178216934,-0.060272529721260071,-0.0039104903116822243,-0.0052856160327792168,0.044919755309820175,0.35551053285598755,0.025487758219242096,0.53364139795303345,0.59798634052276611,1.3315807580947876,5
20764,-0.075574286282062531,0.0062988866120576859,0,-0.00068172719329595566,-0.0019514376763254404,0.0040492666885256767,-0.0076320399530231953,-0.0043812375515699387,-0.0092957643792033195,-0.023065488785505295,-0.16051062941551208,-0.046615421772003174,-0.054081771522760391,0.59798634052276611,0.22454488277435303,0
11744,-0.075574286282062531,0.0062988866120576859,0,-0.00068172719329595566,-0.0012738922378048301,0.00087288313079625368,-0.0076320399530231953,-0.0043812375515699387,-0.0086451191455125809,-0.023065488785505295,-0.1616218239068985,-0.046615421772003174,-0.051122412085533142,0.59798634052276611,0.22454488277435303,0
2846,-0.067177511751651764,0.0055585145018994808,0,-0.00068172719329595566,-0.0012738922378048301,-0.0031891281250864267,-0.0076320399530231953,-0.0043812375515699387,0.021939147263765335,-0.023322936147451401,-0.15538924932479858,0.023075874894857407,-0.046412285417318344,0.59798634052276611,0.339100182056427,1
19839,-0.069015264511108398,-0.0042688022367656231,0,-0.00068172719329595566,-0.0012738922378048301,0.00056974188191816211,0.016467632725834846,-0.0043812375515699387,0.022343223914504051,0.029256802052259445,-0.17357024550437927,0.04162956029176712,-0.049243990331888199,0.59798634052276611,0.40581819415092468,1
12143,-0.075800880789756775,0.0041030864231288433,0,-0.00068172719329595566,-0.001217010198161006,0.00023308269737754017,-0.0076320399530231953,0.0091549456119537354,-0.0086451191455125809,-0.023065488785505295,-0.17607204616069794,-0.046615421772003174,-0.047203097492456436,0.59798634052276611,0.22454488277435303,0
16541,-0.071731992065906525,0.0062988866120576859,0,-0.00068172719329595566,-0.0019514376763254404,0.0040492666885256767,-0.0076320399530231953,-0.0043812375515699387,-0.0092957643792033195,-0.023065488785505295,-0.077543102204799652,0.023385228589177132,-0.051705822348594666,0.59798634052276611,0.3837314248085022,0
10060,-0.073694862425327301,0.0062988866120576859,0,-0.00068172719329595566,-0.0012738922378048301,-0.0028859868180006742,-0.0076320399530231953,-0.0043812375515699387,-0.0086451191455125809,-0.023065488785505295,-0.1616218239068985,-0.046615421772003174,-0.049242973327636719,0.59798634052276611,0.22454488277435303,0
16644,-0.071294821798801422,0.0062988866120576859,0,-0.00068172719329595566,-0.0019514376763254404,0.0040492666885256767,-0.0076320399530231953,-0.0043812375515699387,-0.0092957643792033195,-0.023065488785505295,-0.16078293323516846,0.023075874894857407,-0.051705822348594666,0.59798634052276611,0.30061933398246765,0
1826,-0.076898761093616486,0.0062988866120576859,0,-0.00068172719329595566,-0.0012738922378048301,0.00023308269737754017,-0.0076320399530231953,-0.0043812375515699387,-0.0086451191455125809,-0.023065488785505295,-0.1616218239068985,-0.046615421772003174,-0.049158137291669846,0.59798634052276611,0.22454488277435303,0
8384,-0.073694862425327301,0.0062988866120576859,0,-0.00068172719329595566,-0.0012738922378048301,-0.0028859868180006742,-0.0076320399530231953,-0.0043812375515699387,-0.0086451191455125809,-0.023065488785505295,-0.1616218239068985,-0.046615421772003174,-0.049242973327636719,0.59798634052276611,0.22454488277435303,0
17775,-0.076903887093067169,0.006546730175614357,0,0.0016078826738521457,-0.0019514376763254404,0.0040492666885256767,-0.0076320399530231953,-0.0043812375515699387,-0.0092957643792033195,-0.023065488785505295,-0.16178703308105469,-0.046615421772003174,-0.054013233631849289,0.59798634052276611,0.22454488277435303,0
8827,-0.075411781668663025,0.0055585145018994808,0,-0.00068172719329595566,-0.0012738922378048301,-0.0031891281250864267,-0.0076320399530231953,-0.0043812375515699387,0.029987301677465439,-0.023322936147451401,-0.087206028401851654,0.023075874894857407,-0.046256285160779953,0.59798634052276611,0.40725323557853699,0
18299,-0.075268372893333435,0.0062988866120576859,0,-0.00068172719329595566,-0.0019514376763254404,0.0040492666885256767,0.016467632725834846,-0.0043812375515699387,-0.0092957643792033195,-0.023065488785505295,-0.18491619825363159,-0.046615421772003174,-0.054081771522760391,0.59798634052276611,0.22454488277435303,0
7440,-0.075567856431007385,-0.0035284301266074181,0,-0.00068172719329595566,-0.0019514376763254404,0.0040492666885256767,-0.0076320399530231953,-0.0043812375515699387,-0.0092957643792033195,0.029514247551560402,-0.071753308176994324,-0.045809362083673477,-0.05503404513001442,0.59798634052276611,0.35591483116149902,0
14660,-0.075574286282062531,0.006546730175614357,0,0.0003468212962616235,-0.0019514376763254404,0.0040492666885256767,-0.0076320399530231953,-0.0043812375515699387,-0.0092957643792033195,-0.023065488785505295,-0.16178703308105469,-0.046615421772003174,-0.054081771522760391,0.59798634052276611,0.22454488277435303,0
14161,-0.076568037271499634,0.0055585145018994808,0,-0.00068172719329595566,-0.0019514376763254404,0.0045545022003352642,0.016467632725834846,-0.0043812375515699387,0.028232978656888008,0.029256802052259445,-0.11554380506277084,0.023572590202093124,-0.052189234644174576,0.59798634052276611,0.45431411266326904,0
5423,-0.080523379147052765,0.0055585145018994808,0,-0.00068172719329595566,-0.0019514376763254404,0.0045545022003352642,-0.00035470037255436182,-0.0043812375515699387,0.028232978656888008,-0.023322936147451401,-0.094807937741279602,-0.046615421772003174,-0.052514996379613876,0.59798634052276611,0.33117875456809998,0
14497,-0.071203544735908508,0.0062988866120576859,0,-0.00068172719329595566,-0.0019514376763254404,0.0040492666885256767,-0.00035470037255436182,-0.0043812375515699387,-0.0092957643792033195,-0.023065488785505295,-0.16815154254436493,0.023075874894857407,-0.051705822348594666,0.59798634052276611,0.30061933398246765,0
18908,-0.097426876425743103,-0.01119143795222044,0,3.2296738936565816e-05,-0.0094273686408996582,-0.0051878471858799458,-0.060527771711349487,-0.059671957045793533,0.028054630383849144,-0.019117455929517746,0.83247590065002441,-0.039898023009300232,-0.16363883018493652,0.59798634052276611,0.9924619197845459,1
8003,-0.25268915295600891,-0.0099661452695727348,0,-0.00068172719329595566,-0.0096796909347176552,-0.020745856687426567,0.14223693311214447,0.095766104757785797,0.013552623800933361,0.028168436139822006,1.2377622127532959,0.087632216513156891,0.48285660147666931,0.59798634052276611,2.3921990394592285,2
8120,-0.039530050009489059,0.0008966470486484468,0,0.0016078826738521457,-0.0022017830051481724,0.0040492666885256767,-0.0076320399530231953,-0.0043812375515699387,-0.0076289540156722069,0.037507008761167526,0.025409836322069168,0.024354351684451103,-0.052321355789899826,0.59798634052276611,0.57811611890792847,3
11118,-0.036390632390975952,0.0055585145018994808,0,-0.00068172719329595566,-0.0019514376763254404,0.0040492666885256767,-0.0072973784990608692,-0.0043812375515699387,0.017575373873114586,-0.023145182058215141,-0.092216499149799347,0.023075874894857407,-0.050974659621715546,0.59798634052276611,0.43120697140693665,0
1064,0.1613076776266098,0.0055585145018994808,0,-0.00068172719329595566,-0.00042226840741932392,0.021022694185376167,-1.4902558177709579e-05,-0.0039104903116822243,0.034415092319250107,0.044662311673164368,-0.0023632883094251156,-0.00050283316522836685,0.57688683271408081,0.59798634052276611,1.4339447021484375,1
16182,0.089734695851802826,-0.0054940935224294662,0,3.2296738936565816e-05,-0.008016691543161869,-0.0095096034929156303,-0.057386625558137894,0.12582173943519592,0.060895297676324844,0.031267311424016953,0.85437822341918945,0.10974172502756119,-0.13796009123325348,0.59798634052276611,1.6514904499053955,9
19268,-0.075574286282062531,0.0062988866120576859,0,-0.00068172719329595566,-0.0012738922378048301,0.00087288313079625368,-0.0076320399530231953,-0.0043812375515699387,-0.0086451191455125809,-0.023065488785505295,-0.1616218239068985,-0.046615421772003174,-0.051122412085533142,0.59798634052276611,0.22454488277435303,0
8276,0.96021461486816406,0.019810682162642479,0,-0.043111123144626617,0.019448086619377136,-0.014467994682490826,-0.022114129737019539,0.12582173943519592,-0.0060118692927062511,0.6666836142539978,1.6937642097473145,0.12146598100662231,-0.55137068033218384,0.59798634052276611,3.5681180953979492,4
16098,-0.024064548313617706,-0.0052338577806949615,0,-0.00048817350761964917,-0.0063020763918757439,-0.018671339377760887,-0.0072922431863844395,0.0005263136699795723,0.032571032643318176,0.044662311673164368,0.005237906239926815,-0.022760055959224701,0.33580726385116577,0.59798634052276611,0.93197917938232422,0
10523,-0.069185249507427216,0.0055585145018994808,0,-0.00068172719329595566,-0.0019514376763254404,0.0045545022003352642,0.016467632725834846,-0.0043812375515699387,0.022500956431031227,-0.023322936147451401,-0.1121172159910202,0.023075874894857407,-0.05125107616186142,0.59798634052276611,0.40725323557853699,1
19844,-0.075574286282062531,0.0062988866120576859,0,-0.00068172719329595566,-0.0019514376763254404,0.0040492666885256767,-0.0076320399530231953,-0.0043812375515699387,-0.0092957643792033195,-0.023065488785505295,-0.16051062941551208,-0.046615421772003174,-0.054081771522760391,0.59798634052276611,0.22454488277435303,0
14948,-0.073546573519706726,-0.0052338577806949615,0,-0.00048817350761964917,-0.0019514376763254404,0.0045545022003352642,-0.0076320399530231953,-0.0043812375515699387,0.022726679220795631,-0.023322936147451401,-0.062541529536247253,-0.0463060662150383,-0.052529122680425644,0.59798634052276611,0.34733480215072632,0
2062,-0.07848358154296875,0.034504927694797516,0,-0.00068172719329595566,-0.0022017830051481724,0.0045545022003352642,-0.060527771711349487,-0.0043812375515699387,0.022999092936515808,0.050170857459306717,0.38853216171264648,-0.041160929948091507,-0.057998474687337875,0.59798634052276611,0.85331249237060547,0
1357,-0.07452750951051712,-9.1568435891531408e-05,0,-0.00068172719329595566,-0.0019514376763254404,0.0045545022003352642,-0.0076320399530231953,-0.0043812375515699387,0.02782890759408474,-0.023322936147451401,-0.084373854100704193,0.0093773305416107178,-0.049582574516534805,0.59798634052276611,0.39320245385169983,0
3476,-0.0709209144115448,0.006546730175614357,0,0.0003468212962616235,-0.0012738922378048301,0.00087288313079625368,-0.0076320399530231953,-0.0043812375515699387,-0.0086451191455125809,-0.023065488785505295,-0.095391355454921722,0.023075874894857407,-0.048746462911367416,0.59798634052276611,0.36877238750457764,0
4287,-0.072619304060935974,0.0062988866120576859,0,-0.00068172719329595566,-0.0012738922378048301,0.00023308269737754017,-0.0076320399530231953,-0.0043812375515699387,-0.0086451191455125809,-0.023065488785505295,-0.16189412772655487,0.023075874894857407,-0.046782203018665314,0.59798634052276611,0.30061933398246765,0
5441,-0.075574286282062531,0.0062988866120576859,0,-0.00068172719329595566,-0.0019514376763254404,0.0040492666885256767,-0.0076320399530231953,-0.0043812375515699387,-0.0092957643792033195,-0.023065488785505295,-0.16051062941551208,-0.046615421772003174,-0.054081771522760391,0.59798634052276611,0.22454488277435303,0
20456,-0.072204247117042542,0.0062988866120576859,0,-0.00068172719329595566,-0.0019514376763254404,0.0040492666885256767,-0.00035470037255436182,-0.0043812375515699387,-0.0076289540156722069,0.0014657699503004551,-0.10448369383811951,-0.046615421772003174,-0.056131947785615921,0.59798634052276611,0.31536704301834106,0
17489,-0.035980995744466782,-0.0066046523861587048,0,3.2296738936565816e-05,-0.0015242373337969184,-0.00025095813907682896,-0.0076320399530231953,-0.0043812375515699387,-0.0092541603371500969,-0.044673047959804535,0.017357077449560165,0.1290171891450882,-0.047380346804857254,0.59798634052276611,0.58671116828918457,0
10212,-0.068923972547054291,0.0062988866120576859,0,-0.00068172719329595566,-0.0012738922378048301,0.00023308269737754017,0.0553925521671772,-0.0043812375515699387,-0.0086451191455125809,-0.023065488785505295,-0.18629971146583557,0.023075874894857407,-0.045569788664579391,0.59798634052276611,0.34414607286453247,0
20504,-0.075161658227443695,-0.0032805872615426779,0,0.0003468212962616235,-0.0019514376763254404,0.0040492666885256767,0.016467632725834846,-0.0043812375515699387,-0.0092957643792033195,0.029514247551560402,-0.098732538521289825,-0.045809362083673477,-0.05503404513001442,0.59798634052276611,0.35471782088279724,0
20303,-0.069580234587192535,0.0062988866120576859,0,-0.00068172719329595566,-0.001217010198161006,-0.0028859868180006742,-0.0076320399530231953,0.0091549456119537354,-0.0086451191455125809,0.029514247551560402,-0.11199177801609039,0.023572590202093124,-0.048060059547424316,0.59798634052276611,0.41583326458930969,0
20364,-0.073694862425327301,0.0062988866120576859,0,-0.00068172719329595566,-0.0012738922378048301,-0.0028859868180006742,-0.0076320399530231953,-0.0043812375515699387,-0.0086451191455125809,-0.023065488785505295,-0.1616218239068985,-0.046615421772003174,-0.049242973327636719,0.59798634052276611,0.22454488277435303,0
15639,0.10371273010969162,0.0055585145018994808,0,-0.00068172719329595566,-0.0015242373337969184,-0.00062407180666923523,0.016731863841414452,-0.0043812375515699387,0.0035829613916575909,0.023674530908465385,0.0085401423275470734,0.1941085159778595,-0.048855625092983246,0.59798634052276611,0.89782899618148804,0
4926,-0.075574286282062531,0.0062988866120576859,0,-0.00068172719329595566,-0.0012738922378048301,0.00087288313079625368,-0.0076320399530231953,-0.0043812375515699387,-0.0086451191455125809,-0.023065488785505295,-0.1616218239068985,-0.046615421772003174,-0.051122412085533142,0.59798634052276611,0.22454488277435303,0
883,-0.10898073017597198,0.0055585145018994808,0,-0.00068172719329595566,-0.0012738922378048301,0.042056333273649216,-0.0076320399530231953,-0.0043812375515699387,0.030485436320304871,0.042178098112344742,-0.12026333808898926,0.023572590202093124,-0.044310420751571655,0.59798634052276611,0.45431411266326904,4
18565,-0.075268372893333435,0.0062988866120576859,0,-0.00068172719329595566,-0.0019514376763254404,0.0040492666885256767,0.016467632725834846,-0.0043812375515699387,-0.0092957643792033195,-0.023065488785505295,-0.18491619825363159,-0.046615421772003174,-0.054081771522760391,0.59798634052276611,0.22454488277435303,0
7390,-0.075574286282062531,0.0062988866120576859,0,-0.00068172719329595566,-0.0019514376763254404,0.0040492666885256767,-0.0076320399530231953,-0.0043812375515699387,-0.0092957643792033195,-0.023065488785505295,-0.16051062941551208,-0.046615421772003174,-0.054081771522760391,0.59798634052276611,0.22454488277435303,0
6357,-0.03730330616235733,0.0055585145018994808,0,-0.00068172719329595566,-0.0019514376763254404,0.0040492666885256767,-0.0072973784990608692,-0.0043812375515699387,-0.010879256762564182,0.024905374273657799,-0.1590990424156189,0.023572590202093124,-0.053141847252845764,0.59798634052276611,0.38133710622787476,1
19888,-0.075200363993644714,0.0062988866120576859,0,-0.00068172719329595566,-0.001217010198161006,0.00087288313079625368,-0.0076320399530231953,0.0091549456119537354,-0.0086451191455125809,-0.023065488785505295,-0.10829287767410278,-0.046615421772003174,-0.050265263766050339,0.59798634052276611,0.29269790649414062,0
1462,-0.069891005754470825,0.0041030864231288433,0,-0.00068172719329595566,-0.0019514376763254404,0.0040492666885256767,0.016467632725834846,-0.0043812375515699387,-0.0092957643792033195,-0.023065488785505295,-0.18518851697444916,0.023075874894857407,-0.050607919692993164,0.59798634052276611,0.30061933398246765,0
10599,-0.076243683695793152,0.0062988866120576859,0,-0.00068172719329595566,-0.0012738922378048301,0.00023308269737754017,-0.0076320399530231953,-0.0043812375515699387,-0.0086451191455125809,-0.023065488785505295,-0.1616218239068985,-0.031291685998439789,-0.048590362071990967,0.59798634052276611,0.24109160900115967,0
2028,-0.069109484553337097,0.0062988866120576859,0,-0.00068172719329595566,-0.0012738922378048301,-0.0028859868180006742,0.016467632725834846,-0.0043812375515699387,-0.0086451191455125809,-0.023065488785505295,-0.18629971146583557,0.023075874894857407,-0.04686703160405159,0.59798634052276611,0.30061933398246765,0
9801,-0.07548300176858902,0.0062988866120576859,0,-0.00068172719329595566,0.0026740662287920713,0.0040492666885256767,-0.00035470037255436182,-0.0043812375515699387,-0.0092957643792033195,-0.023065488785505295,-0.17029519379138947,-0.046615421772003174,-0.053847949951887131,0.59798634052276611,0.22698822617530823,0
12970,-0.072351761162281036,0.006546730175614357,0,0.0003468212962616235,-0.0012738922378048301,0.00023308269737754017,-0.0076320399530231953,-0.0043812375515699387,-0.0086451191455125809,-0.015933653339743614,-0.078473202884197235,0.23945069313049316,-0.049497522413730621,0.59798634052276611,0.60637509822845459,0
4583,-0.068439148366451263,0.0008966470486484468,0,0.0003468212962616235,-0.001217010198161006,-0.0028859868180006742,-0.0076320399530231953,0.0091549456119537354,-0.0086451191455125809,-0.015933653339743614,-0.15723298490047455,0.23945069313049316,-0.047627300024032593,0.59798634052276611,0.53822219371795654,0
11305,0.10448948293924332,-0.0040209591388702393,0,0.0003468212962616235,-0.0015242373337969184,-0.00030860758852213621,-0.0073678097687661648,-0.0043812375515699387,0.0034252279438078403,0.023674530908465385,0.039158347994089127,0.1941085159778595,-0.047757722437381744,0.59798634052276611,0.89782899618148804,1
5112,-0.075574286282062531,0.0062988866120576859,0,-0.00068172719329595566,-0.0019514376763254404,0.0040492666885256767,-0.0076320399530231953,-0.0043812375515699387,-0.0092957643792033195,-0.023065488785505295,-0.16051062941551208,-0.046615421772003174,-0.054081771522760391,0.59798634052276611,0.22454488277435303,0
11408,-0.080366797745227814,0.0016728490591049194,0,-0.00068172719329595566,-0.0062418789602816105,0.00090714066755026579,-0.0076320399530231953,-0.0043812375515699387,-0.0073017263785004616,0.023351956158876419,-0.15132105350494385,0.21199299395084381,0.082328908145427704,0.59798634052276611,0.66031378507614136,2
9483,-0.2250782698392868,0.041557975113391876,0,-0.0005745904054492712,-0.0062797027640044689,-0.08128693699836731,0.14215235412120819,-0.0033613787963986397,0.01257831696420908,0.049082957208156586,0.51081836223602295,0.00017252554243896157,0.78668457269668579,0.59798634052276611,1.8244526386260986,9
12103,-0.087039433419704437,-0.0092257726937532425,0,-0.00068172719329595566,-0.0094273686408996582,-0.0052090417593717575,-0.060527771711349487,-0.059671957045793533,-0.0069783078506588936,-0.018860010430216789,0.82076221704483032,0.029793268069624901,-0.16086544096469879,0.59798634052276611,1.0300552845001221,0
7393,-0.082213260233402252,-0.0022051797714084387,0,0.00045395793858915567,-0.0063020763918757439,-0.018576664850115776,0.14223693311214447,0.0065702451393008232,0.036425910890102386,0.045058604329824448,0.46419072151184082,0.010852653533220291,0.40698555111885071,0.59798634052276611,1.6014639139175415,3
5082,-0.068818293511867523,0.00093247659970074892,0,-0.00068172719329595566,-0.0012738922378048301,-7.0058784331195056e-05,-0.00035470037255436182,-0.0043812375515699387,0.021939147263765335,-0.023322936147451401,-0.092548482120037079,0.023075874894857407,-0.045229554176330566,0.59798634052276611,0.40725323557853699,0
984,0.10796760022640228,0.0055585145018994808,0,-0.00068172719329595566,-0.0015242373337969184,-0.0037643373943865299,0.016731863841414452,-0.0043812375515699387,-0.00028789538191631436,0.0032978199888020754,-0.019838275387883186,0.11488021165132523,-0.044598616659641266,0.59798634052276611,0.7713463306427002,2
11745,-0.074438869953155518,-0.0063444166444242001,0,-0.00048817350761964917,-0.0019514376763254404,0.0040492666885256767,-0.0076320399530231953,-0.0043812375515699387,-0.01092097070068121,-0.023065488785505295,-0.14866898953914642,-0.046615421772003174,-0.05298386886715889,0.59798634052276611,0.22454488277435303,0
12106,-0.075574286282062531,0.0062988866120576859,0,-0.00068172719329595566,-0.0012738922378048301,-0.00025095813907682896,-0.0076320399530231953,-0.0043812375515699387,-0.0092957643792033195,-0.023065488785505295,-0.15984734892845154,-0.046615421772003174,-0.051122412085533142,0.59798634052276611,0.22454488277435303,0
4964,-0.072429955005645752,0.0058063571341335773,0,0.0003468212962616235,-0.0012738922378048301,-0.0031891281250864267,-0.0076320399530231953,-0.0043812375515699387,0.022343223914504051,0.029256802052259445,-0.091636687517166138,-0.046118717640638351,-0.050838395953178406,0.59798634052276611,0.37823963165283203,0
16699,0.10556752979755402,-0.060418490320444107,0,0.0012933581601828337,-0.0014673550613224506,-0.00062407180666923523,-0.060263548046350479,0.0091549456119537354,0.0038086851127445698,-0.04411601647734642,0.20176328718662262,0.10061623901128769,-0.047038860619068146,0.59798634052276611,0.80626243352890015,0
4086,-0.073694862425327301,0.0062988866120576859,0,-0.00068172719329595566,-0.0012738922378048301,-0.0028859868180006742,-0.0076320399530231953,-0.0043812375515699387,-0.0086451191455125809,-0.023065488785505295,-0.1616218239068985,-0.046615421772003174,-0.049242973327636719,0.59798634052276611,0.22454488277435303,0
15905,-0.069086663424968719,-0.0012525862548500299,0,-0.00068172719329595566,-0.0015242373337969184,-0.00025095813907682896,-0.060527771711349487,-0.0043812375515699387,-0.0092957643792033195,0.037507008761167526,0.36626896262168884,0.030310029163956642,-0.052301682531833649,0.59798634052276611,0.83276963233947754,3
4783,-0.066334567964076996,0.0055585145018994808,0,-0.00068172719329595566,-0.0019514376763254404,0.0045545022003352642,0.0553925521671772,-0.0043812375515699387,0.022500956431031227,0.024727620184421539,-0.11101462692022324,0.023572590202093124,-0.052088845521211624,0.59798634052276611,0.49784085154533386,0
12993,-0.076529964804649353,0.006546730175614357,0,0.0016078826738521457,-0.0019514376763254404,0.0040492666885256767,-0.0076320399530231953,-0.0043812375515699387,-0.0092957643792033195,-0.023065488785505295,-0.094007879495620728,-0.046615421772003174,-0.054013233631849289,0.59798634052276611,0.29269790649414062,0
12021,0.086406633257865906,0.0062988866120576859,0,-0.00068172719329595566,-0.0015242373337969184,-0.0011293073184788227,0.034320149570703506,-0.0043812375515699387,-0.026142865419387817,0.035956688225269318,0.0030911632347851992,0.17809881269931793,-0.048951439559459686,0.59798634052276611,0.85934805870056152,2
3774,-0.076903887093067169,0.006546730175614357,0,0.0016078826738521457,-0.0019514376763254404,0.0040492666885256767,-0.0076320399530231953,-0.0043812375515699387,-0.0092957643792033195,-0.023065488785505295,-0.16178703308105469,-0.046615421772003174,-0.054013233631849289,0.59798634052276611,0.22454488277435303,0
14452,-0.071294821798801422,0.0062988866120576859,0,-0.00068172719329595566,-0.0012738922378048301,0.00087288313079625368,-0.0076320399530231953,-0.0043812375515699387,-0.0086451191455125809,-0.023065488785505295,-0.16189412772655487,0.023075874894857407,-0.048746462911367416,0.59798634052276611,0.30061933398246765,0
5803,-0.069071404635906219,-0.00022854148119222373,0,-0.00068172719329595566,-0.0015242373337969184,0.0026941748801618814,-0.060527771711349487,-0.0043812375515699387,-0.0092957643792033195,0.037507008761167526,0.36524391174316406,0.030310029163956642,-0.055261049419641495,0.59798634052276611,0.83276963233947754,0
80,-0.21263012290000916,0.0062988866120576859,0,-0.00068172719329595566,-0.00042226840741932392,0.020798526704311371,0.035036828368902206,-0.0039104903116822243,-0.0052856160327792168,-0.062020488083362579,-0.047175850719213486,0.20877252519130707,0.43387085199356079,0.59798634052276611,0.97063750028610229,1
3518,-0.075574286282062531,0.0062988866120576859,0,-0.00068172719329595566,-0.0019514376763254404,0.0040492666885256767,-0.0076320399530231953,-0.0043812375515699387,-0.0092957643792033195,-0.023065488785505295,-0.16051062941551208,-0.046615421772003174,-0.054081771522760391,0.59798634052276611,0.22454488277435303,0
962,-0.11159852147102356,0.024338638409972191,0,-0.00068172719329595566,-0.0094273686408996582,-0.0048723830841481686,0.0005006969440728426,-0.059671957045793533,0.027671176940202713,0.021242685616016388,0.89487355947494507,-0.039741992950439453,-0.16697981953620911,0.59798634052276611,1.1736394166946411,3
6183,-0.073694862425327301,0.0062988866120576859,0,-0.00068172719329595566,-0.0012738922378048301,-0.0028859868180006742,-0.0076320399530231953,-0.0043812375515699387,-0.0086451191455125809,-0.023065488785505295,-0.1616218239068985,-0.046615421772003174,-0.049242973327636719,0.59798634052276611,0.22454488277435303,0
1965,-0.068381108343601227,0.0062988866120576859,0,-0.00068172719329595566,0.0029331231489777565,-0.00025095813907682896,0.016467632725834846,-0.0043812375515699387,-0.0076289540156722069,0.015939217060804367,-0.11099132895469666,0.21924053132534027,-0.053278155624866486,0.59798634052276611,0.61327230930328369,2
15469,-0.07143750786781311,0.0062988866120576859,0,-0.00068172719329595566,-0.0012738922378048301,-0.00025095813907682896,-0.0076320399530231953,-0.0043812375515699387,-0.0092957643792033195,-0.023065488785505295,-0.074131354689598083,0.056937448680400848,-0.048746462911367416,0.59798634052276611,0.42032641172409058,0
19355,-0.096047960221767426,0.0041030864231288433,0,-0.00068172719329595566,-0.0012738922378048301,0.042359478771686554,-0.0076320399530231953,-0.0043812375515699387,-0.0086451191455125809,0.029514247551560402,-0.1189357191324234,0.023572590202093124,-0.044104944914579391,0.59798634052276611,0.41583326458930969,0
9832,-0.073694862425327301,0.0062988866120576859,0,-0.00068172719329595566,-0.0012738922378048301,-0.0028859868180006742,-0.0076320399530231953,-0.0043812375515699387,-0.0086451191455125809,-0.023065488785505295,-0.1616218239068985,-0.046615421772003174,-0.049242973327636719,0.59798634052276611,0.22454488277435303,0
19792,0.11317183822393417,0.00015627453103661537,0,0.0003468212962616235,0.0026827780529856682,-0.000948408676777035,0.016731863841414452,-0.0043812375515699387,0.0039233681745827198,0.050170857459306717,-0.0040849489159882069,0.0097207017242908478,-0.057639848440885544,0.59798634052276611,0.72783690690994263,0
6750,-0.07497762143611908,-0.0063444166444242001,0,-0.00048817350761964917,-0.0019514376763254404,0.0040492666885256767,-0.0076320399530231953,-0.0043812375515699387,-0.01092097070068121,0.029514247551560402,-0.15209557116031647,-0.046118717640638351,-0.05503404513001442,0.59798634052276611,0.2716057300567627,0
13157,-0.075574286282062531,0.0062988866120576859,0,-0.00068172719329595566,-0.0012738922378048301,0.00087288313079625368,-0.0076320399530231953,-0.0043812375515699387,-0.0086451191455125809,-0.023065488785505295,-0.1616218239068985,-0.046615421772003174,-0.051122412085533142,0.59798634052276611,0.22454488277435303,0
12377,-0.096981033682823181,0.0062988866120576859,0,-0.00068172719329595566,-0.0012738922378048301,0.042359478771686554,-0.0076320399530231953,-0.0043812375515699387,-0.0086451191455125809,-0.023065488785505295,-0.18328827619552612,0.023075874894857407,-0.043152660131454468,0.59798634052276611,0.30061933398246765,2
8452,-0.070988908410072327,0.006546730175614357,0,0.0003468212962616235,-0.0019514376763254404,0.0040492666885256767,0.016467632725834846,-0.0043812375515699387,-0.0092957643792033195,-0.023065488785505295,-0.18646492063999176,0.023075874894857407,-0.051705822348594666,0.59798634052276611,0.30061933398246765,0
3155,-0.077865898609161377,0.0033627140801399946,0,-0.00068172719329595566,-0.0012738922378048301,-7.0058784331195056e-05,-0.0076320399530231953,-0.0043812375515699387,0.029987301677465439,0.0012083250330761075,-0.15482287108898163,0.023075874894857407,-0.047123730182647705,0.59798634052276611,0.36176931858062744,1
16968,-0.035202529281377792,-0.058945365250110626,0,0.0003468212962616235,-0.0022017830051481724,0.0045545022003352642,-0.060527771711349487,-0.0043812375515699387,0.022096877917647362,0.037249565124511719,0.32176807522773743,0.030310029163956642,-0.054192140698432922,0.59798634052276611,0.79886174201965332,0
18379,-0.072179593145847321,0.0062988866120576859,0,-0.00068172719329595566,-0.0019514376763254404,0.0040492666885256767,-0.0076320399530231953,-0.0043812375515699387,-0.0092957643792033195,-0.023065488785505295,-0.16051062941551208,0.00017097796080633998,-0.052534013986587524,0.59798634052276611,0.27627378702163696,0
17063,-0.075574286282062531,0.0062988866120576859,0,-0.00068172719329595566,-0.0019514376763254404,0.0040492666885256767,-0.0076320399530231953,-0.0043812375515699387,-0.0092957643792033195,-0.023065488785505295,-0.16051062941551208,-0.046615421772003174,-0.054081771522760391,0.59798634052276611,0.22454488277435303,0
18241,-0.077875368297100067,0.0055585145018994808,0,-0.00068172719329595566,-0.0019514376763254404,0.0045545022003352642,0.0553925521671772,-0.0043812375515699387,0.030145028606057167,-0.023322936147451401,-0.11184490472078323,-0.046615421772003174,-0.052258618175983429,0.59798634052276611,0.37470549345016479,2
17811,-0.071939937770366669,0.0062988866120576859,0,-0.00068172719329595566,-0.0012738922378048301,0.0026941748801618814,-0.0076320399530231953,-0.0043812375515699387,-0.0092957643792033195,0.027963928878307343,-0.1499829888343811,0.19707003235816956,-0.056471340358257294,0.59798634052276611,0.53035444021224976,0
17581,1.3352060317993164,0.060896474868059158,0,-0.0082115055993199348,0.0027396599762141705,-0.024906706064939499,-0.022114129737019539,0.0091549456119537354,0.065593764185905457,0.047041919082403183,0.17721574008464813,-0.028171181678771973,-0.21482868492603302,0.59798634052276611,1.9976028203964233,0
1918,-0.077104941010475159,0.0055585145018994808,0,-0.00068172719329595566,-0.001217010198161006,0.0031994106248021126,-0.0076320399530231953,5.5566750233992934e-05,0.029740957543253899,0.029256802052259445,-0.095086134970188141,0.0098740439862012863,-0.053686700761318207,0.59798634052276611,0.44026333093643188,2
14223,-0.070694431662559509,0.0062988866120576859,0,-0.00068172719329595566,-0.0019514376763254404,0.0040492666885256767,0.016467632725834846,-0.0043812375515699387,-0.0092957643792033195,-0.023065488785505295,-0.18244010210037231,0.056628100574016571,-0.051705822348594666,0.59798634052276611,0.33721426129341125,1
12367,-0.075574286282062531,0.0062988866120576859,0,-0.00068172719329595566,-0.0019514376763254404,0.0040492666885256767,-0.0076320399530231953,-0.0043812375515699387,-0.0092957643792033195,-0.023065488785505295,-0.16051062941551208,-0.046615421772003174,-0.054081771522760391,0.59798634052276611,0.22454488277435303,0
17676,-0.2213728278875351,0.042298346757888794,0,-0.0005745904054492712,-0.0070365038700401783,0.02061212994158268,0.15372316539287567,-0.0033613787963986397,-0.0090415207669138908,0.043765731155872345,0.43231555819511414,0.093480668962001801,0.49158662557601929,0.59798634052276611,1.634381890296936,2
395,-0.072686187922954559,-0.059193212538957596,0,-0.00068172719329595566,-0.0022017830051481724,0.0045545022003352642,0.0005006969440728426,-0.0043812375515699387,0.029740957543253899,-0.044930495321750641,0.34185680747032166,0.029813313856720924,-0.052600111812353134,0.59798634052276611,0.76777821779251099,1
1530,-0.075574286282062531,0.0062988866120576859,0,-0.00068172719329595566,-0.0019514376763254404,0.0040492666885256767,-0.0076320399530231953,-0.0043812375515699387,-0.0092957643792033195,-0.023065488785505295,-0.16051062941551208,-0.046615421772003174,-0.054081771522760391,0.59798634052276611,0.22454488277435303,0
10408,-0.075200363993644714,0.0062988866120576859,0,-0.00068172719329595566,-0.001217010198161006,0.00087288313079625368,-0.0076320399530231953,0.0091549456119537354,-0.0086451191455125809,-0.023065488785505295,-0.10829287767410278,-0.046615421772003174,-0.050265263766050339,0.59798634052276611,0.29269790649414062,0
13735,-0.10709841549396515,-0.0054940935224294662,0,0.0012933581601828337,-0.0012738922378048301,0.049354780465364456,-0.0076320399530231953,-0.0043812375515699387,0.022568948566913605,-0.023322936147451401,-0.1004483550786972,-0.046615421772003174,-0.043758481740951538,0.59798634052276611,0.33117875456809998,0
902,-0.11244114488363266,-0.0097183035686612129,0,0.0003468212962616235,-0.008016691543161869,-0.0055121826007962227,-0.060527771711349487,0.12582173943519592,0.02807525172829628,0.020755698904395103,0.91061460971832275,0.11248937994241714,-0.14299984276294708,0.59798634052276611,1.4568743705749512,0
20221,-0.078765183687210083,0.032309114933013916,0,-0.00068172719329595566,-0.0015242373337969184,0.00056974188191816211,-0.060527771711349487,-0.0043812375515699387,0.02807525172829628,0.037249565124511719,0.39727431535720825,-0.041160929948091507,-0.053110856562852859,0.59798634052276611,0.85331249237060547,0
2124,0.13520090281963348,0.024338638409972191,0,-0.00068172719329595566,-0.0094273686408996582,-0.0095096034929156303,-0.060263548046350479,-0.059671957045793533,0.058259375393390656,0.021242685616016388,0.84764021635055542,0.015315646305680275,-0.17085610330104828,0.59798634052276611,1.3895735740661621,2
377,-0.070075482130050659,0.0055585145018994808,0,-0.00068172719329595566,-0.0012738922378048301,-7.0058784331195056e-05,0.016467632725834846,-0.0043812375515699387,0.021939147263765335,-0.023322936147451401,-0.17979483306407928,0.023075874894857407,-0.046327456831932068,0.59798634052276611,0.339100182056427,0
8062,-0.24787651002407074,-0.003988493699580431,0,-0.0005745904054492712,-0.00082441442646086216,-0.08098379522562027,-0.0073767961002886295,0.0065702451393008232,0.00062128168065100908,0.024759478867053986,-0.008495044894516468,0.19711776077747345,0.84439074993133545,0.59798634052276611,1.3213266134262085,2
14187,0.074438810348510742,-0.0099661452695727348,0,-0.00068172719329595566,-0.008016691543161869,-0.0060661970637738705,-0.060263548046350479,0.12582173943519592,0.0035829613916575909,0.016978481784462929,0.90293920040130615,0.10974172502756119,-0.14109458029270172,0.59798634052276611,1.6053999662399292,1
1455,-0.079402707517147064,0.006546730175614357,0,0.0003468212962616235,-0.0062418789602816105,-0.0028517288155853748,0.016467632725834846,-0.0043812375515699387,-0.0073017263785004616,-0.047544773668050766,-0.19173143804073334,0.015828346833586693,0.055983930826187134,0.59798634052276611,0.35370439291000366,0
15007,-0.077665142714977264,0.0055585145018994808,0,-0.00068172719329595566,-0.0019514376763254404,0.0045545022003352642,-0.0076320399530231953,-0.0043812375515699387,0.030145028606057167,-0.023322936147451401,-0.15549072623252869,0.023075874894857407,-0.051095075905323029,0.59798634052276611,0.339100182056427,0
9746,-0.072528012096881866,0.0062988866120576859,0,-0.00068172719329595566,-0.0012738922378048301,0.00023308269737754017,-0.00035470037255436182,-0.0043812375515699387,-0.0086451191455125809,-0.023065488785505295,-0.16926273703575134,0.023075874894857407,-0.046782203018665314,0.59798634052276611,0.30061933398246765,0
4439,-0.075200363993644714,0.0062988866120576859,0,-0.00068172719329595566,-0.0019514376763254404,0.0040492666885256767,-0.0076320399530231953,-0.0043812375515699387,-0.0092957643792033195,-0.023065488785505295,-0.092731490731239319,-0.046615421772003174,-0.054081771522760391,0.59798634052276611,0.29269790649414062,0
9178,-0.22630871832370758,-0.058912906795740128,0,-0.0005745904054492712,-0.0063020763918757439,0.017716813832521439,0.14215235412120819,0.0065702451393008232,-0.004133232869207859,0.045316044241189957,0.42828059196472168,0.00017252554243896157,0.5830003023147583,0.59798634052276611,1.5249643325805664,3
8372,-0.075574286282062531,0.0062988866120576859,0,-0.00068172719329595566,-0.0012738922378048301,0.00087288313079625368,-0.0076320399530231953,-0.0043812375515699387,-0.0086451191455125809,-0.023065488785505295,-0.1616218239068985,-0.046615421772003174,-0.051122412085533142,0.59798634052276611,0.22454488277435303,0
724,-0.068497590720653534,0.0006488041253760457,0,-0.00068172719329595566,-0.0012738922378048301,-0.0028859868180006742,-0.0076320399530231953,-0.0043812375515699387,-0.0086451191455125809,0.024985065683722496,-0.089542806148529053,0.023572590202093124,-0.047819305211305618,0.59798634052276611,0.41583326458930969,1
8185,0.097371198236942291,0.0055585145018994808,0,-0.00068172719329595566,-0.0062418789602816105,-0.004033220000565052,-0.0073678097687661648,-0.0043812375515699387,-3.6786834243685007e-05,-0.04780222475528717,-0.079448841512203217,-0.0085047353059053421,0.05862068384885788,0.59798634052276611,0.60103887319564819,0
8904,-0.073348380625247955,0.0055585145018994808,0,-0.00068172719329595566,-0.0019514376763254404,0.0045545022003352642,0.016467632725834846,-0.0043812375515699387,0.022500956431031227,0.029256802052259445,-0.11527150124311447,-0.030794966965913773,-0.055109433829784393,0.59798634052276611,0.39478638768196106,0
1522,-0.075574286282062531,0.0062988866120576859,0,-0.00068172719329595566,-0.0018945554038509727,0.0040492666885256767,-0.0076320399530231953,0.0091549456119537354,-0.0092957643792033195,-0.023065488785505295,-0.17496083676815033,-0.046615421772003174,-0.053224623203277588,0.59798634052276611,0.22454488277435303,0
15721,-0.072060145437717438,0.0016728490591049194,0,-0.00068172719329595566,-0.0012738922378048301,0.00023308269737754017,-0.0076320399530231953,-0.0043812375515699387,-0.0086451191455125809,0.029514247551560402,-0.16289037466049194,0.023572590202093124,-0.047734476625919342,0.59798634052276611,0.34768021106719971,0
20770,-0.075574286282062531,0.0062988866120576859,0,-0.00068172719329595566,-0.0019514376763254404,0.0040492666885256767,-0.0076320399530231953,-0.0043812375515699387,-0.0092957643792033195,-0.023065488785505295,-0.16051062941551208,-0.046615421772003174,-0.054081771522760391,0.59798634052276611,0.22454488277435303,0
3290,-0.075574286282062531,0.0062988866120576859,0,-0.00068172719329595566,-0.0019514376763254404,0.0040492666885256767,-0.0076320399530231953,-0.0043812375515699387,-0.0092957643792033195,-0.023065488785505295,-0.16051062941551208,-0.046615421772003174,-0.054081771522760391,0.59798634052276611,0.22454488277435303,0
5855,0.079871691763401031,-0.01119143795222044,0,0.0012933581601828337,-0.008016691543161869,-0.0031210652086883783,0.14216135442256927,0.12582173943519592,0.0038086851127445698,0.021242685616016388,1.1426240205764771,0.015315646305680275,-0.14127010107040405,0.59798634052276611,1.966524600982666,0
9620,-0.076903887093067169,0.006546730175614357,0,0.0016078826738521457,-0.0019514376763254404,0.0040492666885256767,-0.0076320399530231953,-0.0043812375515699387,-0.0092957643792033195,-0.023065488785505295,-0.16178703308105469,-0.046615421772003174,-0.054013233631849289,0.59798634052276611,0.22454488277435303,0
8324,-0.075268372893333435,0.0062988866120576859,0,-0.00068172719329595566,-0.0019514376763254404,0.0040492666885256767,0.016467632725834846,-0.0043812375515699387,-0.0092957643792033195,-0.023065488785505295,-0.18491619825363159,-0.046615421772003174,-0.054081771522760391,0.59798634052276611,0.22454488277435303,0
9773,-0.073553793132305145,0.0062988866120576859,0,-0.00068172719329595566,-0.0012738922378048301,-0.0028859868180006742,0.016467632725834846,-0.0043812375515699387,-0.0086451191455125809,0.029514247551560402,-0.12167483568191528,-0.046118717640638351,-0.051293142139911652,0.59798634052276611,0.33975878357887268,0
10487,0.12247327715158463,-0.0040209591388702393,0,0.0016078826738521457,-0.0014673550613224506,-0.00062407180666923523,-0.0073678097687661648,5.5566750233992934e-05,0.0035829613916575909,-0.044930495321750641,0.0026967127341777086,-0.024630572646856308,-0.043840158730745316,0.59798634052276611,0.60152167081832886,0
4299,-0.069954156875610352,0.0062988866120576859,0,-0.00068172719329595566,-0.0012738922378048301,-0.0028859868180006742,-0.0076320399530231953,-0.0043812375515699387,-0.0086451191455125809,0.024985065683722496,-0.16079142689704895,0.023572590202093124,-0.048917211592197418,0.59798634052276611,0.34768021106719971,0
4173,-0.07857232540845871,0.0055585145018994808,0,-0.00068172719329595566,-0.0012738922378048301,-7.0058784331195056e-05,-0.0076320399530231953,-0.0043812375515699387,0.02807525172829628,0.029256802052259445,-0.1584116667509079,0.023572590202093124,-0.047265611588954926,0.59798634052276611,0.38616105914115906,1
549,-0.09808783233165741,0.006546730175614357,0,0.0016078826738521457,-0.0012738922378048301,0.042359478771686554,0.016467632725834846,-0.0043812375515699387,-0.0086451191455125809,-0.023065488785505295,-0.20869792997837067,0.0093773305416107178,-0.043625552207231522,0.59798634052276611,0.28656855225563049,0
6609,-0.074088700115680695,0.0062988866120576859,0,-0.00068172719329595566,-0.0012738922378048301,-0.0028859868180006742,-0.0076320399530231953,-0.0043812375515699387,-0.0086451191455125809,0.029514247551560402,-0.16504830121994019,-0.036837343126535416,-0.05095735564827919,0.59798634052276611,0.28136789798736572,1
9044,0.12517133355140686,0.0055585145018994808,0,-0.00068172719329595566,-0.0012738922378048301,-0.0011293073184788227,-0.0073678097687661648,-0.0043812375515699387,-0.00093853886937722564,0.029434558004140854,-0.099180698394775391,-0.023135945200920105,-0.047048572450876236,0.59798634052276611,0.57301348447799683,0
18859,-0.070988908410072327,0.0062988866120576859,0,-0.00068172719329595566,-0.0019514376763254404,0.0040492666885256767,0.016467632725834846,-0.0043812375515699387,-0.0092957643792033195,-0.023065488785505295,-0.18518851697444916,0.023075874894857407,-0.051705822348594666,0.59798634052276611,0.30061933398246765,0
15706,-0.074218101799488068,0.0055585145018994808,0,-0.00068172719329595566,-0.0012738922378048301,0.00056974188191816211,-0.00035470037255436182,-0.0043812375515699387,0.022343223914504051,0.029256802052259445,-0.097728930413722992,-0.046118717640638351,-0.052717834711074829,0.59798634052276611,0.37823963165283203,0
17383,-0.070029906928539276,0.0055585145018994808,0,-0.00068172719329595566,-0.0019514376763254404,0.0045545022003352642,-0.0076320399530231953,-0.0043812375515699387,0.022500956431031227,0.029256802052259445,-0.091138221323490143,0.023572590202093124,-0.053301263600587845,0.59798634052276611,0.45431411266326904,0
11303,-0.069041483104228973,0.0062988866120576859,0,-0.00068172719329595566,-0.0012738922378048301,-0.0028859868180006742,-0.0076320399530231953,-0.0043812375515699387,-0.0086451191455125809,-0.023065488785505295,-0.094114959239959717,0.023075874894857407,-0.04686703160405159,0.59798634052276611,0.36877238750457764,0
18632,-0.096981033682823181,0.0062988866120576859,0,-0.00068172719329595566,0.0033516115508973598,0.042359478771686554,-0.0076320399530231953,-0.0043812375515699387,-0.0086451191455125809,-0.023065488785505295,-0.18570424616336823,0.023075874894857407,-0.042918838560581207,0.59798634052276611,0.30306270718574524,0
8113,-0.074827924370765686,0.0062988866120576859,0,-0.00068172719329595566,-0.0019514376763254404,0.0040492666885256767,-0.00035470037255436182,-0.0043812375515699387,-0.0092957643792033195,-0.023065488785505295,-0.16787923872470856,-0.031291685998439789,-0.053513996303081512,0.59798634052276611,0.24109160900115967,0
6565,-0.086086876690387726,-0.0063444166444242001,0,-0.00048817350761964917,-0.026230491697788239,0.0066699301823973656,-0.060527771711349487,-0.059671957045793533,-0.0092541603371500969,0.022867679595947266,0.80271422863006592,-0.039741992950439453,-0.17029954493045807,0.59798634052276611,0.97159314155578613,0
10856,-0.07548300176858902,0.0062988866120576859,0,-0.00068172719329595566,-0.0019514376763254404,0.0040492666885256767,-0.00035470037255436182,-0.0043812375515699387,-0.0092957643792033195,-0.023065488785505295,-0.16787923872470856,-0.046615421772003174,-0.054081771522760391,0.59798634052276611,0.22454488277435303,0
5205,-0.097145870327949524,0.0062988866120576859,0,-0.00068172719329595566,-0.0012738922378048301,0.042359478771686554,-0.0076320399530231953,-0.0043812375515699387,-0.0086451191455125809,0.029514247551560402,-0.1189357191324234,0.023572590202093124,-0.045202843844890594,0.59798634052276611,0.41583326458930969,0
6830,-0.10016261041164398,0.0019206921570003033,0,0.0003468212962616235,-0.0012738922378048301,0.042359478771686554,-0.0076320399530231953,-0.0043812375515699387,-0.0086451191455125809,-0.023065488785505295,-0.18186214566230774,-0.046615421772003174,-0.04443071037530899,0.59798634052276611,0.22454488277435303,0
18528,0.14800055325031281,0.0011803195811808109,0,0.0016078826738521457,-0.0012738922378048301,-0.0040674777701497078,-0.0073678097687661648,-0.0043812375515699387,0.060171432793140411,0.029256802052259445,-0.077838532626628876,0.009248293936252594,-0.040628395974636078,0.59798634052276611,0.7118949294090271,0
19141,-0.075477086007595062,-0.059193212538957596,0,-0.00068172719329595566,-0.0014673550613224506,-0.0031891281250864267,0.0005006969440728426,0.0091549456119537354,0.02807525172829628,0.037249565124511719,0.35298255085945129,-0.041160929948091507,-0.050374265760183334,0.59798634052276611,0.7944062352180481,1
2536,-0.067197099328041077,-0.0052338577806949615,0,-0.00048817350761964917,-0.0015242373337969184,-0.0031891281250864267,-0.0076320399530231953,-0.0043812375515699387,0.022568948566913605,-0.044930495321750641,0.022199338302016258,0.1290171891450882,-0.045660331845283508,0.59798634052276611,0.59153515100479126,1
2952,1.3830641508102417,-0.0016889215912669897,0,-0.0092400526627898216,0.1408495306968689,-0.080135904252529144,-0.022114129737019539,-0.044364187866449356,0.037672277539968491,0.1683616042137146,0.61532056331634521,0.10534913837909698,-0.54870110750198364,0.59798634052276611,2.3423597812652588,3
709,-0.075574286282062531,0.0062988866120576859,0,-0.00068172719329595566,-0.0012738922378048301,0.00087288313079625368,-0.0076320399530231953,-0.0043812375515699387,-0.0086451191455125809,-0.023065488785505295,-0.1616218239068985,-0.046615421772003174,-0.051122412085533142,0.59798634052276611,0.22454488277435303,0
9230,-0.074919216334819794,0.0062988866120576859,0,-0.00068172719329595566,-0.0019514376763254404,0.0040492666885256767,-0.0076320399530231953,-0.0043812375515699387,-0.0092957643792033195,-0.023065488785505295,-0.16051062941551208,-0.031291685998439789,-0.053513996303081512,0.59798634052276611,0.24109160900115967,0
5637,0.12225867062807083,-0.066416636109352112,0,0.011254142969846725,-0.012905259616672993,-0.012726673856377602,-0.060263548046350479,0.12582173943519592,-0.025724727660417557,-0.033311143517494202,1.0791743993759155,0.10334689915180206,-0.0038787054363638163,0.59798634052276611,1.8246157169342041,5
17119,-0.070239178836345673,0.0036105571780353785,0,0.0016078826738521457,-0.001217010198161006,-7.0058784331195056e-05,-0.0076320399530231953,0.0091549456119537354,0.021939147263765335,-0.023322936147451401,-0.10333672910928726,0.023075874894857407,-0.044303867965936661,0.59798634052276611,0.40725323557853699,0
15956,-0.075574286282062531,0.0062988866120576859,0,-0.00068172719329595566,-0.0012738922378048301,0.00087288313079625368,-0.0076320399530231953,-0.0043812375515699387,-0.0086451191455125809,-0.023065488785505295,-0.1616218239068985,-0.046615421772003174,-0.051122412085533142,0.59798634052276611,0.22454488277435303,0
14814,-0.038093987852334976,0.0062988866120576859,0,-0.00068172719329595566,-0.0012738922378048301,0.00023308269737754017,-0.0076320399530231953,-0.0043812375515699387,-0.0069783078506588936,-0.023065488785505295,-0.16504354774951935,0.023075874894857407,-0.046168040484189987,0.59798634052276611,0.3342762291431427,0
11332,-0.080070771276950836,-0.0040209591388702393,0,0.0003468212962616235,-0.0018945554038509727,0.0045545022003352642,-0.0076320399530231953,5.5566750233992934e-05,0.028232978656888008,0.029256802052259445,-0.088989175856113434,-0.046118717640638351,-0.053467277437448502,0.59798634052276611,0.37823963165283203,0
17781,-0.071294821798801422,0.0062988866120576859,0,-0.00068172719329595566,-0.0019514376763254404,0.0040492666885256767,-0.0076320399530231953,-0.0043812375515699387,-0.0092957643792033195,-0.023065488785505295,-0.16078293323516846,0.023075874894857407,-0.051705822348594666,0.59798634052276611,0.30061933398246765,0
6925,-0.068274714052677155,0.0062988866120576859,0,-0.00068172719329595566,-0.0019514376763254404,0.0040492666885256767,0.016467632725834846,-0.0043812375515699387,-0.0076289540156722069,0.029514247551560402,-0.12538182735443115,0.023572590202093124,-0.053756006062030792,0.59798634052276611,0.41583326458930969,0
8342,-0.075574286282062531,0.0062988866120576859,0,-0.00068172719329595566,-0.0019514376763254404,0.0040492666885256767,-0.0076320399530231953,-0.0043812375515699387,-0.0092957643792033195,-0.023065488785505295,-0.16051062941551208,-0.046615421772003174,-0.054081771522760391,0.59798634052276611,0.22454488277435303,0
1661,-0.071459650993347168,0.0062988866120576859,0,-0.00068172719329595566,-0.0012738922378048301,0.00087288313079625368,-0.0076320399530231953,-0.0043812375515699387,-0.0086451191455125809,0.029514247551560402,-0.097541555762290955,0.023572590202093124,-0.050796642899513245,0.59798634052276611,0.41583326458930969,0
7421,-0.075095094740390778,0.0055585145018994808,0,-0.00068172719329595566,-0.0012738922378048301,-7.0058784331195056e-05,-0.0076320399530231953,-0.0043812375515699387,0.022343223914504051,-0.023322936147451401,-0.086933717131614685,-0.046615421772003174,-0.0487033911049366,0.59798634052276611,0.33117875456809998,0
1605,-0.074117735028266907,-0.0032805872615426779,0,0.0003468212962616235,-0.0019514376763254404,0.0040492666885256767,-0.0076320399530231953,-0.0043812375515699387,-0.0092957643792033195,-0.023065488785505295,-0.086361102759838104,-0.046615421772003174,-0.05298386886715889,0.59798634052276611,0.29269790649414062,0
19802,-0.073694862425327301,0.0062988866120576859,0,-0.00068172719329595566,-0.0012738922378048301,-0.0028859868180006742,-0.0076320399530231953,-0.0043812375515699387,-0.0086451191455125809,-0.023065488785505295,-0.1616218239068985,-0.046615421772003174,-0.049242973327636719,0.59798634052276611,0.22454488277435303,1
14771,-0.069865085184574127,0.0055585145018994808,0,-0.00068172719329595566,0.039171040058135986,0.020614832639694214,-0.0076320399530231953,-0.0037639883812516928,0.022500956431031227,-0.023322936147451401,-0.20262390375137329,0.023075874894857407,-0.059474661946296692,0.59798634052276611,0.34154355525970459,0
3894,-0.071294821798801422,0.0062988866120576859,0,-0.00068172719329595566,-0.0019514376763254404,0.0040492666885256767,-0.0076320399530231953,-0.0043812375515699387,-0.0092957643792033195,-0.023065488785505295,-0.16078293323516846,0.023075874894857407,-0.051705822348594666,0.59798634052276611,0.30061933398246765,0
659,-0.075574286282062531,0.0062988866120576859,0,-0.00068172719329595566,-0.0019514376763254404,0.0040492666885256767,-0.0076320399530231953,-0.0043812375515699387,-0.0092957643792033195,-0.023065488785505295,-0.16051062941551208,-0.046615421772003174,-0.054081771522760391,0.59798634052276611,0.22454488277435303,0
20254,0.10609271377325058,-0.0032805872615426779,0,0.0016078826738521457,-0.0014673550613224506,-0.0037643373943865299,0.016731863841414452,5.5566750233992934e-05,-0.025492221117019653,0.037507008761167526,-0.0052362298592925072,0.0097207017242908478,-0.043549172580242157,0.59798634052276611,0.68691259622573853,1
5665,-0.10099239647388458,0.0019206921570003033,0,0.0016078826738521457,-0.0094273686408996582,-0.0056930826976895332,-0.060527771711349487,-0.059671957045793533,-0.0092957643792033195,-0.019573614001274109,0.81768709421157837,0.029793268069624901,-0.16303849220275879,0.59798634052276611,1.0207746028900146,0
4754,-0.075574286282062531,0.0062988866120576859,0,-0.00068172719329595566,-0.0012738922378048301,0.00087288313079625368,-0.0076320399530231953,-0.0043812375515699387,-0.0086451191455125809,-0.023065488785505295,-0.1616218239068985,-0.046615421772003174,-0.051122412085533142,0.59798634052276611,0.22454488277435303,0
866,0.26202404499053955,-0.0015479279682040215,0,0.0003468212962616235,-0.0014673550613224506,-0.0048074009828269482,-0.0532970130443573,0.0091549456119537354,-0.02508866973221302,0.036139022558927536,0.34397301077842712,0.0086669456213712692,-0.073413632810115814,0.59798634052276611,1.0986694097518921,0
1197,-0.075574286282062531,0.0062988866120576859,0,-0.00068172719329595566,-0.0019514376763254404,0.0040492666885256767,-0.0076320399530231953,-0.0043812375515699387,-0.0092957643792033195,-0.023065488785505295,-0.16051062941551208,-0.046615421772003174,-0.054081771522760391,0.59798634052276611,0.22454488277435303,0
7970,0.10585813969373703,0.0033627140801399946,0,-0.00068172719329595566,0.0029331231489777565,-0.000948408676777035,0.016731863841414452,-0.0043812375515699387,0.0034252279438078403,0.029256802052259445,-0.12058388441801071,-0.004759601317346096,-0.043039806187152863,0.59798634052276611,0.58516013622283936,1
7298,-0.09588315337896347,0.0016728490591049194,0,-0.00068172719329595566,-0.0012738922378048301,0.042359478771686554,-0.0076320399530231953,-0.0043812375515699387,-0.0086451191455125809,-0.023065488785505295,-0.18085804581642151,0.023075874894857407,-0.042054764926433563,0.59798634052276611,0.30061933398246765,0
11681,-0.071095310151576996,0.0062988866120576859,0,-0.00068172719329595566,-0.0019514376763254404,0.0040492666885256767,0.016467632725834846,-0.0043812375515699387,-0.0092957643792033195,-0.022251004353165627,-0.17150324583053589,0.19893810153007507,-0.054421152919530869,0.59798634052276611,0.48815935850143433,1
2488,-0.069580234587192535,0.006546730175614357,0,0.0003468212962616235,0.021780708804726601,-0.0048935273662209511,-0.0076320399530231953,-0.0037639883812516928,-0.0086451191455125809,0.029514247551560402,-0.1098153218626976,0.023572590202093124,-0.057140793651342392,0.59798634052276611,0.41827663779258728,0
5482,-0.073694862425327301,0.006546730175614357,0,0.0003468212962616235,-0.0012738922378048301,-0.0028859868180006742,-0.0076320399530231953,-0.0043812375515699387,-0.0086451191455125809,-0.023065488785505295,-0.1628982275724411,-0.046615421772003174,-0.049242973327636719,0.59798634052276611,0.22454488277435303,0
3004,-0.063150994479656219,0.034504927694797516,0,-0.00068172719329595566,-0.0015242373337969184,0.00025427748914808035,0.14189712703227997,-0.0043812375515699387,0.022096877917647362,0.037249565124511719,0.55245476961135864,0.030310029163956642,-0.052944839000701904,0.59798634052276611,1.2940717935562134,0
11247,0.17025420069694519,-0.0042688022367656231,0,-0.00068172719329595566,-0.0019514376763254404,0.0036761516239494085,-0.0073678097687661648,-0.0043812375515699387,0.060329169034957886,-0.023322936147451401,-0.08361305296421051,-0.026364266872406006,-0.044470984488725662,0.59798634052276611,0.63582402467727661,0
16900,-0.075821258127689362,-0.0032805872615426779,0,0.0016078826738521457,-0.0019514376763254404,0.0040492666885256767,-0.0076320399530231953,-0.0043812375515699387,-0.0092957643792033195,-0.023065488785505295,-0.15414023399353027,-0.046615421772003174,-0.052915330976247787,0.59798634052276611,0.22454488277435303,0
3987,-0.10071530938148499,-0.0035284301266074181,0,-0.00068172719329595566,-0.0012738922378048301,0.042359478771686554,-0.0076320399530231953,-0.0043812375515699387,-0.0086451191455125809,-0.023065488785505295,-0.090832032263278961,-0.0463060662150383,-0.04443071037530899,0.59798634052276611,0.30885395407676697,0
2598,-0.10992579162120819,0.0055585145018994808,0,-0.00068172719329595566,-0.0012738922378048301,0.049354780465364456,-0.0076320399530231953,-0.0043812375515699387,0.02807525172829628,-0.023322936147451401,-0.1761070191860199,0.0093773305416107178,-0.041978366672992706,0.59798634052276611,0.32504940032958984,0
16730,-0.071377940475940704,0.0062988866120576859,0,-0.00068172719329595566,-0.0012738922378048301,-0.00025095813907682896,-0.0076320399530231953,-0.0043812375515699387,-0.0092957643792033195,-0.023065488785505295,-0.15984734892845154,0.0093773305416107178,-0.049287900328636169,0.59798634052276611,0.28656855225563049,0
1224,-0.10561124235391617,-0.01119143795222044,0,3.2296738936565816e-05,-0.026230491697788239,0.0071751661598682404,-0.060527771711349487,-0.059671957045793533,0.022322600707411766,-0.019117455929517746,0.85509651899337769,-0.039898023009300232,-0.16790309548377991,0.59798634052276611,0.9924619197845459,0
10723,-0.075574286282062531,0.0062988866120576859,0,-0.00068172719329595566,-0.0018945554038509727,0.0040492666885256767,-0.0076320399530231953,5.5566750233992934e-05,-0.0092957643792033195,-0.023065488785505295,-0.16500429809093475,-0.046615421772003174,-0.054081771522760391,0.59798634052276611,0.22454488277435303,0
17978,-0.075574286282062531,0.0062988866120576859,0,-0.00068172719329595566,-0.0019514376763254404,0.0040492666885256767,-0.0076320399530231953,-0.0043812375515699387,-0.0092957643792033195,-0.023065488785505295,-0.16051062941551208,-0.046615421772003174,-0.054081771522760391,0.59798634052276611,0.22454488277435303,0
17511,0.072482816874980927,-0.0040209591388702393,0,0.0003468212962616235,-0.0094273686408996582,-0.0060661970637738705,-0.060263548046350479,-0.059671957045793533,0.0035829613916575909,0.022610226646065712,0.78734290599822998,-0.016759250313043594,-0.161699578166008,0.59798634052276611,1.1664431095123291,0
20046,-0.075574286282062531,0.0062988866120576859,0,-0.00068172719329595566,-0.0019514376763254404,0.0040492666885256767,-0.0076320399530231953,-0.0043812375515699387,-0.0092957643792033195,-0.023065488785505295,-0.16051062941551208,-0.046615421772003174,-0.054081771522760391,0.59798634052276611,0.22454488277435303,0
5271,-0.10160913318395615,0.019712604582309723,0,-0.00068172719329595566,-0.0094273686408996582,-0.0048723830841481686,-0.060527771711349487,-0.059671957045793533,0.022343223914504051,0.021242685616016388,0.85105293989181519,0.029949299991130829,-0.16461801528930664,0.59798634052276611,1.1408792734146118,0
4594,-0.075806006789207458,0.0043509285897016525,0,0.0016078826738521457,-0.0019514376763254404,0.0040492666885256767,-0.0076320399530231953,-0.0043812375515699387,-0.0092957643792033195,-0.023065488785505295,-0.16178703308105469,-0.046615421772003174,-0.052915330976247787,0.59798634052276611,0.22454488277435303,0
8918,-0.069846682250499725,0.0006488041253760457,0,-0.00068172719329595566,-0.0015242373337969184,-0.00025095813907682896,-0.0076320399530231953,-0.0043812375515699387,-0.0076289540156722069,0.037507008761167526,0.025953087955713272,0.024354351684451103,-0.05004468560218811,0.59798634052276611,0.54445916414260864,0
4458,-0.078951776027679443,0.0062988866120576859,0,-0.00068172719329595566,-0.0012738922378048301,-0.0028859868180006742,-0.00035470037255436182,-0.0043812375515699387,-0.011058547534048557,0.03952397033572197,-0.17483033239841461,-0.030794966965913773,-0.050443690270185471,0.59798634052276611,0.28815248608589172,0
10797,-0.06941540539264679,0.0062988866120576859,0,-0.00068172719329595566,-0.0012738922378048301,-0.0028859868180006742,-0.0076320399530231953,-0.0043812375515699387,-0.0086451191455125809,-0.023065488785505295,-0.16189412772655487,0.023075874894857407,-0.04686703160405159,0.59798634052276611,0.30061933398246765,0
16610,-0.075574286282062531,0.0062988866120576859,0,-0.00068172719329595566,-0.0019514376763254404,0.0040492666885256767,-0.0076320399530231953,-0.0043812375515699387,-0.0092957643792033195,-0.023065488785505295,-0.16051062941551208,-0.046615421772003174,-0.054081771522760391,0.59798634052276611,0.22454488277435303,0
18287,-0.063410289585590363,-0.066876702010631561,0,0.012156296521425247,-0.009574107825756073,-0.083640493452548981,-0.060187973082065582,0.061721198260784149,0.08522353321313858,0.30011513829231262,1.9179370403289795,0.10807354003190994,1.1125638484954834,0.59798634052276611,3.9120895862579346,15
3201,-0.076113060116767883,0.0062988866120576859,0,-0.00068172719329595566,-0.0012738922378048301,-0.00025095813907682896,-0.0076320399530231953,-0.0043812375515699387,-0.0092957643792033195,0.029514247551560402,-0.16327382624149323,-0.046118717640638351,-0.053172580897808075,0.59798634052276611,0.2716057300567627,0
7384,-0.070988908410072327,0.0062988866120576859,0,-0.00068172719329595566,-0.0019514376763254404,0.0040492666885256767,0.016467632725834846,-0.0043812375515699387,-0.0092957643792033195,-0.023065488785505295,-0.18518851697444916,0.023075874894857407,-0.051705822348594666,0.59798634052276611,0.30061933398246765,0
19548,-0.072377108037471771,0.0062988866120576859,0,-0.00068172719329595566,0.0029331231489777565,-0.00025095813907682896,-0.0076320399530231953,-0.0043812375515699387,-0.0092957643792033195,0.015939217060804367,-0.077859289944171906,0.20826978981494904,-0.053278155624866486,0.59798634052276611,0.60567110776901245,0
15601,-0.069041483104228973,0.0062988866120576859,0,-0.00068172719329595566,0.0029331231489777565,-0.0028859868180006742,-0.0076320399530231953,-0.0043812375515699387,-0.0086451191455125809,-0.023065488785505295,-0.096112444996833801,0.023075874894857407,-0.046633210033178329,0.59798634052276611,0.37121576070785522,2
12520,-0.083288960158824921,0.0055585145018994808,0,-0.00068172719329595566,-0.0012738922378048301,-7.0058784331195056e-05,-0.0076320399530231953,-0.0043812375515699387,0.02807525172829628,0.029256802052259445,-0.074899591505527496,-0.045809362083673477,-0.04964153841137886,0.59798634052276611,0.39319866895675659,1
2,-0.075574286282062531,0.0062988866120576859,0,-0.00068172719329595566,-0.0019514376763254404,0.0040492666885256767,-0.0076320399530231953,-0.0043812375515699387,-0.0092957643792033195,-0.023065488785505295,-0.16051062941551208,-0.046615421772003174,-0.054081771522760391,0.59798634052276611,0.22454488277435303,0
17246,-0.07670910656452179,0.0055585145018994808,0,-0.00068172719329595566,-0.0012738922378048301,0.00025427748914808035,-0.0076320399530231953,-0.0043812375515699387,0.028232978656888008,-0.023322936147451401,-0.15482744574546814,0.023075874894857407,-0.047179680317640305,0.59798634052276611,0.339100182056427,0
20191,-0.07539454847574234,-0.0066046523861587048,0,0.0012933581601828337,-0.0012738922378048301,-0.00025095813907682896,-0.0076320399530231953,-0.0043812375515699387,-0.01092097070068121,-0.023065488785505295,-0.080486789345741272,-0.046615421772003174,-0.049955971539020538,0.59798634052276611,0.29269790649414062,0
3617,-0.074491657316684723,-0.0035284301266074181,0,-0.00068172719329595566,-0.0019514376763254404,0.0040492666885256767,-0.0076320399530231953,-0.0043812375515699387,-0.0092957643792033195,-0.023065488785505295,-0.15286383032798767,-0.046615421772003174,-0.05298386886715889,0.59798634052276611,0.22454488277435303,0
5501,-0.071294821798801422,0.0062988866120576859,0,-0.00068172719329595566,-0.0012738922378048301,-0.00025095813907682896,-0.0076320399530231953,-0.0043812375515699387,-0.0092957643792033195,-0.023065488785505295,-0.16011965274810791,0.023075874894857407,-0.048746462911367416,0.59798634052276611,0.30061933398246765,0
4470,-0.069559171795845032,0.0055585145018994808,0,-0.00068172719329595566,-0.0019514376763254404,0.0045545022003352642,0.016467632725834846,-0.0043812375515699387,0.022500956431031227,-0.023322936147451401,-0.17989630997180939,0.023075874894857407,-0.05125107616186142,0.59798634052276611,0.339100182056427,0
1394,0.75506347417831421,-0.0035903123207390308,0,-0.0092400526627898216,-0.0015242373337969184,0.00061399495461955667,-0.022114129737019539,-0.0043812375515699387,0.010028990916907787,-0.009518105536699295,0.24655444920063019,0.12648209929466248,-0.34082764387130737,0.59798634052276611,1.3455337285995483,0
5397,-0.06941540539264679,0.0062988866120576859,0,-0.00068172719329595566,-0.0012738922378048301,-0.0028859868180006742,-0.0076320399530231953,-0.0043812375515699387,-0.0086451191455125809,-0.023065488785505295,-0.16189412772655487,0.023075874894857407,-0.04686703160405159,0.59798634052276611,0.30061933398246765,0
3756,-0.075574286282062531,0.0062988866120576859,0,-0.00068172719329595566,-0.0019514376763254404,0.0040492666885256767,-0.0076320399530231953,-0.0043812375515699387,-0.0092957643792033195,-0.023065488785505295,-0.16051062941551208,-0.046615421772003174,-0.054081771522760391,0.59798634052276611,0.22454488277435303,0
13302,0.13044516742229462,-0.0099661452695727348,0,-0.00068172719329595566,-0.008016691543161869,0.34450680017471313,-0.060263548046350479,0.12582173943519592,0.058259375393390656,0.016978481784462929,1.1359775066375732,0.10974172502756119,-0.073824718594551086,0.59798634052276611,2.3669636249542236,3
20493,0.81832480430603027,-0.007461650762706995,0,0.030278276652097702,-0.012984679080545902,-0.022070175036787987,-0.022114129737019539,0.12582173943519592,0.0080389548093080521,-0.009100484661757946,0.93519198894500732,0.10433757305145264,-0.47056767344474792,0.59798634052276611,2.0756800174713135,0
4951,-0.080308772623538971,0.0055585145018994808,0,-0.00068172719329595566,-0.0012738922378048301,0.00025427748914808035,0.016467632725834846,-0.0043812375515699387,0.028232978656888008,-0.023322936147451401,-0.1111815869808197,-0.046615421772003174,-0.049555636942386627,0.59798634052276611,0.33117875456809998,0
970,-0.069720573723316193,-0.001992958365008235,0,-0.00068172719329595566,-0.0015242373337969184,0.00056974188191816211,0.14189712703227997,-0.0043812375515699387,0.02807525172829628,0.037249565124511719,0.52532273530960083,0.030310029163956642,-0.050734903663396835,0.59798634052276611,1.2323759794235229,0
1640,-0.068422831594944,0.0055585145018994808,0,-0.00068172719329595566,-0.0012738922378048301,-0.0031891281250864267,-0.0076320399530231953,-0.0043812375515699387,0.022343223914504051,-0.023322936147451401,-0.071745336055755615,0.023385228589177132,-0.046412285417318344,0.59798634052276611,0.42221227288246155,0
11791,0.15137708187103271,0.0055585145018994808,0,-0.00068172719329595566,-0.007169769611209631,0.0037104091607034206,-0.0073678097687661648,-0.0043812375515699387,0.056867156177759171,0.044662311673164368,0.024164343252778053,-0.030028173699975014,0.092208676040172577,0.59798634052276611,0.92690658569335938,0
11041,-0.067844577133655548,0.0055585145018994808,0,-0.00068172719329595566,-0.0012738922378048301,-0.0031891281250864267,0.016467632725834846,-0.0043812375515699387,0.022343223914504051,0.029256802052259445,-0.11503820866346359,0.023572590202093124,-0.048462465405464172,0.59798634052276611,0.45431411266326904,0
6715,0.095131911337375641,0.0033627140801399946,0,-0.00068172719329595566,-0.026230491697788239,0.0062968158163130283,-0.060263548046350479,-0.059671957045793533,0.060329169034957886,0.022610226646065712,0.91317826509475708,0.015315646305680275,-0.28670093417167664,0.59798634052276611,1.2806624174118042,0
4268,-0.068012438714504242,-0.0063444166444242001,0,-0.00048817350761964917,-0.0012738922378048301,-0.0028859868180006742,-0.0076320399530231953,-0.0043812375515699387,-0.010270325466990471,-0.022251004353165627,-0.070108205080032349,0.19021950662136078,-0.048484448343515396,0.59798634052276611,0.5460735559463501,1
14188,-0.075268372893333435,0.0062988866120576859,0,-0.00068172719329595566,-0.0019514376763254404,0.0040492666885256767,0.016467632725834846,-0.0043812375515699387,-0.0092957643792033195,-0.023065488785505295,-0.18491619825363159,-0.046615421772003174,-0.054081771522760391,0.59798634052276611,0.22454488277435303,0
19366,-0.047418389469385147,0.0055585145018994808,0,-0.00068172719329595566,-0.0022017830051481724,0.0045545022003352642,0.016467632725834846,-0.0043812375515699387,0.029740957543253899,0.003120063804090023,-0.015225795097649097,0.042411312460899353,-0.052877049893140793,0.59798634052276611,0.5770534873008728,1
2449,-0.071203544735908508,0.0062988866120576859,0,-0.00068172719329595566,-0.0019514376763254404,0.0040492666885256767,-0.00035470037255436182,-0.0043812375515699387,-0.0092957643792033195,-0.023065488785505295,-0.16815154254436493,0.023075874894857407,-0.051705822348594666,0.59798634052276611,0.30061933398246765,1
6144,-0.073158048093318939,0.0062988866120576859,0,-0.00068172719329595566,-0.0012738922378048301,0.00023308269737754017,-0.0076320399530231953,-0.0043812375515699387,-0.0086451191455125809,0.029514247551560402,-0.16372033953666687,0.04162956029176712,-0.048832379281520844,0.59798634052276611,0.36733734607696533,0
1222,-0.076903887093067169,0.006546730175614357,0,0.0016078826738521457,-0.001217010198161006,0.00087288313079625368,-0.0076320399530231953,0.0091549456119537354,-0.0086451191455125809,-0.023065488785505295,-0.17734844982624054,-0.046615421772003174,-0.050196725875139236,0.59798634052276611,0.22454488277435303,0
9664,-0.076119311153888702,0.0055585145018994808,0,-0.00068172719329595566,-0.0022017830051481724,0.0045545022003352642,-0.0076320399530231953,-0.0043812375515699387,0.022500956431031227,-0.044930495321750641,0.003977176733314991,-0.047613330185413361,-0.053972974419593811,0.59798634052276611,0.39704489707946777,0
3826,-0.072619304060935974,0.0062988866120576859,0,-0.00068172719329595566,-0.0012738922378048301,0.00023308269737754017,-0.0076320399530231953,-0.0043812375515699387,-0.0086451191455125809,-0.023065488785505295,-0.16189412772655487,0.023075874894857407,-0.046782203018665314,0.59798634052276611,0.30061933398246765,0
12926,0.11381208896636963,0.034504927694797516,0,-0.00068172719329595566,-0.0015242373337969184,-0.0040674777701497078,0.14216135442256927,-0.0043812375515699387,0.0034252279438078403,0.037249565124511719,0.54065239429473877,0.023904750123620033,-0.04651787132024765,0.59798634052276611,1.4365242719650269,2
19205,-0.071203544735908508,0.0062988866120576859,0,-0.00068172719329595566,-0.0019514376763254404,0.0040492666885256767,-0.00035470037255436182,-0.0043812375515699387,-0.0092957643792033195,-0.023065488785505295,-0.16815154254436493,0.023075874894857407,-0.051705822348594666,0.59798634052276611,0.30061933398246765,0
13005,-0.075574286282062531,0.0062988866120576859,0,-0.00068172719329595566,-0.0019514376763254404,0.0040492666885256767,-0.0076320399530231953,-0.0043812375515699387,-0.0092957643792033195,-0.023065488785505295,-0.16051062941551208,-0.046615421772003174,-0.054081771522760391,0.59798634052276611,0.22454488277435303,0
6953,-0.073986150324344635,0.0041030864231288433,0,-0.00068172719329595566,-0.001217010198161006,-0.00025095813907682896,-0.0076320399530231953,0.0091549456119537354,-0.0092957643792033195,0.029514247551560402,-0.10994499921798706,-0.030794966965913773,-0.050649762153625488,0.59798634052276611,0.35630553960800171,0
8717,-0.075574286282062531,0.0062988866120576859,0,-0.00068172719329595566,-0.0019514376763254404,0.0040492666885256767,-0.0076320399530231953,-0.0043812375515699387,-0.0092957643792033195,-0.023065488785505295,-0.16051062941551208,-0.046615421772003174,-0.054081771522760391,0.59798634052276611,0.22454488277435303,0
2651,-0.075574286282062531,0.0062988866120576859,0,-0.00068172719329595566,-0.0019514376763254404,0.0040492666885256767,-0.0076320399530231953,-0.0043812375515699387,-0.0092957643792033195,-0.023065488785505295,-0.16051062941551208,-0.046615421772003174,-0.054081771522760391,0.59798634052276611,0.22454488277435303,0
20304,-0.06941540539264679,0.0062988866120576859,0,-0.00068172719329595566,-0.0012738922378048301,-0.0028859868180006742,-0.0076320399530231953,-0.0043812375515699387,-0.0086451191455125809,-0.023065488785505295,-0.16189412772655487,0.023075874894857407,-0.04686703160405159,0.59798634052276611,0.30061933398246765,1
19071,-0.076012901961803436,0.0058063571341335773,0,0.0016078826738521457,-0.0019514376763254404,0.0045545022003352642,-0.0076320399530231953,-0.0043812375515699387,0.022500956431031227,0.029256802052259445,-0.15992136299610138,-0.046118717640638351,-0.055608663707971573,0.59798634052276611,0.31008657813072205,0
6490,-0.076413653790950775,-0.0063444166444242001,0,-0.00048817350761964917,-0.0022017830051481724,0.0040492666885256767,-0.0076320399530231953,-0.0043812375515699387,-0.01092097070068121,-0.044673047959804535,0.010526604950428009,-0.047613330185413361,-0.053329817950725555,0.59798634052276611,0.35856404900550842,0
4784,-0.076898761093616486,0.0062988866120576859,0,-0.00068172719329595566,-0.0012738922378048301,0.00023308269737754017,-0.0076320399530231953,-0.0043812375515699387,-0.0086451191455125809,-0.023065488785505295,-0.1616218239068985,-0.046615421772003174,-0.049158137291669846,0.59798634052276611,0.22454488277435303,0
2556,-0.075574286282062531,0.0062988866120576859,0,-0.00068172719329595566,-0.0019514376763254404,0.0040492666885256767,-0.0076320399530231953,-0.0043812375515699387,-0.0092957643792033195,-0.023065488785505295,-0.16051062941551208,-0.046615421772003174,-0.054081771522760391,0.59798634052276611,0.22454488277435303,0
3568,-0.079140119254589081,-0.0035284301266074181,0,-0.00068172719329595566,-0.0062418789602816105,-0.00082890165504068136,-0.0076320399530231953,-0.0043812375515699387,-0.0073017263785004616,0.023351956158876419,-0.078325442969799042,0.21199299395084381,0.083196945488452911,0.59798634052276611,0.7284666895866394,3
2136,0.1055581346154213,0.0041030864231288433,0,-0.00068172719329595566,-0.0015242373337969184,-5.4661977628711611e-06,0.016731863841414452,-0.0043812375515699387,-0.025492221117019653,0.037507008761167526,-0.0071129328571259975,0.0097207017242908478,-0.045497152954339981,0.59798634052276611,0.68691259622573853,1
18582,0.10943000763654709,0.033049490302801132,0,-0.00068172719329595566,-0.0015242373337969184,-5.4661977628711611e-06,-0.060263548046350479,-0.0043812375515699387,-0.025492221117019653,-0.044673047959804535,0.35773682594299316,0.015179663896560669,-0.045703966170549393,0.59798634052276611,0.93065696954727173,0
14521,-0.075574286282062531,0.006546730175614357,0,0.0003468212962616235,-0.0019514376763254404,0.0040492666885256767,-0.0076320399530231953,-0.0043812375515699387,-0.0092957643792033195,-0.023065488785505295,-0.16178703308105469,-0.046615421772003174,-0.054081771522760391,0.59798634052276611,0.22454488277435303,0
7485,-0.10913459211587906,-0.010931202210485935,0,-0.00048817350761964917,-0.026230491697788239,0.0071751661598682404,-0.060527771711349487,-0.059671957045793533,0.028458705171942711,0.021242685616016388,0.83984225988388062,0.029949299991130829,-0.16646543145179749,0.59798634052276611,1.0912055969238281,0
11520,-0.076903887093067169,0.006546730175614357,0,0.0016078826738521457,-0.0019514376763254404,0.0040492666885256767,-0.0076320399530231953,-0.0043812375515699387,-0.0092957643792033195,-0.023065488785505295,-0.16178703308105469,-0.046615421772003174,-0.054013233631849289,0.59798634052276611,0.22454488277435303,0
8386,-0.076898761093616486,0.0062988866120576859,0,-0.00068172719329595566,-0.0012738922378048301,0.00023308269737754017,-0.0076320399530231953,-0.0043812375515699387,-0.0086451191455125809,-0.023065488785505295,-0.1616218239068985,-0.046615421772003174,-0.049158137291669846,0.59798634052276611,0.22454488277435303,0
14528,0.061479855328798294,-9.1568435891531408e-05,0,-0.00068172719329595566,-0.0094273686408996582,-0.0060661970637738705,-0.060263548046350479,-0.059671957045793533,0.0040810992941260338,0.035044532269239426,0.70214211940765381,0.094256460666656494,-0.17829404771327972,0.59798634052276611,1.1804937124252319,3
5559,1.669805645942688,0.015633447095751762,0,-0.043111123144626617,-0.0096002714708447456,-0.12505361437797546,0.051774188876152039,0.0099142268300056458,-0.1149342879652977,-0.06631585955619812,1.9752956628799438,-0.034707780927419662,0.82485502958297729,0.59798634052276611,4.7515392303466797,0
17618,-0.034897942095994949,0.0055585145018994808,0,-0.00068172719329595566,-0.0019514376763254404,0.0045545022003352642,0.0553925521671772,-0.0043812375515699387,0.022096877917647362,0.027706483379006386,-0.089363783597946167,0.19226008653640747,-0.054190013557672501,0.59798634052276611,0.7200893759727478,3
10946,-0.075200363993644714,0.0062988866120576859,0,-0.00068172719329595566,-0.0019514376763254404,0.0040492666885256767,-0.0076320399530231953,-0.0043812375515699387,-0.0092957643792033195,-0.023065488785505295,-0.092731490731239319,-0.046615421772003174,-0.054081771522760391,0.59798634052276611,0.29269790649414062,0
1392,0.10612913221120834,0.0062988866120576859,0,-0.00068172719329595566,-0.0019514376763254404,0.0031709161121398211,-0.0073678097687661648,-0.0043812375515699387,-0.026142865419387817,0.029514247551560402,-0.17217175662517548,0.008938940241932869,-0.049208477139472961,0.59798634052276611,0.49013331532478333,0
6037,-0.066162459552288055,0.0055585145018994808,0,-0.00068172719329595566,-0.0012738922378048301,-0.0028859868180006742,-0.0076320399530231953,-0.0043812375515699387,0.01822601817548275,-0.023145182058215141,-0.092784218490123749,0.041132848709821701,-0.046750031411647797,0.59798634052276611,0.41720709204673767,0
3003,0.24846208095550537,-0.0038237704429775476,0,0.0003468212962616235,0.002255577826872468,0.0021278515923768282,-0.0069315815344452858,-0.0043812375515699387,-0.025739312171936035,0.028146263211965561,-0.090972721576690674,0.0022805677726864815,-0.076272822916507721,0.59798634052276611,0.67348480224609375,0
15800,-0.076119311153888702,0.0055585145018994808,0,-0.00068172719329595566,-0.0022017830051481724,0.0045545022003352642,-0.0076320399530231953,-0.0043812375515699387,0.022500956431031227,-0.044930495321750641,0.003977176733314991,-0.047613330185413361,-0.053972974419593811,0.59798634052276611,0.39704489707946777,2
6283,-0.075574286282062531,0.0055585145018994808,0,-0.00068172719329595566,-0.001217010198161006,0.00087288313079625368,-0.0076320399530231953,0.0091549456119537354,0.016559207811951637,-0.023145182058215141,-0.17179574072360992,-0.046615421772003174,-0.050148263573646545,0.59798634052276611,0.25332245230674744,0
4850,-0.071294821798801422,0.0062988866120576859,0,-0.00068172719329595566,-0.0019514376763254404,0.0040492666885256767,-0.0076320399530231953,-0.0043812375515699387,-0.0092957643792033195,-0.023065488785505295,-0.16078293323516846,0.023075874894857407,-0.051705822348594666,0.59798634052276611,0.30061933398246765,0
18554,-0.078107118606567383,0.0055585145018994808,0,-0.00068172719329595566,-0.0012738922378048301,-7.0058784331195056e-05,-0.00035470037255436182,-0.0043812375515699387,0.02807525172829628,0.029256802052259445,-0.098001249134540558,0.023572590202093124,-0.047265611588954926,0.59798634052276611,0.45431411266326904,0
17663,-0.07548300176858902,0.0062988866120576859,0,-0.00068172719329595566,-0.0019514376763254404,0.0040492666885256767,-0.00035470037255436182,-0.0043812375515699387,-0.0092957643792033195,-0.023065488785505295,-0.16787923872470856,-0.046615421772003174,-0.054081771522760391,0.59798634052276611,0.22454488277435303,0
9509,-0.10126050561666489,0.0062988866120576859,0,-0.00068172719329595566,-0.0012738922378048301,0.042359478771686554,-0.0076320399530231953,-0.0043812375515699387,-0.0086451191455125809,-0.023065488785505295,-0.18301597237586975,-0.046615421772003174,-0.045528609305620193,0.59798634052276611,0.22454488277435303,0
9010,-0.20987324416637421,-0.061529058963060379,0,3.2296738936565816e-05,-0.0070365038700401783,0.020798526704311371,-0.060272529721260071,-0.0039104903116822243,-0.0069108232855796814,0.044919755309820175,0.29692158102989197,-0.017485557124018669,0.52004987001419067,0.59798634052276611,1.1136907339096069,0
9065,-0.074117735028266907,0.0006488041253760457,0,-0.00068172719329595566,-0.0019514376763254404,0.0040492666885256767,-0.0076320399530231953,-0.0043812375515699387,-0.0092957643792033195,-0.023065488785505295,-0.089261949062347412,-0.046615421772003174,-0.05298386886715889,0.59798634052276611,0.29269790649414062,0
19673,-0.040854703634977341,0.0055585145018994808,0,-0.00068172719329595566,-0.0012738922378048301,-0.0031891281250864267,0.016467632725834846,-0.0043812375515699387,0.022437285631895065,0.042178098112344742,-0.12228236347436905,0.023572590202093124,-0.047566615045070648,0.59798634052276611,0.48797109723091125,1
18058,-0.074400372803211212,-0.0035284301266074181,0,-0.00068172719329595566,-0.0019514376763254404,0.0040492666885256767,-0.00035470037255436182,-0.0043812375515699387,-0.0092957643792033195,-0.023065488785505295,-0.16023243963718414,-0.046615421772003174,-0.05298386886715889,0.59798634052276611,0.22454488277435303,0
12966,-0.075574286282062531,0.0062988866120576859,0,-0.00068172719329595566,-0.0019514376763254404,0.0040492666885256767,-0.0076320399530231953,-0.0043812375515699387,-0.0092957643792033195,-0.023065488785505295,-0.16051062941551208,-0.046615421772003174,-0.054081771522760391,0.59798634052276611,0.22454488277435303,0
8306,-0.036395620554685593,0.0055585145018994808,0,-0.00068172719329595566,-0.0012738922378048301,0.0026941748801618814,-0.0076320399530231953,-0.0043812375515699387,0.017575373873114586,-0.023145182058215141,-0.091199308633804321,0.023075874894857407,-0.050974659621715546,0.59798634052276611,0.43120697140693665,1
8732,-0.068332768976688385,-0.0035284301266074181,0,-0.00068172719329595566,-0.0012738922378048301,-0.0028859868180006742,-0.0076320399530231953,-0.0043812375515699387,-0.0086451191455125809,-0.023065488785505295,-0.15424734354019165,0.023075874894857407,-0.045769128948450089,0.59798634052276611,0.30061933398246765,0
6272,-0.070105642080307007,0.0043509285897016525,0,0.0003468212962616235,-0.0012738922378048301,0.00087288313079625368,-0.00035470037255436182,-0.0043812375515699387,-0.0086451191455125809,-0.023065488785505295,-0.17053914070129395,0.023075874894857407,-0.047648560255765915,0.59798634052276611,0.30061933398246765,0
17162,0.14805321395397186,0.0055585145018994808,0,-0.00068172719329595566,-0.0019514376763254404,0.0036761516239494085,0.016731863841414452,-0.0043812375515699387,0.05841711163520813,-0.023322936147451401,-0.099179692566394806,0.0087515804916620255,-0.043627418577671051,0.59798634052276611,0.66603094339370728,0
8652,-0.074894458055496216,0.0062988866120576859,0,-0.00068172719329595566,-0.0019514376763254404,0.0040492666885256767,0.016467632725834846,-0.0043812375515699387,-0.0092957643792033195,-0.023065488785505295,-0.11713708192110062,-0.046615421772003174,-0.054081771522760391,0.59798634052276611,0.29269790649414062,0
2873,-0.074144542217254639,0.0055585145018994808,0,-0.00068172719329595566,-0.001217010198161006,0.00025427748914808035,-0.0076320399530231953,0.0091549456119537354,0.022500956431031227,-0.023322936147451401,-0.16900536417961121,-0.046615421772003174,-0.049810517579317093,0.59798634052276611,0.26302570104598999,0
20630,-0.069268360733985901,0.0055585145018994808,0,-0.00068172719329595566,-0.0019514376763254404,0.0045545022003352642,0.016467632725834846,-0.0043812375515699387,0.022500956431031227,-0.023322936147451401,-0.11184490472078323,0.0093773305416107178,-0.051792513579130173,0.59798634052276611,0.39320245385169983,0
18202,-0.065526425838470459,0.0055585145018994808,0,-0.00068172719329595566,-0.0019514376763254404,0.0045545022003352642,0.0553925521671772,-0.0043812375515699387,0.022096877917647362,0.029256802052259445,-0.11594787985086441,0.023572590202093124,-0.052088845521211624,0.59798634052276611,0.49784085154533386,0
1490,-0.075109079480171204,0.0062988866120576859,0,-0.00068172719329595566,-0.0019514376763254404,0.0040492666885256767,-0.00035470037255436182,-0.0043812375515699387,-0.0092957643792033195,-0.023065488785505295,-0.10010011494159698,-0.046615421772003174,-0.054081771522760391,0.59798634052276611,0.29269790649414062,0
12164,-0.067124016582965851,-0.001992958365008235,0,-0.00068172719329595566,-0.0022017830051481724,0.0040492666885256767,0.0005006969440728426,-0.0043812375515699387,0.015908561646938324,-0.044752735644578934,0.39009091258049011,0.029813313856720924,-0.053093865513801575,0.59798634052276611,0.8641207218170166,0
6798,-0.073770612478256226,0.0055585145018994808,0,-0.00068172719329595566,-0.0012738922378048301,0.00056974188191816211,-0.0076320399530231953,-0.0043812375515699387,0.022343223914504051,-0.023322936147451401,-0.086933717131614685,-0.046615421772003174,-0.050667665898799896,0.59798634052276611,0.33117875456809998,0
4476,-0.070694431662559509,0.0062988866120576859,0,-0.00068172719329595566,-0.0019514376763254404,0.0040492666885256767,0.016467632725834846,-0.0043812375515699387,-0.0092957643792033195,-0.023065488785505295,-0.18244010210037231,0.056628100574016571,-0.051705822348594666,0.59798634052276611,0.33721426129341125,0
8682,-0.072415962815284729,0.0016728490591049194,0,-0.00068172719329595566,-0.0014673550613224506,-0.00025095813907682896,-0.0076320399530231953,0.0091549456119537354,-0.0092957643792033195,0.037507008761167526,0.017757827416062355,0.057906556874513626,-0.049187541007995605,0.59798634052276611,0.58105415105819702,2
15868,0.079658471047878265,0.0008966470486484468,0,0.0016078826738521457,-0.001217010198161006,0.041481129825115204,-0.0073678097687661648,0.0091549456119537354,-0.025492221117019653,0.029514247551560402,-0.12239702045917511,0.009248293936252594,-0.038631714880466461,0.59798634052276611,0.57444274425506592,3
13246,-0.075024455785751343,0.006546730175614357,0,0.0016078826738521457,-0.0012738922378048301,-0.0028859868180006742,-0.0076320399530231953,-0.0043812375515699387,-0.0086451191455125809,-0.023065488785505295,-0.1628982275724411,-0.046615421772003174,-0.049174439162015915,0.59798634052276611,0.22454488277435303,0
17210,-0.070403814315795898,0.0055585145018994808,0,-0.00068172719329595566,-0.0019514376763254404,0.0045545022003352642,-0.0076320399530231953,-0.0043812375515699387,0.022500956431031227,0.029256802052259445,-0.15891726315021515,0.023572590202093124,-0.053301263600587845,0.59798634052276611,0.38616105914115906,1
15226,-0.14237269759178162,0.0062988866120576859,0,-0.00068172719329595566,-0.0061086136847734451,-0.018087128177285194,0.016722876578569412,-0.0039104903116822243,-0.0063017820939421654,-0.047544773668050766,-0.14525265991687775,-0.030214129015803337,0.5003325343132019,0.59798634052276611,0.72086691856384277,0
6943,-0.074117735028266907,0.0006488041253760457,0,-0.00068172719329595566,-0.0012738922378048301,0.00087288313079625368,-0.0076320399530231953,-0.0043812375515699387,-0.0086451191455125809,-0.023065488785505295,-0.090373106300830841,-0.046615421772003174,-0.050024509429931641,0.59798634052276611,0.29269790649414062,0
4560,-0.075574286282062531,0.0062988866120576859,0,-0.00068172719329595566,-0.0019514376763254404,0.0040492666885256767,-0.0076320399530231953,-0.0043812375515699387,-0.0092957643792033195,-0.023065488785505295,-0.16051062941551208,-0.046615421772003174,-0.054081771522760391,0.59798634052276611,0.22454488277435303,0
14972,-0.075574286282062531,0.0062988866120576859,0,-0.00068172719329595566,-0.0019514376763254404,0.0040492666885256767,-0.0076320399530231953,-0.0043812375515699387,-0.0092957643792033195,-0.023065488785505295,-0.16051062941551208,-0.046615421772003174,-0.054081771522760391,0.59798634052276611,0.22454488277435303,0
11193,-0.071294821798801422,0.0062988866120576859,0,-0.00068172719329595566,-0.0019514376763254404,0.0040492666885256767,-0.0076320399530231953,-0.0043812375515699387,-0.0092957643792033195,-0.023065488785505295,-0.16078293323516846,0.023075874894857407,-0.051705822348594666,0.59798634052276611,0.30061933398246765,0
3499,-0.080147832632064819,0.0055585145018994808,0,-0.00068172719329595566,-0.0019514376763254404,0.0045545022003352642,-0.0076320399530231953,-0.0043812375515699387,0.022999092936515808,0.042178098112344742,-0.16688151657581329,-0.046118717640638351,-0.055395524948835373,0.59798634052276611,0.31008657813072205,0
14446,-0.071698099374771118,0.0055585145018994808,0,-0.00068172719329595566,-0.0019514376763254404,0.0040492666885256767,-0.0076320399530231953,-0.0043812375515699387,0.025138590484857559,0.029434558004140854,-0.15993316471576691,0.023572590202093124,-0.053301263600587845,0.59798634052276611,0.38616105914115906,0
15204,-0.073264427483081818,0.0062988866120576859,0,-0.00068172719329595566,-0.0012738922378048301,0.00023308269737754017,-0.0076320399530231953,-0.0043812375515699387,-0.0086451191455125809,0.027963928878307343,-0.15177170932292938,0.19707003235816956,-0.051547698676586151,0.59798634052276611,0.53035444021224976,0
1751,-0.071294821798801422,0.0062988866120576859,0,-0.00068172719329595566,-0.0019514376763254404,0.0040492666885256767,-0.0076320399530231953,-0.0043812375515699387,-0.0092957643792033195,-0.023065488785505295,-0.15918268263339996,0.041132848709821701,-0.051705822348594666,0.59798634052276611,0.32027646899223328,0
4633,0.058153450489044189,0.0055585145018994808,0,-0.00068172719329595566,-0.026230491697788239,0.0057915793731808662,0.14216135442256927,-0.059671957045793533,-0.029393166303634644,0.02278798446059227,0.93665575981140137,0.015315646305680275,-0.16529519855976105,0.59798634052276611,1.5031377077102661,0
3018,-0.074400372803211212,-0.0032805872615426779,0,0.0003468212962616235,-0.0019514376763254404,0.0040492666885256767,-0.00035470037255436182,-0.0043812375515699387,-0.0092957643792033195,-0.023065488785505295,-0.16150884330272675,-0.046615421772003174,-0.05298386886715889,0.59798634052276611,0.22454488277435303,0
36,-0.075574286282062531,0.0062988866120576859,0,-0.00068172719329595566,-0.0012738922378048301,0.00087288313079625368,-0.0076320399530231953,-0.0043812375515699387,-0.0086451191455125809,-0.023065488785505295,-0.1616218239068985,-0.046615421772003174,-0.051122412085533142,0.59798634052276611,0.22454488277435303,0
16117,-0.073643192648887634,-0.0052338577806949615,0,-0.00048817350761964917,-0.0015242373337969184,-0.0031891281250864267,-0.0076320399530231953,-0.0043812375515699387,0.022568948566913605,0.037249565124511719,0.038796287029981613,-0.047116626054048538,-0.050086438655853271,0.59798634052276611,0.50330626964569092,0
18113,-0.069559171795845032,0.0055585145018994808,0,-0.00068172719329595566,-0.0012738922378048301,0.00025427748914808035,0.016467632725834846,-0.0043812375515699387,0.022500956431031227,-0.023322936147451401,-0.17923302948474884,0.023075874894857407,-0.048291716724634171,0.59798634052276611,0.339100182056427,0
13369,-0.080593980848789215,0.0055585145018994808,0,-0.00068172719329595566,-0.0019514376763254404,0.0045545022003352642,-0.00035470037255436182,-0.0043812375515699387,0.022999092936515808,0.042178098112344742,-0.089713074266910553,-0.045809362083673477,-0.055395524948835373,0.59798634052276611,0.39439567923545837,1
12619,-0.036260154098272324,0.0055585145018994808,0,-0.00068172719329595566,-0.0012738922378048301,0.00087288313079625368,-0.0076320399530231953,-0.0043812375515699387,0.027456048876047134,-0.023145182058215141,-0.092988021671772003,0.023075874894857407,-0.047677554190158844,0.59798634052276611,0.4409102201461792,0
20172,-0.076529964804649353,0.006546730175614357,0,0.0016078826738521457,-0.0019514376763254404,0.0040492666885256767,-0.0076320399530231953,-0.0043812375515699387,-0.0092957643792033195,-0.023065488785505295,-0.094007879495620728,-0.046615421772003174,-0.054013233631849289,0.59798634052276611,0.29269790649414062,0
20469,-0.080017983913421631,-0.0052338577806949615,0,-0.00048817350761964917,-0.0012738922378048301,0.0031994106248021126,-0.0076320399530231953,-0.0043812375515699387,0.028458705171942711,0.029256802052259445,-0.082048557698726654,-0.046118717640638351,-0.053467277437448502,0.59798634052276611,0.37823963165283203,0
20235,-0.072179593145847321,0.0062988866120576859,0,-0.00068172719329595566,-0.0019514376763254404,0.0040492666885256767,-0.0076320399530231953,-0.0043812375515699387,-0.0092957643792033195,-0.023065488785505295,-0.16051062941551208,0.00017097796080633998,-0.052534013986587524,0.59798634052276611,0.27627378702163696,0
15444,-0.073694862425327301,0.0062988866120576859,0,-0.00068172719329595566,-0.0012738922378048301,-0.0028859868180006742,-0.0076320399530231953,-0.0043812375515699387,-0.0086451191455125809,-0.023065488785505295,-0.1616218239068985,-0.046615421772003174,-0.049242973327636719,0.59798634052276611,0.22454488277435303,0
9588,-0.10630088299512863,0.0055585145018994808,0,-0.00068172719329595566,-0.0012738922378048301,0.042056333273649216,-0.0076320399530231953,-0.0043812375515699387,0.02807525172829628,-0.023322936147451401,-0.10832789540290833,-0.046615421772003174,-0.043961837887763977,0.59798634052276611,0.33117875456809998,0
15989,-0.072550356388092041,0.0062988866120576859,0,-0.00068172719329595566,-0.0019514376763254404,0.0040492666885256767,-0.0076320399530231953,-0.0043812375515699387,-0.0076289540156722069,-0.023065488785505295,-0.1650564968585968,-0.037334047257900238,-0.053745977580547333,0.59798634052276611,0.23430699110031128,0
8628,0.11591214686632156,-0.0042688022367656231,0,-0.00068172719329595566,-0.026230491697788239,0.0062968158163130283,0.14216135442256927,-0.059671957045793533,0.05841711163520813,0.022610226646065712,0.9496842622756958,0.015315646305680275,-0.17574372887611389,0.59798634052276611,1.6417871713638306,0
596,-0.074919216334819794,0.006546730175614357,0,0.0003468212962616235,-0.0019514376763254404,0.0040492666885256767,-0.0076320399530231953,-0.0043812375515699387,-0.0092957643792033195,-0.023065488785505295,-0.16178703308105469,-0.031291685998439789,-0.053513996303081512,0.59798634052276611,0.24109160900115967,0
6404,-0.075200363993644714,0.0062988866120576859,0,-0.00068172719329595566,-0.0012738922378048301,0.00087288313079625368,-0.0076320399530231953,-0.0043812375515699387,-0.0086451191455125809,-0.023065488785505295,-0.093842647969722748,-0.046615421772003174,-0.051122412085533142,0.59798634052276611,0.29269790649414062,0
6474,-0.076807469129562378,0.0062988866120576859,0,-0.00068172719329595566,-0.0012738922378048301,0.00023308269737754017,-0.00035470037255436182,-0.0043812375515699387,-0.0086451191455125809,-0.023065488785505295,-0.16899043321609497,-0.046615421772003174,-0.049158137291669846,0.59798634052276611,0.22454488277435303,0
16838,0.12479741126298904,0.0062988866120576859,0,-0.00068172719329595566,-0.0019514376763254404,0.0031709161121398211,-0.0073678097687661648,-0.0043812375515699387,-0.026142865419387817,0.029514247551560402,-0.1718994528055191,-0.023135945200920105,-0.050124939531087875,0.59798634052276611,0.47608256340026855,0
7342,-0.04158778116106987,0.0062988866120576859,0,-0.00068172719329595566,-0.001217010198161006,-0.00025095813907682896,-0.0076320399530231953,0.0091549456119537354,-0.0076289540156722069,0.029514247551560402,-0.18087348341941833,-0.046118717640638351,-0.051701270043849945,0.59798634052276611,0.30526262521743774,1
142,-0.069559171795845032,0.0055585145018994808,0,-0.00068172719329595566,-0.0012738922378048301,0.00056974188191816211,0.016467632725834846,-0.0043812375515699387,0.022343223914504051,-0.023322936147451401,-0.17939075827598572,0.023075874894857407,-0.048291716724634171,0.59798634052276611,0.339100182056427,0
17115,0.78748840093612671,0.028402727097272873,0,-0.043111123144626617,-0.0079372720792889595,-0.017811780795454979,-0.022114129737019539,0.12582173943519592,-0.098041653633117676,-0.069214224815368652,1.1344319581985474,0.10957999527454376,-0.54932707548141479,0.59798634052276611,1.976152777671814,7
16885,0.1077435240149498,0.035245303064584732,0,-0.00068172719329595566,-0.0015242373337969184,-0.0037643373943865299,-0.060263548046350479,-0.0043812375515699387,-0.025492221117019653,0.035956688225269318,0.30703389644622803,0.098748132586479187,-0.049687929451465607,0.59798634052276611,1.0369188785552979,3
15004,-0.074215956032276154,-0.0054940935224294662,0,3.2296738936565816e-05,-0.0012738922378048301,-7.0058784331195056e-05,-0.0076320399530231953,-0.0043812375515699387,0.022568948566913605,-0.023322936147451401,-0.062296181917190552,-0.030982330441474915,-0.047037713229656219,0.59798634052276611,0.36388155817985535,0
15319,-0.076903887093067169,0.006546730175614357,0,0.0016078826738521457,-0.0019514376763254404,0.0040492666885256767,-0.0076320399530231953,-0.0043812375515699387,-0.0092957643792033195,-0.023065488785505295,-0.16178703308105469,-0.046615421772003174,-0.054013233631849289,0.59798634052276611,0.22454488277435303,0
17462,-0.074919216334819794,0.0062988866120576859,0,-0.00068172719329595566,-0.0012738922378048301,0.00087288313079625368,-0.0076320399530231953,-0.0043812375515699387,-0.0086451191455125809,-0.023065488785505295,-0.1616218239068985,-0.031291685998439789,-0.050554636865854263,0.59798634052276611,0.24109160900115967,0
5632,-0.040932688862085342,0.0062988866120576859,0,-0.00068172719329595566,-0.0012738922378048301,-0.00025095813907682896,-0.0076320399530231953,-0.0043812375515699387,-0.0076289540156722069,0.029514247551560402,-0.1664232611656189,-0.030794966965913773,-0.051990646868944168,0.59798634052276611,0.32180938124656677,0
13241,-0.073694862425327301,0.0062988866120576859,0,-0.00068172719329595566,-0.0012738922378048301,-0.0028859868180006742,-0.0076320399530231953,-0.0043812375515699387,-0.0086451191455125809,-0.023065488785505295,-0.1616218239068985,-0.046615421772003174,-0.049242973327636719,0.59798634052276611,0.22454488277435303,1
15314,-0.073694862425327301,0.0062988866120576859,0,-0.00068172719329595566,-0.0012738922378048301,-0.0028859868180006742,-0.0076320399530231953,-0.0043812375515699387,-0.0086451191455125809,-0.023065488785505295,-0.1616218239068985,-0.046615421772003174,-0.049242973327636719,0.59798634052276611,0.22454488277435303,0
424,-0.28662815690040588,0.013351938687264919,0,-0.0005745904054492712,-0.0067861592397093773,0.020893199369311333,-0.0073767961002886295,-0.0033613787963986397,-0.0047838781028985977,0.02374824695289135,-0.12070773541927338,0.1966453492641449,0.59746819734573364,0.59798634052276611,1.0198750495910645,2
10721,-0.079450689256191254,0.0041030864231288433,0,-0.00068172719329595566,-0.0012738922378048301,0.0026941748801618814,-0.0076320399530231953,-0.0043812375515699387,-0.011709191836416721,0.03952397033572197,-0.097893960773944855,-0.030794966965913773,-0.05418458953499794,0.59798634052276611,0.35630553960800171,0
5416,-0.075729966163635254,0.0008966470486484468,0,0.0016078826738521457,-0.0019514376763254404,0.0040492666885256767,-0.00035470037255436182,-0.0043812375515699387,-0.0092957643792033195,-0.023065488785505295,-0.16568607091903687,-0.046615421772003174,-0.052915330976247787,0.59798634052276611,0.22454488277435303,0
15010,0.10828768461942673,-0.060418490320444107,0,3.2296738936565816e-05,-0.0015242373337969184,-0.00030860758852213621,-0.060263548046350479,-0.0043812375515699387,0.003650951199233532,0.037249565124511719,0.31897005438804626,0.015676377341151237,-0.047299396246671677,0.59798634052276611,0.90765821933746338,0
6315,-0.073898963630199432,0.035493150353431702,0,0.0016078826738521457,-0.0015242373337969184,-0.0028859868180006742,-0.060527771711349487,-0.0043812375515699387,-0.0086451191455125809,0.037507008761167526,0.3890889585018158,-0.041160929948091507,-0.053827546536922455,0.59798634052276611,0.81483155488967896,0
13540,-0.071731992065906525,0.0055585145018994808,0,-0.00068172719329595566,-0.0019514376763254404,0.0040492666885256767,-0.0076320399530231953,-0.0043812375515699387,-0.012546067126095295,-0.023145182058215141,-0.073472745716571808,0.023385228589177132,-0.051705822348594666,0.59798634052276611,0.3837314248085022,0
173,-0.13600796461105347,-0.011391265317797661,0,-0.000381036865292117,-0.027893496677279472,0.027105629444122314,0.00084049650467932224,-0.034379478543996811,0.016104625537991524,0.029051715508103371,1.2690976858139038,-0.0048655918799340725,1.0049282312393188,0.59798634052276611,2.7301959991455078,0
20616,-0.075574286282062531,0.0062988866120576859,0,-0.00068172719329595566,-0.0019514376763254404,0.0040492666885256767,-0.0076320399530231953,-0.0043812375515699387,-0.0092957643792033195,-0.023065488785505295,-0.16051062941551208,-0.046615421772003174,-0.054081771522760391,0.59798634052276611,0.22454488277435303,0
15909,-0.075574286282062531,0.0062988866120576859,0,-0.00068172719329595566,-0.0019514376763254404,0.0040492666885256767,-0.0076320399530231953,-0.0043812375515699387,-0.0092957643792033195,-0.023065488785505295,-0.16051062941551208,-0.046615421772003174,-0.054081771522760391,0.59798634052276611,0.22454488277435303,0
3605,-0.073694862425327301,0.0062988866120576859,0,-0.00068172719329595566,-0.0012738922378048301,-0.0028859868180006742,-0.0076320399530231953,-0.0043812375515699387,-0.0086451191455125809,-0.023065488785505295,-0.1616218239068985,-0.046615421772003174,-0.049242973327636719,0.59798634052276611,0.22454488277435303,0
12583,-0.075574286282062531,0.0062988866120576859,0,-0.00068172719329595566,-0.0019514376763254404,0.0040492666885256767,-0.0076320399530231953,-0.0043812375515699387,-0.0092957643792033195,-0.023065488785505295,-0.16051062941551208,-0.046615421772003174,-0.054081771522760391,0.59798634052276611,0.22454488277435303,0
15253,1.6999948024749756,-0.0032844161614775658,0,0.030278276652097702,-0.0096796909347176552,0.20736046135425568,-0.020996250212192535,0.095766104757785797,0.014569335617125034,0.15731500089168549,1.6437760591506958,-0.033372171223163605,1.3957486152648926,0.59798634052276611,5.7754573822021484,9
19759,-0.40006574988365173,0.00047241244465112686,0,-0.0005745904054492712,-0.011090368032455444,0.017687752842903137,0.14223693311214447,-0.034379478543996811,0.01587890088558197,0.030419258400797844,1.3398325443267822,-0.0048655918799340725,0.79339796304702759,0.59798634052276611,2.486936092376709,2
2020,-0.07319418340921402,0.0011803195811808109,0,0.0016078826738521457,-0.0012738922378048301,0.00025427748914808035,-0.0076320399530231953,-0.0043812375515699387,0.022096877917647362,-0.023322936147451401,-0.086026228964328766,-0.046615421772003174,-0.049501225352287292,0.59798634052276611,0.33117875456809998,0
17954,0.16256217658519745,0.0055585145018994808,0,-0.00068172719329595566,-0.0012738922378048301,0.0023210612125694752,-0.0073678097687661648,-0.0043812375515699387,0.05841711163520813,0.029256802052259445,-0.074756599962711334,0.042800489813089371,-0.060754824429750443,0.59798634052276611,0.74968695640563965,2
20573,-0.10126050561666489,0.0062988866120576859,0,-0.00068172719329595566,-0.0012738922378048301,0.042359478771686554,-0.0076320399530231953,-0.0043812375515699387,-0.0086451191455125809,-0.023065488785505295,-0.18301597237586975,-0.046615421772003174,-0.045528609305620193,0.59798634052276611,0.22454488277435303,0
10861,-0.076113060116767883,0.006546730175614357,0,0.0003468212962616235,-0.0012738922378048301,0.00087288313079625368,-0.0076320399530231953,-0.0043812375515699387,-0.0086451191455125809,0.029514247551560402,-0.16632470488548279,-0.046118717640638351,-0.053172580897808075,0.59798634052276611,0.2716057300567627,0
7859,0.91477572917938232,-0.007461650762706995,0,0.030278276652097702,-0.0094273686408996582,-0.022104432806372643,-0.022114129737019539,-0.059671957045793533,0.010369396768510342,0.15490366518497467,0.79534816741943359,-0.016072699800133705,-0.46095681190490723,0.59798634052276611,1.9058520793914795,2
17729,-0.075268372893333435,0.0062988866120576859,0,-0.00068172719329595566,-0.0019514376763254404,0.0040492666885256767,0.016467632725834846,-0.0043812375515699387,-0.0092957643792033195,-0.023065488785505295,-0.18491619825363159,-0.046615421772003174,-0.054081771522760391,0.59798634052276611,0.22454488277435303,0
19863,-0.074551202356815338,-0.05845283716917038,0,-0.00068172719329595566,-0.0015242373337969184,0.00087288313079625368,-0.060527771711349487,-0.0043812375515699387,-0.011058547534048557,0.047516729682683945,0.31323537230491638,0.030310029163956642,-0.05201999843120575,0.59798634052276611,0.72672384977340698,0
10153,0.1078062430024147,-9.1568435891531408e-05,0,-0.00068172719329595566,0.0033516115508973598,-0.0040674777701497078,-0.0073678097687661648,-0.0043812375515699387,0.0034252279438078403,0.027706483379006386,-0.068211928009986877,0.17762640118598938,-0.045298527926206589,0.59798634052276611,0.78780251741409302,0
4957,-0.066432535648345947,0.0062988866120576859,0,-0.00068172719329595566,-0.0012738922378048301,-0.0028859868180006742,-0.0076320399530231953,-0.0043812375515699387,-0.0086451191455125809,-0.022251004353165627,-0.081949777901172638,0.18478886783123016,-0.04686703160405159,0.59798634052276611,0.5460735559463501,0
5289,0.051900550723075867,0.00093247659970074892,0,-0.00068172719329595566,0.0023732115514576435,0.0062968158163130283,-0.060263548046350479,-0.059671957045793533,0.0035829613916575909,0.018346026539802551,0.85165321826934814,0.10974172502756119,-0.2859741747379303,0.59798634052276611,1.2362220287322998,1
10610,-0.33123397827148438,0.012611565180122852,0,-0.0005745904054492712,-0.0067069036886096001,0.32060727477073669,0.035036828368902206,-0.0033613787963986397,0.012237910181283951,0.028533987700939178,-0.1422942578792572,0.18544557690620422,1.1664961576461792,0.59798634052276611,1.8747849464416504,0
19502,-0.075574286282062531,0.0062988866120576859,0,-0.00068172719329595566,-0.0019514376763254404,0.0040492666885256767,-0.0076320399530231953,-0.0043812375515699387,-0.0092957643792033195,-0.023065488785505295,-0.16051062941551208,-0.046615421772003174,-0.054081771522760391,0.59798634052276611,0.22454488277435303,0
8868,-0.073515124619007111,-0.0066046523861587048,0,0.0012933581601828337,-0.0012738922378048301,-0.0028859868180006742,-0.0076320399530231953,-0.0043812375515699387,-0.010270325466990471,-0.023065488785505295,-0.082261264324188232,-0.046615421772003174,-0.048076536506414413,0.59798634052276611,0.29269790649414062,0
3382,-0.069865085184574127,0.0055585145018994808,0,-0.00068172719329595566,-0.0019514376763254404,0.0045545022003352642,-0.0076320399530231953,-0.0043812375515699387,0.022500956431031227,-0.023322936147451401,-0.15549072623252869,0.023075874894857407,-0.05125107616186142,0.59798634052276611,0.339100182056427,1
19775,-0.082483373582363129,0.0055585145018994808,0,-0.00068172719329595566,-0.0012738922378048301,0.00025427748914808035,-0.0076320399530231953,-0.0043812375515699387,0.030145028606057167,0.029256802052259445,-0.15798163414001465,-0.046118717640638351,-0.052561849355697632,0.59798634052276611,0.31008657813072205,0
4592,-0.075574286282062531,0.0062988866120576859,0,-0.00068172719329595566,-0.0019514376763254404,0.0040492666885256767,-0.0076320399530231953,-0.0043812375515699387,-0.0092957643792033195,-0.023065488785505295,-0.16051062941551208,-0.046615421772003174,-0.054081771522760391,0.59798634052276611,0.22454488277435303,0
8403,-0.075268372893333435,0.0062988866120576859,0,-0.00068172719329595566,-0.0019514376763254404,0.0040492666885256767,0.016467632725834846,-0.0043812375515699387,-0.0092957643792033195,-0.023065488785505295,-0.18491619825363159,-0.046615421772003174,-0.054081771522760391,0.59798634052276611,0.22454488277435303,0
14067,-0.075574286282062531,0.0062988866120576859,0,-0.00068172719329595566,-0.0019514376763254404,0.0040492666885256767,-0.0076320399530231953,-0.0043812375515699387,-0.0092957643792033195,-0.023065488785505295,-0.16051062941551208,-0.046615421772003174,-0.054081771522760391,0.59798634052276611,0.22454488277435303,0
3156,0.73133391141891479,-0.0077094938606023788,0,-0.0092400526627898216,-0.008016691543161869,-0.022104432806372643,-0.022114129737019539,0.12582173943519592,0.0098712584003806114,-0.011024869047105312,0.97059708833694458,-0.024301065132021904,-0.45966154336929321,0.59798634052276611,1.871436595916748,1
973,-0.075574286282062531,0.0062988866120576859,0,-0.00068172719329595566,-0.0019514376763254404,0.0040492666885256767,-0.0076320399530231953,-0.0043812375515699387,-0.0092957643792033195,-0.023065488785505295,-0.16051062941551208,-0.046615421772003174,-0.054081771522760391,0.59798634052276611,0.22454488277435303,0
17035,-0.078644841909408569,-0.0012525862548500299,0,-0.00068172719329595566,-0.0064353416673839092,0.00090714066755026579,-0.060527771711349487,0.0091549456119537354,-0.0073017263785004616,-0.069152317941188812,0.3298511803150177,0.022565785795450211,0.063592478632926941,0.59798634052276611,0.80006134510040283,0
2485,-0.041330579668283463,0.0062988866120576859,0,-0.00068172719329595566,-0.001217010198161006,-0.0028859868180006742,-0.0076320399530231953,0.0091549456119537354,-0.0093917334452271461,0.03952397033572197,-0.1020938903093338,0.023881943896412849,-0.047164216637611389,0.59798634052276611,0.46444928646087646,0
3942,-0.035829521715641022,0.034504927694797516,0,-0.00068172719329595566,-0.0021449006162583828,0.0045545022003352642,-0.060527771711349487,5.5566750233992934e-05,0.022096877917647362,-0.044930495321750641,0.36709365248680115,0.014335105195641518,-0.05378129705786705,0.59798634052276611,0.84273123741149902,0
15382,-0.076898761093616486,0.0062988866120576859,0,-0.00068172719329595566,-0.0012738922378048301,0.00023308269737754017,-0.0076320399530231953,-0.0043812375515699387,-0.0086451191455125809,-0.023065488785505295,-0.1616218239068985,-0.046615421772003174,-0.049158137291669846,0.59798634052276611,0.22454488277435303,0
9889,-0.071829743683338165,0.0062988866120576859,0,-0.00068172719329595566,-0.0012738922378048301,-0.0028859868180006742,0.0553925521671772,-0.0043812375515699387,-0.011058547534048557,0.037973660975694656,-0.17859064042568207,0.19707003235816956,-0.050138436257839203,0.59798634052276611,0.57388114929199219,1
7651,-0.075739137828350067,0.0062988866120576859,0,-0.00068172719329595566,-0.0019514376763254404,0.0040492666885256767,-0.0076320399530231953,-0.0043812375515699387,-0.0092957643792033195,0.029514247551560402,-0.09615807980298996,-0.046118717640638351,-0.056131947785615921,0.59798634052276611,0.33975878357887268,0
4003,-0.07321147620677948,0.0033627140801399946,0,-0.00068172719329595566,-0.0019514376763254404,0.0045545022003352642,-0.0076320399530231953,-0.0043812375515699387,0.022500956431031227,0.029256802052259445,-0.090865902602672577,-0.046118717640638351,-0.054579298943281174,0.59798634052276611,0.37823963165283203,1
4517,-0.071377940475940704,0.0062988866120576859,0,-0.00068172719329595566,-0.0019514376763254404,0.0040492666885256767,-0.0076320399530231953,-0.0043812375515699387,-0.0092957643792033195,-0.023065488785505295,-0.16051062941551208,0.0093773305416107178,-0.052247259765863419,0.59798634052276611,0.28656855225563049,0
20310,-0.10396323353052139,0.006546730175614357,0,0.0003468212962616235,-0.0012738922378048301,0.049657925963401794,-0.00035470037255436182,-0.0043812375515699387,-0.0086451191455125809,-0.023065488785505295,-0.12415415048599243,0.023075874894857407,-0.043003708124160767,0.59798634052276611,0.36877238750457764,0
14474,-0.070626422762870789,0.0062988866120576859,0,-0.00068172719329595566,-0.001217010198161006,0.00087288313079625368,-0.0076320399530231953,0.0091549456119537354,-0.0086451191455125809,-0.023065488785505295,-0.10581675916910172,0.056628100574016571,-0.047889318317174911,0.59798634052276611,0.40536743402481079,0
1695,-0.066497661173343658,0.0055585145018994808,0,-0.00068172719329595566,-0.0012738922378048301,-0.0031891281250864267,0.016467632725834846,-0.0043812375515699387,0.021939147263765335,-0.023322936147451401,-0.11201570183038712,0.023075874894857407,-0.046412285417318344,0.59798634052276611,0.40725323557853699,0
5773,-0.075574286282062531,0.0062988866120576859,0,-0.00068172719329595566,-0.0019514376763254404,0.0040492666885256767,-0.0076320399530231953,-0.0043812375515699387,-0.0092957643792033195,-0.023065488785505295,-0.16051062941551208,-0.046615421772003174,-0.054081771522760391,0.59798634052276611,0.22454488277435303,0
14744,-0.075433224439620972,0.0062988866120576859,0,-0.00068172719329595566,-0.0019514376763254404,0.0040492666885256767,0.016467632725834846,-0.0043812375515699387,-0.0092957643792033195,0.029514247551560402,-0.12056367844343185,-0.046118717640638351,-0.056131947785615921,0.59798634052276611,0.33975878357887268,0
9694,-0.073464706540107727,0.0055585145018994808,0,-0.00068172719329595566,-0.0019514376763254404,0.0045545022003352642,0.016467632725834846,-0.0043812375515699387,0.022500956431031227,-0.023322936147451401,-0.11184490472078323,-0.046615421772003174,-0.053627025336027145,0.59798634052276611,0.33117875456809998,0
17151,-0.075574286282062531,0.006546730175614357,0,0.0003468212962616235,-0.0019514376763254404,0.0040492666885256767,-0.0076320399530231953,-0.0043812375515699387,-0.0092957643792033195,-0.023065488785505295,-0.16178703308105469,-0.046615421772003174,-0.054081771522760391,0.59798634052276611,0.22454488277435303,0
983,-0.1007702648639679,0.0062988866120576859,0,-0.00068172719329595566,-0.0012738922378048301,0.042359478771686554,-0.0076320399530231953,-0.0043812375515699387,-0.0086451191455125809,0.029514247551560402,-0.11866340041160583,-0.030794966965913773,-0.047011006623506546,0.59798634052276611,0.35630553960800171,0
9076,-0.071294821798801422,0.006546730175614357,0,0.0003468212962616235,-0.0019514376763254404,0.0040492666885256767,-0.0076320399530231953,-0.0043812375515699387,-0.0092957643792033195,-0.023065488785505295,-0.16205933690071106,0.023075874894857407,-0.051705822348594666,0.59798634052276611,0.30061933398246765,0
10844,-0.075268372893333435,0.0062988866120576859,0,-0.00068172719329595566,-0.0019514376763254404,0.0040492666885256767,0.016467632725834846,-0.0043812375515699387,-0.0092957643792033195,-0.023065488785505295,-0.18491619825363159,-0.046615421772003174,-0.054081771522760391,0.59798634052276611,0.22454488277435303,0
13546,-0.071827270090579987,0.006546730175614357,0,0.0016078826738521457,-0.0012738922378048301,-0.0028859868180006742,-0.0076320399530231953,-0.0043812375515699387,-0.0086451191455125809,0.015939217060804367,-0.078912645578384399,0.20826978981494904,-0.051563993096351624,0.59798634052276611,0.60322773456573486,1
10077,-0.043212331831455231,0.034504927694797516,0,-0.00068172719329595566,-0.0022017830051481724,0.0045545022003352642,-0.060527771711349487,-0.0043812375515699387,0.02782890759408474,0.037249565124511719,0.39776110649108887,0.014831820502877235,-0.054719455540180206,0.59798634052276611,0.94899290800094604,0
2130,-0.074500963091850281,-0.058945365250110626,0,0.0003468212962616235,-0.0022017830051481724,0.0045545022003352642,-0.060527771711349487,-0.0043812375515699387,0.028232978656888008,0.037249565124511719,0.3207755982875824,0.030310029163956642,-0.053694270551204681,0.59798634052276611,0.7652047872543335,1
8788,-0.43763121962547302,0.019252540543675423,0,-0.0005745904054492712,-0.0096004363149404526,-0.04763011634349823,-0.060187973082065582,0.061721198260784149,0.0072480025701224804,0.02224794402718544,1.2989064455032349,0.0033627704251557589,0.98330330848693848,0.59798634052276611,2.4384047985076904,9
3510,-0.07957381010055542,0.0055585145018994808,0,-0.00068172719329595566,-0.0062418789602816105,0.0006039993604645133,0.016467632725834846,-0.0043812375515699387,0.01847713440656662,-0.04780222475528717,-0.10071029514074326,0.016137696802616119,0.049753833562135696,0.59798634052276611,0.465594083070755,0
13446,-0.039505414664745331,0.0055585145018994808,0,-0.00068172719329595566,-0.0012738922378048301,-7.0058784331195056e-05,0.016467632725834846,-0.0043812375515699387,0.021939147263765335,0.029256802052259445,-0.097287796437740326,0.023881943896412849,-0.04776347428560257,0.59798634052276611,0.5041271448135376,1
16670,-0.075200363993644714,0.0062988866120576859,0,-0.00068172719329595566,-0.0019514376763254404,0.0040492666885256767,-0.0076320399530231953,-0.0043812375515699387,-0.0092957643792033195,-0.023065488785505295,-0.092731490731239319,-0.046615421772003174,-0.054081771522760391,0.59798634052276611,0.29269790649414062,0
12374,0.12882077693939209,-0.060418490320444107,0,0.0012933581601828337,-0.0022017830051481724,0.0036761516239494085,-0.060263548046350479,-0.0043812375515699387,0.0038086851127445698,-0.044930495321750641,0.2907833456993103,-0.030687879770994186,-0.049461279064416885,0.59798634052276611,0.77402424812316895,0
6551,-0.076903887093067169,0.006546730175614357,0,0.0016078826738521457,-0.0019514376763254404,0.0040492666885256767,-0.0076320399530231953,-0.0043812375515699387,-0.0092957643792033195,-0.023065488785505295,-0.16178703308105469,-0.046615421772003174,-0.054013233631849289,0.59798634052276611,0.22454488277435303,0
18745,-0.08012101799249649,-0.0035284301266074181,0,-0.00068172719329595566,-0.0019514376763254404,0.0040492666885256767,-0.0076320399530231953,-0.0043812375515699387,-0.011709191836416721,0.03952397033572197,-0.090924710035324097,-0.046118717640638351,-0.05475236102938652,0.59798634052276611,0.33975878357887268,0
