FID,X1,X2,X3,X4,X6,X7,X8,X19,X10,X14,X17,X18,X22,base_value,prediction,observed
2682,-0.34277763962745667,0.0042446856386959553,0.039971195161342621,0.012263394892215729,-0.10740090906620026,0.000341725506586954,0,-0.0025151621084660292,-0.13622774183750153,0.033139593899250031,-0.1168799102306366,-0.11289589107036591,-0.033671751618385315,1.2726720571517944,0.51026386022567749,0
9479,-0.56481826305389404,0.0042446856386959553,0.034544035792350769,-0.0090055782347917557,-0.10727169364690781,0.000341725506586954,0,-0.0025151621084660292,-0.13622774183750153,0.033139593899250031,-0.1168799102306366,-0.11289589107036591,-0.04873117059469223,1.2726720571517944,0.2465970367193222,0
2056,5.661588191986084,0.053790222853422165,0.11312877386808395,0.020746858790516853,4.7265357971191406,-0.0068365330807864666,0,-0.0015787829179316759,1.8040189743041992,0.35160243511199951,0.55739301443099976,0.12122917920351028,-0.0036084591411054134,1.2726720571517944,14.670683860778809,15
10165,0.051775194704532623,0.0017517793457955122,0.078141979873180389,0.020746858790516853,1.56950843334198,-0.00033248963882215321,0,-0.0025151621084660292,-0.50758641958236694,-0.010590010322630405,-0.31127575039863586,0.018886284902691841,-0.020875750109553337,1.2726720571517944,2.1603057384490967,0
11366,0.16912105679512024,0.0042446856386959553,0.060210965573787689,0.020746858790516853,-0.12127116322517395,-0.00033248963882215321,0,-0.0025151621084660292,0.17578336596488953,0.033139593899250031,-0.11247396469116211,0.023909876123070717,0.17814153432846069,1.2726720571517944,1.7013763189315796,1
6446,-0.32551929354667664,0.0042446856386959553,0.036646585911512375,0.012263394892215729,-0.12788720428943634,-0.00033248963882215321,0,-0.0025151621084660292,0.17030028998851776,0.015653662383556366,-0.11332941055297852,-0.12038426101207733,-0.04873117059469223,1.2726720571517944,0.7730826735496521,3
20291,-0.56472718715667725,0.0042446856386959553,0.034544035792350769,-0.0090055782347917557,-0.10727169364690781,0.000341725506586954,0,-0.0025151621084660292,-0.13622774183750153,0.033139593899250031,-0.1168799102306366,-0.11298694461584091,-0.04873117059469223,1.2726720571517944,0.2465970367193222,0
442,-0.33932015299797058,0.0042446856386959553,0.037187911570072174,0.012263394892215729,-0.10740090906620026,-0.00033248963882215321,0,-0.0025151621084660292,-0.13622774183750153,0.033139593899250031,-0.1168799102306366,-0.11289589107036591,-0.033671751618385315,1.2726720571517944,0.51026386022567749,0
14853,-0.56472718715667725,0.0042446856386959553,0.034544035792350769,-0.0090055782347917557,-0.10727169364690781,0.000341725506586954,0,-0.0025151621084660292,-0.13622774183750153,0.033139593899250031,-0.1168799102306366,-0.11298694461584091,-0.04873117059469223,1.2726720571517944,0.2465970367193222,0
18363,-0.5777239203453064,0.0042446856386959553,0.034544035792350769,0.0048820739611983299,-0.10727169364690781,-0.00033248963882215321,0,-0.0025151621084660292,-0.13622774183750153,0.033139593899250031,-0.1168799102306366,-0.11298694461584091,-0.04873117059469223,1.2726720571517944,0.24681365489959717,0
19280,-0.56472718715667725,0.0042446856386959553,0.034544035792350769,-0.0090055782347917557,-0.10727169364690781,0.000341725506586954,0,-0.0025151621084660292,-0.13622774183750153,0.033139593899250031,-0.1168799102306366,-0.11298694461584091,-0.04873117059469223,1.2726720571517944,0.2465970367193222,0
1281,-0.57754194736480713,0.0042446856386959553,0.037868637591600418,0.0048820739611983299,-0.1211419478058815,-0.00033248963882215321,0,-0.0025151621084660292,0.17017810046672821,0.033139593899250031,-0.11332941055297852,-0.12047531455755234,0.17814153432846069,1.2726720571517944,0.76579117774963379,0
8941,3.5714676380157471,0.0042446856386959553,0.092640034854412079,0.020746858790516853,3.2347481250762939,-0.00033248963882215321,0,-0.0025151621084660292,0.2121722400188446,0.033139593899250031,0.1356961727142334,0.036190338432788849,0.10164369642734528,1.2726720571517944,8.7125148773193359,2
14622,-0.35983631014823914,0.0042446856386959553,0.04678000882267952,0.012263394892215729,0.77547359466552734,-0.00033248963882215321,0,-0.0025151621084660292,-0.35276490449905396,0.033139593899250031,-0.10630147159099579,-0.11256256699562073,-0.02105361595749855,1.2726720571517944,1.1892061233520508,0
10082,-0.27929231524467468,0.0042446856386959553,0.055111829191446304,0.012263394892215729,-0.25995662808418274,0.000341725506586954,0,-0.0015787829179316759,0.40569755434989929,0.033139593899250031,0.71924334764480591,-0.12218202650547028,0.58395826816558838,1.2726720571517944,2.4236609935760498,1
3939,0.30235815048217773,0.0042446856386959553,0.036646585911512375,0.020746858790516853,-0.11911933869123459,0.000341725506586954,0,-0.0025151621084660292,-0.042150441557168961,-0.010590010322630405,-0.1168799102306366,-0.11583061516284943,-0.04873117059469223,1.2726720571517944,1.18119215965271,0
19900,-0.56194394826889038,0.0042446856386959553,0.031760755926370621,-0.0090055782347917557,-0.10727169364690781,0.000341725506586954,0,-0.0025151621084660292,-0.13622774183750153,0.033139593899250031,-0.1168799102306366,-0.11298694461584091,-0.04873117059469223,1.2726720571517944,0.2465970367193222,0
18365,0.19706863164901733,-0.010247066617012024,-0.2066056877374649,0.020746858790516853,-0.11549653112888336,-0.00033248963882215321,0,-0.0056760795414447784,0.14926157891750336,0.015653662383556366,1.8843023777008057,-0.087311670184135437,0.078274182975292206,1.2726720571517944,3.192307710647583,3
16378,0.28191250562667847,-0.010247066617012024,0.049722284078598022,-0.038270097225904465,-0.14152330160140991,0.000341725506586954,0,-0.0028787634801119566,0.093554101884365082,-0.010590010322630405,0.62237370014190674,-0.11452937126159668,-0.033671751618385315,1.2726720571517944,1.9688646793365479,4
17339,0.13852216303348541,0.0042446856386959553,0.045661002397537231,-0.038270097225904465,-0.10941158980131149,0.000341725506586954,0,-0.0025151621084660292,-0.14217877388000488,0.033139593899250031,-0.1168799102306366,-0.02969728596508503,-0.04873117059469223,1.2726720571517944,1.0068951845169067,0
13268,-0.5762673020362854,0.0017517793457955122,0.046883057802915573,0.0048820739611983299,-0.10727169364690781,-0.00033248963882215321,0,-0.0025151621084660292,-0.14418944716453552,0.033139593899250031,-0.1168799102306366,-0.030782463029026985,-0.033671751618385315,1.2726720571517944,0.34741872549057007,0
1422,0.56623220443725586,-0.0051443376578390598,-0.48613756895065308,0.020746858790516853,-0.11739271879196167,0.000341725506586954,0,0.082817569375038147,0.18218435347080231,-0.010590010322630405,1.4454174041748047,1.4968798160552979,0.41453859210014343,1.2726720571517944,4.8625664710998535,4
15460,-0.56856244802474976,0.0042446856386959553,0.041511844843626022,0.0048820739611983299,-0.14961327612400055,0.000341725506586954,0,-0.0025151621084660292,0.14293898642063141,0.033139593899250031,0.71908539533615112,-0.11914953589439392,-0.04873117059469223,1.2726720571517944,1.3302444219589233,0
584,-0.56544744968414307,0.0042446856386959553,0.043558452278375626,-0.0090055782347917557,-0.10727169364690781,0.000341725506586954,0,-0.0025151621084660292,-0.14418944716453552,0.033139593899250031,-0.1168799102306366,-0.030782463029026985,-0.04873117059469223,1.2726720571517944,0.32913407683372498,0
5716,-0.52063941955566406,0.0042446856386959553,0.037868637591600418,-0.0090055782347917557,-0.10727169364690781,-0.00033248963882215321,0,-0.0025151621084660292,-0.13622774183750153,-0.010590010322630405,-0.1168799102306366,-0.11298694461584091,-0.033671751618385315,1.2726720571517944,0.26466509699821472,0
13850,-0.56477320194244385,0.0042446856386959553,0.043558452278375626,-0.0090055782347917557,-0.10727169364690781,-0.00033248963882215321,0,-0.0025151621084660292,-0.14418944716453552,0.033139593899250031,-0.1168799102306366,-0.030782463029026985,-0.04873117059469223,1.2726720571517944,0.32913407683372498,0
14692,1.1554256677627563,0.0006732845795340836,0.054890736937522888,0.020746858790516853,-0.34331631660461426,0.000341725506586954,0,0.025004550814628601,0.45371586084365845,-0.010590010322630405,-0.016575023531913757,-0.0050859041512012482,-0.025970941409468651,1.2726720571517944,2.5819308757781982,2
6182,-0.57848924398422241,0.0042446856386959553,0.034544035792350769,0.0048820739611983299,-0.10727169364690781,0.000341725506586954,0,-0.0025151621084660292,-0.13622774183750153,0.033139593899250031,-0.1168799102306366,-0.11289589107036591,-0.04873117059469223,1.2726720571517944,0.24681365489959717,0
988,0.65885251760482788,0.0006732845795340836,-0.13397718966007233,0.020746858790516853,0.85230141878128052,-0.00033248963882215321,0,0.039766881614923477,-0.4243815541267395,0.033139593899250031,0.010663420893251896,0.32748869061470032,-0.02269606851041317,1.2726720571517944,2.6349179744720459,1
6030,-0.56077772378921509,-0.010247066617012024,0.043773770332336426,-0.0090055782347917557,-0.23868712782859802,0.000341725506586954,0,-0.0019423842895776033,0.43305888772010803,0.033139593899250031,-0.11317147314548492,-0.12771302461624146,0.1624581515789032,1.2726720571517944,0.88390046358108521,0
3366,-0.57920950651168823,0.0042446856386959553,0.043558452278375626,0.0048820739611983299,-0.10727169364690781,0.000341725506586954,0,-0.0025151621084660292,-0.14418944716453552,0.033139593899250031,-0.1168799102306366,-0.030691398307681084,-0.04873117059469223,1.2726720571517944,0.32935068011283875,0
16428,-0.56766366958618164,-0.010247066617012024,-0.083849973976612091,0.0048820739611983299,-0.10862700641155243,0.000341725506586954,0,-0.0028787634801119566,-0.13280276954174042,0.033139593899250031,-0.11197499930858612,-0.079059071838855743,-0.041458636522293091,1.2726720571517944,0.17247377336025238,0
19303,0.26360610127449036,0.0017517793457955122,0.057427685707807541,0.020746858790516853,-0.12824277579784393,-0.00033248963882215321,0,-0.0025151621084660292,-0.072725586593151093,0.033139593899250031,-0.011502278968691826,0.02207464911043644,-0.033671751618385315,1.2726720571517944,1.4224278926849365,0
13732,-0.56126970052719116,0.0042446856386959553,0.031760755926370621,-0.0090055782347917557,-0.10727169364690781,-0.00033248963882215321,0,-0.0025151621084660292,-0.13622774183750153,0.033139593899250031,-0.1168799102306366,-0.11298694461584091,-0.04873117059469223,1.2726720571517944,0.2465970367193222,0
20745,-0.5777239203453064,0.0042446856386959553,0.034544035792350769,0.0048820739611983299,-0.10727169364690781,-0.00033248963882215321,0,-0.0025151621084660292,-0.13622774183750153,0.033139593899250031,-0.1168799102306366,-0.11298694461584091,-0.04873117059469223,1.2726720571517944,0.24681365489959717,0
8147,-0.56405293941497803,0.0042446856386959553,0.034544035792350769,-0.0090055782347917557,-0.10727169364690781,-0.00033248963882215321,0,-0.0025151621084660292,-0.13622774183750153,0.033139593899250031,-0.1168799102306366,-0.11298694461584091,-0.04873117059469223,1.2726720571517944,0.2465970367193222,0
8417,2.1302928924560547,-0.010247066617012024,-0.18879358470439911,0.020746858790516853,-0.39598488807678223,0.000341725506586954,0,0.01375633105635643,0.1741715669631958,0.015653662383556366,0.61871922016143799,-0.020839674398303032,-0.03798077255487442,1.2726720571517944,3.5925066471099854,2
12981,1.1042523384094238,0.0017517793457955122,-0.064141243696212769,0.020746858790516853,0.16546028852462769,0.000341725506586954,0,-0.0025151621084660292,0.13242615759372711,0.033139593899250031,-0.10284706205129623,-0.079698085784912109,-0.031190656125545502,1.2726720571517944,2.4503960609436035,2
17332,-0.56513428688049316,0.0042446856386959553,0.037868637591600418,-0.0090055782347917557,-0.10727169364690781,0.000341725506586954,0,-0.0025151621084660292,-0.13622774183750153,0.033139593899250031,-0.1168799102306366,-0.11289589107036591,-0.033671751618385315,1.2726720571517944,0.26466509699821472,0
18806,-0.56544744968414307,0.0042446856386959553,0.043558452278375626,-0.0090055782347917557,-0.10727169364690781,0.000341725506586954,0,-0.0025151621084660292,-0.14418944716453552,0.033139593899250031,-0.1168799102306366,-0.030782463029026985,-0.04873117059469223,1.2726720571517944,0.32913407683372498,0
16070,-0.56307584047317505,0.0042446856386959553,0.052000518888235092,0.0048820739611983299,-0.10727169364690781,0.000341725506586954,0,-0.0025151621084660292,-0.14664949476718903,0.033139593899250031,-0.11536039412021637,0.36083677411079407,-0.04873117059469223,1.2726720571517944,0.74451392889022827,1
16028,2.0455560684204102,-0.010247066617012024,0.081250108778476715,0.020746858790516853,-0.47236841917037964,0.000341725506586954,0,-0.0019423842895776033,0.45940399169921875,0.015653662383556366,0.70742517709732056,0.041866522282361984,0.1686025857925415,1.2726720571517944,4.3289580345153809,10
6226,-0.57606804370880127,0.0042446856386959553,0.044099777936935425,0.0048820739611983299,-0.10727169364690781,-0.00033248963882215321,0,-0.0025151621084660292,-0.14418944716453552,0.033139593899250031,-0.1168799102306366,-0.030691398307681084,-0.033671751618385315,1.2726720571517944,0.34741872549057007,0
1900,1.95521080493927,-0.0051443376578390598,0.057427685707807541,0.020746858790516853,-0.36960196495056152,-0.00033248963882215321,0,0.045584503561258316,0.23152633011341095,-0.010590010322630405,-0.014542439952492714,0.39560407400131226,0.20513229072093964,1.2726720571517944,3.7836918830871582,2
15784,0.16912063956260681,0.0042446856386959553,0.057674013078212738,0.020746858790516853,-0.25466078519821167,0.000341725506586954,0,-0.0015787829179316759,0.46826621890068054,0.033139593899250031,-0.0086492961272597313,-0.016623809933662415,-0.032115384936332703,1.2726720571517944,1.7125763893127441,0
12740,0.74572789669036865,-0.010247066617012024,0.039971195161342621,0.020746858790516853,-0.16424044966697693,0.000341725506586954,0,-0.0028787634801119566,-0.13622774183750153,0.015653662383556366,-0.022249132394790649,-0.10769733786582947,-0.033671751618385315,1.2726720571517944,1.6178995370864868,1
8544,-0.57525670528411865,0.0042446856386959553,0.035085365176200867,0.0048820739611983299,-0.10727169364690781,-0.00033248963882215321,0,-0.0025151621084660292,-0.13622774183750153,0.033139593899250031,-0.1168799102306366,-0.11298694461584091,-0.033671751618385315,1.2726720571517944,0.26488170027732849,1
16693,-0.29280692338943481,0.0017517793457955122,0.037187911570072174,0.012263394892215729,-0.13711546361446381,0.000341725506586954,0,-0.0025151621084660292,0.16858451068401337,-0.010590010322630405,-0.0088072316721081734,-0.12010754644870758,-0.033671751618385315,1.2726720571517944,0.88718801736831665,1
1762,1.0695747137069702,0.0042446856386959553,0.10949729382991791,0.020746858790516853,2.0091004371643066,-0.00033248963882215321,0,-0.0025151621084660292,-0.51004654169082642,-0.010590010322630405,-0.31061166524887085,0.31052678823471069,-0.014731314033269882,1.2726720571517944,3.9475338459014893,4
8157,-0.57839816808700562,0.0042446856386959553,0.034544035792350769,0.0048820739611983299,-0.10727169364690781,0.000341725506586954,0,-0.0025151621084660292,-0.13622774183750153,0.033139593899250031,-0.1168799102306366,-0.11298694461584091,-0.04873117059469223,1.2726720571517944,0.24681365489959717,0
9066,-0.56472718715667725,0.0042446856386959553,0.034544035792350769,-0.0090055782347917557,-0.10727169364690781,0.000341725506586954,0,-0.0025151621084660292,-0.13622774183750153,0.033139593899250031,-0.1168799102306366,-0.11298694461584091,-0.04873117059469223,1.2726720571517944,0.2465970367193222,0
4131,-0.56472718715667725,0.0042446856386959553,0.034544035792350769,-0.0090055782347917557,-0.10727169364690781,0.000341725506586954,0,-0.0025151621084660292,-0.13622774183750153,0.033139593899250031,-0.1168799102306366,-0.11298694461584091,-0.04873117059469223,1.2726720571517944,0.2465970367193222,0
5231,-0.57582551240921021,0.0017517793457955122,0.058108411729335785,0.0048820739611983299,-0.11476985365152359,-0.00033248963882215321,0,-0.0025151621084660292,-0.14418944716453552,0.033139593899250031,-0.021393686532974243,0.018738603219389915,-0.033671751618385315,1.2726720571517944,0.49659502506256104,1
8861,-0.56472718715667725,0.0042446856386959553,0.034544035792350769,-0.0090055782347917557,-0.10727169364690781,0.000341725506586954,0,-0.0025151621084660292,-0.13622774183750153,0.033139593899250031,-0.1168799102306366,-0.11298694461584091,-0.04873117059469223,1.2726720571517944,0.2465970367193222,0
6627,0.56618404388427734,-0.0051443376578390598,0.046202331781387329,0.020746858790516853,-0.16143438220024109,-0.00033248963882215321,0,0.045584503561258316,0.16397926211357117,0.015653662383556366,-0.016732959076762199,-0.018465306609869003,-0.033671751618385315,1.2726720571517944,1.8952405452728271,1
20205,-0.56405293941497803,0.0042446856386959553,0.034544035792350769,-0.0090055782347917557,-0.10727169364690781,-0.00033248963882215321,0,-0.0025151621084660292,-0.13622774183750153,0.033139593899250031,-0.1168799102306366,-0.11298694461584091,-0.04873117059469223,1.2726720571517944,0.2465970367193222,1
17118,0.1701626181602478,0.0042446856386959553,0.054368551820516586,0.020746858790516853,-0.099861331284046173,0.000341725506586954,0,-0.0025151621084660292,0.17247399687767029,0.033139593899250031,-0.11332941055297852,-0.025001144036650658,-0.033671751618385315,1.2726720571517944,1.4537699222564697,1
4794,-0.56504321098327637,0.0042446856386959553,0.037868637591600418,-0.0090055782347917557,-0.10727169364690781,0.000341725506586954,0,-0.0025151621084660292,-0.13622774183750153,0.033139593899250031,-0.1168799102306366,-0.11298694461584091,-0.033671751618385315,1.2726720571517944,0.26466509699821472,0
3274,-0.56629049777984619,0.0017517793457955122,-0.34892511367797852,0.0048820739611983299,-0.067622646689414978,0.000341725506586954,0,-0.0025151621084660292,-0.14076447486877441,0.033139593899250031,-0.11098770797252655,-0.039551787078380585,-0.042436283081769943,1.2726720571517944,-0.0063060810789465904,0
2385,0.57462871074676514,-0.0051443376578390598,-0.14130160212516785,0.020746858790516853,-0.1554243266582489,0.000341725506586954,0,0.045584503561258316,-0.043945237994194031,-0.010590010322630405,-0.014523082412779331,-0.025608930736780167,0.5918547511100769,1.2726720571517944,2.1092889308929443,1
15960,-0.57839816808700562,0.0042446856386959553,0.034544035792350769,0.0048820739611983299,-0.10727169364690781,0.000341725506586954,0,-0.0025151621084660292,-0.13622774183750153,0.033139593899250031,-0.1168799102306366,-0.11298694461584091,-0.04873117059469223,1.2726720571517944,0.24681365489959717,0
1741,-0.56405293941497803,0.0042446856386959553,0.034544035792350769,-0.0090055782347917557,-0.10727169364690781,-0.00033248963882215321,0,-0.0025151621084660292,-0.13622774183750153,0.033139593899250031,-0.1168799102306366,-0.11298694461584091,-0.04873117059469223,1.2726720571517944,0.2465970367193222,0
2652,1.8487337827682495,-0.0051443376578390598,-0.50648415088653564,0.020746858790516853,-0.43605884909629822,-0.00033248963882215321,0,0.068055234849452972,0.42105817794799805,-0.010590010322630405,1.5253652334213257,1.3090188503265381,0.41687795519828796,1.2726720571517944,5.9239168167114258,3
17570,0.55266487598419189,-0.0051443376578390598,-0.50648415088653564,0.020746858790516853,-0.23493801057338715,-0.00033248963882215321,0,0.068055234849452972,0.41428735852241516,-0.010590010322630405,1.4455753564834595,0.80139607191085815,0.39885523915290833,1.2726720571517944,4.2167630195617676,2
1855,-0.57839816808700562,0.0042446856386959553,0.034544035792350769,0.0048820739611983299,-0.10727169364690781,0.000341725506586954,0,-0.0025151621084660292,-0.13622774183750153,0.033139593899250031,-0.1168799102306366,-0.11298694461584091,-0.04873117059469223,1.2726720571517944,0.24681365489959717,0
18902,-0.56472718715667725,0.0042446856386959553,0.034544035792350769,-0.0090055782347917557,-0.10727169364690781,0.000341725506586954,0,-0.0025151621084660292,-0.13622774183750153,0.033139593899250031,-0.1168799102306366,-0.11298694461584091,-0.04873117059469223,1.2726720571517944,0.2465970367193222,0
5915,2.7427859306335449,0.0031661908142268658,0.065593898296356201,0.020746858790516853,0.14136646687984467,-0.0068365330807864666,0,0.039766881614923477,0.19214810431003571,0.15425311028957367,0.30517178773880005,0.08794567734003067,-0.026070332154631615,1.2726720571517944,4.9927101135253906,7
18115,0.26110869646072388,0.0017517793457955122,-0.091100156307220459,0.020746858790516853,-0.12457685172557831,0.000341725506586954,0,-0.0025151621084660292,0.16643440723419189,0.033139593899250031,-0.10842449218034744,-0.087309516966342926,-0.041458636522293091,1.2726720571517944,1.300809383392334,0
10146,-0.56125670671463013,0.0042446856386959553,0.054783802479505539,0.0048820739611983299,-0.11649998277425766,0.000341725506586954,0,-0.0025151621084660292,-0.14418944716453552,0.015653662383556366,-0.011502278968691826,0.018829667940735817,-0.04873117059469223,1.2726720571517944,0.48671281337738037,1
18994,-0.34178748726844788,0.0042446856386959553,0.036646585911512375,0.012263394892215729,-0.10740090906620026,-0.00033248963882215321,0,-0.0025151621084660292,-0.13622774183750153,0.033139593899250031,-0.1168799102306366,-0.11289589107036591,-0.04873117059469223,1.2726720571517944,0.492195725440979,0
16833,-0.57029372453689575,0.0042446856386959553,-0.151686891913414,0.0048820739611983299,-0.10201095789670944,-0.00033248963882215321,0,-0.0025151621084660292,-0.13917088508605957,0.033139593899250031,-0.11111956089735031,-0.0355958491563797,0.17035463452339172,1.2726720571517944,0.37256753444671631,5
4058,-0.56155997514724731,0.0017517793457955122,0.034544035792350769,-0.0090055782347917557,-0.10727169364690781,-0.00033248963882215321,0,-0.0025151621084660292,-0.13622774183750153,0.033139593899250031,-0.1168799102306366,-0.11298694461584091,-0.04873117059469223,1.2726720571517944,0.2465970367193222,0
8723,-0.33040386438369751,0.0006732845795340836,0.055953420698642731,0.012263394892215729,-0.14312645792961121,-0.00033248963882215321,0,0.039766881614923477,0.14957040548324585,0.033139593899250031,0.71115970611572266,-0.025016538798809052,0.17814153432846069,1.2726720571517944,1.9544597864151001,0
17590,-0.32152101397514343,0.0042446856386959553,0.064236491918563843,0.012263394892215729,0.77838677167892456,-0.00033248963882215321,0,-0.0025151621084660292,-0.42895486950874329,0.015653662383556366,-0.10478195548057556,0.36117011308670044,0.036385148763656616,1.2726720571517944,1.6869077682495117,0
11426,-0.56194394826889038,0.0042446856386959553,0.031760755926370621,-0.0090055782347917557,-0.10727169364690781,0.000341725506586954,0,-0.0025151621084660292,-0.13622774183750153,0.033139593899250031,-0.1168799102306366,-0.11298694461584091,-0.04873117059469223,1.2726720571517944,0.2465970367193222,0
18029,-0.57803994417190552,0.0042446856386959553,0.037868637591600418,0.0048820739611983299,-0.10727169364690781,-0.00033248963882215321,0,-0.0025151621084660292,-0.13622774183750153,0.033139593899250031,-0.1168799102306366,-0.11298694461584091,-0.033671751618385315,1.2726720571517944,0.26488170027732849,0
13612,-0.57343798875808716,-0.010247066617012024,0.035085365176200867,0.0048820739611983299,-0.10727169364690781,0.000341725506586954,0,-0.0028787634801119566,-0.13622774183750153,0.033139593899250031,-0.1168799102306366,-0.11298694461584091,-0.033671751618385315,1.2726720571517944,0.25251922011375427,1
3053,-0.57943445444107056,0.0042446856386959553,0.058108411729335785,0.0048820739611983299,-0.10727169364690781,0.000341725506586954,0,-0.0025151621084660292,-0.14418944716453552,0.033139593899250031,-0.11602447926998138,0.018461892381310463,-0.033671751618385315,1.2726720571517944,0.40874385833740234,0
4266,-0.56459397077560425,0.0031661908142268658,-0.28043538331985474,0.0048820739611983299,-0.10610198974609375,-0.00033248963882215321,0,0.039766881614923477,-0.13961613178253174,0.033139593899250031,-0.11842593550682068,0.18121054768562317,-0.042436283081769943,1.2726720571517944,0.28289523720741272,0
14737,0.17264451086521149,0.0017517793457955122,0.039971195161342621,0.020746858790516853,-0.12981028854846954,-0.00033248963882215321,0,-0.0025151621084660292,0.16300943493843079,0.033139593899250031,-0.018698632717132568,-0.12096066772937775,-0.033671751618385315,1.2726720571517944,1.3979451656341553,0
3940,0.71760934591293335,0.0042446856386959553,0.048985611647367477,-0.038270097225904465,-0.18645688891410828,0.000341725506586954,0,-0.0025151621084660292,0.17247399687767029,0.015653662383556366,-0.0088072316721081734,-0.015100330114364624,-0.033671751618385315,1.2726720571517944,1.9471577405929565,1
9793,-0.53408545255661011,0.0042446856386959553,0.034544035792350769,0.0048820739611983299,-0.10727169364690781,-0.00033248963882215321,0,-0.0025151621084660292,-0.13622774183750153,-0.010590010322630405,-0.1168799102306366,-0.11289589107036591,-0.04873117059469223,1.2726720571517944,0.24681365489959717,0
9564,-0.56472718715667725,0.0042446856386959553,0.034544035792350769,-0.0090055782347917557,-0.10727169364690781,0.000341725506586954,0,-0.0025151621084660292,-0.13622774183750153,0.033139593899250031,-0.1168799102306366,-0.11298694461584091,-0.04873117059469223,1.2726720571517944,0.2465970367193222,0
16930,0.71341502666473389,-0.010247066617012024,-0.090186484158039093,-0.038270097225904465,-0.29612937569618225,-0.00033248963882215321,0,0.0061308387666940689,0.40700507164001465,0.015653662383556366,-0.10826656222343445,-0.088772282004356384,-0.040511168539524078,1.2726720571517944,1.7421599626541138,0
4559,-0.57561492919921875,0.0042446856386959553,0.031760755926370621,0.0048820739611983299,-0.10727169364690781,0.000341725506586954,0,-0.0025151621084660292,-0.13622774183750153,0.033139593899250031,-0.1168799102306366,-0.11298694461584091,-0.04873117059469223,1.2726720571517944,0.24681365489959717,0
18972,-0.29730594158172607,-0.010247066617012024,0.039971195161342621,0.012263394892215729,-0.13711546361446381,0.000341725506586954,0,-0.0028787634801119566,0.17030028998851776,-0.010590010322630405,-0.0088072316721081734,-0.12010754644870758,-0.033671751618385315,1.2726720571517944,0.87482565641403198,2
7026,-0.56553852558135986,0.0042446856386959553,0.043558452278375626,-0.0090055782347917557,-0.10727169364690781,0.000341725506586954,0,-0.0025151621084660292,-0.14418944716453552,0.033139593899250031,-0.1168799102306366,-0.030691398307681084,-0.04873117059469223,1.2726720571517944,0.32913407683372498,0
17931,0.5719459056854248,0.0017517793457955122,0.066116087138652802,0.020746858790516853,-0.24727220833301544,-0.00033248963882215321,0,-0.0021764927078038454,0.38450396060943604,0.015653662383556366,0.34700629115104675,0.039135660976171494,0.1624581515789032,1.2726720571517944,2.6322085857391357,2
11734,-0.57839816808700562,0.0042446856386959553,0.034544035792350769,0.0048820739611983299,-0.10727169364690781,0.000341725506586954,0,-0.0025151621084660292,-0.13622774183750153,0.033139593899250031,-0.1168799102306366,-0.11298694461584091,-0.04873117059469223,1.2726720571517944,0.24681365489959717,0
19104,-0.51858174800872803,-0.010247066617012024,0.055124353617429733,0.0048820739611983299,-0.11080487817525864,-0.00033248963882215321,0,-0.0028787634801119566,-0.16711758077144623,0.033139593899250031,-0.018484141677618027,13.832541465759277,-0.026749555021524429,1.2726720571517944,14.343171119689941,1
144,-0.34648716449737549,-0.010247066617012024,-0.17631144821643829,0.012263394892215729,-0.13121426105499268,0.000341725506586954,0,-0.0028787634801119566,-0.036351583898067474,0.033139593899250031,0.91808211803436279,-0.033951692283153534,0.5918547511100769,1.2726720571517944,2.0909092426300049,2
10753,-0.34908178448677063,0.0017517793457955122,0.060210965573787689,-0.02262132428586483,-0.13711546361446381,0.000341725506586954,0,-0.0025151621084660292,0.17418977618217468,0.033139593899250031,-0.007951781153678894,0.023192478343844414,-0.033671751618385315,1.2726720571517944,1.0125402212142944,1
13078,-0.57936036586761475,0.0031661908142268658,0.058108411729335785,0.0048820739611983299,-0.1179758608341217,-0.00033248963882215321,0,0.039766881614923477,-0.071577213704586029,0.033139593899250031,-0.12395019829273224,0.018539216369390488,-0.033671751618385315,1.2726720571517944,0.50340723991394043,2
14042,-0.52856743335723877,0.0017517793457955122,0.035085365176200867,0.0048820739611983299,-0.11649998277425766,-0.00033248963882215321,0,-0.0025151621084660292,-0.13622774183750153,-0.010590010322630405,-0.012357729487121105,-0.11271023005247116,-0.033671751618385315,1.2726720571517944,0.36091884970664978,0
16340,0.26101329922676086,0.0017517793457955122,-0.069524183869361877,0.020746858790516853,-0.1096656396985054,0.000341725506586954,0,-0.0025151621084660292,-0.13622774183750153,0.033139593899250031,-0.11197499930858612,-0.079821132123470306,-0.041458636522293091,1.2726720571517944,1.0384764671325684,0
175,2.7513720989227295,0.0017517793457955122,0.04535413533449173,0.020746858790516853,-0.35782185196876526,-0.0068365330807864666,0,-0.0025151621084660292,0.21341115236282349,0.15425311028957367,-0.015519391745328903,-0.11313939094543457,-0.032273955643177032,1.2726720571517944,3.9314544200897217,0
18069,-0.34734082221984863,0.0017517793457955122,0.056886356323957443,-0.02262132428586483,-0.10740090906620026,-0.00033248963882215321,0,-0.0025151621084660292,-0.14418944716453552,0.033139593899250031,-0.11602447926998138,0.018552957102656364,-0.04873117059469223,1.2726720571517944,0.59384745359420776,0
18133,-0.17973925173282623,0.0042446856386959553,0.045661002397537231,0.020746858790516853,-0.10740090906620026,-0.00033248963882215321,0,-0.0025151621084660292,-0.14418944716453552,0.033139593899250031,-0.1168799102306366,-0.030691398307681084,-0.04873117059469223,1.2726720571517944,0.74598491191864014,0
3546,-0.57920950651168823,0.0042446856386959553,0.043558452278375626,0.0048820739611983299,-0.10727169364690781,0.000341725506586954,0,-0.0025151621084660292,-0.14418944716453552,0.033139593899250031,-0.1168799102306366,-0.030691398307681084,-0.04873117059469223,1.2726720571517944,0.32935068011283875,0
20007,0.51062750816345215,-0.0051443376578390598,-0.50648415088653564,0.020746858790516853,-0.32665970921516418,-0.00033248963882215321,0,0.068055234849452972,0.85213011503219604,-0.010590010322630405,1.5668022632598877,1.8037954568862915,0.39885523915290833,1.2726720571517944,5.644472599029541,4
313,-0.56541842222213745,0.0042446856386959553,0.034544035792350769,-0.0090055782347917557,-0.1179758608341217,0.000341725506586954,0,-0.0025151621084660292,-0.064763881266117096,0.033139593899250031,-0.1168799102306366,-0.11289589107036591,-0.04873117059469223,1.2726720571517944,0.30675661563873291,1
3252,-0.5762673020362854,0.0017517793457955122,0.046883057802915573,0.0048820739611983299,-0.10727169364690781,-0.00033248963882215321,0,-0.0025151621084660292,-0.14418944716453552,0.033139593899250031,-0.1168799102306366,-0.030782463029026985,-0.033671751618385315,1.2726720571517944,0.34741872549057007,0
2444,-0.56513428688049316,0.0042446856386959553,0.037868637591600418,-0.0090055782347917557,-0.10727169364690781,0.000341725506586954,0,-0.0025151621084660292,-0.13622774183750153,0.033139593899250031,-0.1168799102306366,-0.11289589107036591,-0.033671751618385315,1.2726720571517944,0.26466509699821472,0
16613,-0.56727689504623413,-0.010247066617012024,-0.14056095480918884,0.0048820739611983299,-0.10862700641155243,0.000341725506586954,0,0.01375633105635643,-0.14027583599090576,0.033139593899250031,-0.11083977669477463,0.015991123393177986,-0.042067535221576691,1.2726720571517944,0.22088800370693207,0
800,-0.57781499624252319,0.0042446856386959553,0.034544035792350769,0.0048820739611983299,-0.10727169364690781,-0.00033248963882215321,0,-0.0025151621084660292,-0.13622774183750153,0.033139593899250031,-0.1168799102306366,-0.11289589107036591,-0.04873117059469223,1.2726720571517944,0.24681365489959717,0
14786,0.25357711315155029,-0.010247066617012024,-0.091100156307220459,0.020746858790516853,-0.1203698068857193,0.000341725506586954,0,-0.0028787634801119566,-0.061338938772678375,0.033139593899250031,-0.11197499930858612,-0.081752747297286987,-0.041458636522293091,1.2726720571517944,1.0593551397323608,4
2436,-0.57911843061447144,0.0042446856386959553,0.043558452278375626,0.0048820739611983299,-0.10727169364690781,0.000341725506586954,0,-0.0025151621084660292,-0.14418944716453552,0.033139593899250031,-0.1168799102306366,-0.030782463029026985,-0.04873117059469223,1.2726720571517944,0.32935068011283875,1
10174,0.3177679181098938,-0.010247066617012024,0.043614398688077927,0.020746858790516853,-0.14100880920886993,-0.00033248963882215321,0,-0.0028787634801119566,0.093554101884365082,-0.010590010322630405,0.75163829326629639,-0.11452937126159668,-0.04873117059469223,1.2726720571517944,2.1716740131378174,5
6911,-0.56436896324157715,0.0042446856386959553,0.037868637591600418,-0.0090055782347917557,-0.10241643339395523,-0.00033248963882215321,0,-0.0025151621084660292,-0.13622774183750153,0.033139593899250031,-0.1168799102306366,-0.11298694461584091,0.086061067879199982,1.2726720571517944,0.38925281167030334,0
20026,-0.57871419191360474,0.0042446856386959553,0.037868637591600418,0.0048820739611983299,-0.10928237438201904,0.000341725506586954,0,-0.0025151621084660292,-0.13421705365180969,0.033139593899250031,-0.1168799102306366,-0.11298694461584091,-0.033671751618385315,1.2726720571517944,0.26488170027732849,0
7375,2.1926319599151611,0.0042446856386959553,0.063695169985294342,0.020746858790516853,0.87291157245635986,0.000341725506586954,0,-0.0025151621084660292,0.16288895905017853,0.033139593899250031,-0.10122454166412354,0.035703770816326141,-0.041371144354343414,1.2726720571517944,4.5138664245605469,3
18820,-0.34108147025108337,0.0017517793457955122,0.060210965573787689,0.012263394892215729,-0.130499467253685,-0.00033248963882215321,0,-0.0025151621084660292,0.19869275391101837,0.033139593899250031,-0.007951781153678894,0.031626410782337189,0.17814153432846069,1.2726720571517944,1.3061178922653198,1
6362,-0.56223422288894653,0.0017517793457955122,0.034544035792350769,-0.0090055782347917557,-0.10727169364690781,0.000341725506586954,0,-0.0025151621084660292,-0.13622774183750153,0.033139593899250031,-0.1168799102306366,-0.11298694461584091,-0.04873117059469223,1.2726720571517944,0.2465970367193222,0
19709,0.72497022151947021,0.0042446856386959553,0.065593898296356201,0.020746858790516853,0.15870261192321777,0.000341725506586954,0,-0.0025151621084660292,0.069602750241756439,0.033139593899250031,-0.1068965345621109,0.034200619906187057,-0.02340376190841198,1.2726720571517944,2.2513980865478516,13
2574,0.26375409960746765,-0.010247066617012024,0.033863313496112823,0.020746858790516853,-0.13802488148212433,0.000341725506586954,0,-0.0028787634801119566,0.17030028998851776,0.033139593899250031,-0.0088072316721081734,-0.12096066772937775,-0.04873117059469223,1.2726720571517944,1.4651670455932617,1
9024,-0.56436896324157715,0.0042446856386959553,0.037868637591600418,-0.0090055782347917557,-0.10727169364690781,-0.00033248963882215321,0,-0.0025151621084660292,-0.13622774183750153,0.033139593899250031,-0.1168799102306366,-0.11298694461584091,-0.033671751618385315,1.2726720571517944,0.26466509699821472,1
9369,-0.59161120653152466,0.0042446856386959553,0.057592835277318954,0.0048820739611983299,-0.099940568208694458,-0.00033248963882215321,0,-0.0025151621084660292,-0.14259585738182068,0.033139593899250031,-0.11602447926998138,0.022667111828923225,0.59964162111282349,1.2726720571517944,1.0418199300765991,0
19120,1.1595187187194824,-0.010247066617012024,0.046939004212617874,0.020746858790516853,-0.2383977472782135,0.000341725506586954,0,-0.0028787634801119566,0.14122322201728821,-0.010590010322630405,0.71908539533615112,-0.11272455751895905,-0.027527309954166412,1.2726720571517944,2.9581599235534668,7
14897,-0.57839816808700562,0.0042446856386959553,0.034544035792350769,0.0048820739611983299,-0.10727169364690781,0.000341725506586954,0,-0.0025151621084660292,-0.13622774183750153,0.033139593899250031,-0.1168799102306366,-0.11298694461584091,-0.04873117059469223,1.2726720571517944,0.24681365489959717,0
14385,1.1092978715896606,0.0042446856386959553,0.065600506961345673,-0.038270097225904465,-0.29543218016624451,-0.00033248963882215321,0,-0.0021764927078038454,0.39569884538650513,-0.010590010322630405,-0.007847985252737999,0.048286344856023788,0.59010273218154907,1.2726720571517944,3.1312506198883057,5
12992,0.26556476950645447,0.0042446856386959553,0.036646585911512375,-0.038270097225904465,-0.12879662215709686,0.000341725506586954,0,-0.0025151621084660292,0.16858451068401337,-0.010590010322630405,-0.11332941055297852,-0.12316899001598358,-0.04873117059469223,1.2726720571517944,1.2826516628265381,1
20499,-0.57848924398422241,0.0042446856386959553,0.034544035792350769,0.0048820739611983299,-0.10727169364690781,0.000341725506586954,0,-0.0025151621084660292,-0.13622774183750153,0.033139593899250031,-0.1168799102306366,-0.11289589107036591,-0.04873117059469223,1.2726720571517944,0.24681365489959717,1
12402,-0.28490927815437317,-0.0051443376578390598,0.096845872700214386,0.012263394892215729,-0.23168645799160004,0.000341725506586954,0,0.075579240918159485,0.42389437556266785,0.015653662383556366,1.7591415643692017,0.45748314261436462,0.087617434561252594,1.2726720571517944,3.679753303527832,2
2844,-0.56472718715667725,0.0042446856386959553,0.034544035792350769,-0.0090055782347917557,-0.10727169364690781,0.000341725506586954,0,-0.0025151621084660292,-0.13622774183750153,0.033139593899250031,-0.1168799102306366,-0.11298694461584091,-0.04873117059469223,1.2726720571517944,0.2465970367193222,1
18805,0.27935835719108582,-0.010247066617012024,0.039971195161342621,0.020746858790516853,-0.11753861606121063,0.000341725506586954,0,-0.0028787634801119566,-0.13622774183750153,0.015653662383556366,-0.012357729487121105,-0.11347229778766632,-0.033671751618385315,1.2726720571517944,1.2023484706878662,1
7667,-0.57813102006912231,0.0042446856386959553,0.037868637591600418,0.0048820739611983299,-0.10727169364690781,-0.00033248963882215321,0,-0.0025151621084660292,-0.13622774183750153,0.033139593899250031,-0.1168799102306366,-0.11289589107036591,-0.033671751618385315,1.2726720571517944,0.26488170027732849,0
5862,-0.56405293941497803,0.0042446856386959553,0.034544035792350769,-0.0090055782347917557,-0.10727169364690781,-0.00033248963882215321,0,-0.0025151621084660292,-0.13622774183750153,0.033139593899250031,-0.1168799102306366,-0.11298694461584091,-0.04873117059469223,1.2726720571517944,0.2465970367193222,0
774,-0.52681052684783936,0.0042446856386959553,-0.094062216579914093,0.0048820739611983299,-0.20809771120548248,-0.00033248963882215321,0,-0.0021764927078038454,0.34251099824905396,-0.010590010322630405,-0.0037985106464475393,-0.092151008546352386,0.30013653635978699,1.2726720571517944,0.9864269495010376,2
17348,-0.57839816808700562,0.0042446856386959553,0.034544035792350769,0.0048820739611983299,-0.10727169364690781,0.000341725506586954,0,-0.0025151621084660292,-0.13622774183750153,0.033139593899250031,-0.1168799102306366,-0.11298694461584091,-0.04873117059469223,1.2726720571517944,0.24681365489959717,1
17262,-0.57911843061447144,0.0042446856386959553,0.043558452278375626,0.0048820739611983299,-0.10727169364690781,0.000341725506586954,0,-0.0025151621084660292,-0.14418944716453552,0.033139593899250031,-0.1168799102306366,-0.030782463029026985,-0.04873117059469223,1.2726720571517944,0.32935068011283875,0
18628,-0.56126970052719116,0.0042446856386959553,0.031760755926370621,-0.0090055782347917557,-0.10727169364690781,-0.00033248963882215321,0,-0.0025151621084660292,-0.13622774183750153,0.033139593899250031,-0.1168799102306366,-0.11298694461584091,-0.04873117059469223,1.2726720571517944,0.2465970367193222,0
1697,0.26367801427841187,0.0042446856386959553,0.048144020140171051,0.020746858790516853,-0.24823898077011108,-0.00033248963882215321,0,-0.0015787829179316759,0.43305888772010803,0.015653662383556366,-0.0086492961272597313,-0.1239931583404541,0.58395826816558838,1.2726720571517944,2.2593612670898438,3
4790,2.1574225425720215,0.0042446856386959553,0.039971195161342621,0.020746858790516853,-0.37834957242012024,0.000341725506586954,0,-0.0025151621084660292,0.21168331801891327,0.015653662383556366,-0.11015015840530396,-0.12098716199398041,-0.030193880200386047,1.2726720571517944,3.0805380344390869,1
1706,-0.34060296416282654,-0.010247066617012024,-0.069524183869361877,0.012263394892215729,-0.11959943920373917,-0.00033248963882215321,0,-0.0028787634801119566,-0.034628894180059433,0.033139593899250031,-0.11197499930858612,-0.08175070583820343,-0.041458636522293091,1.2726720571517944,0.50507760047912598,3
15231,-0.57871419191360474,0.0042446856386959553,0.037868637591600418,0.0048820739611983299,-0.10727169364690781,0.000341725506586954,0,-0.0025151621084660292,-0.13622774183750153,0.033139593899250031,-0.1168799102306366,-0.11298694461584091,-0.033671751618385315,1.2726720571517944,0.26488170027732849,0
17960,-0.51075839996337891,-0.010247066617012024,-0.24400447309017181,-0.0090055782347917557,-0.092313997447490692,0.000341725506586954,0,-0.0028787634801119566,-0.14076447486877441,-0.010590010322630405,-0.11077999323606491,-0.035676497966051102,-0.042436283081769943,1.2726720571517944,0.063558712601661682,1
12394,0.56622684001922607,0.0042446856386959553,-0.16368253529071808,0.020746858790516853,-0.26524296402931213,0.000341725506586954,0,-0.0043760989792644978,0.39788416028022766,0.015653662383556366,1.9518136978149414,0.021869657561182976,0.15467125177383423,1.2726720571517944,3.9728224277496338,1
1572,-0.57871419191360474,0.0042446856386959553,0.037868637591600418,0.0048820739611983299,-0.10727169364690781,0.000341725506586954,0,-0.0025151621084660292,-0.13622774183750153,0.033139593899250031,-0.1168799102306366,-0.11298694461584091,-0.033671751618385315,1.2726720571517944,0.26488170027732849,0
17422,-0.55945098400115967,-0.010247066617012024,0.031760755926370621,-0.0090055782347917557,-0.10727169364690781,0.000341725506586954,0,-0.0028787634801119566,-0.13622774183750153,0.033139593899250031,-0.1168799102306366,-0.11298694461584091,-0.04873117059469223,1.2726720571517944,0.23423461616039276,0
6584,0.17043028771877289,-0.010247066617012024,0.039971195161342621,0.020746858790516853,-0.11824412643909454,0.000341725506586954,0,-0.0028787634801119566,-0.034628894180059433,0.033139593899250031,-0.1168799102306366,-0.11653169989585876,-0.033671751618385315,1.2726720571517944,1.1042177677154541,0
6558,2.1851961612701416,0.0017517793457955122,-0.13106781244277954,0.020746858790516853,0.67786413431167603,0.000341725506586954,0,0.014119932428002357,-0.10985842347145081,-0.010590010322630405,-0.0045752497389912605,0.2595803439617157,0.50711244344711304,1.2726720571517944,4.6832928657531738,0
13502,0.27901244163513184,0.0017517793457955122,-0.12085220962762833,0.020746858790516853,0.27950137853622437,-0.00033248963882215321,0,0.014119932428002357,-0.26187488436698914,0.015653662383556366,0.00075494759948924184,-0.033991683274507523,-0.037943989038467407,1.2726720571517944,1.4292168617248535,0
19656,-0.56405293941497803,0.0042446856386959553,0.034544035792350769,-0.0090055782347917557,-0.10727169364690781,-0.00033248963882215321,0,-0.0025151621084660292,-0.13622774183750153,0.033139593899250031,-0.1168799102306366,-0.11298694461584091,-0.04873117059469223,1.2726720571517944,0.2465970367193222,0
2914,-0.56472718715667725,0.0042446856386959553,0.034544035792350769,-0.0090055782347917557,-0.10727169364690781,0.000341725506586954,0,-0.0025151621084660292,-0.13622774183750153,0.033139593899250031,-0.1168799102306366,-0.11298694461584091,-0.04873117059469223,1.2726720571517944,0.2465970367193222,0
17844,-0.56472718715667725,0.0042446856386959553,0.034544035792350769,-0.0090055782347917557,-0.10727169364690781,0.000341725506586954,0,-0.0025151621084660292,-0.13622774183750153,0.033139593899250031,-0.1168799102306366,-0.11298694461584091,-0.04873117059469223,1.2726720571517944,0.2465970367193222,0
13444,-0.56186985969543457,0.0042446856386959553,0.031760755926370621,-0.0090055782347917557,-0.1179758608341217,-0.00033248963882215321,0,-0.0025151621084660292,-0.064763881266117096,0.033139593899250031,-0.1168799102306366,-0.11298694461584091,-0.04873117059469223,1.2726720571517944,0.30675661563873291,0
3644,-0.33867058157920837,0.0017517793457955122,0.039971195161342621,0.012263394892215729,-0.11912623792886734,-0.00033248963882215321,0,0.014119932428002357,0.016943139955401421,0.033139593899250031,-0.022249132394790649,-0.11540186405181885,0.17814153432846069,1.2726720571517944,0.97322285175323486,0
1019,4.1380658149719238,-0.013016058132052422,-0.52601367235183716,0.020746858790516853,-0.32247841358184814,-0.0068365330807864666,0,0.090341567993164062,0.17866787314414978,0.35160243511199951,1.8333226442337036,0.06594066321849823,0.68710494041442871,1.2726720571517944,7.7701263427734375,1
10142,-0.56194394826889038,0.0042446856386959553,0.031760755926370621,-0.0090055782347917557,-0.10727169364690781,0.000341725506586954,0,-0.0025151621084660292,-0.13622774183750153,0.033139593899250031,-0.1168799102306366,-0.11298694461584091,-0.04873117059469223,1.2726720571517944,0.2465970367193222,0
13390,0.66043180227279663,-0.0051443376578390598,-0.21036960184574127,0.020746858790516853,-0.20043924450874329,-0.00033248963882215321,0,0.045584503561258316,0.14722596108913422,-0.010590010322630405,0.65289497375488281,0.32897022366523743,-0.035314202308654785,1.2726720571517944,2.6663355827331543,2
18634,4.5561027526855469,-0.018118787556886673,0.08141009509563446,0.020746858790516853,2.7730827331542969,0.007026436273008585,0,-0.0019423842895776033,1.686110258102417,-0.2413008064031601,0.019754495471715927,0.038527723401784897,0.10812860727310181,1.2726720571517944,10.302203178405762,9
2383,-0.56223422288894653,-0.010247066617012024,0.034544035792350769,-0.0090055782347917557,-0.10727169364690781,0.000341725506586954,0,-0.0028787634801119566,-0.13622774183750153,0.033139593899250031,-0.1168799102306366,-0.11298694461584091,-0.04873117059469223,1.2726720571517944,0.23423461616039276,1
16033,-0.51334595680236816,0.0042446856386959553,-0.054573029279708862,-0.0090055782347917557,-0.12911331653594971,0.000341725506586954,0,-0.0025151621084660292,0.17372526228427887,-0.010590010322630405,-0.10842449218034744,-0.086456403136253357,-0.042067535221576691,1.2726720571517944,0.49489304423332214,0
8702,-0.56553852558135986,0.0042446856386959553,0.043558452278375626,-0.0090055782347917557,-0.10727169364690781,0.000341725506586954,0,-0.0025151621084660292,-0.14418944716453552,0.033139593899250031,-0.1168799102306366,-0.030691398307681084,-0.04873117059469223,1.2726720571517944,0.32913407683372498,0
7400,-0.5777239203453064,0.0042446856386959553,0.034544035792350769,0.0048820739611983299,-0.10727169364690781,-0.00033248963882215321,0,-0.0025151621084660292,-0.13622774183750153,0.033139593899250031,-0.1168799102306366,-0.11298694461584091,-0.04873117059469223,1.2726720571517944,0.24681365489959717,0
13835,-0.56472718715667725,0.0042446856386959553,0.034544035792350769,-0.0090055782347917557,-0.10727169364690781,0.000341725506586954,0,-0.0025151621084660292,-0.13622774183750153,0.033139593899250031,-0.1168799102306366,-0.11298694461584091,-0.04873117059469223,1.2726720571517944,0.2465970367193222,0
13263,-0.57622122764587402,-0.010247066617012024,0.037868637591600418,0.0048820739611983299,-0.10727169364690781,0.000341725506586954,0,-0.0028787634801119566,-0.13622774183750153,0.033139593899250031,-0.1168799102306366,-0.11298694461584091,-0.033671751618385315,1.2726720571517944,0.25251922011375427,0
17167,-0.51891177892684937,0.0017517793457955122,0.037868637591600418,-0.0090055782347917557,-0.10727169364690781,0.000341725506586954,0,-0.0025151621084660292,-0.13622774183750153,-0.010590010322630405,-0.1168799102306366,-0.11289589107036591,-0.033671751618385315,1.2726720571517944,0.26466509699821472,0
14410,-0.56436896324157715,0.0042446856386959553,0.037868637591600418,-0.0090055782347917557,-0.10241643339395523,-0.00033248963882215321,0,-0.0025151621084660292,-0.13622774183750153,0.033139593899250031,-0.1168799102306366,-0.11298694461584091,0.086061067879199982,1.2726720571517944,0.38925281167030334,0
18924,-0.57853525876998901,0.0042446856386959553,0.043558452278375626,0.0048820739611983299,-0.10727169364690781,-0.00033248963882215321,0,-0.0025151621084660292,-0.14418944716453552,0.033139593899250031,-0.1168799102306366,-0.030691398307681084,-0.04873117059469223,1.2726720571517944,0.32935068011283875,0
19577,-0.53570479154586792,0.0042446856386959553,0.058108411729335785,0.0048820739611983299,-0.10241643339395523,0.000341725506586954,0,-0.0025151621084660292,-0.14418944716453552,-0.010590010322630405,-0.11602447926998138,0.018461892381310463,0.086061067879199982,1.2726720571517944,0.53333187103271484,0
314,-0.15947003662586212,0.0042446856386959553,0.054103076457977295,0.020746858790516853,-0.10740090906620026,-0.00033248963882215321,0,-0.0025151621084660292,-0.14418944716453552,0.015653662383556366,-0.11602447926998138,0.018552957102656364,-0.04873117059469223,1.2726720571517944,0.80731004476547241,0
3342,-0.57504898309707642,-0.010247066617012024,0.037868637591600418,0.0048820739611983299,-0.11811491101980209,-0.00033248963882215321,0,-0.0028787634801119566,0.084812082350254059,0.033139593899250031,-0.1168799102306366,-0.11500202864408493,-0.033671751618385315,1.2726720571517944,0.46119880676269531,0
2705,-0.29663172364234924,-0.010247066617012024,0.039971195161342621,0.012263394892215729,-0.13711546361446381,-0.00033248963882215321,0,-0.0028787634801119566,0.17030028998851776,-0.010590010322630405,-0.0088072316721081734,-0.12010754644870758,-0.033671751618385315,1.2726720571517944,0.87482565641403198,5
7305,0.29363727569580078,0.0017517793457955122,-0.084291346371173859,0.020746858790516853,0.91089928150177002,-0.00033248963882215321,0,-0.0025151621084660292,0.12656334042549133,-0.010590010322630405,-0.0032152726780623198,-0.086699478328227997,-0.028840506449341774,1.2726720571517944,2.4097840785980225,0
19042,1.1285567283630371,0.0017517793457955122,0.065593898296356201,0.020746858790516853,-0.1904396116733551,-0.00033248963882215321,0,-0.0025151621084660292,0.16689892113208771,0.015653662383556366,-0.017843183130025864,0.035980489104986191,-0.027527309954166412,1.2726720571517944,2.4691939353942871,7
10455,-0.56494945287704468,0.0042446856386959553,0.043558452278375626,-0.0090055782347917557,-0.11811491101980209,0.000341725506586954,0,-0.0025151621084660292,0.076850377023220062,0.033139593899250031,-0.1168799102306366,-0.032797545194625854,-0.04873117059469223,1.2726720571517944,0.53781378269195557,3
18962,-0.55428457260131836,-0.010247066617012024,-0.042459681630134583,-0.0090055782347917557,-0.24665851891040802,0.000341725506586954,0,-0.0019423842895776033,0.4487050473690033,0.033139593899250031,-0.10826656222343445,-0.093785159289836884,-0.040511168539524078,1.2726720571517944,0.64769846200942993,0
2084,-0.51913952827453613,0.0017517793457955122,0.043232433497905731,-0.0090055782347917557,-0.25453156232833862,0.000341725506586954,0,-0.0015787829179316759,0.4487050473690033,-0.010590010322630405,-0.0086492961272597313,-0.1273452490568161,-0.047174803912639618,1.2726720571517944,0.7886887788772583,3
8277,4.5400137901306152,-0.018118787556886673,-1.2367368936538696,0.020746858790516853,3.8473708629608154,-0.0068365330807864666,0,-0.0024085133336484432,-0.55702036619186401,-0.2413008064031601,1.9435641765594482,0.71469920873641968,0.40485855937004089,1.2726720571517944,10.681510925292969,15
3936,0.31565389037132263,0.0017517793457955122,0.067178770899772644,0.020746858790516853,-0.14403586089611053,0.000341725506586954,0,0.014119932428002357,0.14719493687152863,-0.010590010322630405,0.7164350152015686,0.023889539763331413,0.17814153432846069,1.2726720571517944,2.6034979820251465,4
1176,4.6785659790039062,-0.0061199418269097805,0.10692968964576721,0.020746858790516853,-0.10951744765043259,0.007026436273008585,0,0.011322616599500179,0.16021829843521118,0.77182888984680176,1.5369837284088135,0.021988680586218834,0.16752795875072479,1.2726720571517944,8.6401805877685547,8
825,-0.5607762336730957,0.0042446856386959553,0.046883057802915573,0.0048820739611983299,-0.12775799632072449,-0.00033248963882215321,0,-0.0025151621084660292,0.17247399687767029,0.015653662383556366,-0.11332941055297852,-0.026419652625918388,-0.033671751618385315,1.2726720571517944,0.65200746059417725,0
6058,0.22461852431297302,0.0042446856386959553,0.033863313496112823,-0.038270097225904465,-0.12322153896093369,0.000341725506586954,0,-0.0025151621084660292,0.16300943493843079,0.033139593899250031,-0.11332941055297852,-0.12316899001598358,-0.04873117059469223,1.2726720571517944,1.2826516628265381,1
6480,0.25015315413475037,0.0042446856386959553,0.06701977550983429,0.020746858790516853,0.99023658037185669,-0.00033248963882215321,0,-0.0025151621084660292,0.06125982478260994,0.033139593899250031,0.016850419342517853,0.076197944581508636,-0.02105361595749855,1.2726720571517944,2.7686183452606201,3
456,0.22767984867095947,0.0042446856386959553,0.045661002397537231,-0.038270097225904465,-0.12879662215709686,0.000341725506586954,0,-0.0025151621084660292,0.17418977618217468,0.033139593899250031,-0.11332941055297852,-0.025334475561976433,-0.04873117059469223,1.2726720571517944,1.4009503126144409,0
7830,1.0882083177566528,-0.010247066617012024,0.081250108778476715,0.020746858790516853,-0.32843196392059326,0.000341725506586954,0,-0.0019423842895776033,0.43844479322433472,0.015653662383556366,0.58799254894256592,0.32255542278289795,-0.025970941409468651,1.2726720571517944,3.4612734317779541,7
17648,-0.56943786144256592,0.0042446856386959553,-0.051148086786270142,0.0048820739611983299,-0.10862700641155243,0.000341725506586954,0,-0.0025151621084660292,-0.13622774183750153,0.033139593899250031,-0.11197499930858612,-0.079059071838855743,-0.042067535221576691,1.2726720571517944,0.21422304213047028,1
90,3.9406774044036865,-0.018118787556886673,-0.29017120599746704,0.020746858790516853,-0.48835930228233337,-0.0068365330807864666,0,-0.0047397003509104252,0.42879852652549744,0.35160243511199951,1.4827615022659302,0.1476740688085556,-0.024191346019506454,1.2726720571517944,6.8125195503234863,8
7340,-0.3056374192237854,0.0042446856386959553,0.056886356323957443,-0.02262132428586483,-0.11662919819355011,-0.00033248963882215321,0,-0.0025151621084660292,-0.14418944716453552,-0.010590010322630405,-0.01122250035405159,0.034856975078582764,-0.04873117059469223,1.2726720571517944,0.70619183778762817,0
19008,2.1756186485290527,0.0017517793457955122,0.065593898296356201,0.020746858790516853,0.15641322731971741,-0.00033248963882215321,0,-0.0025151621084660292,0.19322910904884338,0.033139593899250031,-0.10194242000579834,0.035913616418838501,-0.026070332154631615,1.2726720571517944,3.8242168426513672,8
15287,-0.53349602222442627,0.0017517793457955122,0.054783802479505539,0.0048820739611983299,-0.1179758608341217,0.000341725506586954,0,-0.0025151621084660292,-0.072725586593151093,-0.010590010322630405,-0.11602447926998138,0.018461892381310463,-0.04873117059469223,1.2726720571517944,0.45083537697792053,0
13009,-0.21218773722648621,0.0042446856386959553,0.060210965573787689,-0.038270097225904465,-0.10740090906620026,0.000341725506586954,0,-0.0025151621084660292,-0.14418944716453552,0.033139593899250031,-0.11602447926998138,0.018552957102656364,-0.033671751618385315,1.2726720571517944,0.73490273952484131,2
19419,-0.56225728988647461,0.0042446856386959553,0.040775168687105179,-0.0090055782347917557,-0.12218290567398071,0.000341725506586954,0,-0.0025151621084660292,0.16689892113208771,0.033139593899250031,-0.11332941055297852,-0.026328587904572487,-0.04873117059469223,1.2726720571517944,0.63372278213500977,0
13894,-0.575916588306427,-0.010247066617012024,0.058108411729335785,0.0048820739611983299,-0.11476985365152359,-0.00033248963882215321,0,-0.0028787634801119566,-0.14418944716453552,0.033139593899250031,-0.021393686532974243,0.018829667940735817,-0.033671751618385315,1.2726720571517944,0.48423251509666443,0
17450,3.3925840854644775,-0.010247066617012024,-1.0788720846176147,0.020746858790516853,3.1839118003845215,-0.00033248963882215321,0,-0.0025400940794497728,1.2086663246154785,-0.010590010322630405,0.74634385108947754,-0.0084359729662537575,0.49633318185806274,1.2726720571517944,9.2102432250976562,4
1093,-0.57561492919921875,0.0042446856386959553,0.031760755926370621,0.0048820739611983299,-0.10727169364690781,0.000341725506586954,0,-0.0025151621084660292,-0.13622774183750153,0.033139593899250031,-0.1168799102306366,-0.11298694461584091,-0.04873117059469223,1.2726720571517944,0.24681365489959717,1
15328,-0.257499098777771,0.0017517793457955122,0.079715408384799957,-0.02262132428586483,-0.11176034063100815,0.000341725506586954,0,-0.005312478169798851,0.14842207729816437,0.015653662383556366,1.7892611026763916,0.0065934453159570694,0.19898785650730133,1.2726720571517944,3.1162040233612061,4
12867,-0.5623970627784729,0.0042446856386959553,0.044099777936935425,-0.0090055782347917557,-0.10241643339395523,-0.00033248963882215321,0,-0.0025151621084660292,-0.14418944716453552,0.033139593899250031,-0.1168799102306366,-0.030691398307681084,0.086061067879199982,1.2726720571517944,0.47178983688354492,0
1647,0.20083822309970856,0.0017517793457955122,0.057427685707807541,0.020746858790516853,-0.12244769185781479,-0.00033248963882215321,0,-0.0025151621084660292,-0.140695720911026,0.015653662383556366,0.35804057121276855,0.019823780283331871,-0.033671751618385315,1.2726720571517944,1.6472903490066528,2
12221,0.74622595310211182,0.0017517793457955122,0.039971195161342621,0.020746858790516853,-0.17915165424346924,0.000341725506586954,0,-0.0025151621084660292,0.16300943493843079,0.015653662383556366,-0.018698632717132568,-0.11518570780754089,-0.033671751618385315,1.2726720571517944,1.9111489057540894,1
9823,-0.57015812397003174,0.0042446856386959553,-0.12240990996360779,0.0048820739611983299,-0.10862700641155243,0.000341725506586954,0,-0.0025151621084660292,-0.14076447486877441,0.033139593899250031,-0.11111956089735031,-0.035686910152435303,-0.042067535221576691,1.2726720571517944,0.18193191289901733,0
2877,-0.56472718715667725,0.0042446856386959553,0.034544035792350769,-0.0090055782347917557,-0.10727169364690781,0.000341725506586954,0,-0.0025151621084660292,-0.13622774183750153,0.033139593899250031,-0.1168799102306366,-0.11298694461584091,-0.04873117059469223,1.2726720571517944,0.2465970367193222,0
15876,-0.56472718715667725,0.0042446856386959553,0.034544035792350769,-0.0090055782347917557,-0.10727169364690781,0.000341725506586954,0,-0.0025151621084660292,-0.13622774183750153,0.033139593899250031,-0.1168799102306366,-0.11298694461584091,-0.04873117059469223,1.2726720571517944,0.2465970367193222,0
15187,0.53223294019699097,0.0042446856386959553,0.046202331781387329,-0.038270097225904465,-0.16143438220024109,-0.00033248963882215321,0,-0.0025151621084660292,0.0068991980515420437,0.015653662383556366,-0.012357729487121105,-0.025688128545880318,-0.033671751618385315,1.2726720571517944,1.6036339998245239,0
4123,-0.57839816808700562,0.0042446856386959553,0.034544035792350769,0.0048820739611983299,-0.10727169364690781,0.000341725506586954,0,-0.0025151621084660292,-0.13622774183750153,0.033139593899250031,-0.1168799102306366,-0.11298694461584091,-0.04873117059469223,1.2726720571517944,0.24681365489959717,0
16437,-0.5777239203453064,0.0042446856386959553,0.034544035792350769,0.0048820739611983299,-0.10727169364690781,-0.00033248963882215321,0,-0.0025151621084660292,-0.13622774183750153,0.033139593899250031,-0.1168799102306366,-0.11298694461584091,-0.04873117059469223,1.2726720571517944,0.24681365489959717,0
18266,-0.57839816808700562,0.0042446856386959553,0.034544035792350769,0.0048820739611983299,-0.10727169364690781,0.000341725506586954,0,-0.0025151621084660292,-0.13622774183750153,0.033139593899250031,-0.1168799102306366,-0.11298694461584091,-0.04873117059469223,1.2726720571517944,0.24681365489959717,0
9069,0.77514570951461792,-0.0051443376578390598,-0.15355414152145386,0.020746858790516853,0.32690107822418213,-0.00033248963882215321,0,0.045584503561258316,0.16194134950637817,-0.010590010322630405,-0.10814247280359268,-0.019870813935995102,-0.037335090339183807,1.2726720571517944,2.2680211067199707,1
17335,-0.57844418287277222,0.0042446856386959553,0.043558452278375626,0.0048820739611983299,-0.10727169364690781,-0.00033248963882215321,0,-0.0025151621084660292,-0.14418944716453552,0.033139593899250031,-0.1168799102306366,-0.030782463029026985,-0.04873117059469223,1.2726720571517944,0.32935068011283875,0
9762,-0.33967843651771545,0.0042446856386959553,0.033863313496112823,0.012263394892215729,-0.10740090906620026,0.000341725506586954,0,-0.0025151621084660292,-0.13622774183750153,0.033139593899250031,-0.1168799102306366,-0.11289589107036591,-0.04873117059469223,1.2726720571517944,0.492195725440979,1
15837,-0.34983378648757935,0.0042446856386959553,0.056886356323957443,-0.02262132428586483,-0.10740090906620026,-0.00033248963882215321,0,-0.0025151621084660292,-0.14418944716453552,0.033139593899250031,-0.11602447926998138,0.018552957102656364,-0.04873117059469223,1.2726720571517944,0.59384745359420776,1
8968,-0.56472718715667725,0.0042446856386959553,0.034544035792350769,-0.0090055782347917557,-0.10727169364690781,0.000341725506586954,0,-0.0025151621084660292,-0.13622774183750153,0.033139593899250031,-0.1168799102306366,-0.11298694461584091,-0.04873117059469223,1.2726720571517944,0.2465970367193222,0
19273,-0.34367933869361877,0.0042446856386959553,0.036646585911512375,0.012263394892215729,-0.12788720428943634,0.000341725506586954,0,-0.0025151621084660292,0.17030028998851776,0.033139593899250031,-0.11332941055297852,-0.12038426101207733,-0.04873117059469223,1.2726720571517944,0.7730826735496521,2
7673,-0.5775529146194458,0.0042446856386959553,0.057383459061384201,0.0048820739611983299,-0.099732115864753723,0.000341725506586954,0,-0.0025151621084660292,0.17418977618217468,0.033139593899250031,-0.11247396469116211,0.023158030584454536,-0.04873117059469223,1.2726720571517944,0.72900670766830444,0
13951,-0.34846422076225281,0.0017517793457955122,0.048985611647367477,-0.02262132428586483,-0.12743821740150452,0.000341725506586954,0,-0.0025151621084660292,-0.050112128257751465,0.033139593899250031,-0.012357729487121105,-0.032496295869350433,-0.033671751618385315,1.2726720571517944,0.72721421718597412,0
9635,-0.2923373281955719,0.0017517793457955122,-0.48199853301048279,0.014803986065089703,0.80302786827087402,0.000341725506586954,0,-0.0025151621084660292,-0.070990853011608124,0.033139593899250031,0.01919214054942131,0.014596513472497463,-0.029209256172180176,1.2726720571517944,1.2824747562408447,1
6806,-0.57763278484344482,-0.010247066617012024,0.058108411729335785,0.0048820739611983299,-0.11808070540428162,0.000341725506586954,0,-0.0028787634801119566,-0.050112128257751465,0.033139593899250031,-0.11602447926998138,0.016471346840262413,-0.033671751618385315,1.2726720571517944,0.47696799039840698,0
1856,-0.55576688051223755,0.0042446856386959553,-0.051148086786270142,-0.0090055782347917557,-0.10862700641155243,0.000341725506586954,0,-0.0025151621084660292,-0.13622774183750153,0.033139593899250031,-0.11197499930858612,-0.079059071838855743,-0.042067535221576691,1.2726720571517944,0.21400646865367889,0
10107,-0.57839816808700562,0.0042446856386959553,0.034544035792350769,0.0048820739611983299,-0.10727169364690781,0.000341725506586954,0,-0.0025151621084660292,-0.13622774183750153,0.033139593899250031,-0.1168799102306366,-0.11298694461584091,-0.04873117059469223,1.2726720571517944,0.24681365489959717,0
17672,0.77053648233413696,0.0006732845795340836,0.048985611647367477,0.020746858790516853,-0.17494457960128784,0.000341725506586954,0,0.039766881614923477,-0.071577213704586029,-0.010590010322630405,-0.03017486073076725,-0.019385810941457748,-0.027527309954166412,1.2726720571517944,1.8195219039916992,1
1921,-0.57793134450912476,0.0042446856386959553,0.034544035792350769,0.0048820739611983299,-0.11649998277425766,0.000341725506586954,0,-0.0025151621084660292,-0.13622774183750153,0.033139593899250031,-0.012357729487121105,-0.11271023005247116,-0.04873117059469223,1.2726720571517944,0.34285080432891846,0
10216,-0.57839816808700562,0.0042446856386959553,0.034544035792350769,0.0048820739611983299,-0.10727169364690781,0.000341725506586954,0,-0.0025151621084660292,-0.13622774183750153,0.033139593899250031,-0.1168799102306366,-0.11298694461584091,-0.04873117059469223,1.2726720571517944,0.24681365489959717,0
5002,-0.33897244930267334,-0.010247066617012024,0.062810622155666351,0.012263394892215729,-0.10185350477695465,0.000341725506586954,0,-0.0028787634801119566,0.17578336596488953,0.033139593899250031,-0.007951781153678894,0.023525809869170189,0.19898785650730133,1.2726720571517944,1.3176206350326538,0
170,-0.21717475354671478,-0.010247066617012024,-0.1373610645532608,0.012263394892215729,-0.13188545405864716,0.000341725506586954,0,-0.0028787634801119566,0.17001393437385559,-0.010590010322630405,-0.012274179607629776,0.31132751703262329,0.078274182975292206,1.2726720571517944,1.3224818706512451,3
11818,-0.57871150970458984,0.0042446856386959553,0.060166738927364349,0.0048820739611983299,-0.099732115864753723,0.000341725506586954,0,-0.0025151621084660292,0.17247399687767029,0.033139593899250031,-0.11247396469116211,0.023249095305800438,-0.04873117059469223,1.2726720571517944,0.72900670766830444,3
1135,-0.58012568950653076,0.0042446856386959553,0.058108411729335785,0.0048820739611983299,-0.11808070540428162,0.000341725506586954,0,-0.0025151621084660292,-0.050112128257751465,0.033139593899250031,-0.11602447926998138,0.016471346840262413,-0.033671751618385315,1.2726720571517944,0.4893304705619812,1
3387,-0.57525670528411865,0.0042446856386959553,0.035085365176200867,0.0048820739611983299,-0.10727169364690781,-0.00033248963882215321,0,-0.0025151621084660292,-0.13622774183750153,0.033139593899250031,-0.1168799102306366,-0.11298694461584091,-0.033671751618385315,1.2726720571517944,0.26488170027732849,0
7648,0.5420299768447876,0.0042446856386959553,0.068899363279342651,0.020746858790516853,-0.24806979298591614,0.000341725506586954,0,-0.0021764927078038454,0.41134506464004517,0.033139593899250031,-0.0075682071037590504,0.090813688933849335,-0.032115384936332703,1.2726720571517944,2.1543014049530029,0
3265,-0.57839816808700562,0.0042446856386959553,0.034544035792350769,0.0048820739611983299,-0.10727169364690781,0.000341725506586954,0,-0.0025151621084660292,-0.13622774183750153,0.033139593899250031,-0.1168799102306366,-0.11298694461584091,-0.04873117059469223,1.2726720571517944,0.24681365489959717,0
14370,-0.55581140518188477,0.0042446856386959553,-0.18729346990585327,-0.0090055782347917557,-0.092313997447490692,-0.00033248963882215321,0,-0.0025151621084660292,-0.13280276954174042,0.033139593899250031,-0.11163543164730072,-0.079139716923236847,-0.041827384382486343,1.2726720571517944,0.09737936407327652,0
12388,-0.57943445444107056,0.0042446856386959553,0.046883057802915573,0.0048820739611983299,-0.10727169364690781,0.000341725506586954,0,-0.0025151621084660292,-0.14418944716453552,0.033139593899250031,-0.1168799102306366,-0.030782463029026985,-0.033671751618385315,1.2726720571517944,0.34741872549057007,3
16631,-0.57813102006912231,0.0042446856386959553,0.037868637591600418,0.0048820739611983299,-0.10727169364690781,-0.00033248963882215321,0,-0.0025151621084660292,-0.13622774183750153,0.033139593899250031,-0.1168799102306366,-0.11289589107036591,-0.033671751618385315,1.2726720571517944,0.26488170027732849,0
19963,-0.34911355376243591,0.0042446856386959553,0.036646585911512375,-0.02262132428586483,-0.10740090906620026,-0.00033248963882215321,0,-0.0025151621084660292,-0.13622774183750153,0.033139593899250031,-0.1168799102306366,-0.11289589107036591,-0.04873117059469223,1.2726720571517944,0.44998499751091003,0
2366,-0.57839816808700562,0.0042446856386959553,0.034544035792350769,0.0048820739611983299,-0.10727169364690781,0.000341725506586954,0,-0.0025151621084660292,-0.13622774183750153,0.033139593899250031,-0.1168799102306366,-0.11298694461584091,-0.04873117059469223,1.2726720571517944,0.24681365489959717,0
2309,-0.5784151554107666,0.0042446856386959553,0.034544035792350769,0.0048820739611983299,-0.1179758608341217,-0.00033248963882215321,0,-0.0025151621084660292,-0.064763881266117096,0.033139593899250031,-0.1168799102306366,-0.11289589107036591,-0.04873117059469223,1.2726720571517944,0.30697321891784668,0
5190,1.1339652538299561,-0.010247066617012024,-0.21036960184574127,0.020746858790516853,-0.23313699662685394,-0.00033248963882215321,0,-0.0028787634801119566,0.17475645244121552,0.015653662383556366,0.6601564884185791,-0.012615581974387169,0.17649908363819122,1.2726720571517944,2.9848668575286865,2
15690,-0.57015812397003174,0.0042446856386959553,-0.08817514032125473,0.0048820739611983299,-0.10862700641155243,0.000341725506586954,0,-0.0025151621084660292,-0.14076447486877441,0.033139593899250031,-0.11197499930858612,-0.039471138268709183,-0.042067535221576691,1.2726720571517944,0.21152694523334503,0
9399,-0.57232195138931274,-0.010247066617012024,0.035085365176200867,0.0048820739611983299,-0.11476985365152359,-0.00033248963882215321,0,-0.0028787634801119566,-0.13622774183750153,0.033139593899250031,-0.022249132394790649,-0.11271023005247116,-0.033671751618385315,1.2726720571517944,0.34037002921104431,1
8705,0.78584617376327515,-0.010247066617012024,-0.50151318311691284,0.020746858790516853,-0.27698031067848206,-0.00033248963882215321,0,-0.0019423842895776033,0.41455379128456116,-0.010590010322630405,0.64839601516723633,-0.014199377968907356,-0.040271017700433731,1.2726720571517944,2.2861392498016357,3
11185,0.077763348817825317,0.0042446856386959553,0.10949729382991791,-0.038270097225904465,1.7702521085739136,0.000341725506586954,0,-0.0025151621084660292,-0.48184642195701599,0.033139593899250031,-0.017943505197763443,0.020157115533947945,-0.020875750109553337,1.2726720571517944,2.7266151905059814,1
945,-0.56472718715667725,0.0042446856386959553,0.034544035792350769,-0.0090055782347917557,-0.10727169364690781,0.000341725506586954,0,-0.0025151621084660292,-0.13622774183750153,0.033139593899250031,-0.1168799102306366,-0.11298694461584091,-0.04873117059469223,1.2726720571517944,0.2465970367193222,0
20279,-0.52108865976333618,0.0042446856386959553,0.034544035792350769,-0.0090055782347917557,-0.10727169364690781,0.000341725506586954,0,-0.0025151621084660292,-0.13622774183750153,-0.010590010322630405,-0.1168799102306366,-0.11289589107036591,-0.04873117059469223,1.2726720571517944,0.2465970367193222,0
16898,-0.56477320194244385,0.0042446856386959553,0.043558452278375626,-0.0090055782347917557,-0.10727169364690781,-0.00033248963882215321,0,-0.0025151621084660292,-0.14418944716453552,0.033139593899250031,-0.1168799102306366,-0.030782463029026985,-0.04873117059469223,1.2726720571517944,0.32913407683372498,0
20261,3.2369730472564697,-0.013016058132052422,-0.63123124837875366,0.020746858790516853,0.066121317446231842,-0.0068365330807864666,0,0.082817569375038147,0.22251793742179871,-0.2413008064031601,1.2847206592559814,1.2081723213195801,0.16227801144123077,1.2726720571517944,6.6646409034729004,2
16356,-0.13525781035423279,0.0006732845795340836,0.060210965573787689,0.020746858790516853,-0.130499467253685,0.000341725506586954,0,0.039766881614923477,0.17693169414997101,-0.010590010322630405,-0.015877509489655495,0.023269802331924438,0.17814153432846069,1.2726720571517944,1.4805296659469604,1
5989,0.69701623916625977,0.0017517793457955122,0.039971195161342621,-0.038270097225904465,-0.15674230456352234,-0.00033248963882215321,0,-0.0025151621084660292,-0.13622774183750153,0.033139593899250031,-0.1168799102306366,-0.10797406733036041,-0.033671751618385315,1.2726720571517944,1.4519355297088623,0
6073,-0.5777239203453064,0.0042446856386959553,0.034544035792350769,0.0048820739611983299,-0.10727169364690781,-0.00033248963882215321,0,-0.0025151621084660292,-0.13622774183750153,0.033139593899250031,-0.1168799102306366,-0.11298694461584091,-0.04873117059469223,1.2726720571517944,0.24681365489959717,0
8685,-0.56446003913879395,0.0042446856386959553,0.037868637591600418,-0.0090055782347917557,-0.10241643339395523,-0.00033248963882215321,0,-0.0025151621084660292,-0.13622774183750153,0.033139593899250031,-0.1168799102306366,-0.11289589107036591,0.086061067879199982,1.2726720571517944,0.38925281167030334,4
20481,-0.57839816808700562,0.0042446856386959553,0.034544035792350769,0.0048820739611983299,-0.10727169364690781,0.000341725506586954,0,-0.0025151621084660292,-0.13622774183750153,0.033139593899250031,-0.1168799102306366,-0.11298694461584091,-0.04873117059469223,1.2726720571517944,0.24681365489959717,0
19098,-0.56728124618530273,0.0017517793457955122,-0.13353581726551056,0.0048820739611983299,-0.10377174615859985,0.000341725506586954,0,-0.0025151621084660292,-0.14076447486877441,0.033139593899250031,-0.11083977669477463,0.016082188114523888,0.078274182975292206,1.2726720571517944,0.34843546152114868,0
1077,-0.56472718715667725,0.0042446856386959553,0.034544035792350769,-0.0090055782347917557,-0.10727169364690781,0.000341725506586954,0,-0.0025151621084660292,-0.13622774183750153,0.033139593899250031,-0.1168799102306366,-0.11298694461584091,-0.04873117059469223,1.2726720571517944,0.2465970367193222,0
19984,1.0940988063812256,-0.010247066617012024,0.037187911570072174,-0.038270097225904465,-0.20528441667556763,-0.00033248963882215321,0,-0.0028787634801119566,-0.13622774183750153,0.015653662383556366,-0.012357729487121105,-0.10619419813156128,-0.027527309954166412,1.2726720571517944,1.8802902698516846,0
16285,-0.52148240804672241,-0.010247066617012024,-0.32644888758659363,0.0048820739611983299,-0.061006590723991394,-0.00033248963882215321,0,-0.0028787634801119566,-0.13120917975902557,-0.010590010322630405,-0.11098770797252655,-0.079139716923236847,0.16998587548732758,1.2726720571517944,0.19321711361408234,1
4208,-0.55104953050613403,0.0042446856386959553,0.063491351902484894,0.0048820739611983299,-0.079245820641517639,0.000341725506586954,0,-0.0025151621084660292,-0.14664949476718903,0.033139593899250031,-0.11536039412021637,0.51780915260314941,-0.033671751618385315,1.2726720571517944,0.96808856725692749,0
2726,0.29195412993431091,-0.010247066617012024,0.067178770899772644,0.020746858790516853,-0.12531031668186188,0.000341725506586954,0,-0.0028787634801119566,-0.13544741272926331,0.015653662383556366,0.74926769733428955,0.068953871726989746,0.086061067879199982,1.2726720571517944,2.2989432811737061,4
10711,6.2724342346191406,0.053790222853422165,0.16675195097923279,0.020746858790516853,3.3209705352783203,-0.0068365330807864666,0,-0.0025151621084660292,0.098600216209888458,0.77182888984680176,0.017466723918914795,-0.13752764463424683,0.052273951470851898,1.2726720571517944,11.90065860748291,12
8837,-0.52235227823257446,0.0042446856386959553,0.043558452278375626,-0.0090055782347917557,-0.12775799632072449,-0.00033248963882215321,0,-0.0025151621084660292,0.17418977618217468,-0.010590010322630405,-0.11332941055297852,-0.026328587904572487,-0.04873117059469223,1.2726720571517944,0.63372278213500977,0
16494,-0.56536173820495605,0.0042446856386959553,0.034544035792350769,-0.0090055782347917557,-0.12775799632072449,-0.00033248963882215321,0,-0.0025151621084660292,0.17030028998851776,0.033139593899250031,-0.11332941055297852,-0.12038426101207733,-0.04873117059469223,1.2726720571517944,0.52748358249664307,0
999,1.1210576295852661,-0.010247066617012024,-0.22331432998180389,0.020746858790516853,-0.16386780142784119,0.000341725506586954,0,-0.0056760795414447784,-0.058965031057596207,0.015653662383556366,1.6643275022506714,-0.083315737545490265,0.5979992151260376,1.2726720571517944,4.1474099159240723,4
185,0.77378624677658081,-0.010247066617012024,-0.54642939567565918,0.020746858790516853,-0.28056198358535767,-0.00033248963882215321,0,-0.0019423842895776033,0.39890763163566589,-0.010590010322630405,0.86324459314346313,0.035933718085289001,0.58564519882202148,1.2726720571517944,3.1008322238922119,3
931,0.21249236166477203,0.0042446856386959553,0.045661002397537231,0.020746858790516853,-0.12788720428943634,0.000341725506586954,0,-0.0025151621084660292,0.17418977618217468,-0.010590010322630405,-0.11332941055297852,-0.025334475561976433,-0.04873117059469223,1.2726720571517944,1.4019596576690674,0
19842,-0.52041447162628174,0.0042446856386959553,0.034544035792350769,-0.0090055782347917557,-0.10727169364690781,-0.00033248963882215321,0,-0.0025151621084660292,-0.13622774183750153,-0.010590010322630405,-0.1168799102306366,-0.11289589107036591,-0.04873117059469223,1.2726720571517944,0.2465970367193222,0
18854,-0.56232529878616333,-0.010247066617012024,0.034544035792350769,-0.0090055782347917557,-0.10727169364690781,0.000341725506586954,0,-0.0028787634801119566,-0.13622774183750153,0.033139593899250031,-0.1168799102306366,-0.11289589107036591,-0.04873117059469223,1.2726720571517944,0.23423461616039276,0
17757,0.30246546864509583,-0.010247066617012024,-0.15893711149692535,0.020746858790516853,-0.13276420533657074,0.000341725506586954,0,-0.0028787634801119566,0.17920833826065063,-0.010590010322630405,-0.0030468546319752932,-0.027711326256394386,0.17035463452339172,1.2726720571517944,1.5996130704879761,1
17955,-0.57373350858688354,-0.010247066617012024,0.055325128138065338,0.0048820739611983299,-0.12547402083873749,-0.00033248963882215321,0,-0.0028787634801119566,-0.072725586593151093,0.033139593899250031,-0.021113906055688858,0.034856975078582764,-0.033671751618385315,1.2726720571517944,0.56069928407669067,0
17619,1.9540014266967773,-0.010247066617012024,0.036646585911512375,0.020746858790516853,-0.35635173320770264,-0.00033248963882215321,0,0.01375633105635643,-0.16011203825473785,0.033139593899250031,-0.011686733923852444,-0.10619419813156128,-0.053989272564649582,1.2726720571517944,2.632047176361084,1
6097,-0.56136077642440796,0.0042446856386959553,0.031760755926370621,-0.0090055782347917557,-0.10727169364690781,-0.00033248963882215321,0,-0.0025151621084660292,-0.13622774183750153,0.033139593899250031,-0.1168799102306366,-0.11289589107036591,-0.04873117059469223,1.2726720571517944,0.2465970367193222,2
16357,-0.56725144386291504,-0.010247066617012024,-0.067341111600399017,0.0048820739611983299,-0.090902507305145264,-0.00033248963882215321,0,-0.0028787634801119566,-0.063989326357841492,0.033139593899250031,-0.11197499930858612,-0.078634694218635559,-0.042067535221576691,1.2726720571517944,0.27507391571998596,0
13468,2.3458340167999268,-0.010247066617012024,-0.08762909471988678,0.020746858790516853,2.1344790458679199,-0.00033248963882215321,0,-0.0019423842895776033,1.711921215057373,0.015653662383556366,0.023957274854183197,-0.01330871507525444,-0.023806272074580193,1.2726720571517944,7.3879985809326172,3
14322,-0.57839816808700562,0.0042446856386959553,0.034544035792350769,0.0048820739611983299,-0.10727169364690781,0.000341725506586954,0,-0.0025151621084660292,-0.13622774183750153,0.033139593899250031,-0.1168799102306366,-0.11298694461584091,-0.04873117059469223,1.2726720571517944,0.24681365489959717,0
11552,-0.56194394826889038,0.0042446856386959553,0.031760755926370621,-0.0090055782347917557,-0.10727169364690781,0.000341725506586954,0,-0.0025151621084660292,-0.13622774183750153,0.033139593899250031,-0.1168799102306366,-0.11298694461584091,-0.04873117059469223,1.2726720571517944,0.2465970367193222,0
1911,0.72994261980056763,0.0042446856386959553,0.065545514225959778,-0.038270097225904465,0.51983588933944702,-0.00033248963882215321,0,-0.0025151621084660292,0.073478542268276215,0.015653662383556366,0.5870857834815979,-0.013808989897370338,-0.028884630650281906,1.2726720571517944,3.1846461296081543,3
9655,0.75629174709320068,0.0017517793457955122,0.054103076457977295,-0.038270097225904465,-0.1825980544090271,-0.00033248963882215321,0,-0.0025151621084660292,-0.046618413180112839,-0.010590010322630405,0.35804057121276855,0.027699606493115425,-0.04873117059469223,1.2726720571517944,2.1409025192260742,0
3236,-0.48124408721923828,0.0042446856386959553,0.057907633483409882,0.0048820739611983299,-0.10330671817064285,0.000341725506586954,0,-0.0020449119620025158,-0.16711758077144623,-0.010590010322630405,-0.11311493813991547,1.9583230018615723,-0.026749555021524429,1.2726720571517944,2.3942022323608398,0
1090,-0.57566094398498535,0.0042446856386959553,0.040775168687105179,0.0048820739611983299,-0.10727169364690781,-0.00033248963882215321,0,-0.0025151621084660292,-0.14418944716453552,0.033139593899250031,-0.1168799102306366,-0.030782463029026985,-0.04873117059469223,1.2726720571517944,0.32935068011283875,0
4333,-0.56506365537643433,0.0042446856386959553,0.043232433497905731,-0.0090055782347917557,-0.20475023984909058,-0.00033248963882215321,0,-0.0021764927078038454,0.39178389310836792,0.033139593899250031,-0.11322562396526337,-0.12771302461624146,-0.047174803912639618,1.2726720571517944,0.67563146352767944,0
8707,-0.34960556030273438,0.0042446856386959553,0.039971195161342621,-0.02262132428586483,-0.11824412643909454,0.000341725506586954,0,-0.0025151621084660292,0.15894144773483276,0.033139593899250031,-0.11332941055297852,-0.12038426101207733,-0.033671751618385315,1.2726720571517944,0.7489398717880249,1
5859,0.54178273677825928,0.0031661908142268658,0.048985611647367477,0.020746858790516853,-0.14136284589767456,0.000341725506586954,0,0.039766881614923477,-0.14304110407829285,0.033139593899250031,-0.12480564415454865,-0.023104831576347351,-0.033671751618385315,1.2726720571517944,1.4946138858795166,3
5580,0.13760611414909363,0.0042446856386959553,0.060210965573787689,-0.038270097225904465,-0.11148902773857117,0.000341725506586954,0,-0.0025151621084660292,-0.071131996810436249,0.033139593899250031,-0.11602447926998138,0.019547069445252419,0.17814153432846069,1.2726720571517944,1.3664717674255371,0
19204,-0.56504321098327637,0.0042446856386959553,0.037868637591600418,-0.0090055782347917557,-0.10727169364690781,0.000341725506586954,0,-0.0025151621084660292,-0.13622774183750153,0.033139593899250031,-0.1168799102306366,-0.11298694461584091,-0.033671751618385315,1.2726720571517944,0.26466509699821472,2
7123,1.1340446472167969,0.0017517793457955122,0.067178770899772644,-0.038270097225904465,-0.22389934957027435,-0.00033248963882215321,0,-0.0025151621084660292,0.085592396557331085,-0.010590010322630405,0.74898791313171387,0.026721363887190819,0.092205502092838287,1.2726720571517944,3.1535444259643555,2
16363,-0.34337770938873291,0.0042446856386959553,0.039971195161342621,0.012263394892215729,-0.11810507625341415,0.000341725506586954,0,-0.0025151621084660292,-0.064763881266117096,0.033139593899250031,-0.1168799102306366,-0.11289589107036591,-0.033671751618385315,1.2726720571517944,0.57042390108108521,1
18884,0.90583139657974243,0.0017517793457955122,-0.15232905745506287,0.020746858790516853,0.738106369972229,-0.00033248963882215321,0,-0.0020449119620025158,0.099331460893154144,-0.010590010322630405,0.024385102093219757,1.5955380201339722,0.10326769202947617,1.2726720571517944,4.5963339805603027,0
2274,-0.53126144409179688,0.0042446856386959553,0.035085365176200867,0.0048820739611983299,-0.12244492769241333,0.000341725506586954,0,-0.0025151621084660292,0.16460302472114563,-0.010590010322630405,-0.018698632717132568,-0.12019859999418259,0.19898785650730133,1.2726720571517944,0.87510859966278076,1
18549,-0.56472718715667725,0.0042446856386959553,0.034544035792350769,-0.0090055782347917557,-0.10727169364690781,0.000341725506586954,0,-0.0025151621084660292,-0.13622774183750153,0.033139593899250031,-0.1168799102306366,-0.11298694461584091,-0.04873117059469223,1.2726720571517944,0.2465970367193222,1
12630,-0.56126970052719116,0.0042446856386959553,0.031760755926370621,-0.0090055782347917557,-0.10928237438201904,-0.00033248963882215321,0,-0.0025151621084660292,-0.13421705365180969,0.033139593899250031,-0.1168799102306366,-0.11298694461584091,-0.04873117059469223,1.2726720571517944,0.2465970367193222,0
3800,-0.57376819849014282,0.0017517793457955122,0.052000518888235092,0.0048820739611983299,-0.1179758608341217,-0.00033248963882215321,0,-0.0025151621084660292,-0.072725586593151093,0.033139593899250031,-0.11602447926998138,0.018461892381310463,-0.04873117059469223,1.2726720571517944,0.45083537697792053,1
12386,0.17611300945281982,-0.010247066617012024,0.046202331781387329,0.020746858790516853,-0.11824412643909454,-0.00033248963882215321,0,-0.0028787634801119566,0.076850377023220062,0.033139593899250031,-0.1168799102306366,-0.031712368130683899,-0.033671751618385315,1.2726720571517944,1.3117561340332031,0
2569,-0.57494068145751953,0.0031661908142268658,0.031760755926370621,0.0048820739611983299,-0.10727169364690781,-0.00033248963882215321,0,0.039766881614923477,-0.13507939875125885,0.033139593899250031,-0.12480564415454865,-0.11290962249040604,-0.04873117059469223,1.2726720571517944,0.28131711483001709,0
487,-0.57285481691360474,0.0017517793457955122,0.035085365176200867,0.0048820739611983299,-0.10727169364690781,-0.00033248963882215321,0,-0.0025151621084660292,-0.13622774183750153,0.033139593899250031,-0.1168799102306366,-0.11289589107036591,-0.033671751618385315,1.2726720571517944,0.26488170027732849,0
1766,0.31066608428955078,0.0017517793457955122,0.057427685707807541,0.020746858790516853,-0.13802488148212433,-0.00033248963882215321,0,-0.0025151621084660292,0.17001393437385559,0.015653662383556366,-0.0072877048514783382,0.5253603458404541,-0.033671751618385315,1.2726720571517944,2.1924586296081543,2
11166,-0.56194394826889038,0.0042446856386959553,0.031760755926370621,-0.0090055782347917557,-0.10727169364690781,0.000341725506586954,0,-0.0025151621084660292,-0.13622774183750153,0.033139593899250031,-0.1168799102306366,-0.11298694461584091,-0.04873117059469223,1.2726720571517944,0.2465970367193222,0
15050,0.22798144817352295,0.0042446856386959553,0.060210965573787689,-0.038270097225904465,-0.11911933869123459,0.000341725506586954,0,-0.0025151621084660292,-0.050112128257751465,0.033139593899250031,-0.11602447926998138,0.017465459182858467,-0.033671751618385315,1.2726720571517944,1.256341814994812,0
12794,-0.56194394826889038,0.0042446856386959553,0.031760755926370621,-0.0090055782347917557,-0.10727169364690781,0.000341725506586954,0,-0.0025151621084660292,-0.13622774183750153,0.033139593899250031,-0.1168799102306366,-0.11298694461584091,-0.04873117059469223,1.2726720571517944,0.2465970367193222,0
7232,0.62440645694732666,-0.010247066617012024,-0.56316912174224854,0.020746858790516853,3.6300399303436279,0.000341725506586954,0,-0.0014721343759447336,3.8562633991241455,-0.010590010322630405,0.48589852452278137,2.0907843112945557,0.097328662872314453,1.2726720571517944,11.493000030517578,5
16299,-0.53399437665939331,0.0042446856386959553,0.034544035792350769,0.0048820739611983299,-0.10727169364690781,-0.00033248963882215321,0,-0.0025151621084660292,-0.13622774183750153,-0.010590010322630405,-0.1168799102306366,-0.11298694461584091,-0.04873117059469223,1.2726720571517944,0.24681365489959717,0
11994,-0.56194394826889038,0.0042446856386959553,0.031760755926370621,-0.0090055782347917557,-0.10727169364690781,0.000341725506586954,0,-0.0025151621084660292,-0.13622774183750153,0.033139593899250031,-0.1168799102306366,-0.11298694461584091,-0.04873117059469223,1.2726720571517944,0.2465970367193222,0
11348,0.18396604061126709,0.0042446856386959553,0.036646585911512375,-0.038270097225904465,-0.10740090906620026,0.000341725506586954,0,-0.0025151621084660292,-0.13622774183750153,-0.010590010322630405,-0.1168799102306366,-0.11289589107036591,-0.04873117059469223,1.2726720571517944,0.92435961961746216,0
20450,-0.57670825719833374,-0.010247066617012024,0.037868637591600418,0.0048820739611983299,-0.11757306754589081,0.000341725506586954,0,-0.0028787634801119566,-0.067414261400699615,0.033139593899250031,-0.1168799102306366,-0.11298694461584091,-0.033671751618385315,1.2726720571517944,0.31054431200027466,2
19191,-0.56472718715667725,0.0042446856386959553,0.034544035792350769,-0.0090055782347917557,-0.10727169364690781,0.000341725506586954,0,-0.0025151621084660292,-0.13622774183750153,0.033139593899250031,-0.1168799102306366,-0.11298694461584091,-0.04873117059469223,1.2726720571517944,0.2465970367193222,0
2550,0.56949907541275024,-0.010247066617012024,0.048985611647367477,0.020746858790516853,-0.15640971064567566,0.000341725506586954,0,-0.0028787634801119566,-0.140695720911026,0.015653662383556366,0.35718515515327454,-0.022905441001057625,-0.033671751618385315,1.2726720571517944,1.9182760715484619,3
20547,1.1493993997573853,-0.010247066617012024,-0.34899148344993591,0.020746858790516853,-0.17644442617893219,-0.00033248963882215321,0,-0.0028787634801119566,-0.039466537535190582,-0.010590010322630405,-0.0064655155874788761,-0.074428580701351166,-0.035682950168848038,1.2726720571517944,1.7372902631759644,1
8457,4.1670064926147461,-0.013016058132052422,0.093050442636013031,0.020746858790516853,0.28914517164230347,0.007026436273008585,0,0.03082217276096344,0.75971627235412598,0.35160243511199951,0.52982860803604126,0.12011601775884628,0.31185474991798401,1.2726720571517944,7.9405717849731445,19
18320,-0.57839816808700562,0.0042446856386959553,0.034544035792350769,0.0048820739611983299,-0.10727169364690781,0.000341725506586954,0,-0.0025151621084660292,-0.13622774183750153,0.033139593899250031,-0.1168799102306366,-0.11298694461584091,-0.04873117059469223,1.2726720571517944,0.24681365489959717,0
7281,-0.57871419191360474,0.0042446856386959553,0.037868637591600418,0.0048820739611983299,-0.10727169364690781,0.000341725506586954,0,-0.0025151621084660292,-0.13622774183750153,0.033139593899250031,-0.1168799102306366,-0.11298694461584091,-0.033671751618385315,1.2726720571517944,0.26488170027732849,3
14305,-0.52059054374694824,0.0042446856386959553,0.034544035792350769,-0.0090055782347917557,-0.11811491101980209,0.000341725506586954,0,-0.0025151621084660292,0.056769158691167831,-0.010590010322630405,-0.1168799102306366,-0.11521869897842407,-0.04873117059469223,1.2726720571517944,0.42692574858665466,0
16242,1.8488681316375732,-0.0051443376578390598,-0.20193912088871002,0.020746858790516853,-0.35194897651672363,-0.00033248963882215321,0,0.082817569375038147,0.20878790318965912,-0.010590010322630405,1.5669331550598145,1.2712514400482178,0.42308759689331055,1.2726720571517944,6.1252093315124512,7
11976,-0.56396204233169556,0.0031661908142268658,0.037868637591600418,-0.0090055782347917557,-0.12218290567398071,-0.00033248963882215321,0,0.039766881614923477,0.16415776312351227,0.033139593899250031,-0.12125512957572937,-0.12030693888664246,-0.033671751618385315,1.2726720571517944,0.58005523681640625,1
1463,-0.5622599720954895,0.0042446856386959553,0.035085365176200867,-0.0090055782347917557,-0.10727169364690781,0.000341725506586954,0,-0.0025151621084660292,-0.13622774183750153,0.033139593899250031,-0.1168799102306366,-0.11298694461584091,-0.033671751618385315,1.2726720571517944,0.26466509699821472,0
18903,-0.55576688051223755,0.0042446856386959553,-0.051148086786270142,-0.0090055782347917557,-0.10862700641155243,0.000341725506586954,0,-0.0025151621084660292,-0.13622774183750153,0.033139593899250031,-0.11197499930858612,-0.079059071838855743,-0.042067535221576691,1.2726720571517944,0.21400646865367889,0
11694,-0.56158572435379028,0.0031661908142268658,0.035085365176200867,-0.0090055782347917557,-0.10727169364690781,-0.00033248963882215321,0,0.039766881614923477,-0.13507939875125885,0.033139593899250031,-0.12480564415454865,-0.11290962249040604,-0.033671751618385315,1.2726720571517944,0.29916855692863464,0
19243,-0.56770110130310059,0.0042446856386959553,0.061592616140842438,0.0048820739611983299,0.77560281753540039,-0.00033248963882215321,0,-0.0025151621084660292,-0.36318665742874146,0.033139593899250031,-0.10478195548057556,0.51771807670593262,-0.036113038659095764,1.2726720571517944,1.5952217578887939,0
11019,-0.57753002643585205,0.0017517793457955122,0.037868637591600418,0.0048820739611983299,-0.12775799632072449,0.000341725506586954,0,-0.0025151621084660292,0.17030028998851776,0.033139593899250031,-0.11332941055297852,-0.12038426101207733,-0.033671751618385315,1.2726720571517944,0.54576826095581055,1
6849,-0.57312196493148804,0.0017517793457955122,0.031760755926370621,0.0048820739611983299,-0.10727169364690781,0.000341725506586954,0,-0.0025151621084660292,-0.13622774183750153,0.033139593899250031,-0.1168799102306366,-0.11298694461584091,-0.04873117059469223,1.2726720571517944,0.24681365489959717,0
15724,0.2638508677482605,0.0042446856386959553,0.065593898296356201,0.020746858790516853,0.28125247359275818,0.000341725506586954,0,-0.0025151621084660292,-0.11328572779893875,0.033139593899250031,-0.1083923876285553,0.23357415199279785,-0.029548197984695435,1.2726720571517944,1.9216749668121338,4
1332,-0.2538590133190155,-0.010247066617012024,0.057427685707807541,0.012263394892215729,-0.10078486055135727,-0.00033248963882215321,0,-0.0028787634801119566,-0.14259585738182068,0.015653662383556366,-0.11602447926998138,0.018552957102656364,0.17814153432846069,1.2726720571517944,0.92798924446105957,0
18713,0.52445060014724731,-0.010247066617012024,0.039971195161342621,-0.038270097225904465,-0.15461300313472748,-0.00033248963882215321,0,-0.0028787634801119566,0.1718938797712326,0.015653662383556366,-0.11332941055297852,-0.1189047247171402,0.19898785650730133,1.2726720571517944,1.7850525379180908,2
15091,-0.56472718715667725,0.0042446856386959553,0.034544035792350769,-0.0090055782347917557,-0.10727169364690781,0.000341725506586954,0,-0.0025151621084660292,-0.13622774183750153,0.033139593899250031,-0.1168799102306366,-0.11298694461584091,-0.04873117059469223,1.2726720571517944,0.2465970367193222,0
6396,-0.57871419191360474,0.0042446856386959553,0.037868637591600418,0.0048820739611983299,-0.10727169364690781,0.000341725506586954,0,-0.0025151621084660292,-0.13622774183750153,0.033139593899250031,-0.1168799102306366,-0.11298694461584091,-0.033671751618385315,1.2726720571517944,0.26488170027732849,0
3316,-0.5777239203453064,0.0042446856386959553,0.034544035792350769,0.0048820739611983299,-0.10727169364690781,-0.00033248963882215321,0,-0.0025151621084660292,-0.13622774183750153,0.033139593899250031,-0.1168799102306366,-0.11298694461584091,-0.04873117059469223,1.2726720571517944,0.24681365489959717,2
5019,0.51114827394485474,0.0017517793457955122,0.033863313496112823,-0.038270097225904465,-0.1612953245639801,-0.00033248963882215321,0,-0.0025151621084660292,-0.064763881266117096,0.033139593899250031,-0.012357729487121105,-0.11113965511322021,-0.04873117059469223,1.2726720571517944,1.4131679534912109,2
964,-0.57035398483276367,0.0042446856386959553,-0.06227400153875351,0.0048820739611983299,-0.11447591334581375,0.000341725506586954,0,-0.0025151621084660292,-0.064763881266117096,0.033139593899250031,-0.11197499930858612,-0.079059071838855743,0.078274182975292206,1.2726720571517944,0.38813719153404236,1
17148,-0.57839816808700562,0.0042446856386959553,0.034544035792350769,0.0048820739611983299,-0.10727169364690781,0.000341725506586954,0,-0.0025151621084660292,-0.13622774183750153,0.033139593899250031,-0.1168799102306366,-0.11298694461584091,-0.04873117059469223,1.2726720571517944,0.24681365489959717,0
9605,0.17126190662384033,-0.010247066617012024,-0.34899148344993591,0.020746858790516853,-0.097466468811035156,0.000341725506586954,0,-0.0028787634801119566,0.18022193014621735,0.033139593899250031,-0.0029150170739740133,-0.094351150095462799,-0.041827384382486343,1.2726720571517944,1.0797064304351807,1
8364,0.74750524759292603,0.0042446856386959553,0.046939004212617874,-0.038270097225904465,-0.19246785342693329,0.000341725506586954,0,-0.0025151621084660292,0.14453259110450745,-0.010590010322630405,0.71908539533615112,-0.11422769725322723,0.17814153432846069,1.2726720571517944,2.755389928817749,4
12111,0.14304754137992859,0.0017517793457955122,0.054103076457977295,-0.038270097225904465,-0.13711546361446381,0.000341725506586954,0,-0.0025151621084660292,0.17418977618217468,0.033139593899250031,-0.007951781153678894,0.024186590686440468,-0.04873117059469223,1.2726720571517944,1.468847393989563,1
2216,-0.52032339572906494,0.0042446856386959553,0.034544035792350769,-0.0090055782347917557,-0.10727169364690781,-0.00033248963882215321,0,-0.0025151621084660292,-0.13622774183750153,-0.010590010322630405,-0.1168799102306366,-0.11298694461584091,-0.04873117059469223,1.2726720571517944,0.2465970367193222,0
5328,-0.56194394826889038,0.0042446856386959553,0.031760755926370621,-0.0090055782347917557,-0.10727169364690781,0.000341725506586954,0,-0.0025151621084660292,-0.13622774183750153,0.033139593899250031,-0.1168799102306366,-0.11298694461584091,-0.04873117059469223,1.2726720571517944,0.2465970367193222,0
11077,-0.57970696687698364,0.0042446856386959553,0.034544035792350769,0.0048820739611983299,-0.12775799632072449,0.000341725506586954,0,-0.0025151621084660292,0.17030028998851776,0.033139593899250031,-0.11332941055297852,-0.12038426101207733,-0.04873117059469223,1.2726720571517944,0.52770024538040161,0
632,0.27838614583015442,-0.010247066617012024,0.076416552066802979,0.020746858790516853,-0.10289747267961502,-0.00033248963882215321,0,-0.0056760795414447784,-0.03734346479177475,0.015653662383556366,2.1090855598449707,0.013370037078857422,0.59964162111282349,1.2726720571517944,4.2294716835021973,2
13435,-0.33714941143989563,0.0042446856386959553,-0.21036960184574127,0.012263394892215729,-0.15109780430793762,0.000341725506586954,0,-0.0025151621084660292,0.15025347471237183,0.033139593899250031,0.6601564884185791,-0.03350423276424408,-0.041458636522293091,1.2726720571517944,1.3569753170013428,3
15327,1.1298010349273682,-0.010247066617012024,-0.25654500722885132,0.020746858790516853,-0.27938330173492432,-0.00033248963882215321,0,-0.0053374101407825947,0.3164488673210144,0.015653662383556366,1.8558374643325806,0.13115070760250092,0.16081570088863373,1.2726720571517944,4.3512816429138184,8
1340,0.65378689765930176,-0.010247066617012024,-0.48965185880661011,0.020746858790516853,-0.14922864735126495,-0.00033248963882215321,0,-0.0028787634801119566,0.14864593744277954,-0.010590010322630405,0.86347103118896484,0.3269340991973877,0.60132855176925659,1.2726720571517944,3.2246551513671875,2
16980,-0.55648714303970337,0.0042446856386959553,-0.11898496747016907,-0.0090055782347917557,-0.10862700641155243,0.000341725506586954,0,-0.0025151621084660292,-0.14418944716453552,0.033139593899250031,-0.11111956089735031,-0.035686910152435303,-0.042067535221576691,1.2726720571517944,0.18171533942222595,0
20005,-0.57685619592666626,-0.010247066617012024,0.046557046473026276,0.0048820739611983299,-0.24729533493518829,0.000341725506586954,0,-0.0019423842895776033,0.43305888772010803,0.033139593899250031,-0.0086492961272597313,-0.1273452490568161,0.18330448865890503,1.2726720571517944,1.0016200542449951,1
20246,-0.57561492919921875,0.0042446856386959553,0.031760755926370621,0.0048820739611983299,-0.10727169364690781,0.000341725506586954,0,-0.0025151621084660292,-0.13622774183750153,0.033139593899250031,-0.1168799102306366,-0.11298694461584091,-0.04873117059469223,1.2726720571517944,0.24681365489959717,0
14641,-0.57920950651168823,0.0042446856386959553,0.043558452278375626,0.0048820739611983299,-0.10727169364690781,0.000341725506586954,0,-0.0025151621084660292,-0.14418944716453552,0.033139593899250031,-0.1168799102306366,-0.030691398307681084,-0.04873117059469223,1.2726720571517944,0.32935068011283875,0
18689,-0.28358516097068787,0.0042446856386959553,0.036646585911512375,-0.02262132428586483,-0.10740090906620026,0.000341725506586954,0,-0.0025151621084660292,-0.13622774183750153,0.033139593899250031,-0.1168799102306366,-0.11289589107036591,-0.04873117059469223,1.2726720571517944,0.51618796586990356,0
14073,-0.56405293941497803,0.0042446856386959553,0.034544035792350769,-0.0090055782347917557,-0.10727169364690781,-0.00033248963882215321,0,-0.0025151621084660292,-0.13622774183750153,0.033139593899250031,-0.1168799102306366,-0.11298694461584091,-0.04873117059469223,1.2726720571517944,0.2465970367193222,0
18037,-0.5214506983757019,0.0042446856386959553,0.046883057802915573,-0.0090055782347917557,-0.10727169364690781,-0.00033248963882215321,0,-0.0025151621084660292,-0.14418944716453552,-0.010590010322630405,-0.1168799102306366,-0.030691398307681084,-0.033671751618385315,1.2726720571517944,0.3472021222114563,1
271,-0.57848924398422241,0.0042446856386959553,0.034544035792350769,0.0048820739611983299,-0.10727169364690781,0.000341725506586954,0,-0.0025151621084660292,-0.13622774183750153,0.033139593899250031,-0.1168799102306366,-0.11289589107036591,-0.04873117059469223,1.2726720571517944,0.24681365489959717,0
283,-0.56144595146179199,0.0042446856386959553,0.031760755926370621,-0.0090055782347917557,-0.11811491101980209,0.000341725506586954,0,-0.0025151621084660292,0.084812082350254059,0.033139593899250031,-0.1168799102306366,-0.11500202864408493,-0.04873117059469223,1.2726720571517944,0.45527663826942444,1
4308,-0.56436896324157715,0.0042446856386959553,0.037868637591600418,-0.0090055782347917557,-0.10727169364690781,-0.00033248963882215321,0,-0.0025151621084660292,-0.13622774183750153,0.033139593899250031,-0.1168799102306366,-0.11298694461584091,-0.033671751618385315,1.2726720571517944,0.26466509699821472,0
1966,-0.5687636137008667,0.0042446856386959553,-0.051148086786270142,0.0048820739611983299,-0.10862700641155243,-0.00033248963882215321,0,-0.0025151621084660292,-0.13622774183750153,0.033139593899250031,-0.11197499930858612,-0.079059071838855743,-0.042067535221576691,1.2726720571517944,0.21422304213047028,0
5724,0.23091194033622742,0.0042446856386959553,0.037187911570072174,-0.038270097225904465,-0.10831032693386078,-0.00033248963882215321,0,-0.0025151621084660292,-0.13622774183750153,0.033139593899250031,-0.1168799102306366,-0.11374901235103607,-0.033671751618385315,1.2726720571517944,1.0281978845596313,4
2599,-0.53138720989227295,0.0042446856386959553,0.031760755926370621,0.0048820739611983299,-0.11811491101980209,0.000341725506586954,0,-0.0025151621084660292,0.15894144773483276,-0.010590010322630405,-0.11332941055297852,-0.12047531455755234,-0.04873117059469223,1.2726720571517944,0.52770024538040161,0
14461,-0.56472718715667725,0.0042446856386959553,0.034544035792350769,-0.0090055782347917557,-0.10727169364690781,0.000341725506586954,0,-0.0025151621084660292,-0.13622774183750153,0.033139593899250031,-0.1168799102306366,-0.11298694461584091,-0.04873117059469223,1.2726720571517944,0.2465970367193222,0
20382,0.18489548563957214,-0.010247066617012024,0.060210965573787689,-0.038270097225904465,-0.11863987892866135,0.000341725506586954,0,-0.0028787634801119566,-0.14217877388000488,-0.010590010322630405,-0.011502278968691826,0.019823780283331871,-0.033671751618385315,1.2726720571517944,1.1699638366699219,1
17257,0.26274648308753967,0.0042446856386959553,0.057427685707807541,0.020746858790516853,-0.13140888512134552,-0.00033248963882215321,0,-0.0025151621084660292,0.19869275391101837,0.033139593899250031,-0.007951781153678894,0.032620526850223541,0.17814153432846069,1.2726720571517944,1.9182233810424805,1
14504,-0.34738215804100037,0.0042446856386959553,0.06701977550983429,0.012263394892215729,0.86863923072814941,0.000341725506586954,0,-0.0025151621084660292,0.12456778436899185,0.033139593899250031,-0.10123145580291748,0.36553293466567993,0.036385148763656616,1.2726720571517944,2.3336765766143799,2
356,-0.30346041917800903,0.0006732845795340836,0.060210965573787689,-0.02262132428586483,-0.11662919819355011,-0.00033248963882215321,0,0.039766881614923477,-0.14304110407829285,-0.010590010322630405,-0.019428005442023277,0.018906991928815842,-0.033671751618385315,1.2726720571517944,0.74245631694793701,1
10604,-0.56806313991546631,0.0042446856386959553,-0.33061537146568298,0.0048820739611983299,-0.067622646689414978,0.000341725506586954,0,-0.0025151621084660292,-0.13354381918907166,0.033139593899250031,-0.11098770797252655,-0.079139716923236847,-0.042436283081769943,1.2726720571517944,-0.019643437117338181,0
19737,0.27532166242599487,0.0042446856386959553,0.065593898296356201,0.020746858790516853,0.2488463968038559,0.000341725506586954,0,-0.0025151621084660292,-0.16870351135730743,0.015653662383556366,-0.004149977583438158,0.018075508996844292,0.17266331613063812,1.2726720571517944,1.9187910556793213,2
20764,-0.34978777170181274,0.0042446856386959553,0.036646585911512375,-0.02262132428586483,-0.10740090906620026,0.000341725506586954,0,-0.0025151621084660292,-0.13622774183750153,0.033139593899250031,-0.1168799102306366,-0.11289589107036591,-0.04873117059469223,1.2726720571517944,0.44998499751091003,0
11744,-0.57813102006912231,0.0042446856386959553,0.037868637591600418,0.0048820739611983299,-0.10727169364690781,-0.00033248963882215321,0,-0.0025151621084660292,-0.13622774183750153,0.033139593899250031,-0.1168799102306366,-0.11289589107036591,-0.033671751618385315,1.2726720571517944,0.26488170027732849,0
2846,-0.17955711483955383,0.0042446856386959553,0.060210965573787689,0.020746858790516853,-0.11162807792425156,-0.00033248963882215321,0,-0.0025151621084660292,0.16442452371120453,0.033139593899250031,-0.11247396469116211,0.022915763780474663,0.17814153432846069,1.2726720571517944,1.3499886989593506,0
19839,-0.32282593846321106,-0.010247066617012024,-0.15516062080860138,0.012263394892215729,-0.11959943920373917,-0.00033248963882215321,0,-0.0028787634801119566,0.080275312066078186,0.015653662383556366,-0.11111956089735031,-0.037691578269004822,-0.042067535221576691,1.2726720571517944,0.57894247770309448,1
12143,-0.57244771718978882,0.0017517793457955122,0.031760755926370621,0.0048820739611983299,-0.10727169364690781,-0.00033248963882215321,0,0.014119932428002357,-0.13573910295963287,0.033139593899250031,-0.1168799102306366,-0.11298694461584091,-0.04873117059469223,1.2726720571517944,0.26393738389015198,0
16541,-0.35066628456115723,0.0042446856386959553,0.056886356323957443,-0.02262132428586483,-0.12560324370861053,0.000341725506586954,0,-0.0025151621084660292,-0.072725586593151093,0.033139593899250031,-0.021393686532974243,0.018829667940735817,-0.04873117059469223,1.2726720571517944,0.74185812473297119,1
10060,-0.56405293941497803,0.0042446856386959553,0.034544035792350769,-0.0090055782347917557,-0.10727169364690781,-0.00033248963882215321,0,-0.0025151621084660292,-0.13622774183750153,0.033139593899250031,-0.1168799102306366,-0.11298694461584091,-0.04873117059469223,1.2726720571517944,0.2465970367193222,0
16644,-0.57642626762390137,0.0042446856386959553,0.052000518888235092,0.0048820739611983299,-0.10727169364690781,0.000341725506586954,0,-0.0025151621084660292,-0.14418944716453552,0.033139593899250031,-0.11602447926998138,0.018552957102656364,-0.04873117059469223,1.2726720571517944,0.39067581295967102,1
1826,-0.56474417448043823,0.0042446856386959553,0.034544035792350769,-0.0090055782347917557,-0.11808070540428162,-0.00033248963882215321,0,-0.0025151621084660292,-0.042150441557168961,0.033139593899250031,-0.1168799102306366,-0.11497749388217926,-0.04873117059469223,1.2726720571517944,0.32718348503112793,0
8384,-0.56405293941497803,0.0042446856386959553,0.034544035792350769,-0.0090055782347917557,-0.10727169364690781,-0.00033248963882215321,0,-0.0025151621084660292,-0.13622774183750153,0.033139593899250031,-0.1168799102306366,-0.11298694461584091,-0.04873117059469223,1.2726720571517944,0.2465970367193222,0
17775,-0.57839816808700562,0.0042446856386959553,0.034544035792350769,0.0048820739611983299,-0.10727169364690781,0.000341725506586954,0,-0.0025151621084660292,-0.13622774183750153,0.033139593899250031,-0.1168799102306366,-0.11298694461584091,-0.04873117059469223,1.2726720571517944,0.24681365489959717,0
8827,-0.28483685851097107,0.0042446856386959553,-0.069524183869361877,-0.02262132428586483,-0.12924252450466156,-0.00033248963882215321,0,-0.0025151621084660292,0.17030028998851776,0.033139593899250031,-0.10842449218034744,-0.086456403136253357,-0.041458636522293091,1.2726720571517944,0.73494523763656616,1
18299,-0.56472718715667725,0.0042446856386959553,0.034544035792350769,-0.0090055782347917557,-0.10727169364690781,0.000341725506586954,0,-0.0025151621084660292,-0.13622774183750153,0.033139593899250031,-0.1168799102306366,-0.11298694461584091,-0.04873117059469223,1.2726720571517944,0.2465970367193222,0
7440,-0.32137474417686462,-0.010247066617012024,-0.34899148344993591,0.012263394892215729,-0.075250022113323212,0.000341725506586954,0,-0.0028787634801119566,-0.13354381918907166,0.015653662383556366,-0.016356920823454857,-0.07877194881439209,-0.041827384382486343,1.2726720571517944,0.27168861031532288,0
14660,-0.57839816808700562,0.0042446856386959553,0.034544035792350769,0.0048820739611983299,-0.10727169364690781,0.000341725506586954,0,-0.0025151621084660292,-0.13622774183750153,0.033139593899250031,-0.1168799102306366,-0.11298694461584091,-0.04873117059469223,1.2726720571517944,0.24681365489959717,0
14161,-0.56654924154281616,0.0042446856386959553,0.052246846258640289,-0.0090055782347917557,-0.2453031986951828,0.000341725506586954,0,-0.0015787829179316759,0.46826621890068054,0.033139593899250031,-0.11317147314548492,-0.017894638702273369,-0.047174803912639618,1.2726720571517944,0.83023405075073242,0
5423,-0.35079842805862427,0.0042446856386959553,0.045334987342357635,-0.02262132428586483,-0.24543240666389465,0.000341725506586954,0,-0.0015787829179316759,0.4487050473690033,0.033139593899250031,-0.11317147314548492,-0.12762196362018585,-0.047174803912639618,1.2726720571517944,0.89603972434997559,1
14497,-0.57911843061447144,0.0042446856386959553,0.054783802479505539,0.0048820739611983299,-0.10727169364690781,0.000341725506586954,0,-0.0025151621084660292,-0.14418944716453552,0.033139593899250031,-0.11602447926998138,0.018461892381310463,-0.04873117059469223,1.2726720571517944,0.39067581295967102,1
18908,0.26622664928436279,-0.010247066617012024,0.055627409368753433,0.020746858790516853,-0.37529829144477844,0.000341725506586954,0,-0.0019423842895776033,0.60047519207000732,0.033139593899250031,0.71924334764480591,-0.15070852637290955,-0.032115384936332703,1.2726720571517944,2.3981597423553467,2
8003,1.1089764833450317,-0.0051443376578390598,-0.35475701093673706,0.020746858790516853,0.17223063111305237,-0.00033248963882215321,0,0.045584503561258316,0.13542936742305756,-0.010590010322630405,0.61128503084182739,0.26132678985595703,0.29527103900909424,1.2726720571517944,3.5526962280273438,4
8120,0.30672907829284668,-0.010247066617012024,0.060210965573787689,0.020746858790516853,-0.11753861606121063,0.000341725506586954,0,-0.0028787634801119566,-0.14418944716453552,-0.010590010322630405,-0.011502278968691826,0.019823780283331871,-0.033671751618385315,1.2726720571517944,1.3499054908752441,2
11118,0.25828707218170166,0.0042446856386959553,0.048985611647367477,0.020746858790516853,-0.11915354430675507,0.000341725506586954,0,-0.0025151621084660292,0.0068991980515420437,0.033139593899250031,-0.1168799102306366,-0.030229100957512856,-0.033671751618385315,1.2726720571517944,1.3428659439086914,1
1064,2.3718802928924561,0.0042446856386959553,0.064236491918563843,0.020746858790516853,0.83638650178909302,0.000341725506586954,0,-0.0025151621084660292,0.12162390351295471,-0.010590010322630405,0.019749876111745834,0.044624295085668564,0.11157895624637604,1.2726720571517944,4.8549823760986328,4
16182,0.57361310720443726,-0.0051443376578390598,-0.51408320665359497,0.020746858790516853,-0.19043487310409546,-0.00033248963882215321,0,0.038060501217842102,0.18059076368808746,-0.010590010322630405,0.51299864053726196,1.8098840713500977,0.090972036123275757,1.2726720571517944,3.7789525985717773,6
19268,-0.5777239203453064,0.0042446856386959553,0.034544035792350769,0.0048820739611983299,-0.10727169364690781,-0.00033248963882215321,0,-0.0025151621084660292,-0.13622774183750153,0.033139593899250031,-0.1168799102306366,-0.11298694461584091,-0.04873117059469223,1.2726720571517944,0.24681365489959717,1
8276,4.0894351005554199,-0.013016058132052422,-1.0675426721572876,0.020746858790516853,2.383573055267334,0.007026436273008585,0,0.068055234849452972,1.7768809795379639,-0.2413008064031601,0.84760856628417969,1.5166656970977783,-0.0050197751261293888,1.2726720571517944,10.655786514282227,12
16098,0.7481997013092041,-0.010247066617012024,0.045876316726207733,0.020746858790516853,-0.25621306896209717,-0.00033248963882215321,0,-0.0025400940794497728,0.37613773345947266,0.015653662383556366,-0.0087034367024898529,-0.12242342531681061,0.18330448865890503,1.2726720571517944,2.262129545211792,1
10523,-0.57799124717712402,0.0042446856386959553,0.034544035792350769,0.0048820739611983299,-0.12775799632072449,0.000341725506586954,0,-0.0025151621084660292,0.16858451068401337,0.033139593899250031,-0.11332941055297852,-0.12038426101207733,-0.04873117059469223,1.2726720571517944,0.52770024538040161,0
19844,-0.56504321098327637,0.0042446856386959553,0.037868637591600418,-0.0090055782347917557,-0.10727169364690781,0.000341725506586954,0,-0.0025151621084660292,-0.13622774183750153,0.033139593899250031,-0.1168799102306366,-0.11298694461584091,-0.033671751618385315,1.2726720571517944,0.26466509699821472,0
14948,-0.34674730896949768,-0.010247066617012024,-0.06182321161031723,-0.02262132428586483,-0.12709760665893555,0.000341725506586954,0,-0.0028787634801119566,0.088237017393112183,0.033139593899250031,-0.017344208434224129,-0.080706387758255005,-0.042067535221576691,1.2726720571517944,0.68285781145095825,7
2062,-0.30680897831916809,0.0042446856386959553,0.036646585911512375,-0.02262132428586483,-0.13711546361446381,0.000341725506586954,0,-0.0025151621084660292,0.17030028998851776,-0.010590010322630405,-0.0088072316721081734,-0.12010754644870758,-0.04873117059469223,1.2726720571517944,0.82690918445587158,0
1357,0.22893668711185455,-0.010247066617012024,0.04865960031747818,-0.038270097225904465,-0.34858787059783936,0.000341725506586954,0,-0.0019423842895776033,0.56494581699371338,0.033139593899250031,-0.11317147314548492,-0.13761518895626068,0.087617434561252594,1.2726720571517944,1.5864778757095337,0
3476,-0.57566094398498535,0.0042446856386959553,0.052000518888235092,0.0048820739611983299,-0.10727169364690781,-0.00033248963882215321,0,-0.0025151621084660292,-0.14418944716453552,0.033139593899250031,-0.11602447926998138,0.018461892381310463,-0.04873117059469223,1.2726720571517944,0.39067581295967102,0
4287,-0.56167680025100708,0.0042446856386959553,0.035085365176200867,-0.0090055782347917557,-0.10727169364690781,-0.00033248963882215321,0,-0.0025151621084660292,-0.13622774183750153,0.033139593899250031,-0.1168799102306366,-0.11289589107036591,-0.033671751618385315,1.2726720571517944,0.26466509699821472,0
5441,-0.3501037061214447,0.0042446856386959553,0.039971195161342621,-0.02262132428586483,-0.10740090906620026,0.000341725506586954,0,-0.0025151621084660292,-0.13622774183750153,0.033139593899250031,-0.1168799102306366,-0.11289589107036591,-0.033671751618385315,1.2726720571517944,0.46805304288864136,2
20456,0.13986243307590485,0.0042446856386959553,0.037187911570072174,-0.038270097225904465,-0.10740090906620026,0.000341725506586954,0,-0.0025151621084660292,-0.13622774183750153,0.033139593899250031,-0.1168799102306366,-0.11374901235103607,-0.033671751618385315,1.2726720571517944,0.93873244524002075,0
17489,0.26173105835914612,-0.010247066617012024,-0.41682833433151245,0.020746858790516853,-0.077889569103717804,0.000341725506586954,0,-0.0028787634801119566,-0.14150552451610565,0.033139593899250031,-0.0053302859887480736,-0.016127476468682289,-0.041827384382486343,1.2726720571517944,0.87599676847457886,0
10212,-0.57566094398498535,0.0042446856386959553,0.040775168687105179,0.0048820739611983299,-0.10727169364690781,-0.00033248963882215321,0,-0.0025151621084660292,-0.14418944716453552,0.033139593899250031,-0.1168799102306366,-0.030782463029026985,-0.04873117059469223,1.2726720571517944,0.32935068011283875,0
20504,-0.32235711812973022,-0.010247066617012024,0.039971195161342621,0.012263394892215729,-0.11489906907081604,0.000341725506586954,0,-0.0028787634801119566,-0.13622774183750153,0.015653662383556366,-0.022249132394790649,-0.11261917650699615,-0.033671751618385315,1.2726720571517944,0.58575296401977539,1
20303,-0.23328378796577454,0.0031661908142268658,-0.1373610645532608,0.012263394892215729,-0.10875622183084488,-0.00033248963882215321,0,0.039766881614923477,-0.14304110407829285,-0.010590010322630405,-0.11904528737068176,-0.035518523305654526,-0.041458636522293091,1.2726720571517944,0.4984821081161499,1
20364,-0.5777239203453064,0.0042446856386959553,0.034544035792350769,0.0048820739611983299,-0.10727169364690781,-0.00033248963882215321,0,-0.0025151621084660292,-0.13622774183750153,0.033139593899250031,-0.1168799102306366,-0.11298694461584091,-0.04873117059469223,1.2726720571517944,0.24681365489959717,0
15639,0.5092659592628479,0.0017517793457955122,-0.1373610645532608,0.020746858790516853,-0.17243283987045288,0.000341725506586954,0,-0.0025151621084660292,0.17001393437385559,-0.010590010322630405,-0.002382779261097312,0.36768776178359985,-0.041458636522293091,1.2726720571517944,1.9757394790649414,0
4926,-0.56405293941497803,0.0042446856386959553,0.034544035792350769,-0.0090055782347917557,-0.10727169364690781,-0.00033248963882215321,0,-0.0025151621084660292,-0.13622774183750153,0.033139593899250031,-0.1168799102306366,-0.11298694461584091,-0.04873117059469223,1.2726720571517944,0.2465970367193222,0
883,-0.2999957799911499,0.0042446856386959553,0.045661002397537231,0.012263394892215729,-0.12788720428943634,-0.00033248963882215321,0,-0.0025151621084660292,0.19709916412830353,-0.010590010322630405,-0.11332941055297852,-0.017894638702273369,-0.04873117059469223,1.2726720571517944,0.91066521406173706,0
18565,-0.57561492919921875,0.0042446856386959553,0.031760755926370621,0.0048820739611983299,-0.10727169364690781,0.000341725506586954,0,-0.0025151621084660292,-0.13622774183750153,0.033139593899250031,-0.1168799102306366,-0.11298694461584091,-0.04873117059469223,1.2726720571517944,0.24681365489959717,0
7390,-0.56472718715667725,0.0042446856386959553,0.034544035792350769,-0.0090055782347917557,-0.10727169364690781,0.000341725506586954,0,-0.0025151621084660292,-0.13622774183750153,0.033139593899250031,-0.1168799102306366,-0.11298694461584091,-0.04873117059469223,1.2726720571517944,0.2465970367193222,0
6357,0.22798144817352295,0.0042446856386959553,0.048985611647367477,-0.038270097225904465,-0.11911933869123459,0.000341725506586954,0,-0.0025151621084660292,-0.050112128257751465,0.033139593899250031,-0.1168799102306366,-0.03177889809012413,-0.033671751618385315,1.2726720571517944,1.1950162649154663,1
19888,-0.5777239203453064,0.0042446856386959553,0.034544035792350769,0.0048820739611983299,-0.10727169364690781,-0.00033248963882215321,0,-0.0025151621084660292,-0.13622774183750153,0.033139593899250031,-0.1168799102306366,-0.11298694461584091,-0.04873117059469223,1.2726720571517944,0.24681365489959717,3
1462,-0.56017130613327026,0.0017517793457955122,0.040775168687105179,-0.0090055782347917557,-0.10727169364690781,0.000341725506586954,0,-0.0025151621084660292,-0.14418944716453552,0.033139593899250031,-0.1168799102306366,-0.030782463029026985,-0.04873117059469223,1.2726720571517944,0.32913407683372498,0
10599,-0.56405293941497803,0.0042446856386959553,0.034544035792350769,-0.0090055782347917557,-0.10727169364690781,-0.00033248963882215321,0,-0.0025151621084660292,-0.13622774183750153,0.033139593899250031,-0.1168799102306366,-0.11298694461584091,-0.04873117059469223,1.2726720571517944,0.2465970367193222,0
2028,-0.56477320194244385,0.0042446856386959553,0.043558452278375626,-0.0090055782347917557,-0.10727169364690781,-0.00033248963882215321,0,-0.0025151621084660292,-0.14418944716453552,0.033139593899250031,-0.1168799102306366,-0.030782463029026985,-0.04873117059469223,1.2726720571517944,0.32913407683372498,1
9801,-0.65275835990905762,0.0042446856386959553,0.041352849453687668,0.0048820739611983299,0.87974697351455688,0.000341725506586954,0,-0.0025151621084660292,-0.4185330867767334,0.033139593899250031,-0.10630147159099579,-0.11265362054109573,-0.036113038659095764,1.2726720571517944,0.90750592947006226,0
12970,-0.52429962158203125,0.0042446856386959553,0.06329057365655899,0.0048820739611983299,-0.10131298750638962,-0.00033248963882215321,0,-0.0020449119620025158,-0.16711758077144623,0.033139593899250031,-0.11311493813991547,1.9326241016387939,-0.026749555021524429,1.2726720571517944,2.3758797645568848,1
4583,-0.51902353763580322,-0.010247066617012024,0.055124353617429733,0.0048820739611983299,-0.10330671817064285,-0.00033248963882215321,0,-0.0024085133336484432,-0.16711758077144623,0.033139593899250031,-0.058120429515838623,2.27376389503479,-0.026749555021524429,1.2726720571517944,2.752272367477417,0
11305,0.51131492853164673,-0.010247066617012024,-0.41682833433151245,0.020746858790516853,-0.12585343420505524,-0.00033248963882215321,0,-0.0028787634801119566,0.16712278127670288,-0.010590010322630405,-0.0013954904861748219,0.36760711669921875,-0.041827384382486343,1.2726720571517944,1.7295114994049072,2
5112,-0.56472718715667725,0.0042446856386959553,0.034544035792350769,-0.0090055782347917557,-0.10727169364690781,0.000341725506586954,0,-0.0025151621084660292,-0.13622774183750153,0.033139593899250031,-0.1168799102306366,-0.11298694461584091,-0.04873117059469223,1.2726720571517944,0.2465970367193222,1
11408,-0.46834191679954529,0.0017517793457955122,-0.44249480962753296,0.0048820739611983299,-0.10694583505392075,-0.00033248963882215321,0,-0.0025151621084660292,-0.091376304626464844,-0.010590010322630405,-0.10722272098064423,1.8665916919708252,0.1977543979883194,1.2726720571517944,2.1138312816619873,0
9483,0.25632217526435852,0.0042446856386959553,0.036672335118055344,-0.038270097225904465,-0.13069380819797516,-0.00033248963882215321,0,-0.0025151621084660292,0.17017810046672821,-0.010590010322630405,-0.0088072316721081734,-0.11868707835674286,0.59964162111282349,1.2726720571517944,2.0298326015472412,3
12103,0.27150043845176697,-0.010247066617012024,0.055953420698642731,0.020746858790516853,-0.14097459614276886,-0.00033248963882215321,0,-0.0028787634801119566,-0.041370119899511337,0.033139593899250031,0.75163829326629639,-0.028293302282691002,-0.033671751618385315,1.2726720571517944,2.1478812694549561,1
7393,0.54883408546447754,-0.0051443376578390598,0.059695389121770859,0.020746858790516853,-0.16374632716178894,-0.00033248963882215321,0,0.045584503561258316,0.17693169414997101,0.015653662383556366,-0.015877509489655495,0.034984253346920013,0.59964162111282349,1.2726720571517944,2.5896415710449219,1
5082,0.26477256417274475,0.0017517793457955122,0.057427685707807541,0.020746858790516853,-0.12879662215709686,-0.00033248963882215321,0,-0.0025151621084660292,0.17418977618217468,0.033139593899250031,-0.11247396469116211,0.023909876123070717,-0.033671751618385315,1.2726720571517944,1.5708193778991699,1
984,0.5119636058807373,0.0042446856386959553,0.060210965573787689,-0.038270097225904465,-0.16143438220024109,-0.00033248963882215321,0,-0.0025151621084660292,0.0068991980515420437,0.033139593899250031,-0.01122250035405159,0.039583534002304077,-0.033671751618385315,1.2726720571517944,1.6812666654586792,0
11745,-0.55189919471740723,-0.010247066617012024,-0.33061537146568298,-0.0090055782347917557,-0.067622646689414978,0.000341725506586954,0,-0.0028787634801119566,-0.13354381918907166,0.033139593899250031,-0.11098770797252655,-0.079139716923236847,-0.042436283081769943,1.2726720571517944,-0.032222513109445572,1
12106,-0.56504321098327637,0.0042446856386959553,0.037868637591600418,-0.0090055782347917557,-0.10727169364690781,0.000341725506586954,0,-0.0025151621084660292,-0.13622774183750153,0.033139593899250031,-0.1168799102306366,-0.11298694461584091,-0.033671751618385315,1.2726720571517944,0.26466509699821472,0
4964,-0.52656769752502441,0.0042446856386959553,-0.06569894403219223,0.0048820739611983299,-0.12249726057052612,-0.00033248963882215321,0,-0.0025151621084660292,0.17531885206699371,-0.010590010322630405,-0.10842449218034744,-0.086547456681728363,0.17035463452339172,1.2726720571517944,0.70429950952529907,0
16699,0.53668510913848877,-0.0051443376578390598,0.060210965573787689,0.020746858790516853,-0.16143438220024109,0.000341725506586954,0,0.045584503561258316,0.16151921451091766,0.033139593899250031,-0.015213433653116226,0.35115724802017212,-0.033671751618385315,1.2726720571517944,2.2665920257568359,0
4086,-0.57803994417190552,0.0042446856386959553,0.037868637591600418,0.0048820739611983299,-0.10727169364690781,-0.00033248963882215321,0,-0.0025151621084660292,-0.13622774183750153,0.033139593899250031,-0.1168799102306366,-0.11298694461584091,-0.033671751618385315,1.2726720571517944,0.26488170027732849,0
15905,-0.28735479712486267,0.0017517793457955122,0.046202331781387329,0.012263394892215729,-0.1332566887140274,0.000341725506586954,0,-0.0025151621084660292,-0.046618413180112839,-0.010590010322630405,0.35718515515327454,-0.032496295869350433,-0.033671751618385315,1.2726720571517944,1.1439125537872314,1
4783,-0.56675624847412109,0.0042446856386959553,0.060166738927364349,-0.0090055782347917557,-0.099732115864753723,0.000341725506586954,0,-0.0025151621084660292,0.17418977618217468,0.033139593899250031,-0.11247396469116211,0.023249095305800438,-0.04873117059469223,1.2726720571517944,0.7287900447845459,0
12993,-0.57593095302581787,0.0042446856386959553,0.035085365176200867,0.0048820739611983299,-0.10727169364690781,0.000341725506586954,0,-0.0025151621084660292,-0.13622774183750153,0.033139593899250031,-0.1168799102306366,-0.11298694461584091,-0.033671751618385315,1.2726720571517944,0.26488170027732849,0
12021,0.69114911556243896,0.0042446856386959553,0.057427685707807541,-0.038270097225904465,-0.17667472362518311,0.000341725506586954,0,-0.0025151621084660292,-0.07518564909696579,-0.010590010322630405,-0.010838202200829983,0.31047016382217407,-0.027527309954166412,1.2726720571517944,1.9947032928466797,1
3774,-0.57839816808700562,0.0042446856386959553,0.034544035792350769,0.0048820739611983299,-0.10727169364690781,0.000341725506586954,0,-0.0025151621084660292,-0.13622774183750153,0.033139593899250031,-0.1168799102306366,-0.11298694461584091,-0.04873117059469223,1.2726720571517944,0.24681365489959717,0
14452,-0.57844418287277222,0.0042446856386959553,0.043558452278375626,0.0048820739611983299,-0.10727169364690781,-0.00033248963882215321,0,-0.0025151621084660292,-0.14418944716453552,0.033139593899250031,-0.1168799102306366,-0.030782463029026985,-0.04873117059469223,1.2726720571517944,0.32935068011283875,0
5803,-0.52993279695510864,0.0017517793457955122,0.035085365176200867,0.0048820739611983299,-0.12058810144662857,0.000341725506586954,0,-0.0025151621084660292,-0.063170298933982849,-0.010590010322630405,-0.012357729487121105,-0.11261917650699615,0.17814153432846069,1.2726720571517944,0.64110171794891357,0
80,0.27036631107330322,0.0042446856386959553,0.066818997263908386,-0.038270097225904465,0.72129589319229126,0.000341725506586954,0,-0.0020449119620025158,-0.44782933592796326,0.033139593899250031,0.015929672867059708,1.8727226257324219,0.17711243033409119,1.2726720571517944,3.9464983940124512,0
3518,-0.56472718715667725,0.0042446856386959553,0.034544035792350769,-0.0090055782347917557,-0.10727169364690781,0.000341725506586954,0,-0.0025151621084660292,-0.13622774183750153,0.033139593899250031,-0.1168799102306366,-0.11298694461584091,-0.04873117059469223,1.2726720571517944,0.2465970367193222,1
962,0.19714725017547607,0.0042446856386959553,0.052302803844213486,0.020746858790516853,-0.26728782057762146,-0.00033248963882215321,0,-0.0015787829179316759,0.42134365439414978,0.015653662383556366,0.71924334764480591,-0.12724035978317261,-0.047174803912639618,1.2726720571517944,2.2597384452819824,1
6183,-0.5777239203453064,0.0042446856386959553,0.034544035792350769,0.0048820739611983299,-0.10727169364690781,-0.00033248963882215321,0,-0.0025151621084660292,-0.13622774183750153,0.033139593899250031,-0.1168799102306366,-0.11298694461584091,-0.04873117059469223,1.2726720571517944,0.24681365489959717,0
1965,0.28918695449829102,0.0042446856386959553,0.063695169985294342,-0.038270097225904465,0.54604840278625488,0.000341725506586954,0,-0.0025151621084660292,-0.18925391137599945,-0.010590010322630405,-0.10317802429199219,0.51880323886871338,-0.04394405335187912,1.2726720571517944,2.3072390556335449,2
15469,-0.57936787605285645,0.0042446856386959553,0.060166738927364349,0.0048820739611983299,0.20081411302089691,0.000341725506586954,0,-0.0025151621084660292,-0.1659538745880127,0.033139593899250031,-0.015816256403923035,0.019163003191351891,-0.044607624411582947,1.2726720571517944,0.78716379404067993,4
19355,-0.53262877464294434,0.0017517793457955122,0.063491351902484894,0.0048820739611983299,-0.079245820641517639,-0.00033248963882215321,0,-0.0025151621084660292,-0.14418944716453552,-0.010590010322630405,-0.11602447926998138,0.018886284902691841,-0.033671751618385315,1.2726720571517944,0.44248601794242859,1
9832,-0.56405293941497803,0.0042446856386959553,0.034544035792350769,-0.0090055782347917557,-0.10727169364690781,-0.00033248963882215321,0,-0.0025151621084660292,-0.13622774183750153,0.033139593899250031,-0.1168799102306366,-0.11298694461584091,-0.04873117059469223,1.2726720571517944,0.2465970367193222,0
19792,2.3713467121124268,-0.010247066617012024,0.053011145442724228,0.020746858790516853,0.82080864906311035,-0.00033248963882215321,0,-0.0028787634801119566,0.098528288304805756,-0.010590010322630405,0.018894422799348831,-0.013054002076387405,-0.017575746402144432,1.2726720571517944,4.6013321876525879,8
6750,-0.53226673603057861,-0.010247066617012024,0.034544035792350769,0.0048820739611983299,-0.10727169364690781,0.000341725506586954,0,-0.0028787634801119566,-0.13622774183750153,-0.010590010322630405,-0.1168799102306366,-0.11289589107036591,-0.04873117059469223,1.2726720571517944,0.23445123434066772,2
13157,-0.56405293941497803,0.0042446856386959553,0.034544035792350769,-0.0090055782347917557,-0.10727169364690781,-0.00033248963882215321,0,-0.0025151621084660292,-0.13622774183750153,0.033139593899250031,-0.1168799102306366,-0.11298694461584091,-0.04873117059469223,1.2726720571517944,0.2465970367193222,0
12377,-0.57876020669937134,0.0042446856386959553,0.058108411729335785,0.0048820739611983299,-0.10727169364690781,-0.00033248963882215321,0,-0.0025151621084660292,-0.14418944716453552,0.033139593899250031,-0.11602447926998138,0.018461892381310463,-0.033671751618385315,1.2726720571517944,0.40874385833740234,0
8452,-0.57633519172668457,0.0042446856386959553,0.040775168687105179,0.0048820739611983299,-0.10727169364690781,0.000341725506586954,0,-0.0025151621084660292,-0.14418944716453552,0.033139593899250031,-0.1168799102306366,-0.030782463029026985,-0.04873117059469223,1.2726720571517944,0.32935068011283875,0
3155,-0.34194073081016541,0.0017517793457955122,-0.1373610645532608,0.012263394892215729,-0.12924252450466156,-0.00033248963882215321,0,-0.0025151621084660292,0.17418977618217468,0.033139593899250031,-0.10756905376911163,-0.03123302198946476,-0.041458636522293091,1.2726720571517944,0.70236474275588989,0
16968,0.27926775813102722,-0.010247066617012024,0.048985611647367477,0.020746858790516853,-0.13802488148212433,0.000341725506586954,0,-0.0028787634801119566,0.17418977618217468,0.015653662383556366,-0.0088072316721081734,-0.025057760998606682,-0.033671751618385315,1.2726720571517944,1.5931689739227295,3
18379,-0.56688904762268066,0.0042446856386959553,0.039926975965499878,-0.0090055782347917557,0.26940500736236572,0.000341725506586954,0,-0.0025151621084660292,-0.28014186024665833,0.033139593899250031,-0.10952760279178619,-0.11256256699562073,-0.044607624411582947,1.2726720571517944,0.49448150396347046,1
17063,-0.57839816808700562,0.0042446856386959553,0.034544035792350769,0.0048820739611983299,-0.10727169364690781,0.000341725506586954,0,-0.0025151621084660292,-0.13622774183750153,0.033139593899250031,-0.1168799102306366,-0.11298694461584091,-0.04873117059469223,1.2726720571517944,0.24681365489959717,0
18241,-0.56603598594665527,0.0042446856386959553,0.034544035792350769,-0.0090055782347917557,-0.12775799632072449,0.000341725506586954,0,-0.0025151621084660292,0.17753800749778748,0.033139593899250031,-0.11332941055297852,-0.12762196362018585,-0.04873117059469223,1.2726720571517944,0.52748358249664307,1
17811,-0.57841837406158447,0.0042446856386959553,0.054783802479505539,0.0048820739611983299,-0.10727169364690781,0.000341725506586954,0,-0.0025151621084660292,-0.14418944716453552,0.033139593899250031,-0.1157446950674057,0.070230953395366669,-0.04873117059469223,1.2726720571517944,0.4434245228767395,2
17581,4.7438130378723145,0.053790222853422165,0.14451418817043304,0.020746858790516853,0.87230342626571655,-0.0068365330807864666,0,0.014119932428002357,0.17612214386463165,0.35160243511199951,0.025450456887483597,0.087772063910961151,-0.0053426874801516533,1.2726720571517944,7.7507286071777344,3
1918,0.18480572104454041,0.0042446856386959553,0.039971195161342621,0.020746858790516853,-0.12788720428943634,0.000341725506586954,0,-0.0025151621084660292,0.17030028998851776,0.015653662383556366,-0.11332941055297852,-0.1212373822927475,-0.033671751618385315,1.2726720571517944,1.310093879699707,5
14223,-0.55511242151260376,0.0042446856386959553,-0.39845222234725952,-0.0090055782347917557,-0.067622646689414978,0.000341725506586954,0,-0.0025151621084660292,-0.14150552451610565,0.033139593899250031,-0.11013226956129074,-0.035767558962106705,-0.042436283081769943,1.2726720571517944,-0.052151244133710861,0
12367,-0.57839816808700562,0.0042446856386959553,0.034544035792350769,0.0048820739611983299,-0.10727169364690781,0.000341725506586954,0,-0.0025151621084660292,-0.13622774183750153,0.033139593899250031,-0.1168799102306366,-0.11298694461584091,-0.04873117059469223,1.2726720571517944,0.24681365489959717,1
17676,0.49813136458396912,0.0042446856386959553,0.059695389121770859,-0.038270097225904465,-0.15406900644302368,0.000341725506586954,0,-0.0025151621084660292,-0.04851854220032692,0.033139593899250031,-0.01122250035405159,0.080140553414821625,0.59964162111282349,1.2726720571517944,2.2934086322784424,1
395,0.27215176820755005,-0.010247066617012024,0.052628815174102783,0.020746858790516853,-0.1511663943529129,0.000341725506586954,0,-0.0028787634801119566,0.16973789036273956,0.033139593899250031,0.5898209810256958,-0.015665804967284203,-0.04873117059469223,1.2726720571517944,2.1825482845306396,3
1530,-0.55576688051223755,0.0042446856386959553,-0.051148086786270142,-0.0090055782347917557,-0.10862700641155243,0.000341725506586954,0,-0.0025151621084660292,-0.13622774183750153,0.033139593899250031,-0.11197499930858612,-0.079059071838855743,-0.042067535221576691,1.2726720571517944,0.21400646865367889,0
10408,-0.57503175735473633,0.0042446856386959553,0.031760755926370621,0.0048820739611983299,-0.10727169364690781,-0.00033248963882215321,0,-0.0025151621084660292,-0.13622774183750153,0.033139593899250031,-0.1168799102306366,-0.11289589107036591,-0.04873117059469223,1.2726720571517944,0.24681365489959717,0
13735,-0.34082815051078796,-0.010247066617012024,0.039971195161342621,0.012263394892215729,-0.12127116322517395,-0.00033248963882215321,0,-0.0028787634801119566,0.1718938797712326,0.033139593899250031,-0.11332941055297852,-0.12038426101207733,0.17814153432846069,1.2726720571517944,0.99881100654602051,0
902,-0.11034867167472839,-0.0051443376578390598,0.075867176055908203,0.020746858790516853,-0.26728782057762146,-0.00033248963882215321,0,0.03082217276096344,0.42389437556266785,-0.010590010322630405,0.7093314528465271,0.37143963575363159,-0.032115384936332703,1.2726720571517944,2.4789535999298096,1
20221,-0.31547430157661438,0.0017517793457955122,-0.090186484158039093,0.012263394892215729,-0.26183450222015381,-0.00033248963882215321,0,-0.0015787829179316759,0.40388336777687073,0.015653662383556366,0.35110998153686523,-0.093417391180992126,-0.040511168539524078,1.2726720571517944,1.2539983987808228,4
2124,2.0405619144439697,0.0042446856386959553,-0.22058181464672089,0.020746858790516853,-0.50351041555404663,-0.00033248963882215321,0,-0.0015787829179316759,0.44142347574234009,0.015653662383556366,0.65114665031433105,-0.012615581974387169,0.085974983870983124,1.2726720571517944,3.7938041687011719,3
377,0.14216181635856628,0.0042446856386959553,0.062810622155666351,-0.038270097225904465,-0.093245290219783783,-0.00033248963882215321,0,-0.0025151621084660292,0.17406758666038513,0.033139593899250031,-0.11247396469116211,0.024243207648396492,0.17814153432846069,1.2726720571517944,1.6446429491043091,1
8062,-0.26714298129081726,-0.0051443376578390598,-0.13469354808330536,0.012263394892215729,0.65517681837081909,-0.00033248963882215321,0,0.038060501217842102,-0.37748795747756958,-0.010590010322630405,0.012908876873552799,1.681328296661377,0.31417804956436157,1.2726720571517944,3.1911966800689697,0
14187,0.57258391380310059,-0.0051443376578390598,-0.51408320665359497,0.020746858790516853,0.14194460213184357,0.000341725506586954,0,0.038060501217842102,0.049047026783227921,-0.010590010322630405,0.47556227445602417,1.8098840713500977,-0.024637211114168167,1.2726720571517944,3.8263871669769287,0
1455,-0.57876020669937134,0.0042446856386959553,0.058108411729335785,0.0048820739611983299,-0.10003555566072464,-0.00033248963882215321,0,-0.0025151621084660292,-0.14259585738182068,0.033139593899250031,-0.11602447926998138,0.018461892381310463,0.19898785650730133,1.2726720571517944,0.65023314952850342,1
15007,-0.56388193368911743,0.0042446856386959553,0.052000518888235092,-0.0090055782347917557,-0.12775799632072449,0.000341725506586954,0,-0.0025151621084660292,0.17418977618217468,0.033139593899250031,-0.11247396469116211,0.022824699059128761,-0.04873117059469223,1.2726720571517944,0.69504791498184204,0
9746,-0.56405293941497803,0.0042446856386959553,0.034544035792350769,-0.0090055782347917557,-0.10727169364690781,-0.00033248963882215321,0,-0.0025151621084660292,-0.13622774183750153,0.033139593899250031,-0.1168799102306366,-0.11298694461584091,-0.04873117059469223,1.2726720571517944,0.2465970367193222,0
4439,-0.56532734632492065,0.0042446856386959553,0.034544035792350769,-0.0090055782347917557,-0.1179758608341217,0.000341725506586954,0,-0.0025151621084660292,-0.064763881266117096,0.033139593899250031,-0.1168799102306366,-0.11298694461584091,-0.04873117059469223,1.2726720571517944,0.30675661563873291,0
9178,-0.28750467300415039,-0.0051443376578390598,-0.13787664473056793,0.012263394892215729,-0.12135755270719528,-0.00033248963882215321,0,0.045584503561258316,-0.069983623921871185,0.033139593899250031,-0.014523082412779331,-0.031036566942930222,0.5918547511100769,1.2726720571517944,1.2877548933029175,0
8372,-0.28358516097068787,0.0042446856386959553,0.036646585911512375,-0.02262132428586483,-0.10740090906620026,0.000341725506586954,0,-0.0025151621084660292,-0.13622774183750153,0.033139593899250031,-0.1168799102306366,-0.11289589107036591,-0.04873117059469223,1.2726720571517944,0.51618796586990356,0
724,-0.55341106653213501,-0.010247066617012024,-0.11898496747016907,-0.0090055782347917557,-0.10862700641155243,-0.00033248963882215321,0,-0.0028787634801119566,-0.14418944716453552,0.033139593899250031,-0.11111956089735031,-0.0355958491563797,-0.042067535221576691,1.2726720571517944,0.16935288906097412,1
8185,0.51190537214279175,0.0017517793457955122,0.037187911570072174,-0.038270097225904465,-0.15246808528900146,-0.00033248963882215321,0,-0.0025151621084660292,0.086405672132968903,0.033139593899250031,-0.022249132394790649,-0.11315472424030304,0.19898785650730133,1.2726720571517944,1.8130593299865723,0
8904,-0.57830727100372314,0.0042446856386959553,0.037868637591600418,0.0048820739611983299,-0.11811491101980209,0.000341725506586954,0,-0.0025151621084660292,0.084812082350254059,0.033139593899250031,-0.1168799102306366,-0.11491097509860992,-0.033671751618385315,1.2726720571517944,0.47356128692626953,2
1522,-0.56472718715667725,0.0042446856386959553,0.034544035792350769,-0.0090055782347917557,-0.10727169364690781,0.000341725506586954,0,0.014119932428002357,-0.13573910295963287,0.033139593899250031,-0.1168799102306366,-0.11298694461584091,-0.04873117059469223,1.2726720571517944,0.26372078061103821,0
15721,-0.56561625003814697,0.0017517793457955122,-0.36421751976013184,0.0048820739611983299,-0.067622646689414978,-0.00033248963882215321,0,-0.0025151621084660292,-0.14150552451610565,0.033139593899250031,-0.11098770797252655,-0.039551787078380585,-0.042436283081769943,1.2726720571517944,-0.022339541465044022,0
20770,-0.56472718715667725,0.0042446856386959553,0.034544035792350769,-0.0090055782347917557,-0.10727169364690781,0.000341725506586954,0,-0.0025151621084660292,-0.13622774183750153,0.033139593899250031,-0.1168799102306366,-0.11298694461584091,-0.04873117059469223,1.2726720571517944,0.2465970367193222,0
3290,-0.57839816808700562,0.0042446856386959553,0.034544035792350769,0.0048820739611983299,-0.10727169364690781,0.000341725506586954,0,-0.0025151621084660292,-0.13622774183750153,0.033139593899250031,-0.1168799102306366,-0.11298694461584091,-0.04873117059469223,1.2726720571517944,0.24681365489959717,1
5855,1.1367841958999634,-0.010247066617012024,-0.44693183898925781,0.020746858790516853,-0.18910567462444305,0.000341725506586954,0,-0.0028787634801119566,0.088276281952857971,0.015653662383556366,0.68344134092330933,-0.027786383405327797,-0.035682950168848038,1.2726720571517944,2.5052812099456787,2
9620,-0.57839816808700562,0.0042446856386959553,0.034544035792350769,0.0048820739611983299,-0.10727169364690781,0.000341725506586954,0,-0.0025151621084660292,-0.13622774183750153,0.033139593899250031,-0.1168799102306366,-0.11298694461584091,-0.04873117059469223,1.2726720571517944,0.24681365489959717,0
8324,-0.34978777170181274,0.0042446856386959553,0.036646585911512375,-0.02262132428586483,-0.10740090906620026,0.000341725506586954,0,-0.0025151621084660292,-0.13622774183750153,0.033139593899250031,-0.1168799102306366,-0.11289589107036591,-0.04873117059469223,1.2726720571517944,0.44998499751091003,0
9773,-0.56064522266387939,0.0042446856386959553,0.037868637591600418,0.0048820739611983299,-0.10727169364690781,-0.00033248963882215321,0,-0.0025151621084660292,-0.13622774183750153,0.015653662383556366,-0.1168799102306366,-0.11289589107036591,-0.033671751618385315,1.2726720571517944,0.26488170027732849,0
10487,0.54271435737609863,-0.010247066617012024,0.042570855468511581,0.020746858790516853,-0.14305165410041809,0.000341725506586954,0,-0.0028787634801119566,0.16858451068401337,0.033139593899250031,-0.0088072316721081734,-0.11829468607902527,-0.033671751618385315,1.2726720571517944,1.7638181447982788,1
4299,-0.56486427783966064,0.0042446856386959553,0.043558452278375626,-0.0090055782347917557,-0.10727169364690781,-0.00033248963882215321,0,-0.0025151621084660292,-0.14418944716453552,0.033139593899250031,-0.1168799102306366,-0.030691398307681084,-0.04873117059469223,1.2726720571517944,0.32913407683372498,0
4173,-0.35084441304206848,0.0042446856386959553,0.054349400103092194,-0.02262132428586483,-0.20487944781780243,-0.00033248963882215321,0,-0.0021764927078038454,0.41134506464004517,0.033139593899250031,-0.11322562396526337,-0.017894638702273369,-0.047174803912639618,1.2726720571517944,1.0166009664535522,1
549,-0.5777239203453064,0.0042446856386959553,0.034544035792350769,0.0048820739611983299,-0.10727169364690781,-0.00033248963882215321,0,-0.0025151621084660292,-0.13622774183750153,0.033139593899250031,-0.1168799102306366,-0.11298694461584091,-0.04873117059469223,1.2726720571517944,0.24681365489959717,0
6609,-0.56230884790420532,0.0042446856386959553,0.039926975965499878,0.0048820739611983299,0.26940500736236572,-0.00033248963882215321,0,-0.0025151621084660292,-0.28014186024665833,0.015653662383556366,-0.10952760279178619,-0.11265362054109573,-0.044607624411582947,1.2726720571517944,0.49469807744026184,0
9044,0.55202615261077881,0.0042446856386959553,0.037187911570072174,-0.038270097225904465,-0.15220604836940765,0.000341725506586954,0,-0.0025151621084660292,0.014860892668366432,-0.010590010322630405,-0.1168799102306366,-0.11419904232025146,-0.033671751618385315,1.2726720571517944,1.4129998683929443,0
18859,-0.56585454940795898,0.0042446856386959553,0.046883057802915573,-0.0090055782347917557,-0.10727169364690781,0.000341725506586954,0,-0.0025151621084660292,-0.14418944716453552,0.033139593899250031,-0.1168799102306366,-0.030691398307681084,-0.033671751618385315,1.2726720571517944,0.3472021222114563,0
15706,-0.54616016149520874,0.0042446856386959553,0.034544035792350769,-0.0090055782347917557,-0.12218290567398071,-0.00033248963882215321,0,-0.0025151621084660292,0.16300943493843079,0.015653662383556366,-0.11332941055297852,-0.12038426101207733,-0.04873117059469223,1.2726720571517944,0.52748358249664307,1
17383,-0.55873262882232666,0.0017517793457955122,0.054783802479505539,0.0048820739611983299,-0.12218290567398071,0.000341725506586954,0,-0.0025151621084660292,0.16689892113208771,0.015653662383556366,-0.11247396469116211,0.022915763780474663,-0.04873117059469223,1.2726720571517944,0.69526457786560059,0
11303,-0.57813102006912231,0.0042446856386959553,0.043251581490039825,0.0048820739611983299,-0.081256501376628876,-0.00033248963882215321,0,-0.0025151621084660292,-0.13421705365180969,0.033139593899250031,-0.1168799102306366,-0.11256256699562073,-0.033671751618385315,1.2726720571517944,0.29862385988235474,1
18632,-0.35482463240623474,0.0042446856386959553,0.063695169985294342,0.012263394892215729,0.83582562208175659,-0.00033248963882215321,0,-0.0025151621084660292,-0.4264947772026062,0.033139593899250031,-0.10544604063034058,0.018886284902691841,-0.036113038659095764,1.2726720571517944,1.3150005340576172,1
8113,-0.34246170520782471,0.0042446856386959553,0.036646585911512375,0.012263394892215729,-0.10740090906620026,0.000341725506586954,0,-0.0025151621084660292,-0.13622774183750153,0.033139593899250031,-0.1168799102306366,-0.11289589107036591,-0.04873117059469223,1.2726720571517944,0.492195725440979,0
6565,0.27226600050926208,-0.010247066617012024,0.043614398688077927,0.020746858790516853,-0.14086975157260895,0.000341725506586954,0,-0.0028787634801119566,-0.056021846830844879,0.033139593899250031,0.75163829326629639,-0.11251428723335266,-0.04873117059469223,1.2726720571517944,2.0231549739837646,2
10856,-0.57839816808700562,0.0042446856386959553,0.034544035792350769,0.0048820739611983299,-0.10727169364690781,0.000341725506586954,0,-0.0025151621084660292,-0.13622774183750153,0.033139593899250031,-0.1168799102306366,-0.11298694461584091,-0.04873117059469223,1.2726720571517944,0.24681365489959717,0
5205,-0.30610427260398865,0.0042446856386959553,0.045661002397537231,-0.02262132428586483,-0.10740090906620026,-0.00033248963882215321,0,-0.0025151621084660292,-0.14418944716453552,-0.010590010322630405,-0.1168799102306366,-0.030691398307681084,-0.04873117059469223,1.2726720571517944,0.53252232074737549,0
6830,-0.57244771718978882,0.0017517793457955122,0.031760755926370621,0.0048820739611983299,-0.10727169364690781,-0.00033248963882215321,0,-0.0025151621084660292,-0.13622774183750153,0.033139593899250031,-0.1168799102306366,-0.11298694461584091,-0.04873117059469223,1.2726720571517944,0.24681365489959717,0
18528,0.77673757076263428,0.0017517793457955122,0.048985611647367477,0.020746858790516853,-0.18472674489021301,-0.00033248963882215321,0,-0.0025151621084660292,0.17418977618217468,-0.010590010322630405,-0.018698632717132568,-0.015100330114364624,-0.033671751618385315,1.2726720571517944,2.029447078704834,2
19141,-0.32967862486839294,-0.0051443376578390598,0.045334987342357635,-0.02262132428586483,-0.25466078519821167,-0.00033248963882215321,0,0.03082217276096344,0.4341546893119812,0.015653662383556366,-0.016575023531913757,-0.12726792693138123,-0.047174803912639618,1.2726720571517944,0.99518322944641113,3
2536,-0.33944213390350342,-0.010247066617012024,-0.12623514235019684,0.012263394892215729,-0.13289572298526764,-0.00033248963882215321,0,-0.0028787634801119566,0.16689892113208771,0.033139593899250031,-0.0027670760173350573,-0.014928999356925488,-0.042067535221576691,1.2726720571517944,0.81317985057830811,2
2952,4.4961385726928711,-0.018118787556886673,-1.0852705240249634,0.020746858790516853,2.704387903213501,-0.0068365330807864666,0,-0.0019423842895776033,1.6981785297393799,-0.2413008064031601,0.37348797917366028,0.21852220594882965,0.045496806502342224,1.2726720571517944,9.4761686325073242,3
709,-0.56436896324157715,0.0042446856386959553,0.037868637591600418,-0.0090055782347917557,-0.10727169364690781,-0.00033248963882215321,0,-0.0025151621084660292,-0.13622774183750153,0.033139593899250031,-0.1168799102306366,-0.11298694461584091,-0.033671751618385315,1.2726720571517944,0.26466509699821472,0
9230,-0.57839816808700562,0.0042446856386959553,0.034544035792350769,0.0048820739611983299,-0.10727169364690781,0.000341725506586954,0,-0.0025151621084660292,-0.13622774183750153,0.033139593899250031,-0.1168799102306366,-0.11298694461584091,-0.04873117059469223,1.2726720571517944,0.24681365489959717,0
5637,0.49523338675498962,-0.010247066617012024,-0.4954645037651062,0.020746858790516853,-0.10210833698511124,0.000341725506586954,0,-0.0052058296278119087,0.18103602528572083,0.015653662383556366,1.405788779258728,1.8220887184143066,0.1977543979883194,1.2726720571517944,4.7982892990112305,1
17119,0.17611300945281982,0.0006732845795340836,0.046202331781387329,0.020746858790516853,-0.12788720428943634,-0.00033248963882215321,0,0.039766881614923477,0.17362232506275177,0.033139593899250031,-0.12125512957572937,-0.025257151573896408,-0.033671751618385315,1.2726720571517944,1.454531192779541,0
15956,-0.57803994417190552,0.0042446856386959553,0.037868637591600418,0.0048820739611983299,-0.10727169364690781,-0.00033248963882215321,0,-0.0025151621084660292,-0.13622774183750153,0.033139593899250031,-0.1168799102306366,-0.11298694461584091,-0.033671751618385315,1.2726720571517944,0.26488170027732849,1
14814,0.25846317410469055,0.0042446856386959553,0.060210965573787689,0.020746858790516853,-0.10831032693386078,-0.00033248963882215321,0,-0.0025151621084660292,-0.14418944716453552,0.033139593899250031,-0.11602447926998138,0.021797934547066689,-0.033671751618385315,1.2726720571517944,1.2662303447723389,2
11332,-0.29644531011581421,-0.010247066617012024,0.04865960031747818,0.012263394892215729,-0.3525337278842926,0.000341725506586954,0,-0.0019423842895776033,0.62783658504486084,-0.010590010322630405,-0.11317147314548492,-0.14915852248668671,-0.032115384936332703,1.2726720571517944,0.9955708384513855,1
17781,-0.5626642107963562,0.0042446856386959553,0.040775168687105179,-0.0090055782347917557,-0.10727169364690781,0.000341725506586954,0,-0.0025151621084660292,-0.14418944716453552,0.033139593899250031,-0.1168799102306366,-0.030782463029026985,-0.04873117059469223,1.2726720571517944,0.32913407683372498,0
6925,0.15509206056594849,0.0042446856386959553,0.048985611647367477,-0.038270097225904465,-0.11810507625341415,0.000341725506586954,0,-0.0025151621084660292,-0.072725586593151093,0.015653662383556366,-0.1168799102306366,-0.02969728596508503,-0.033671751618385315,1.2726720571517944,1.0851231813430786,0
8342,-0.57839816808700562,0.0042446856386959553,0.034544035792350769,0.0048820739611983299,-0.10727169364690781,0.000341725506586954,0,-0.0025151621084660292,-0.13622774183750153,0.033139593899250031,-0.1168799102306366,-0.11298694461584091,-0.04873117059469223,1.2726720571517944,0.24681365489959717,0
1661,-0.53512167930603027,0.0042446856386959553,0.058108411729335785,0.0048820739611983299,-0.10727169364690781,-0.00033248963882215321,0,-0.0025151621084660292,-0.14418944716453552,-0.010590010322630405,-0.11602447926998138,0.018552957102656364,-0.033671751618385315,1.2726720571517944,0.40874385833740234,1
7421,-0.56364601850509644,0.0042446856386959553,0.034544035792350769,-0.0090055782347917557,-0.12218290567398071,-0.00033248963882215321,0,-0.0025151621084660292,0.16300943493843079,0.033139593899250031,-0.11332941055297852,-0.12038426101207733,-0.04873117059469223,1.2726720571517944,0.52748358249664307,0
1605,-0.57352906465530396,-0.010247066617012024,0.035085365176200867,0.0048820739611983299,-0.10928237438201904,0.000341725506586954,0,-0.0028787634801119566,-0.13421705365180969,0.033139593899250031,-0.1168799102306366,-0.11289589107036591,-0.033671751618385315,1.2726720571517944,0.25251922011375427,0
19802,-0.56405293941497803,0.0042446856386959553,0.034544035792350769,-0.0090055782347917557,-0.10727169364690781,-0.00033248963882215321,0,-0.0025151621084660292,-0.13622774183750153,0.033139593899250031,-0.1168799102306366,-0.11298694461584091,-0.04873117059469223,1.2726720571517944,0.2465970367193222,0
14771,-0.51156353950500488,0.0042446856386959553,0.069699905812740326,0.012263394892215729,1.2115330696105957,0.000341725506586954,0,-0.0025151621084660292,0.082515932619571686,0.033139593899250031,-0.31388550996780396,-0.025995256379246712,-0.020875750109553337,1.2726720571517944,1.8115746974945068,0
3894,-0.57920950651168823,0.0042446856386959553,0.043558452278375626,0.0048820739611983299,-0.10727169364690781,0.000341725506586954,0,-0.0025151621084660292,-0.14418944716453552,0.033139593899250031,-0.1168799102306366,-0.030691398307681084,-0.04873117059469223,1.2726720571517944,0.32935068011283875,0
659,-0.56472718715667725,0.0042446856386959553,0.034544035792350769,-0.0090055782347917557,-0.10727169364690781,0.000341725506586954,0,-0.0025151621084660292,-0.13622774183750153,0.033139593899250031,-0.1168799102306366,-0.11298694461584091,-0.04873117059469223,1.2726720571517944,0.2465970367193222,0
20254,0.77545410394668579,-0.010247066617012024,0.037187911570072174,0.020746858790516853,-0.16111530363559723,-0.00033248963882215321,0,-0.0028787634801119566,-0.13622774183750153,-0.010590010322630405,-0.012357729487121105,-0.10769733786582947,0.086061067879199982,1.2726720571517944,1.7506741285324097,1
5665,-0.56011390686035156,0.0017517793457955122,-0.16888460516929626,0.0048820739611983299,-0.13048228621482849,0.000341725506586954,0,-0.0025151621084660292,-0.1320224404335022,0.033139593899250031,0.69535976648330688,-0.038145359605550766,-0.041458636522293091,1.2726720571517944,0.93452489376068115,1
4754,-0.5777239203453064,0.0042446856386959553,0.034544035792350769,0.0048820739611983299,-0.10727169364690781,-0.00033248963882215321,0,-0.0025151621084660292,-0.13622774183750153,0.033139593899250031,-0.1168799102306366,-0.11298694461584091,-0.04873117059469223,1.2726720571517944,0.24681365489959717,1
866,4.0679693222045898,-0.013016058132052422,0.074610963463783264,0.020746858790516853,-0.33826804161071777,-0.0068365330807864666,0,0.045584503561258316,-0.177479088306427,0.35160243511199951,0.20843298733234406,0.075052626430988312,0.19385248422622681,1.2726720571517944,5.7749276161193848,1
1197,-0.56472718715667725,0.0042446856386959553,0.034544035792350769,-0.0090055782347917557,-0.10727169364690781,0.000341725506586954,0,-0.0025151621084660292,-0.13622774183750153,0.033139593899250031,-0.1168799102306366,-0.11298694461584091,-0.04873117059469223,1.2726720571517944,0.2465970367193222,0
7970,0.74470269680023193,0.0017517793457955122,0.04678000882267952,0.020746858790516853,0.51318216323852539,-0.00033248963882215321,0,-0.0025151621084660292,-0.029256159439682961,0.015653662383556366,-0.10469754040241241,-0.10965582728385925,-0.022740194573998451,1.2726720571517944,2.3462891578674316,2
7298,-0.55372273921966553,0.0017517793457955122,-0.20976971089839935,-0.0090055782347917557,-0.092313997447490692,-0.00033248963882215321,0,-0.0025151621084660292,-0.14076447486877441,0.033139593899250031,-0.11163543164730072,-0.039551787078380585,-0.042436283081769943,1.2726720571517944,0.10551620274782181,0
11681,-0.56330078840255737,0.0042446856386959553,0.055325128138065338,0.0048820739611983299,-0.10727169364690781,0.000341725506586954,0,-0.0025151621084660292,-0.14664949476718903,0.033139593899250031,-0.11536039412021637,0.36074569821357727,-0.033671751618385315,1.2726720571517944,0.76258194446563721,1
2488,-0.49418532848358154,0.0042446856386959553,0.066375292837619781,0.012263394892215729,1.8193656206130981,-0.00033248963882215321,0,-0.0025151621084660292,-0.17556121945381165,0.015653662383556366,-0.31213119626045227,-0.030358066782355309,-0.0359351746737957,1.2726720571517944,2.1395552158355713,3
5482,-0.57494068145751953,0.0042446856386959553,0.031760755926370621,0.0048820739611983299,-0.10727169364690781,-0.00033248963882215321,0,-0.0025151621084660292,-0.13622774183750153,0.033139593899250031,-0.1168799102306366,-0.11298694461584091,-0.04873117059469223,1.2726720571517944,0.24681365489959717,0
3004,0.19155475497245789,0.0042446856386959553,0.054103076457977295,-0.038270097225904465,-0.1429339200258255,0.000341725506586954,0,-0.0025151621084660292,0.16299489140510559,-0.010590010322630405,0.34690245985984802,0.024186590686440468,-0.04873117059469223,1.2726720571517944,1.8139587640762329,0
11247,1.1029288768768311,-0.010247066617012024,0.039971195161342621,0.020746858790516853,-0.20992635190486908,0.000341725506586954,0,-0.0028787634801119566,0.1718938797712326,0.033139593899250031,-0.11332941055297852,-0.11395928263664246,0.184285968542099,1.2726720571517944,2.3756370544433594,4
16900,-0.5759052038192749,-0.010247066617012024,0.034544035792350769,0.0048820739611983299,-0.10727169364690781,0.000341725506586954,0,-0.0028787634801119566,-0.13622774183750153,0.033139593899250031,-0.1168799102306366,-0.11298694461584091,-0.04873117059469223,1.2726720571517944,0.23445123434066772,0
3987,-0.55842602252960205,-0.010247066617012024,0.031760755926370621,-0.0090055782347917557,-0.11476985365152359,-0.00033248963882215321,0,-0.0028787634801119566,-0.13622774183750153,0.033139593899250031,-0.022249132394790649,-0.11261917650699615,-0.04873117059469223,1.2726720571517944,0.32208538055419922,0
2598,-0.56506365537643433,0.0042446856386959553,0.043232433497905731,-0.0090055782347917557,-0.20475023984909058,-0.00033248963882215321,0,-0.0021764927078038454,0.39178389310836792,0.033139593899250031,-0.11322562396526337,-0.12771302461624146,-0.047174803912639618,1.2726720571517944,0.67563146352767944,0
16730,-0.56472718715667725,0.0042446856386959553,0.034544035792350769,-0.0090055782347917557,-0.10727169364690781,0.000341725506586954,0,-0.0025151621084660292,-0.13622774183750153,0.033139593899250031,-0.1168799102306366,-0.11298694461584091,-0.04873117059469223,1.2726720571517944,0.2465970367193222,0
1224,0.26946988701820374,-0.010247066617012024,-0.14253266155719757,0.020746858790516853,-0.14236412942409515,0.000341725506586954,0,-0.0028787634801119566,0.096979036927223206,0.033139593899250031,0.69535976648330688,-0.080601491034030914,-0.041458636522293091,1.2726720571517944,1.9686242341995239,1
10723,-0.56481826305389404,0.0042446856386959553,0.034544035792350769,-0.0090055782347917557,-0.10727169364690781,0.000341725506586954,0,-0.0025151621084660292,-0.13622774183750153,0.033139593899250031,-0.1168799102306366,-0.11289589107036591,-0.04873117059469223,1.2726720571517944,0.2465970367193222,0
17978,-0.56472718715667725,0.0042446856386959553,0.034544035792350769,-0.0090055782347917557,-0.10727169364690781,0.000341725506586954,0,-0.0025151621084660292,-0.13622774183750153,0.033139593899250031,-0.1168799102306366,-0.11298694461584091,-0.04873117059469223,1.2726720571517944,0.2465970367193222,0
17511,0.56637895107269287,-0.010247066617012024,0.046939004212617874,0.020746858790516853,-0.18370455503463745,0.000341725506586954,0,-0.0028787634801119566,0.14293898642063141,0.015653662383556366,0.71908539533615112,-0.11766999959945679,-0.033671751618385315,1.2726720571517944,2.4365839958190918,1
20046,-0.57839816808700562,0.0042446856386959553,0.034544035792350769,0.0048820739611983299,-0.10727169364690781,0.000341725506586954,0,-0.0025151621084660292,-0.13622774183750153,0.033139593899250031,-0.1168799102306366,-0.11298694461584091,-0.04873117059469223,1.2726720571517944,0.24681365489959717,1
5271,-0.28595417737960815,0.0017517793457955122,0.046939004212617874,0.012263394892215729,-0.1497424840927124,-0.00033248963882215321,0,-0.0025151621084660292,0.14293898642063141,-0.010590010322630405,0.71908539533615112,-0.11914953589439392,-0.033671751618385315,1.2726720571517944,1.5936943292617798,0
4594,-0.57312196493148804,0.0017517793457955122,0.031760755926370621,0.0048820739611983299,-0.10727169364690781,0.000341725506586954,0,-0.0025151621084660292,-0.13622774183750153,0.033139593899250031,-0.1168799102306366,-0.11298694461584091,-0.04873117059469223,1.2726720571517944,0.24681365489959717,0
8918,0.19011016190052032,0.0017517793457955122,0.060210965573787689,0.020746858790516853,-0.11662919819355011,0.000341725506586954,0,-0.0025151621084660292,-0.14418944716453552,0.015653662383556366,-0.011502278968691826,0.019823780283331871,-0.033671751618385315,1.2726720571517944,1.2728017568588257,0
4458,-0.30569997429847717,0.0042446856386959553,0.039971195161342621,-0.02262132428586483,-0.10740090906620026,-0.00033248963882215321,0,-0.0025151621084660292,-0.13622774183750153,-0.010590010322630405,-0.1168799102306366,-0.11289589107036591,-0.033671751618385315,1.2726720571517944,0.46805304288864136,0
10797,-0.57844418287277222,0.0042446856386959553,0.043558452278375626,0.0048820739611983299,-0.10727169364690781,-0.00033248963882215321,0,-0.0025151621084660292,-0.14418944716453552,0.033139593899250031,-0.1168799102306366,-0.030782463029026985,-0.04873117059469223,1.2726720571517944,0.32935068011283875,1
16610,-0.56504321098327637,0.0042446856386959553,0.037868637591600418,-0.0090055782347917557,-0.10928237438201904,0.000341725506586954,0,-0.0025151621084660292,-0.13421705365180969,0.033139593899250031,-0.1168799102306366,-0.11298694461584091,-0.033671751618385315,1.2726720571517944,0.26466509699821472,0
18287,1.0291045904159546,-0.0051443376578390598,-0.52608275413513184,0.020746858790516853,-0.073873497545719147,0.000341725506586954,0,0.090341567993164062,-0.099144861102104187,-0.010590010322630405,1.5919458866119385,0.16333779692649841,0.58114856481552124,1.2726720571517944,4.0348010063171387,13
3201,-0.56472718715667725,0.0042446856386959553,0.034544035792350769,-0.0090055782347917557,-0.10727169364690781,0.000341725506586954,0,-0.0025151621084660292,-0.13622774183750153,0.033139593899250031,-0.1168799102306366,-0.11298694461584091,-0.04873117059469223,1.2726720571517944,0.2465970367193222,0
7384,-0.57971858978271484,0.0042446856386959553,0.054783802479505539,0.0048820739611983299,-0.1179758608341217,0.000341725506586954,0,-0.0025151621084660292,-0.072725586593151093,0.033139593899250031,-0.11602447926998138,0.018461892381310463,-0.04873117059469223,1.2726720571517944,0.45083537697792053,0
19548,-0.5517810583114624,0.0042446856386959553,0.062133941799402237,0.0048820739611983299,0.75356316566467285,0.000341725506586954,0,-0.0025151621084660292,-0.36318665742874146,0.015653662383556366,-0.010151172988116741,0.51808589696884155,-0.02105361595749855,1.2726720571517944,1.6828895807266235,1
15601,-0.57363694906234741,0.0042446856386959553,-0.11217614263296127,-0.0090055782347917557,0.77424740791320801,-0.00033248963882215321,0,-0.0025151621084660292,-0.36072659492492676,0.033139593899250031,-0.1005411222577095,-0.035262517631053925,-0.029449405148625374,1.2726720571517944,0.86065846681594849,1
12520,-0.30595284700393677,0.0042446856386959553,0.045334987342357635,-0.02262132428586483,-0.21237760782241821,-0.00033248963882215321,0,-0.0021764927078038454,0.39178389310836792,-0.010590010322630405,-0.018594838678836823,-0.1273452490568161,-0.047174803912639618,1.2726720571517944,0.96687078475952148,0
2,-0.56481826305389404,0.0042446856386959553,0.034544035792350769,-0.0090055782347917557,-0.10727169364690781,0.000341725506586954,0,-0.0025151621084660292,-0.13622774183750153,0.033139593899250031,-0.1168799102306366,-0.11289589107036591,-0.04873117059469223,1.2726720571517944,0.2465970367193222,0
17246,-0.55781382322311401,0.0042446856386959553,-0.12142247706651688,-0.0090055782347917557,-0.24180324375629425,0.000341725506586954,0,-0.0015787829179316759,0.46826621890068054,0.033139593899250031,-0.10741112381219864,-0.022890126332640648,0.079830549657344818,1.2726720571517944,0.79657042026519775,0
20191,-0.57631230354309082,-0.010247066617012024,0.037868637591600418,0.0048820739611983299,-0.10727169364690781,0.000341725506586954,0,-0.0028787634801119566,-0.13622774183750153,0.033139593899250031,-0.1168799102306366,-0.11289589107036591,-0.033671751618385315,1.2726720571517944,0.25251922011375427,0
3617,-0.5759052038192749,-0.010247066617012024,0.034544035792350769,0.0048820739611983299,-0.10727169364690781,0.000341725506586954,0,-0.0028787634801119566,-0.13622774183750153,0.033139593899250031,-0.1168799102306366,-0.11298694461584091,-0.04873117059469223,1.2726720571517944,0.23445123434066772,0
5501,-0.57943445444107056,0.0042446856386959553,0.046883057802915573,0.0048820739611983299,-0.10003555566072464,0.000341725506586954,0,-0.0025151621084660292,-0.14259585738182068,0.033139593899250031,-0.1168799102306366,-0.030782463029026985,0.19898785650730133,1.2726720571517944,0.58890801668167114,0
4470,-0.56504052877426147,0.0042446856386959553,0.043558452278375626,-0.0090055782347917557,-0.11811491101980209,0.000341725506586954,0,-0.0025151621084660292,0.16283093392848969,0.033139593899250031,-0.11332941055297852,-0.026328587904572487,-0.04873117059469223,1.2726720571517944,0.63372278213500977,0
1394,4.0593805313110352,-0.018118787556886673,-0.19256338477134705,0.020746858790516853,-0.37612190842628479,0.007026436273008585,0,-0.0028787634801119566,0.15987452864646912,0.35160243511199951,0.0044913040474057198,0.2831401526927948,0.20691192150115967,1.2726720571517944,5.7761650085449219,3
5397,-0.57844418287277222,0.0042446856386959553,0.054783802479505539,0.0048820739611983299,-0.10727169364690781,-0.00033248963882215321,0,-0.0025151621084660292,-0.14418944716453552,0.033139593899250031,-0.11602447926998138,0.018461892381310463,-0.04873117059469223,1.2726720571517944,0.39067581295967102,0
3756,-0.57839816808700562,0.0042446856386959553,0.034544035792350769,0.0048820739611983299,-0.10727169364690781,0.000341725506586954,0,-0.0025151621084660292,-0.13622774183750153,0.033139593899250031,-0.1168799102306366,-0.11298694461584091,-0.04873117059469223,1.2726720571517944,0.24681365489959717,0
13302,0.49008223414421082,-0.0051443376578390598,-0.18010519444942474,0.020746858790516853,-0.3026052713394165,-0.00033248963882215321,0,0.024345044046640396,0.43037155270576477,0.015653662383556366,0.6530529260635376,0.37365105748176575,-0.039902269840240479,1.2726720571517944,2.7524857521057129,4
20493,4.0237240791320801,-0.013016058132052422,-0.24950890243053436,0.020746858790516853,-0.39144867658615112,-0.0068365330807864666,0,0.045584503561258316,0.138271763920784,0.35160243511199951,0.72539758682250977,0.049759034067392349,0.20691192150115967,1.2726720571517944,6.1738648414611816,5
4951,-0.34801515936851501,0.0042446856386959553,0.042551711201667786,-0.02262132428586483,-0.24543240666389465,0.000341725506586954,0,-0.0015787829179316759,0.4487050473690033,0.033139593899250031,-0.11317147314548492,-0.12762196362018585,-0.047174803912639618,1.2726720571517944,0.89603972434997559,0
970,-0.52457040548324585,0.0017517793457955122,-0.11029656976461411,0.0048820739611983299,-0.21533384919166565,0.000341725506586954,0,-0.0021764927078038454,0.41134506464004517,-0.010590010322630405,-0.0029430596623569727,-0.022522347047924995,-0.040511168539524078,1.2726720571517944,0.76204937696456909,0
1640,-0.34889382123947144,0.0042446856386959553,0.056886356323957443,-0.02262132428586483,-0.12981028854846954,-0.00033248963882215321,0,-0.0025151621084660292,0.16689892113208771,0.033139593899250031,-0.017843183130025864,0.023192478343844414,-0.04873117059469223,1.2726720571517944,0.98628693819046021,0
11791,1.086538553237915,0.0042446856386959553,-0.069524183869361877,-0.038270097225904465,-0.21988986432552338,0.000341725506586954,0,-0.0025151621084660292,0.1718938797712326,0.015653662383556366,-0.0039023056160658598,-0.079754695296287537,0.19734540581703186,1.2726720571517944,2.3348302841186523,2
11041,-0.30282282829284668,0.0042446856386959553,0.048260662704706192,-0.02262132428586483,-0.090218253433704376,-0.00033248963882215321,0,-0.0025151621084660292,0.076850377023220062,-0.010590010322630405,-0.1168799102306366,-0.032373152673244476,-0.04873117059469223,1.2726720571517944,0.77494418621063232,0
6715,0.74266725778579712,0.0017517793457955122,0.069237105548381805,0.020746858790516853,-0.17157259583473206,0.000341725506586954,0,-0.0025151621084660292,0.14682850241661072,0.015653662383556366,0.58717048168182373,0.031929418444633484,-0.053989272564649582,1.2726720571517944,2.660921573638916,2
4268,-0.57516020536422729,-0.010247066617012024,0.054783802479505539,0.0048820739611983299,-0.10928237438201904,-0.00033248963882215321,0,-0.0028787634801119566,-0.14217877388000488,0.033139593899250031,-0.1157446950674057,0.070139899849891663,-0.04873117059469223,1.2726720571517944,0.43106204271316528,0
14188,-0.56472718715667725,0.0042446856386959553,0.034544035792350769,-0.0090055782347917557,-0.10727169364690781,0.000341725506586954,0,-0.0025151621084660292,-0.13622774183750153,0.033139593899250031,-0.1168799102306366,-0.11298694461584091,-0.04873117059469223,1.2726720571517944,0.2465970367193222,0
19366,0.2570381760597229,0.0042446856386959553,0.060210965573787689,0.020746858790516853,-0.13802488148212433,0.000341725506586954,0,-0.0025151621084660292,0.17418977618217468,0.033139593899250031,-0.007951781153678894,0.026437459513545036,-0.033671751618385315,1.2726720571517944,1.6668568849563599,4
2449,-0.57952553033828735,0.0042446856386959553,0.046883057802915573,0.0048820739611983299,-0.10727169364690781,0.000341725506586954,0,-0.0025151621084660292,-0.14418944716453552,0.033139593899250031,-0.1168799102306366,-0.030691398307681084,-0.033671751618385315,1.2726720571517944,0.34741872549057007,1
6144,-0.56104934215545654,0.0042446856386959553,0.054783802479505539,0.0048820739611983299,-0.10727169364690781,-0.00033248963882215321,0,-0.0025151621084660292,-0.14418944716453552,0.015653662383556366,-0.11602447926998138,0.018552957102656364,-0.04873117059469223,1.2726720571517944,0.39067581295967102,1
1222,-0.56948238611221313,0.0042446856386959553,-0.083849973976612091,0.0048820739611983299,-0.10862700641155243,-0.00033248963882215321,0,0.014119932428002357,-0.13231413066387177,0.033139593899250031,-0.11197499930858612,-0.079059071838855743,-0.041458636522293091,1.2726720571517944,0.20195989310741425,0
9664,-0.56407839059829712,0.0042446856386959553,0.037868637591600418,-0.0090055782347917557,-0.13037025928497314,0.000341725506586954,0,-0.0025151621084660292,0.17017810046672821,0.033139593899250031,-0.0088072316721081734,-0.12019859999418259,0.17814153432846069,1.2726720571517944,0.86161178350448608,5
3826,-0.56477320194244385,0.0042446856386959553,0.043558452278375626,-0.0090055782347917557,-0.10727169364690781,-0.00033248963882215321,0,-0.0025151621084660292,-0.14418944716453552,0.033139593899250031,-0.1168799102306366,-0.030782463029026985,-0.04873117059469223,1.2726720571517944,0.32913407683372498,1
12926,1.0771445035934448,0.0042446856386959553,0.060210965573787689,-0.038270097225904465,-0.22577068209648132,-0.00033248963882215321,0,-0.0025151621084660292,0.17247399687767029,0.033139593899250031,-0.007951781153678894,0.035647157579660416,-0.027527309954166412,1.2726720571517944,2.3531627655029297,3
19205,-0.34318190813064575,0.0042446856386959553,0.056886356323957443,0.012263394892215729,-0.10941158980131149,0.000341725506586954,0,-0.0025151621084660292,-0.14217877388000488,0.033139593899250031,-0.11602447926998138,0.018552957102656364,-0.04873117059469223,1.2726720571517944,0.6360582709312439,1
13005,-0.56472718715667725,0.0042446856386959553,0.034544035792350769,-0.0090055782347917557,-0.10727169364690781,0.000341725506586954,0,-0.0025151621084660292,-0.13622774183750153,0.033139593899250031,-0.1168799102306366,-0.11298694461584091,-0.04873117059469223,1.2726720571517944,0.2465970367193222,0
6953,-0.53249168395996094,0.0006732845795340836,0.037868637591600418,0.0048820739611983299,-0.10727169364690781,0.000341725506586954,0,0.039766881614923477,-0.13507939875125885,-0.010590010322630405,-0.12480564415454865,-0.11290962249040604,-0.033671751618385315,1.2726720571517944,0.29938516020774841,0
8717,-0.56472718715667725,0.0042446856386959553,0.034544035792350769,-0.0090055782347917557,-0.10727169364690781,0.000341725506586954,0,-0.0025151621084660292,-0.13622774183750153,0.033139593899250031,-0.1168799102306366,-0.11298694461584091,-0.04873117059469223,1.2726720571517944,0.2465970367193222,0
2651,-0.56194394826889038,0.0042446856386959553,0.031760755926370621,-0.0090055782347917557,-0.10727169364690781,0.000341725506586954,0,-0.0025151621084660292,-0.13622774183750153,0.033139593899250031,-0.1168799102306366,-0.11298694461584091,-0.04873117059469223,1.2726720571517944,0.2465970367193222,0
20304,-0.57844418287277222,0.0042446856386959553,0.043558452278375626,0.0048820739611983299,-0.10727169364690781,-0.00033248963882215321,0,-0.0025151621084660292,-0.14418944716453552,0.033139593899250031,-0.1168799102306366,-0.030782463029026985,-0.04873117059469223,1.2726720571517944,0.32935068011283875,0
19071,-0.56073033809661865,0.0042446856386959553,0.037868637591600418,0.0048820739611983299,-0.12218290567398071,0.000341725506586954,0,-0.0025151621084660292,0.16300943493843079,0.015653662383556366,-0.11332941055297852,-0.12047531455755234,-0.033671751618385315,1.2726720571517944,0.54576826095581055,1
6490,-0.33950194716453552,-0.010247066617012024,0.036646585911512375,0.012263394892215729,-0.11662919819355011,0.000341725506586954,0,-0.0028787634801119566,-0.13622774183750153,0.033139593899250031,-0.012357729487121105,-0.11261917650699615,-0.04873117059469223,1.2726720571517944,0.57587122917175293,1
4784,-0.56405293941497803,0.0042446856386959553,0.034544035792350769,-0.0090055782347917557,-0.10727169364690781,-0.00033248963882215321,0,-0.0025151621084660292,-0.13622774183750153,0.033139593899250031,-0.1168799102306366,-0.11298694461584091,-0.04873117059469223,1.2726720571517944,0.2465970367193222,0
2556,-0.56203502416610718,0.0042446856386959553,0.031760755926370621,-0.0090055782347917557,-0.10727169364690781,0.000341725506586954,0,-0.0025151621084660292,-0.13622774183750153,0.033139593899250031,-0.1168799102306366,-0.11289589107036591,-0.04873117059469223,1.2726720571517944,0.2465970367193222,0
3568,-0.5014464259147644,-0.010247066617012024,0.055124353617429733,0.0048820739611983299,-0.096070580184459686,-0.00033248963882215321,0,-0.0028787634801119566,-0.16552399098873138,0.015653662383556366,-0.11311493813991547,1.9427138566970825,0.20591005682945251,1.2726720571517944,2.6073400974273682,0
2136,0.55768835544586182,0.0017517793457955122,0.060210965573787689,-0.038270097225904465,-0.15059119462966919,-0.00033248963882215321,0,-0.0025151621084660292,-0.14418944716453552,-0.010590010322630405,-0.011502278968691826,0.026338910683989525,-0.033671751618385315,1.2726720571517944,1.5269981622695923,1
18582,0.73385810852050781,0.0017517793457955122,-0.1373610645532608,0.020746858790516853,-0.16732591390609741,-0.00033248963882215321,0,-0.0025151621084660292,-0.14418944716453552,0.033139593899250031,-0.0065973531454801559,-0.024367572739720345,-0.041458636522293091,1.2726720571517944,1.5380196571350098,4
14521,-0.57839816808700562,0.0042446856386959553,0.034544035792350769,0.0048820739611983299,-0.10727169364690781,0.000341725506586954,0,-0.0025151621084660292,-0.13622774183750153,0.033139593899250031,-0.1168799102306366,-0.11298694461584091,-0.04873117059469223,1.2726720571517944,0.24681365489959717,1
7485,-0.26466861367225647,-0.010247066617012024,0.06464182585477829,0.012263394892215729,-0.2606717050075531,0.000341725506586954,0,-0.0019423842895776033,0.42525866627693176,0.033139593899250031,0.71924334764480591,-0.016659917309880257,0.1624581515789032,1.2726720571517944,2.1358284950256348,0
11520,-0.57839816808700562,0.0042446856386959553,0.034544035792350769,0.0048820739611983299,-0.10727169364690781,0.000341725506586954,0,-0.0025151621084660292,-0.13622774183750153,0.033139593899250031,-0.1168799102306366,-0.11298694461584091,-0.04873117059469223,1.2726720571517944,0.24681365489959717,0
8386,-0.5777239203453064,0.0042446856386959553,0.034544035792350769,0.0048820739611983299,-0.10727169364690781,-0.00033248963882215321,0,-0.0025151621084660292,-0.13622774183750153,0.033139593899250031,-0.1168799102306366,-0.11298694461584091,-0.04873117059469223,1.2726720571517944,0.24681365489959717,0
14528,2.156987190246582,-0.010247066617012024,-0.48116660118103027,0.020746858790516853,-0.36055567860603333,0.000341725506586954,0,-0.0028787634801119566,0.18365773558616638,-0.010590010322630405,0.60708057880401611,0.030757687985897064,-0.038349520415067673,1.2726720571517944,3.3684546947479248,1
5559,4.2571587562561035,-0.018118787556886673,-0.39527952671051025,0.020746858790516853,-0.13565856218338013,-0.0068365330807864666,0,-0.0056760795414447784,0.12787550687789917,0.35160243511199951,1.6084494590759277,-0.026162257418036461,0.66078042984008789,1.2726720571517944,7.7115602493286133,6
17618,0.25828692317008972,0.0042446856386959553,0.065593898296356201,-0.038270097225904465,0.29210260510444641,0.000341725506586954,0,-0.0025151621084660292,0.092263095080852509,0.015653662383556366,-0.0098267970606684685,0.36680376529693604,0.059736501425504684,1.2726720571517944,2.3770852088928223,3
10946,-0.56472718715667725,0.0042446856386959553,0.034544035792350769,-0.0090055782347917557,-0.10727169364690781,0.000341725506586954,0,-0.0025151621084660292,-0.13622774183750153,0.033139593899250031,-0.1168799102306366,-0.11298694461584091,-0.04873117059469223,1.2726720571517944,0.2465970367193222,0
1392,0.5252842903137207,0.0042446856386959553,0.037187911570072174,-0.038270097225904465,-0.14136284589767456,0.000341725506586954,0,-0.0025151621084660292,-0.13622774183750153,0.015653662383556366,-0.1168799102306366,-0.11141635477542877,-0.033671751618385315,1.2726720571517944,1.2750387191772461,0
6037,0.17461422085762024,0.0042446856386959553,0.062810622155666351,0.020746858790516853,-0.090218253433704376,-0.00033248963882215321,0,-0.0025151621084660292,0.0068991980515420437,0.033139593899250031,-0.11602447926998138,0.016103604808449745,-0.033671751618385315,1.2726720571517944,1.3484674692153931,4
3003,4.4543132781982422,-0.018118787556886673,0.14292524755001068,0.020746858790516853,0.70948493480682373,0.007026436273008585,0,-0.0028787634801119566,-0.40025192499160767,0.35160243511199951,-0.0069338702596724033,0.074975304305553436,-0.0053426874801516533,1.2726720571517944,6.6002211570739746,10
15800,-0.34042921662330627,0.0042446856386959553,0.033863313496112823,0.012263394892215729,-0.13711546361446381,0.000341725506586954,0,-0.0025151621084660292,0.17030028998851776,0.033139593899250031,-0.0088072316721081734,-0.12010754644870758,-0.04873117059469223,1.2726720571517944,0.86912000179290771,0
6283,-0.57754194736480713,0.0042446856386959553,0.037868637591600418,0.0048820739611983299,-0.11811491101980209,-0.00033248963882215321,0,-0.0025151621084660292,0.014860892668366432,0.033139593899250031,-0.1168799102306366,-0.1157696321606636,-0.033671751618385315,1.2726720571517944,0.40284231305122375,0
4850,-0.58176732063293457,0.0042446856386959553,0.060166738927364349,0.0048820739611983299,0.28283295035362244,0.000341725506586954,0,-0.0025151621084660292,-0.19556090235710144,0.033139593899250031,-0.10867217183113098,0.018886284902691841,-0.044607624411582947,1.2726720571517944,0.74404376745223999,0
18554,-0.5358162522315979,0.0042446856386959553,0.0634722039103508,0.0048820739611983299,-0.20475023984909058,-0.00033248963882215321,0,-0.0021764927078038454,0.41134506464004517,-0.010590010322630405,-0.11237017810344696,0.031349696218967438,-0.047174803912639618,1.2726720571517944,0.874755859375,0
17663,-0.56472718715667725,0.0042446856386959553,0.034544035792350769,-0.0090055782347917557,-0.10727169364690781,0.000341725506586954,0,-0.0025151621084660292,-0.13622774183750153,0.033139593899250031,-0.1168799102306366,-0.11298694461584091,-0.04873117059469223,1.2726720571517944,0.2465970367193222,0
9509,-0.56414401531219482,0.0042446856386959553,0.034544035792350769,-0.0090055782347917557,-0.10727169364690781,-0.00033248963882215321,0,-0.0025151621084660292,-0.13622774183750153,0.033139593899250031,-0.1168799102306366,-0.11289589107036591,-0.04873117059469223,1.2726720571517944,0.2465970367193222,0
9010,0.29235866665840149,-0.010247066617012024,-0.064656823873519897,0.020746858790516853,-0.08353693038225174,0.000341725506586954,0,-0.0028787634801119566,-0.13463415205478668,-0.010590010322630405,-0.0074528036639094353,-0.075005881488323212,0.5918547511100769,1.2726720571517944,1.7889705896377563,3
9065,-0.57403814792633057,-0.010247066617012024,0.035085365176200867,0.0048820739611983299,-0.11808070540428162,0.000341725506586954,0,-0.0028787634801119566,-0.042150441557168961,0.033139593899250031,-0.1168799102306366,-0.11506854742765427,-0.033671751618385315,1.2726720571517944,0.3331056535243988,0
19673,0.27342391014099121,0.0042446856386959553,0.037187911570072174,-0.038270097225904465,-0.12394136935472488,-0.00033248963882215321,0,-0.0025151621084660292,0.17030028998851776,-0.010590010322630405,-0.11332941055297852,-0.1212373822927475,0.086061067879199982,1.2726720571517944,1.4336727857589722,2
18058,-0.34028473496437073,-0.010247066617012024,0.039971195161342621,0.012263394892215729,-0.10254564881324768,0.000341725506586954,0,-0.0028787634801119566,-0.13622774183750153,0.033139593899250031,-0.1168799102306366,-0.11289589107036591,0.086061067879199982,1.2726720571517944,0.62248992919921875,1
12966,-0.56472718715667725,0.0042446856386959553,0.034544035792350769,-0.0090055782347917557,-0.10727169364690781,0.000341725506586954,0,-0.0025151621084660292,-0.13622774183750153,0.033139593899250031,-0.1168799102306366,-0.11298694461584091,-0.04873117059469223,1.2726720571517944,0.2465970367193222,0
8306,0.26053795218467712,0.0042446856386959553,0.060210965573787689,0.020746858790516853,-0.11915354430675507,0.000341725506586954,0,-0.0025151621084660292,0.0068991980515420437,0.033139593899250031,-0.11602447926998138,0.016764381900429726,-0.033671751618385315,1.2726720571517944,1.4041914939880371,2
8732,-0.55981308221817017,-0.010247066617012024,0.060708068311214447,-0.0090055782347917557,-0.079245820641517639,-0.00033248963882215321,0,-0.0028787634801119566,-0.14418944716453552,0.033139593899250031,-0.11602447926998138,0.01879522018134594,-0.033671751618385315,1.2726720571517944,0.4299069344997406,0
6272,-0.5763583779335022,0.0017517793457955122,0.046883057802915573,0.0048820739611983299,-0.10727169364690781,-0.00033248963882215321,0,-0.0025151621084660292,-0.14418944716453552,0.033139593899250031,-0.1168799102306366,-0.030691398307681084,-0.033671751618385315,1.2726720571517944,0.34741872549057007,1
17162,0.51007163524627686,0.0042446856386959553,0.054349400103092194,-0.038270097225904465,-0.24633967876434326,0.000341725506586954,0,-0.0021764927078038454,0.41134506464004517,0.033139593899250031,-0.018594838678836823,-0.010108682326972485,-0.047174803912639618,1.2726720571517944,1.9234983921051025,1
8652,-0.57871419191360474,0.0042446856386959553,0.037868637591600418,0.0048820739611983299,-0.10727169364690781,0.000341725506586954,0,-0.0025151621084660292,-0.13622774183750153,0.033139593899250031,-0.1168799102306366,-0.11298694461584091,-0.033671751618385315,1.2726720571517944,0.26488170027732849,0
2873,-0.56635200977325439,0.0031661908142268658,0.037868637591600418,-0.0090055782347917557,-0.12290273606777191,0.000341725506586954,0,0.039766881614923477,0.17144861817359924,0.033139593899250031,-0.12125512957572937,-0.12030693888664246,0.086061067879199982,1.2726720571517944,0.70464324951171875,0
20630,-0.57830727100372314,0.0042446856386959553,0.037868637591600418,0.0048820739611983299,-0.12218290567398071,0.000341725506586954,0,-0.0025151621084660292,0.16300943493843079,0.033139593899250031,-0.11332941055297852,-0.12038426101207733,-0.033671751618385315,1.2726720571517944,0.54576826095581055,0
18202,0.15619026124477386,0.0042446856386959553,0.060210965573787689,-0.038270097225904465,-0.11824412643909454,0.000341725506586954,0,-0.0025151621084660292,0.076850377023220062,0.015653662383556366,-0.11602447926998138,0.0175319854170084,-0.033671751618385315,1.2726720571517944,1.2949687242507935,0
1490,-0.56472718715667725,0.0042446856386959553,0.034544035792350769,-0.0090055782347917557,-0.10727169364690781,0.000341725506586954,0,-0.0025151621084660292,-0.13622774183750153,0.033139593899250031,-0.1168799102306366,-0.11298694461584091,-0.04873117059469223,1.2726720571517944,0.2465970367193222,0
12164,-0.57606780529022217,-0.010247066617012024,0.058108411729335785,0.0048820739611983299,-0.12734320759773254,0.000341725506586954,0,-0.0028787634801119566,0.0068991980515420437,0.033139593899250031,-0.011502278968691826,0.016046984121203423,-0.033671751618385315,1.2726720571517944,0.63037961721420288,0
6798,-0.57722592353820801,0.0042446856386959553,0.034544035792350769,0.0048820739611983299,-0.12775799632072449,-0.00033248963882215321,0,-0.0025151621084660292,0.16858451068401337,0.033139593899250031,-0.11332941055297852,-0.12047531455755234,-0.04873117059469223,1.2726720571517944,0.52770024538040161,0
4476,-0.57047414779663086,0.0042446856386959553,-0.13353581726551056,0.0048820739611983299,-0.10862700641155243,0.000341725506586954,0,-0.0025151621084660292,-0.14076447486877441,0.033139593899250031,-0.11111956089735031,-0.035686910152435303,-0.041458636522293091,1.2726720571517944,0.17109885811805725,0
8682,-0.24769958853721619,0.0006732845795340836,0.060210965573787689,-0.027307748794555664,-0.11662919819355011,0.000341725506586954,0,0.039766881614923477,-0.14304110407829285,-0.010590010322630405,-0.019428005442023277,0.018906991928815842,-0.033671751618385315,1.2726720571517944,0.79420483112335205,1
15868,0.58983403444290161,0.0006732845795340836,0.062810622155666351,0.020746858790516853,0.22781580686569214,-0.00033248963882215321,0,0.039766881614923477,-0.28695520758628845,-0.010590010322630405,-0.021967103704810143,0.026749566197395325,-0.029548197984695435,1.2726720571517944,1.8916751146316528,4
13246,-0.5777239203453064,0.0042446856386959553,0.034544035792350769,0.0048820739611983299,-0.10727169364690781,-0.00033248963882215321,0,-0.0025151621084660292,-0.13622774183750153,0.033139593899250031,-0.1168799102306366,-0.11298694461584091,-0.04873117059469223,1.2726720571517944,0.24681365489959717,0
17210,-0.57871150970458984,0.0042446856386959553,0.043558452278375626,0.0048820739611983299,-0.11811491101980209,0.000341725506586954,0,-0.0025151621084660292,0.16283093392848969,0.033139593899250031,-0.11332941055297852,-0.026328587904572487,-0.04873117059469223,1.2726720571517944,0.63393944501876831,0
15226,-0.57895660400390625,0.0042446856386959553,0.037868637591600418,0.0048820739611983299,-0.10003555566072464,-0.00033248963882215321,0,-0.0025151621084660292,-0.13463415205478668,0.033139593899250031,-0.1168799102306366,-0.11162950843572617,0.32360678911209106,1.2726720571517944,0.631430983543396,0
6943,-0.5666777491569519,-0.010247066617012024,-0.06227400153875351,0.0048820739611983299,-0.10862700641155243,-0.00033248963882215321,0,-0.0028787634801119566,-0.13622774183750153,0.033139593899250031,-0.11197499930858612,-0.078968018293380737,-0.041458636522293091,1.2726720571517944,0.19102753698825836,0
4560,-0.56472718715667725,0.0042446856386959553,0.034544035792350769,-0.0090055782347917557,-0.10727169364690781,0.000341725506586954,0,-0.0025151621084660292,-0.13622774183750153,0.033139593899250031,-0.1168799102306366,-0.11298694461584091,-0.04873117059469223,1.2726720571517944,0.2465970367193222,0
14972,-0.56472718715667725,0.0042446856386959553,0.034544035792350769,-0.0090055782347917557,-0.10727169364690781,0.000341725506586954,0,-0.0025151621084660292,-0.13622774183750153,0.033139593899250031,-0.1168799102306366,-0.11298694461584091,-0.04873117059469223,1.2726720571517944,0.2465970367193222,0
11193,-0.57642626762390137,0.0042446856386959553,0.052000518888235092,0.0048820739611983299,-0.10727169364690781,0.000341725506586954,0,-0.0025151621084660292,-0.14418944716453552,0.033139593899250031,-0.11602447926998138,0.018552957102656364,-0.04873117059469223,1.2726720571517944,0.39067581295967102,0
3499,-0.52049946784973145,0.0042446856386959553,0.034544035792350769,-0.0090055782347917557,-0.11811491101980209,0.000341725506586954,0,-0.0025151621084660292,0.084812082350254059,-0.010590010322630405,-0.1168799102306366,-0.11500202864408493,-0.04873117059469223,1.2726720571517944,0.45527663826942444,0
14446,-0.30628031492233276,0.0042446856386959553,0.056886356323957443,-0.02262132428586483,-0.11824412643909454,0.000341725506586954,0,-0.0025151621084660292,0.048807468265295029,-0.010590010322630405,-0.11602447926998138,0.016230145469307899,-0.04873117059469223,1.2726720571517944,0.77417659759521484,2
15204,-0.53956377506256104,0.0042446856386959553,-0.13353581726551056,0.0048820739611983299,-0.11933117359876633,-0.00033248963882215321,0,-0.0025151621084660292,-0.071760714054107666,0.015653662383556366,-0.1104554757475853,0.30659693479537964,-0.041458636522293091,1.2726720571517944,0.58509671688079834,1
1751,-0.57665121555328369,0.0042446856386959553,0.060708068311214447,0.0048820739611983299,-0.079245820641517639,0.000341725506586954,0,-0.0025151621084660292,-0.14418944716453552,0.033139593899250031,-0.11602447926998138,0.01879522018134594,-0.033671751618385315,1.2726720571517944,0.44248601794242859,1
4633,0.52057844400405884,0.0017517793457955122,0.058736700564622879,-0.038270097225904465,-0.17402726411819458,0.000341725506586954,0,-0.0025151621084660292,-0.041370119899511337,0.033139593899250031,0.75163829326629639,-0.024029036983847618,-0.033671751618385315,1.2726720571517944,2.3249740600585938,2
3018,-0.5759052038192749,-0.010247066617012024,0.034544035792350769,0.0048820739611983299,-0.10727169364690781,0.000341725506586954,0,-0.0028787634801119566,-0.13622774183750153,0.033139593899250031,-0.1168799102306366,-0.11298694461584091,-0.04873117059469223,1.2726720571517944,0.23445123434066772,0
36,-0.33900421857833862,0.0042446856386959553,0.033863313496112823,0.012263394892215729,-0.10740090906620026,-0.00033248963882215321,0,-0.0025151621084660292,-0.13622774183750153,0.033139593899250031,-0.1168799102306366,-0.11289589107036591,-0.04873117059469223,1.2726720571517944,0.492195725440979,0
16117,-0.32084375619888306,-0.010247066617012024,0.036646585911512375,0.012263394892215729,-0.13154040277004242,-0.00033248963882215321,0,-0.0028787634801119566,0.16300943493843079,0.015653662383556366,-0.0088072316721081734,-0.12010754644870758,-0.04873117059469223,1.2726720571517944,0.85675764083862305,1
18113,-0.57862043380737305,0.0042446856386959553,0.043558452278375626,0.0048820739611983299,-0.12218290567398071,0.000341725506586954,0,-0.0025151621084660292,0.16689892113208771,0.033139593899250031,-0.11332941055297852,-0.026419652625918388,-0.04873117059469223,1.2726720571517944,0.63393944501876831,0
13369,-0.30683404207229614,0.0042446856386959553,0.036646585911512375,-0.02262132428586483,-0.13538534939289093,0.000341725506586954,0,-0.0025151621084660292,0.17030028998851776,-0.010590010322630405,-0.018698632717132568,-0.12010754644870758,-0.04873117059469223,1.2726720571517944,0.81872290372848511,3
12619,0.22975383698940277,0.0042446856386959553,0.060210965573787689,-0.038270097225904465,-0.11915354430675507,-0.00033248963882215321,0,-0.0025151621084660292,0.0068991980515420437,0.033139593899250031,-0.11602447926998138,0.016764381900429726,-0.033671751618385315,1.2726720571517944,1.3137160539627075,1
20172,-0.57839816808700562,0.0042446856386959553,0.034544035792350769,0.0048820739611983299,-0.10727169364690781,0.000341725506586954,0,-0.0025151621084660292,-0.13622774183750153,0.033139593899250031,-0.1168799102306366,-0.11298694461584091,-0.04873117059469223,1.2726720571517944,0.24681365489959717,1
20469,-0.13201421499252319,-0.010247066617012024,0.045876316726207733,0.020746858790516853,-0.20487944781780243,0.000341725506586954,0,-0.0025400940794497728,0.39178389310836792,-0.010590010322630405,-0.11322562396526337,-0.12762196362018585,-0.032115384936332703,1.2726720571517944,1.0981861352920532,1
20235,-0.57848924398422241,0.0042446856386959553,0.034544035792350769,0.0048820739611983299,-0.10727169364690781,0.000341725506586954,0,-0.0025151621084660292,-0.13622774183750153,0.033139593899250031,-0.1168799102306366,-0.11289589107036591,-0.04873117059469223,1.2726720571517944,0.24681365489959717,1
15444,-0.55509263277053833,0.0042446856386959553,-0.051148086786270142,-0.0090055782347917557,-0.10862700641155243,-0.00033248963882215321,0,-0.0025151621084660292,-0.13622774183750153,0.033139593899250031,-0.11197499930858612,-0.079059071838855743,-0.042067535221576691,1.2726720571517944,0.21400646865367889,0
9588,-0.5787346363067627,0.0042446856386959553,0.043232433497905731,0.0048820739611983299,-0.2453031986951828,-0.00033248963882215321,0,-0.0015787829179316759,0.4487050473690033,0.033139593899250031,-0.11317147314548492,-0.12771302461624146,-0.047174803912639618,1.2726720571517944,0.69286811351776123,2
15989,0.16885343194007874,0.0042446856386959553,0.036646585911512375,0.020746858790516853,-0.10740090906620026,0.000341725506586954,0,-0.0025151621084660292,-0.13622774183750153,0.033139593899250031,-0.1168799102306366,-0.11374901235103607,-0.04873117059469223,1.2726720571517944,1.0111401081085205,0
8628,2.158203125,-0.010247066617012024,0.06464182585477829,0.020746858790516853,-0.51289486885070801,0.000341725506586954,0,-0.0019423842895776033,0.47505021095275879,-0.010590010322630405,0.67780619859695435,-0.0039953738451004028,0.091095298528671265,1.2726720571517944,4.2208852767944336,2
596,-0.57848924398422241,0.0042446856386959553,0.034544035792350769,0.0048820739611983299,-0.10727169364690781,0.000341725506586954,0,-0.0025151621084660292,-0.13622774183750153,0.033139593899250031,-0.1168799102306366,-0.11289589107036591,-0.04873117059469223,1.2726720571517944,0.24681365489959717,0
6404,-0.56405293941497803,0.0042446856386959553,0.034544035792350769,-0.0090055782347917557,-0.10727169364690781,-0.00033248963882215321,0,-0.0025151621084660292,-0.13622774183750153,0.033139593899250031,-0.1168799102306366,-0.11298694461584091,-0.04873117059469223,1.2726720571517944,0.2465970367193222,0
6474,-0.56465309858322144,0.0042446856386959553,0.034544035792350769,-0.0090055782347917557,-0.1179758608341217,-0.00033248963882215321,0,-0.0025151621084660292,-0.064763881266117096,0.033139593899250031,-0.1168799102306366,-0.11298694461584091,-0.04873117059469223,1.2726720571517944,0.30675661563873291,0
16838,0.55335909128189087,0.0042446856386959553,0.039971195161342621,0.020746858790516853,-0.14545097947120667,0.000341725506586954,0,-0.0025151621084660292,-0.063170298933982849,0.015653662383556366,-0.1168799102306366,-0.11141635477542877,0.17814153432846069,1.2726720571517944,1.6456969976425171,1
7342,0.2475525438785553,0.0042446856386959553,0.039246246218681335,-0.038270097225904465,-0.090585827827453613,0.000341725506586954,0,0.014119932428002357,-0.066925607621669769,0.015653662383556366,-0.1168799102306366,-0.11341568827629089,-0.04873117059469223,1.2726720571517944,1.1190211772918701,1
142,-0.2758069634437561,0.0042446856386959553,0.045661002397537231,0.012263394892215729,-0.12788720428943634,-0.00033248963882215321,0,-0.0025151621084660292,0.17247399687767029,0.033139593899250031,-0.11332941055297852,-0.026328587904572487,-0.04873117059469223,1.2726720571517944,0.94552439451217651,0
17115,3.6074123382568359,-0.0061199418269097805,0.11402915418148041,0.020746858790516853,-0.017690569162368774,-0.0068365330807864666,0,0.0036971233785152435,0.67975854873657227,-0.2413008064031601,1.5966438055038452,0.055726185441017151,0.077003791928291321,1.2726720571517944,7.1557445526123047,8
16885,0.68569624423980713,0.0042446856386959553,0.057427685707807541,0.020746858790516853,-0.17005865275859833,-0.00033248963882215321,0,-0.0025151621084660292,-0.073592059314250946,0.033139593899250031,-0.010838202200829983,0.31047016382217407,0.17814153432846069,1.2726720571517944,2.3052008152008057,4
15004,-0.57159900665283203,-0.010247066617012024,0.031760755926370621,0.0048820739611983299,-0.12561307847499847,-0.00033248963882215321,0,-0.0028787634801119566,0.084812082350254059,0.033139593899250031,-0.022249132394790649,-0.11463426053524017,-0.04873117059469223,1.2726720571517944,0.53098231554031372,0
15319,-0.56984061002731323,0.0042446856386959553,-0.072724044322967529,0.0048820739611983299,-0.10862700641155243,0.000341725506586954,0,-0.0025151621084660292,-0.13280276954174042,0.033139593899250031,-0.11197499930858612,-0.079059071838855743,-0.042067535221576691,1.2726720571517944,0.19566921889781952,0
17462,-0.57781499624252319,0.0042446856386959553,0.034544035792350769,0.0048820739611983299,-0.10727169364690781,-0.00033248963882215321,0,-0.0025151621084660292,-0.13622774183750153,0.033139593899250031,-0.1168799102306366,-0.11289589107036591,-0.04873117059469223,1.2726720571517944,0.24681365489959717,0
5632,0.23055365681648254,0.0042446856386959553,0.033863313496112823,-0.038270097225904465,-0.10831032693386078,0.000341725506586954,0,-0.0025151621084660292,-0.13622774183750153,0.033139593899250031,-0.1168799102306366,-0.11374901235103607,-0.04873117059469223,1.2726720571517944,1.0101298093795776,0
13241,-0.56405293941497803,0.0042446856386959553,0.034544035792350769,-0.0090055782347917557,-0.10727169364690781,-0.00033248963882215321,0,-0.0025151621084660292,-0.13622774183750153,0.033139593899250031,-0.1168799102306366,-0.11298694461584091,-0.04873117059469223,1.2726720571517944,0.2465970367193222,0
15314,-0.56405293941497803,0.0042446856386959553,0.034544035792350769,-0.0090055782347917557,-0.10727169364690781,-0.00033248963882215321,0,-0.0025151621084660292,-0.13622774183750153,0.033139593899250031,-0.1168799102306366,-0.11298694461584091,-0.04873117059469223,1.2726720571517944,0.2465970367193222,0
424,-0.28168639540672302,0.0042446856386959553,0.056711334735155106,0.012263394892215729,-0.11430713534355164,0.000341725506586954,0,-0.0020449119620025158,-0.09406019002199173,0.015653662383556366,-0.018484141677618027,1.7690927982330322,0.4128517210483551,1.2726720571517944,3.0332465171813965,4
10721,-0.53226673603057861,0.0017517793457955122,0.034544035792350769,0.0048820739611983299,-0.10727169364690781,0.000341725506586954,0,-0.0025151621084660292,-0.13622774183750153,-0.010590010322630405,-0.1168799102306366,-0.11289589107036591,-0.04873117059469223,1.2726720571517944,0.24681365489959717,0
5416,-0.5759052038192749,-0.010247066617012024,0.034544035792350769,0.0048820739611983299,-0.10727169364690781,0.000341725506586954,0,-0.0028787634801119566,-0.13622774183750153,0.033139593899250031,-0.1168799102306366,-0.11298694461584091,-0.04873117059469223,1.2726720571517944,0.23445123434066772,0
15010,0.78157764673233032,-0.010247066617012024,0.042877722531557083,0.020746858790516853,-0.18645688891410828,-0.00033248963882215321,0,-0.0028787634801119566,0.17247399687767029,-0.010590010322630405,-0.0088072316721081734,-0.015100330114364624,-0.04873117059469223,1.2726720571517944,2.0072033405303955,0
6315,-0.55977123975753784,0.0042446856386959553,0.034544035792350769,0.0048820739611983299,-0.11649998277425766,-0.00033248963882215321,0,-0.0025151621084660292,-0.13622774183750153,0.015653662383556366,-0.012357729487121105,-0.11271023005247116,-0.04873117059469223,1.2726720571517944,0.34285080432891846,0
13540,-0.55664396286010742,0.0042446856386959553,-0.083849973976612091,-0.0090055782347917557,-0.12693420052528381,0.000341725506586954,0,-0.0025151621084660292,-0.038725495338439941,0.033139593899250031,-0.017344208434224129,-0.080863974988460541,-0.041458636522293091,1.2726720571517944,0.35305669903755188,0
173,1.1065324544906616,-0.010247066617012024,0.087641902267932892,0.020746858790516853,-0.22819143533706665,0.000341725506586954,0,-0.0028787634801119566,0.14842207729816437,0.033139593899250031,1.0428414344787598,-0.025518720969557762,0.60578608512878418,1.2726720571517944,4.0512824058532715,4
20616,-0.57839816808700562,0.0042446856386959553,0.034544035792350769,0.0048820739611983299,-0.10727169364690781,0.000341725506586954,0,-0.0025151621084660292,-0.13622774183750153,0.033139593899250031,-0.1168799102306366,-0.11298694461584091,-0.04873117059469223,1.2726720571517944,0.24681365489959717,1
15909,-0.57839816808700562,0.0042446856386959553,0.034544035792350769,0.0048820739611983299,-0.10727169364690781,0.000341725506586954,0,-0.0025151621084660292,-0.13622774183750153,0.033139593899250031,-0.1168799102306366,-0.11298694461584091,-0.04873117059469223,1.2726720571517944,0.24681365489959717,1
3605,-0.56405293941497803,0.0042446856386959553,0.034544035792350769,-0.0090055782347917557,-0.10727169364690781,-0.00033248963882215321,0,-0.0025151621084660292,-0.13622774183750153,0.033139593899250031,-0.1168799102306366,-0.11298694461584091,-0.04873117059469223,1.2726720571517944,0.2465970367193222,0
12583,-0.56472718715667725,0.0042446856386959553,0.034544035792350769,-0.0090055782347917557,-0.10727169364690781,0.000341725506586954,0,-0.0025151621084660292,-0.13622774183750153,0.033139593899250031,-0.1168799102306366,-0.11298694461584091,-0.04873117059469223,1.2726720571517944,0.2465970367193222,0
15253,3.6366920471191406,-0.013016058132052422,-0.20171834528446198,0.020746858790516853,-0.4808732271194458,0.007026436273008585,0,0.03082217276096344,0.43468883633613586,-0.2413008064031601,0.70191079378128052,0.037149678915739059,0.66194784641265869,1.2726720571517944,5.8667507171630859,11
19759,0.74660354852676392,0.0017517793457955122,0.069446481764316559,0.020746858790516853,-0.19175279140472412,0.000341725506586954,0,-0.0025151621084660292,0.14670629799365997,0.015653662383556366,0.7164350152015686,0.035801317542791367,0.59964162111282349,1.2726720571517944,3.4315304756164551,4
2020,0.17152850329875946,0.0017517793457955122,0.039971195161342621,0.020746858790516853,-0.11745686084032059,0.000341725506586954,0,-0.0025151621084660292,0.16300943493843079,0.033139593899250031,-0.11332941055297852,-0.1212373822927475,0.086061067879199982,1.2726720571517944,1.4346821308135986,1
17954,2.1661632061004639,0.0042446856386959553,0.066116087138652802,0.020746858790516853,-0.50339311361312866,0.000341725506586954,0,-0.0015787829179316759,0.50241154432296753,0.015653662383556366,-0.014506007544696331,0.04429095983505249,-0.028637513518333435,1.2726720571517944,3.5445249080657959,4
20573,-0.5777239203453064,0.0042446856386959553,0.034544035792350769,0.0048820739611983299,-0.10727169364690781,-0.00033248963882215321,0,-0.0025151621084660292,-0.13622774183750153,0.033139593899250031,-0.1168799102306366,-0.11298694461584091,-0.04873117059469223,1.2726720571517944,0.24681365489959717,0
10861,-0.57525670528411865,0.0042446856386959553,0.035085365176200867,0.0048820739611983299,-0.10727169364690781,-0.00033248963882215321,0,-0.0025151621084660292,-0.13622774183750153,0.033139593899250031,-0.1168799102306366,-0.11298694461584091,-0.033671751618385315,1.2726720571517944,0.26488170027732849,0
7859,3.5927877426147461,-0.018118787556886673,0.10534076392650604,0.020746858790516853,-0.35966047644615173,-0.0068365330807864666,0,-0.0028787634801119566,0.076009504497051239,-0.2413008064031601,0.83465021848678589,0.072482354938983917,-0.017960820347070694,1.2726720571517944,5.3279356956481934,2
17729,-0.57839816808700562,0.0042446856386959553,0.034544035792350769,0.0048820739611983299,-0.10727169364690781,0.000341725506586954,0,-0.0025151621084660292,-0.13622774183750153,0.033139593899250031,-0.1168799102306366,-0.11298694461584091,-0.04873117059469223,1.2726720571517944,0.24681365489959717,1
19863,-0.51849091053009033,-0.010247066617012024,0.058108411729335785,-0.0090055782347917557,-0.11649998277425766,-0.00033248963882215321,0,-0.0028787634801119566,-0.14418944716453552,-0.010590010322630405,-0.011502278968691826,0.018829667940735817,-0.033671751618385315,1.2726720571517944,0.49220207333564758,1
10153,1.154979944229126,-0.010247066617012024,0.06701977550983429,0.020746858790516853,0.88696575164794922,-0.00033248963882215321,0,-0.0028787634801119566,0.12628355622291565,-0.010590010322630405,-0.0066006719134747982,0.31666943430900574,-0.014909178949892521,1.2726720571517944,3.7997770309448242,6
4957,-0.27304667234420776,0.0042446856386959553,0.062810622155666351,0.012263394892215729,-0.079375036060810089,-0.00033248963882215321,0,-0.0025151621084660292,-0.14418944716453552,0.033139593899250031,-0.1157446950674057,0.070564284920692444,-0.033671751618385315,1.2726720571517944,0.8068198561668396,1
5289,0.48409366607666016,0.0017517793457955122,0.073786810040473938,0.020746858790516853,0.84961855411529541,0.000341725506586954,0,-0.0025151621084660292,0.065544292330741882,0.015653662383556366,0.59968483448028564,1.850359320640564,0.043307341635227203,1.2726720571517944,5.2750420570373535,3
10610,0.22957895696163177,0.0042446856386959553,0.059695389121770859,-0.038270097225904465,-0.11182241886854172,0.000341725506586954,0,-0.0025151621084660292,0.16196447610855103,0.033139593899250031,-0.11180989444255829,0.37039905786514282,0.59964162111282349,1.2726720571517944,2.4672574996948242,1
19502,-0.56481826305389404,0.0042446856386959553,0.034544035792350769,-0.0090055782347917557,-0.10727169364690781,0.000341725506586954,0,-0.0025151621084660292,-0.13622774183750153,0.033139593899250031,-0.1168799102306366,-0.11289589107036591,-0.04873117059469223,1.2726720571517944,0.2465970367193222,1
8868,-0.57244771718978882,-0.010247066617012024,0.031760755926370621,0.0048820739611983299,-0.10727169364690781,-0.00033248963882215321,0,-0.0028787634801119566,-0.13622774183750153,0.033139593899250031,-0.1168799102306366,-0.11298694461584091,-0.04873117059469223,1.2726720571517944,0.23445123434066772,0
3382,-0.58074325323104858,0.0042446856386959553,0.058108411729335785,0.0048820739611983299,-0.12775799632072449,0.000341725506586954,0,-0.0025151621084660292,0.17418977618217468,0.033139593899250031,-0.11247396469116211,0.022915763780474663,-0.033671751618385315,1.2726720571517944,0.71333259344100952,0
19775,-0.53588622808456421,0.0042446856386959553,0.034544035792350769,0.0048820739611983299,-0.12775799632072449,0.000341725506586954,0,-0.0025151621084660292,0.17030028998851776,-0.010590010322630405,-0.11332941055297852,-0.12047531455755234,-0.04873117059469223,1.2726720571517944,0.52770024538040161,0
4592,-0.56472718715667725,0.0042446856386959553,0.034544035792350769,-0.0090055782347917557,-0.10727169364690781,0.000341725506586954,0,-0.0025151621084660292,-0.13622774183750153,0.033139593899250031,-0.1168799102306366,-0.11298694461584091,-0.04873117059469223,1.2726720571517944,0.2465970367193222,0
8403,-0.57839816808700562,0.0042446856386959553,0.034544035792350769,0.0048820739611983299,-0.10727169364690781,0.000341725506586954,0,-0.0025151621084660292,-0.13622774183750153,0.033139593899250031,-0.1168799102306366,-0.11298694461584091,-0.04873117059469223,1.2726720571517944,0.24681365489959717,0
14067,-0.56472718715667725,0.0042446856386959553,0.034544035792350769,-0.0090055782347917557,-0.10727169364690781,0.000341725506586954,0,-0.0025151621084660292,-0.13622774183750153,0.033139593899250031,-0.1168799102306366,-0.11298694461584091,-0.04873117059469223,1.2726720571517944,0.2465970367193222,0
3156,3.5667562484741211,-0.018118787556886673,-0.24755091965198517,0.020746858790516853,-0.060115497559309006,-0.0068365330807864666,0,-0.0028787634801119566,0.1380755603313446,-0.2413008064031601,0.66781693696975708,0.024711469188332558,-0.021624166518449783,1.2726720571517944,5.0923576354980469,3
973,-0.56472718715667725,0.0042446856386959553,0.034544035792350769,-0.0090055782347917557,-0.10727169364690781,0.000341725506586954,0,-0.0025151621084660292,-0.13622774183750153,0.033139593899250031,-0.1168799102306366,-0.11298694461584091,-0.04873117059469223,1.2726720571517944,0.2465970367193222,0
17035,-0.5730622410774231,-0.010247066617012024,0.035085365176200867,0.0048820739611983299,-0.10926384478807449,0.000341725506586954,0,0.01375633105635643,-0.13414551317691803,0.033139593899250031,-0.012357729487121105,-0.11261917650699615,0.19898785650730133,1.2726720571517944,0.60716992616653442,0
2485,0.30520123243331909,0.0042446856386959553,0.045661002397537231,0.020746858790516853,-0.11580848693847656,-0.00033248963882215321,0,0.014119932428002357,-0.14370080828666687,-0.010590010322630405,-0.022249132394790649,-0.029420571401715279,-0.04873117059469223,1.2726720571517944,1.2918118238449097,0
3942,0.22980286180973053,0.0042446856386959553,0.033863313496112823,-0.038270097225904465,-0.13802488148212433,0.000341725506586954,0,-0.0025151621084660292,0.17030028998851776,0.033139593899250031,-0.0088072316721081734,-0.12096066772937775,-0.04873117059469223,1.2726720571517944,1.3870540857315063,0
15382,-0.56405293941497803,0.0042446856386959553,0.034544035792350769,-0.0090055782347917557,-0.10727169364690781,-0.00033248963882215321,0,-0.0025151621084660292,-0.13622774183750153,0.033139593899250031,-0.1168799102306366,-0.11298694461584091,-0.04873117059469223,1.2726720571517944,0.2465970367193222,0
9889,-0.2854277491569519,0.0042446856386959553,0.056886356323957443,0.012263394892215729,-0.10740090906620026,-0.00033248963882215321,0,-0.0025151621084660292,-0.14664949476718903,-0.010590010322630405,-0.11536039412021637,0.36083677411079407,-0.04873117059469223,1.2726720571517944,0.98989707231521606,1
7651,-0.5609123706817627,0.0042446856386959553,0.034544035792350769,0.0048820739611983299,-0.10727169364690781,0.000341725506586954,0,-0.0025151621084660292,-0.13622774183750153,0.015653662383556366,-0.1168799102306366,-0.11298694461584091,-0.04873117059469223,1.2726720571517944,0.24681365489959717,0
4003,-0.33947065472602844,0.0017517793457955122,0.036646585911512375,0.012263394892215729,-0.11824412643909454,0.000341725506586954,0,-0.0025151621084660292,0.084812082350254059,0.033139593899250031,-0.1168799102306366,-0.11491097509860992,-0.04873117059469223,1.2726720571517944,0.70087605714797974,0
4517,-0.57839816808700562,0.0042446856386959553,0.034544035792350769,0.0048820739611983299,-0.10727169364690781,0.000341725506586954,0,-0.0025151621084660292,-0.13622774183750153,0.033139593899250031,-0.1168799102306366,-0.11298694461584091,-0.04873117059469223,1.2726720571517944,0.24681365489959717,0
20310,-0.57885128259658813,0.0042446856386959553,0.058108411729335785,0.0048820739611983299,-0.10928237438201904,-0.00033248963882215321,0,-0.0025151621084660292,-0.14217877388000488,0.033139593899250031,-0.11602447926998138,0.018552957102656364,-0.033671751618385315,1.2726720571517944,0.40874385833740234,1
14474,-0.34349784255027771,0.0031661908142268658,0.060210965573787689,0.012263394892215729,-0.10740090906620026,0.000341725506586954,0,0.039766881614923477,-0.14304110407829285,0.033139593899250031,-0.12395019829273224,0.018630281090736389,-0.033671751618385315,1.2726720571517944,0.6886298656463623,0
1695,0.17083683609962463,0.0042446856386959553,0.060210965573787689,0.020746858790516853,-0.11824412643909454,-0.00033248963882215321,0,-0.0025151621084660292,0.16283093392848969,0.033139593899250031,-0.11247396469116211,0.023909876123070717,-0.033671751618385315,1.2726720571517944,1.4813532829284668,0
5773,-0.57871419191360474,0.0042446856386959553,0.037868637591600418,0.0048820739611983299,-0.10727169364690781,0.000341725506586954,0,-0.0025151621084660292,-0.13622774183750153,0.033139593899250031,-0.1168799102306366,-0.11298694461584091,-0.033671751618385315,1.2726720571517944,0.26488170027732849,1
14744,-0.33290201425552368,0.0042446856386959553,0.036646585911512375,-0.02262132428586483,-0.11810507625341415,0.000341725506586954,0,-0.0025151621084660292,-0.064763881266117096,0.015653662383556366,-0.1168799102306366,-0.11289589107036591,-0.04873117059469223,1.2726720571517944,0.51014506816864014,0
9694,-0.56603598594665527,0.0042446856386959553,0.034544035792350769,-0.0090055782347917557,-0.12775799632072449,0.000341725506586954,0,-0.0025151621084660292,0.17030028998851776,0.033139593899250031,-0.11332941055297852,-0.12038426101207733,-0.04873117059469223,1.2726720571517944,0.52748358249664307,0
17151,-0.57839816808700562,0.0042446856386959553,0.034544035792350769,0.0048820739611983299,-0.10727169364690781,0.000341725506586954,0,-0.0025151621084660292,-0.13622774183750153,0.033139593899250031,-0.1168799102306366,-0.11298694461584091,-0.04873117059469223,1.2726720571517944,0.24681365489959717,0
983,-0.53440147638320923,0.0042446856386959553,0.037868637591600418,0.0048820739611983299,-0.10727169364690781,-0.00033248963882215321,0,-0.0025151621084660292,-0.13622774183750153,-0.010590010322630405,-0.1168799102306366,-0.11289589107036591,-0.033671751618385315,1.2726720571517944,0.26488170027732849,0
9076,-0.57911843061447144,0.0042446856386959553,0.043558452278375626,0.0048820739611983299,-0.10727169364690781,0.000341725506586954,0,-0.0025151621084660292,-0.14418944716453552,0.033139593899250031,-0.1168799102306366,-0.030782463029026985,-0.04873117059469223,1.2726720571517944,0.32935068011283875,0
10844,-0.57839816808700562,0.0042446856386959553,0.034544035792350769,0.0048820739611983299,-0.10727169364690781,0.000341725506586954,0,-0.0025151621084660292,-0.13622774183750153,0.033139593899250031,-0.1168799102306366,-0.11298694461584091,-0.04873117059469223,1.2726720571517944,0.24681365489959717,0
13546,-0.24131733179092407,0.0042446856386959553,0.062609851360321045,0.012263394892215729,-0.10894036293029785,-0.00033248963882215321,0,-0.0020449119620025158,-0.16711758077144623,-0.010590010322630405,-0.14870701730251312,2.0631239414215088,-0.026749555021524429,1.2726720571517944,2.7091126441955566,4
10077,0.2956652045249939,0.0042446856386959553,0.04865960031747818,0.020746858790516853,-0.25071483850479126,0.000341725506586954,0,-0.0015787829179316759,0.4487050473690033,-0.010590010322630405,-0.0086492961272597313,-0.13012997806072235,0.087617434561252594,1.2726720571517944,1.7769886255264282,2
2130,-0.52351170778274536,-0.010247066617012024,-0.39568996429443359,0.0048820739611983299,-0.21488255262374878,0.000341725506586954,0,-0.0019423842895776033,0.44191518425941467,-0.010590010322630405,-0.0027570810634642839,-0.026387238875031471,-0.040271017700433731,1.2726720571517944,0.49353238940238953,0
8788,1.1264086961746216,0.0017517793457955122,0.087641902267932892,0.020746858790516853,-0.19067737460136414,-0.00033248963882215321,0,0.011322616599500179,0.017723457887768745,0.015653662383556366,1.7593972682952881,-0.032282963395118713,0.60578608512878418,1.2726720571517944,4.695807933807373,2
3510,0.17406189441680908,0.0042446856386959553,0.057427685707807541,0.020746858790516853,-0.11850614845752716,-0.00033248963882215321,0,-0.0025151621084660292,0.078443966805934906,0.033139593899250031,-0.021393686532974243,0.017808699980378151,0.19898785650730133,1.2726720571517944,1.7147848606109619,1
13446,0.27445754408836365,0.0042446856386959553,0.062810622155666351,-0.038270097225904465,-0.10341367870569229,-0.00033248963882215321,0,-0.0025151621084660292,0.17247399687767029,-0.010590010322630405,-0.017843183130025864,0.026770791038870811,0.086061067879199982,1.2726720571517944,1.7265254259109497,0
16670,-0.56472718715667725,0.0042446856386959553,0.034544035792350769,-0.0090055782347917557,-0.10727169364690781,0.000341725506586954,0,-0.0025151621084660292,-0.13622774183750153,0.033139593899250031,-0.1168799102306366,-0.11298694461584091,-0.04873117059469223,1.2726720571517944,0.2465970367193222,0
12374,0.72360289096832275,-0.010247066617012024,-0.33369904756546021,0.020746858790516853,-0.14680792391300201,0.000341725506586954,0,-0.0028787634801119566,0.17200948297977448,0.033139593899250031,-0.0029150170739740133,-0.081338495016098022,-0.035682950168848038,1.2726720571517944,1.6089435815811157,1
6551,-0.57871419191360474,0.0042446856386959553,0.037868637591600418,0.0048820739611983299,-0.10727169364690781,0.000341725506586954,0,-0.0025151621084660292,-0.13622774183750153,0.033139593899250031,-0.1168799102306366,-0.11298694461584091,-0.033671751618385315,1.2726720571517944,0.26488170027732849,0
18745,-0.29683935642242432,-0.010247066617012024,0.036646585911512375,0.012263394892215729,-0.11810507625341415,0.000341725506586954,0,-0.0028787634801119566,-0.064763881266117096,-0.010590010322630405,-0.1168799102306366,-0.11289589107036591,-0.04873117059469223,1.2726720571517944,0.5399935245513916,6
