FID,X1,X2,X3,X4,X6,X7,X8,X19,X10,X14,X17,X18,X22,base_value,prediction,observed
2682,-0.14734186232089996,0.0081682391464710236,0.048019077628850937,0.0020188824273645878,-0.06716233491897583,-0.0095207467675209045,-0.010324363596737385,-0.0015556755242869258,-0.19199977815151215,-0.1205211877822876,-0.35857304930686951,-0.35509213805198669,-0.079128064215183258,2.7879786491394043,1.5049654245376587,1
9479,-1.0451813936233521,0.0081682391464710236,0.040947690606117249,0.013562357984483242,-0.067796707153320312,-0.0095207467675209045,-0.010324363596737385,-0.0015556755242869258,-0.19048093259334564,-0.12778256833553314,-0.35433444380760193,-0.32637977600097656,-0.079017080366611481,2.7879786491394043,0.63828307390213013,0
2056,7.2970976829528809,0.037937138229608536,0.2468024343252182,0.066789597272872925,4.1266422271728516,-0.09448559582233429,0.0069123599678277969,0.037184581160545349,0.79807442426681519,0.14786003530025482,0.90630525350570679,0.60319572687149048,-0.31768831610679626,2.7879786491394043,16.650611877441406,19
10165,-0.086389824748039246,0.0041604074649512768,0.041356980800628662,0.0060742534697055817,1.3347325325012207,0.0093875303864479065,0.0010916565079241991,0.0085083367303013802,-0.59078943729400635,0.14807961881160736,-0.38296428322792053,0.37400120496749878,0.013238348998129368,2.7879786491394043,3.6684672832489014,2
11366,0.11670662462711334,0.0077369012869894505,0.041356980800628662,-0.00034471033723093569,-0.1061306819319725,0.0027848212048411369,-0.02302800677716732,0.0064452704973518848,0.52650266885757446,0.11187184602022171,-0.31030800938606262,0.48034569621086121,-0.047076910734176636,2.7879786491394043,3.5948412418365479,9
6446,-0.12638469040393829,0.0090294396504759789,0.041356980800628662,0.012322752736508846,-0.065107785165309906,0.0072615211829543114,-0.040300525724887848,-0.0009700399823486805,0.44718286395072937,0.24634088575839996,0.0619305819272995,-0.58658492565155029,-0.087832480669021606,2.7879786491394043,2.7062234878540039,0
20291,-1.1020830869674683,0.0081682391464710236,0.040947690606117249,0.013362772762775421,-0.068204388022422791,-0.0095207467675209045,-0.019321182742714882,-0.0015556755242869258,-0.19008176028728485,-0.11774773895740509,-0.37585058808326721,-0.32637977600097656,-0.079017080366611481,2.7879786491394043,0.56069493293762207,0
442,-0.077689111232757568,0.0055332398042082787,0.040947690606117249,0.00089489505626261234,-0.0017283220076933503,0.0092490799725055695,-0.0073874755762517452,-0.0015556755242869258,-0.19753921031951904,-0.10509589314460754,-0.31341314315795898,-0.24952545762062073,-0.046516906470060349,2.7879786491394043,1.8441529273986816,0
14853,-1.1022017002105713,0.0081682391464710236,0.048019077628850937,0.013362772762775421,-0.068204388022422791,-0.0049506053328514099,-0.026637416332960129,-0.0015556755242869258,-0.18906742334365845,-0.11343587934970856,-0.38723385334014893,-0.32637977600097656,-0.079017080366611481,2.7879786491394043,0.55884456634521484,0
18363,-1.108988881111145,0.0081682391464710236,0.040947690606117249,0.013362772762775421,-0.068204388022422791,0.019282236695289612,-0.0073874755762517452,-0.0015556755242869258,-0.19008176028728485,-0.12778256833553314,-0.37562283873558044,-0.32583716511726379,-0.079017080366611481,2.7879786491394043,0.58526152372360229,0
19280,-1.0464190244674683,0.0081682391464710236,0.048019077628850937,0.013362772762775421,-0.068204388022422791,-0.0095207467675209045,-0.019321182742714882,-0.0015556755242869258,-0.19008176028728485,-0.11343587934970856,-0.37975192070007324,-0.32637977600097656,-0.079017080366611481,2.7879786491394043,0.62384122610092163,1
1281,-1.0473105907440186,0.0081682391464710236,0.048019077628850937,0.0043571311980485916,-0.10288602858781815,0.0072615211829543114,-0.0075355968438088894,-0.0015556755242869258,0.44040286540985107,-0.12199144065380096,-0.3762097954750061,-0.42731830477714539,-0.035879712551832199,2.7879786491394043,1.1755001544952393,0
8941,4.8786582946777344,0.029832899570465088,0.23757714033126831,0.028920233249664307,3.5186450481414795,0.0090256845578551292,0.056586470454931259,0.01525933388620615,0.68878430128097534,0.17740842700004578,0.41371667385101318,0.46899169683456421,-0.071100920438766479,2.7879786491394043,13.240281105041504,11
14622,-0.20507518947124481,0.0081682391464710236,0.040947690606117249,0.011049281805753708,0.83119750022888184,0.0025541156064718962,-0.032978076487779617,0.01465985644608736,-0.37962272763252258,-0.070847690105438232,-0.28497391939163208,-0.27486974000930786,-0.041163451969623566,2.7879786491394043,2.4070248603820801,2
10082,-0.31042361259460449,0.08829931914806366,0.041068956255912781,0.013805349357426167,-0.093012847006320953,-0.017471795901656151,0.29692754149436951,0.021695034578442574,0.32312062382698059,0.051918327808380127,1.4397422075271606,-0.49389612674713135,0.99555301666259766,2.7879786491394043,5.1453051567077637,5
3939,0.14902366697788239,0.0063944412395358086,0.041356980800628662,0.012322752736508846,0.0026140916161239147,-0.0095207467675209045,0.18323762714862823,8.1805512309074402e-05,-0.091729231178760529,0.23228912055492401,0.049679677933454514,-0.79594212770462036,-0.10106042772531509,2.7879786491394043,2.4667251110076904,1
19900,-1.1020830869674683,0.0081682391464710236,0.040947690606117249,0.013362772762775421,-0.068204388022422791,-0.0095207467675209045,-0.019321182742714882,-0.0015556755242869258,-0.19008176028728485,-0.11774773895740509,-0.37585058808326721,-0.32637977600097656,-0.079017080366611481,2.7879786491394043,0.56069493293762207,1
18365,-0.01271449588239193,-0.018891241401433945,-0.039913948625326157,0.002442752942442894,0.23075060546398163,0.0070066945627331734,-0.016875812783837318,0.0056697833351790905,0.43003091216087341,0.24078832566738129,3.1506059169769287,0.54218769073486328,-0.095009252429008484,2.7879786491394043,7.2140583992004395,9
16378,0.16679941117763519,-0.016030443832278252,0.041068956255912781,0.012840489856898785,-0.15041062235832214,-0.0085241217166185379,-0.0076828468590974808,8.1805512309074402e-05,0.44153907895088196,0.25815722346305847,1.0721579790115356,-0.71836155652999878,-0.15188489854335785,2.7879786491394043,3.7277295589447021,1
17339,0.19009312987327576,0.0076996730640530586,0.040947690606117249,0.012322752736508846,0.010690487921237946,-0.0095207467675209045,0.227317214012146,0.0016517133917659521,-0.23896610736846924,-0.10892766714096069,-0.33380043506622314,-0.25856375694274902,-0.082566559314727783,2.7879786491394043,2.2463557720184326,1
13268,-1.1041311025619507,0.0059258756227791309,0.041356980800628662,0.0018192968564108014,-0.042852610349655151,0.007104845717549324,-0.032978076487779617,0.010308412835001945,-0.22798094153404236,0.087583139538764954,-0.42704552412033081,-0.18346850574016571,0.015211275778710842,2.7879786491394043,0.93883150815963745,0
1422,1.3263399600982666,-0.053948976099491119,-0.28277716040611267,-0.022436797618865967,-0.16190382838249207,-0.0016187827568501234,0.073803611099720001,-0.018896050751209259,0.66573655605316162,0.13731181621551514,2.1956338882446289,2.6218459606170654,1.0072841644287109,2.7879786491394043,10.274352073669434,12
15460,-0.85173511505126953,0.027812644839286804,0.03724057599902153,0.0012970129027962685,-0.11426245421171188,-0.0039539812132716179,-0.029010305181145668,0.017498411238193512,0.39880871772766113,-0.24108520150184631,1.0135703086853027,-0.48345807194709778,-0.13116756081581116,2.7879786491394043,2.4295339584350586,3
584,-1.053911566734314,0.0076996730640530586,0.040947690606117249,0.013362772762775421,-0.059884969145059586,-0.0095207467675209045,0.15000084042549133,-0.001266581704840064,-0.19870063662528992,-0.12759450078010559,-0.29244518280029297,-0.14035144448280334,-0.078891240060329437,2.7879786491394043,1.0374226570129395,0
5716,-1.0619344711303711,0.0090294396504759789,0.043196652084589005,0.013362772762775421,-0.040545910596847534,0.001299746916629374,-0.065743014216423035,0.0013692475622519851,-0.19802798330783844,0.31810358166694641,-0.3820650577545166,-0.36767235398292542,0.0095195025205612183,2.7879786491394043,1.0678708553314209,1
13850,-0.98911106586456299,0.0076996730640530586,0.040947690606117249,0.011049281805753708,-0.020300034433603287,0.0092490799725055695,-0.0073874755762517452,-0.001266581704840064,-0.24732445180416107,-0.11477756500244141,-0.39175504446029663,-0.13030959665775299,-0.075978614389896393,2.7879786491394043,0.87871479988098145,0
14692,3.087944507598877,0.037697400897741318,0.23721866309642792,0.013689640909433365,-0.42715153098106384,0.0022963709197938442,-0.055524170398712158,-0.0052493195980787277,0.38307091593742371,0.20799000561237335,0.38062781095504761,-0.30869969725608826,-0.1044599786400795,2.7879786491394043,6.2374310493469238,6
6182,-1.0432723760604858,0.0081682391464710236,0.048019077628850937,0.013562357984483242,-0.067785002291202545,-0.0095207467675209045,-0.010324363596737385,0.010019319131970406,-0.19048093259334564,-0.10493439435958862,-0.37134149670600891,-0.33466121554374695,-0.078823976218700409,2.7879786491394043,0.65660297870635986,2
988,1.7925502061843872,0.0082024484872817993,-0.093156196177005768,-0.010316582396626472,1.0172146558761597,0.0046801250427961349,-0.029293499886989594,0.0037538500037044287,-0.60074973106384277,-0.18499529361724854,0.4695858359336853,1.0544589757919312,-0.07883220911026001,2.7879786491394043,6.1410832405090332,2
6030,-1.0597193241119385,-0.01884954422712326,-0.00018264880054630339,0.012472237460315228,-0.098502457141876221,-0.0049506053328514099,-0.029394980520009995,-0.0015556755242869258,0.40192583203315735,-0.12048031389713287,-0.34332284331321716,-0.4096473753452301,-0.016173345968127251,2.7879786491394043,1.0995974540710449,0
3366,-0.96690481901168823,0.0076996730640530586,0.040947690606117249,0.012288887053728104,-0.0035108774900436401,-0.0095207467675209045,-0.010324363596737385,-0.001266581704840064,-0.22885039448738098,-0.10785733163356781,-0.38700997829437256,-0.12418168783187866,-0.079670928418636322,2.7879786491394043,0.92981767654418945,1
16428,-0.95943444967269897,-0.012278728187084198,-0.012696332298219204,0.0019984170794487,-0.065497882664203644,-0.0095207467675209045,-0.019321182742714882,0.010019319131970406,-0.19530229270458221,-0.11744950711727142,0.17405577003955841,-0.42890918254852295,-0.083550140261650085,2.7879786491394043,1.0700912475585938,0
19303,0.74833458662033081,0.0049280878156423569,0.039298523217439651,-0.00034471033723093569,-0.08750152587890625,0.0092270635068416595,-0.0099770538508892059,0.0016517133917659521,-0.1361110657453537,-0.079478137195110321,0.082651153206825256,0.28299903869628906,-0.068257667124271393,2.7879786491394043,3.5753979682922363,2
13732,-1.1001526117324829,0.0081682391464710236,0.040947690606117249,0.013362772762775421,-0.068045444786548615,0.0092490799725055695,-0.016384292393922806,-0.0015556755242869258,-0.19008176028728485,-0.11774773895740509,-0.37562283873558044,-0.32583716511726379,-0.079017080366611481,2.7879786491394043,0.58526152372360229,0
20745,-1.0323394536972046,0.0081682391464710236,0.040947690606117249,0.0020188824273645878,-0.068204388022422791,0.0060071521438658237,-0.0073874755762517452,-0.0015556755242869258,-0.19048093259334564,-0.12778256833553314,-0.36836865544319153,-0.32721278071403503,-0.079128064215183258,2.7879786491394043,0.64266067743301392,0
8147,-0.98125541210174561,0.0081682391464710236,0.040947690606117249,0.012288887053728104,-0.031457144767045975,0.011812251061201096,-0.0073874755762517452,-0.0015556755242869258,-0.19048093259334564,-0.11650113761425018,-0.35835000872612,-0.30980661511421204,-0.08489217609167099,2.7879786491394043,0.77950966358184814,2
8417,2.9880592823028564,-0.059425268322229385,-0.034409318119287491,0.025233112275600433,-0.41876354813575745,-0.0080753210932016373,-0.0067795324139297009,-0.0059534101746976376,0.37870875000953674,0.14286671578884125,0.70923095941543579,0.51011484861373901,-0.16047687828540802,2.7879786491394043,6.8483090400695801,3
12981,1.4122884273529053,0.0063944412395358086,-0.0023393512237817049,0.011198766529560089,0.2607189416885376,-0.0095207467675209045,-0.0055795111693441868,0.0071319630369544029,0.41055998206138611,0.028795275837182999,0.0025438207667320967,-0.71215415000915527,-0.061885297298431396,2.7879786491394043,4.1361327171325684,3
17332,-0.95551753044128418,0.0081682391464710236,0.048019077628850937,0.011049281805753708,-0.0024225306697189808,-0.0095207467675209045,0.15622638165950775,0.010019319131970406,-0.18474385142326355,-0.10343530774116516,-0.25090864300727844,-0.20658828318119049,-0.045108355581760406,2.7879786491394043,1.2632156610488892,2
18806,-1.0772312879562378,0.0076996730640530586,0.048019077628850937,0.013562357984483242,-0.06078772246837616,-0.0095207467675209045,-0.010324363596737385,-0.001266581704840064,-0.22885039448738098,-0.10504454374313354,-0.41878071427345276,-0.15027166903018951,-0.078698135912418365,2.7879786491394043,0.71648377180099487,3
16070,-1.014045238494873,0.010837445966899395,0.015835989266633987,0.0091730523854494095,-0.0039410102181136608,-0.0084851961582899094,0.16067904233932495,-0.001266581704840064,-0.16533109545707703,-0.13329128921031952,-0.24759382009506226,1.0294146537780762,-0.081752605736255646,2.7879786491394043,2.358212947845459,0
16028,3.1554787158966064,-0.051964081823825836,0.23757714033126831,-0.062316291034221649,-0.22677378356456757,0.0071274628862738609,-0.0072385193780064583,0.018288981169462204,0.37333673238754272,0.21350648999214172,0.16692647337913513,0.012284966185688972,-0.15791812539100647,2.7879786491394043,6.4662952423095703,19
6226,-0.9706915020942688,0.0076996730640530586,0.040947690606117249,0.012288887053728104,-0.020288329571485519,0.0045416746288537979,-0.032978076487779617,0.017787504941225052,-0.22838011384010315,-0.085573688149452209,-0.38989362120628357,-0.13618004322052002,-0.048738401383161545,2.7879786491394043,0.95852065086364746,1
1900,2.8258709907531738,-0.055951736867427826,0.020959643647074699,0.012733842246234417,-0.40751859545707703,0.0027451715432107449,-0.035956580191850662,-0.0069199916906654835,0.3126755952835083,0.27913907170295715,0.83281797170639038,0.9445158839225769,0.31717401742935181,2.7879786491394043,7.8302640914916992,5
15784,0.20482935011386871,0.005064674187451601,0.039298523217439651,0.011049281805753708,-0.077469386160373688,0.0060071521438658237,0.00273349997587502,0.0016517133917659521,0.51853537559509277,-0.12097586691379547,0.19859270751476288,-0.12014990299940109,-0.055391304194927216,2.7879786491394043,3.4017548561096191,4
12740,1.2809891700744629,0.001440757536329329,0.041199207305908203,0.0060024820268154144,-0.13477016985416412,0.0060071521438658237,-0.0023730616085231304,0.015924554318189621,-0.23855246603488922,0.16741287708282471,-0.041663482785224915,-0.53839200735092163,-0.088262848556041718,2.7879786491394043,3.262939453125,2
8544,-1.0390615463256836,0.0055332398042082787,0.040947690606117249,0.00069530890323221684,-0.028770841658115387,0.007104845717549324,-0.032978076487779617,-0.0015556755242869258,-0.19460685551166534,-0.10646630823612213,-0.356108158826828,-0.21542643010616302,-0.05161232128739357,2.7879786491394043,0.81567376852035522,1
16693,-0.060510043054819107,0.0051377937197685242,6.8858149461448193e-05,0.011049281805753708,-0.090614840388298035,0.0060071521438658237,-0.040300525724887848,0.010604954324662685,0.45398831367492676,0.21335059404373169,0.13005861639976501,-0.37838935852050781,-0.027705654501914978,2.7879786491394043,3.0207235813140869,1
1762,1.8505755662918091,0.0074347681365907192,0.084212265908718109,0.0049689752049744129,1.493500828742981,0.0097257895395159721,0.0017244068440049887,0.0074762036092579365,-0.58610033988952637,0.15936851501464844,-0.41071537137031555,1.2956085205078125,-0.003593135392293334,2.7879786491394043,6.7021675109863281,9
8157,-1.1010451316833496,0.0081682391464710236,0.040947690606117249,0.013362772762775421,-0.068204388022422791,-0.0095207467675209045,-0.010324363596737385,-0.0015556755242869258,-0.19008176028728485,-0.12778256833553314,-0.37585058808326721,-0.32637977600097656,-0.079017080366611481,2.7879786491394043,0.56069493293762207,1
9066,-1.1022017002105713,0.0081682391464710236,0.048019077628850937,0.013362772762775421,-0.068204388022422791,-0.0049506053328514099,-0.026637416332960129,-0.0015556755242869258,-0.18906742334365845,-0.11343587934970856,-0.38723385334014893,-0.32637977600097656,-0.079017080366611481,2.7879786491394043,0.55884456634521484,1
4131,-1.0999743938446045,0.0081682391464710236,0.040947690606117249,0.013562357984483242,-0.068204388022422791,-0.0095207467675209045,-0.019321182742714882,0.010019319131970406,-0.19048093259334564,-0.11744950711727142,-0.37585058808326721,-0.32637977600097656,-0.079017080366611481,2.7879786491394043,0.57447719573974609,1
5231,-1.110164999961853,0.0049280878156423569,0.039298523217439651,0.0020188824273645878,-0.020246986299753189,0.012817976996302605,-0.032113805413246155,0.017787504941225052,-0.24337095022201538,-0.18252511322498322,0.1593000739812851,0.5869520902633667,-0.045288600027561188,2.7879786491394043,1.9773712158203125,2
8861,-1.1010451316833496,0.0081682391464710236,0.040947690606117249,0.013362772762775421,-0.068204388022422791,-0.0095207467675209045,-0.010324363596737385,-0.0015556755242869258,-0.19008176028728485,-0.12778256833553314,-0.37585058808326721,-0.32637977600097656,-0.079017080366611481,2.7879786491394043,0.56069493293762207,0
6627,0.97545516490936279,-0.034138873219490051,0.041068956255912781,-0.0027332054451107979,-0.1878584623336792,0.0092490799725055695,0.0064756325446069241,0.0027872684877365828,0.46881324052810669,0.20141783356666565,0.83966588973999023,-0.3291507363319397,-0.11240058392286301,2.7879786491394043,4.6666316986083984,2
20205,-0.98280864953994751,0.0055332398042082787,0.048019077628850937,0.012089301832020283,-0.031457144767045975,0.011812251061201096,-0.016384292393922806,-0.0015556755242869258,-0.19008176028728485,-0.1021544337272644,-0.36973327398300171,-0.30980661511421204,-0.081941790878772736,2.7879786491394043,0.77950966358184814,0
17118,0.20811523497104645,0.0076996730640530586,0.040947690606117249,0.011049281805753708,-0.076004602015018463,-0.0095207467675209045,-0.01088537834584713,0.0016517133917659521,0.53196924924850464,-0.088701322674751282,0.19176760315895081,-0.12256088107824326,-0.090943761169910431,2.7879786491394043,3.3825623989105225,3
4794,-1.1022017002105713,0.0081682391464710236,0.048019077628850937,0.013362772762775421,-0.068204388022422791,-0.0049506053328514099,-0.026637416332960129,-0.0015556755242869258,-0.18961147964000702,-0.11343587934970856,-0.38472139835357666,-0.32396876811981201,-0.048277664929628372,2.7879786491394043,0.59396350383758545,0
3274,-0.91018468141555786,0.005064674187451601,-0.014345503412187099,0.00074541056528687477,-0.017400428652763367,-0.0049506053328514099,-0.026637416332960129,-0.001266581704840064,-0.22337330877780914,-0.12684893608093262,0.24869243800640106,-0.0077928211539983749,-0.08283427357673645,2.7879786491394043,1.6268458366394043,1
2385,0.71078306436538696,-0.026971301063895226,-0.012575075961649418,1.1818370694527403e-05,-0.11776197701692581,-0.013898278586566448,-0.033218421041965485,-0.018896050751209259,-0.15919701755046844,0.18041770160198212,1.0875955820083618,0.085628226399421692,1.1190415620803833,2.7879786491394043,5.5889410972595215,6
15960,-1.1020830869674683,0.0081682391464710236,0.040947690606117249,0.013362772762775421,-0.067796707153320312,-0.0095207467675209045,-0.019321182742714882,-0.0015556755242869258,-0.19008176028728485,-0.11774773895740509,-0.36181637644767761,-0.32637977600097656,-0.079017080366611481,2.7879786491394043,0.57513678073883057,0
1741,-1.0234308242797852,0.0081682391464710236,0.040947690606117249,0.011049281805753708,-0.031457144767045975,0.0092490799725055695,-0.0073874755762517452,-0.0015556755242869258,-0.20895498991012573,-0.11650113761425018,-0.36583200097084045,-0.30980661511421204,-0.076104454696178436,2.7879786491394043,0.71636289358139038,0
2652,3.5949335098266602,-0.046463336795568466,-0.69617229700088501,-0.0087361838668584824,-0.18663594126701355,0.0047854729928076267,0.14496718347072601,-0.21387098729610443,0.31475114822387695,0.3905867338180542,4.2933821678161621,1.6960374116897583,0.85794883966445923,2.7879786491394043,12.933492660522461,13
17570,1.8848946094512939,-0.053948976099491119,-0.28277716040611267,-0.022436797618865967,-0.15483139455318451,-0.0016187827568501234,0.012241638265550137,-0.018896050751209259,0.71179658174514771,0.13671663403511047,3.3534014225006104,2.6016771793365479,0.5850527286529541,2.7879786491394043,11.539249420166016,14
1855,-1.0895955562591553,0.0081682391464710236,0.048019077628850937,-0.00041971335303969681,-0.067084893584251404,-0.0095207467675209045,-0.019321182742714882,-0.0015556755242869258,-0.19008176028728485,-0.11343587934970856,-0.38611435890197754,-0.32721278071403503,-0.079128064215183258,2.7879786491394043,0.56069493293762207,0
18902,-1.1020830869674683,0.0081682391464710236,0.040947690606117249,0.013362772762775421,-0.068204388022422791,-0.0095207467675209045,-0.019321182742714882,-0.0015556755242869258,-0.19008176028728485,-0.11774773895740509,-0.37585058808326721,-0.32637977600097656,-0.079017080366611481,2.7879786491394043,0.56069493293762207,0
5915,3.3620474338531494,0.056328155100345612,0.28043246269226074,0.013839125633239746,0.04205254465341568,0.0071303807199001312,-0.00083495618309825659,-0.0059534101746976376,0.36939147114753723,0.18763378262519836,-0.054291434586048126,0.7125849723815918,-0.17428094148635864,2.7879786491394043,7.5840587615966797,14
18115,0.34569823741912842,0.0055332398042082787,-0.012696332298219204,-0.00049419491551816463,-0.10989702492952347,-0.0049506053328514099,-0.018201613798737526,0.0071319630369544029,0.45060241222381592,-0.092485591769218445,-0.30047118663787842,-0.59522706270217896,-0.049629975110292435,2.7879786491394043,2.4128913879394531,2
10146,-1.0060927867889404,0.0077369012869894505,0.041068956255912781,0.01059053186327219,-0.005099225789308548,-0.0084851961582899094,-0.018456913530826569,-0.001266581704840064,-0.25070199370384216,0.23243060708045959,1.0280694961547852,0.55942094326019287,-0.14368687570095062,2.7879786491394043,3.2335059642791748,3
18994,-0.068827427923679352,0.0081682391464710236,0.048019077628850937,0.006531114224344492,-0.13244374096393585,0.007104845717549324,-0.032978076487779617,0.010019319131970406,-0.19434769451618195,-0.10736186802387238,-0.35331586003303528,-0.37155842781066895,-0.084343656897544861,2.7879786491394043,1.5226442813873291,0
16833,-1.0389902591705322,0.0049280878156423569,-0.012696332298219204,0.012472237460315228,-0.043390668928623199,0.0055046672932803631,-0.015520023182034492,-0.001266581704840064,-0.26130783557891846,-0.1629851758480072,-0.35308435559272766,0.35084477066993713,-0.044990327209234238,2.7879786491394043,1.2274961471557617,5
4058,-1.0988633632659912,0.0055332398042082787,0.040947690606117249,0.013362772762775421,-0.068045444786548615,0.0025541156064718962,-0.032978076487779617,-0.0015556755242869258,-0.18906742334365845,-0.11774773895740509,-0.37562283873558044,-0.32583716511726379,-0.076066687703132629,2.7879786491394043,0.56459170579910278,1
8723,-0.079778648912906647,0.028205282986164093,0.041068956255912781,0.012712758034467697,-0.18982331454753876,0.0075582647696137428,-0.020179161801934242,0.010505192913115025,0.47486662864685059,0.146402508020401,1.193152904510498,-0.13342243432998657,-0.088496886193752289,2.7879786491394043,4.1907525062561035,4
17590,-0.33679568767547607,0.0083762640133500099,0.084212265908718109,-0.0014499897370114923,1.0298993587493896,0.0071626193821430206,0.16767163574695587,0.010308412835001945,-0.48198705911636353,0.11553027480840683,-0.33067840337753296,1.0017644166946411,-0.021223023533821106,2.7879786491394043,4.040771484375,9
11426,-1.1142029762268066,0.0055332398042082787,0.040947690606117249,0.013362772762775421,-0.065518096089363098,-0.0095207467675209045,-0.010324363596737385,-0.0015556755242869258,-0.19507713615894318,-0.12778256833553314,-0.36863920092582703,-0.23357756435871124,-0.076066687703132629,2.7879786491394043,0.64555644989013672,1
18029,-0.98654681444168091,0.0055332398042082787,0.040947690606117249,0.012438371777534485,-0.0027703652158379555,0.0092490799725055695,-0.016384292393922806,0.010019319131970406,-0.19602036476135254,-0.097712337970733643,-0.34848734736442566,-0.19502840936183929,-0.046405922621488571,2.7879786491394043,0.97681117057800293,0
13612,-0.94042247533798218,-0.01884954422712326,-0.0027486346662044525,0.00054582441225647926,-0.13399392366409302,-0.0095207467675209045,-0.019321182742714882,0.017498411238193512,-0.19011618196964264,-0.10580508410930634,-0.23030252754688263,-0.3113504946231842,-0.077081382274627686,2.7879786491394043,0.76650959253311157,1
3053,-1.0207433700561523,0.0075630866922438145,0.040947690606117249,-0.013929452747106552,-0.0035220691934227943,-0.0095207467675209045,-0.019229693338274956,0.017787504941225052,-0.22309155762195587,-0.12001707404851913,-0.39040398597717285,0.011742975562810898,-0.079834930598735809,2.7879786491394043,0.98572760820388794,1
4266,-0.95118814706802368,0.0082024484872817993,-0.089449085295200348,0.012288887053728104,-0.0018985341303050518,0.0027848212048411369,-0.03051370196044445,0.010505192913115025,-0.19086469709873199,-0.12232551723718643,-0.23092254996299744,0.94847887754440308,-0.078713260591030121,2.7879786491394043,2.0743637084960938,3
14737,0.16447927057743073,0.0055332398042082787,0.039298523217439651,0.0092857591807842255,-0.16430070996284485,0.0072615211829543114,0.09009869396686554,0.016891136765480042,0.39064246416091919,-0.13506986200809479,0.10248230397701263,-0.65473228693008423,-0.0815248042345047,2.7879786491394043,2.5783252716064453,2
3940,1.3587174415588379,0.028205282986164093,0.041068956255912781,0.012840489856898785,-0.21873235702514648,-0.0085241217166185379,0.31148892641067505,0.0016517133917659521,0.40118741989135742,0.14404311776161194,1.1700407266616821,-0.21784190833568573,-0.13984346389770508,2.7879786491394043,5.6722836494445801,5
9793,-0.91933554410934448,0.0090294396504759789,0.043196652084589005,0.013362772762775421,-0.040129333734512329,0.010983916930854321,-0.049149233847856522,-0.0009700399823486805,-0.19008176028728485,0.26676344871520996,-0.39317241311073303,-0.36799487471580505,-0.084249295294284821,2.7879786491394043,1.0862329006195068,1
9564,-1.0464190244674683,0.0081682391464710236,0.040947690606117249,0.013362772762775421,-0.068204388022422791,-0.0095207467675209045,-0.019321182742714882,-0.0015556755242869258,-0.19008176028728485,-0.11774773895740509,-0.36836865544319153,-0.32637977600097656,-0.079017080366611481,2.7879786491394043,0.62384122610092163,1
16930,1.2948853969573975,-0.0038322161417454481,-0.011767244897782803,0.011049281805753708,-0.18199144303798676,0.013504805043339729,0.01185175497084856,0.015924554318189621,0.45027261972427368,0.17164604365825653,-0.059478748589754105,-0.74542319774627686,-0.090735085308551788,2.7879786491394043,3.6638844013214111,3
4559,-1.0539462566375732,0.0081682391464710236,0.040947690606117249,0.00074541056528687477,-0.13216088712215424,-0.0049506053328514099,-0.026637416332960129,0.010019319131970406,-0.19446197152137756,-0.11462324857711792,-0.37819617986679077,-0.20548562705516815,-0.079907745122909546,2.7879786491394043,0.65748834609985352,0
18972,-0.038836169987916946,0.001440757536329329,0.041199207305908203,0.011049281805753708,-0.09483424574136734,-0.0095207467675209045,0.034457620233297348,0.006699749268591404,0.47221070528030396,0.36231702566146851,0.094269752502441406,-0.55004698038101196,-0.095068611204624176,2.7879786491394043,3.0233159065246582,3
7026,-1.0445308685302734,0.0076996730640530586,0.048019077628850937,0.013562357984483242,-0.060391742736101151,-0.0095207467675209045,-0.010324363596737385,-0.001266581704840064,-0.22885039448738098,-0.12328264117240906,-0.39414995908737183,-0.14199022948741913,-0.078891240060329437,2.7879786491394043,0.76406121253967285,4
17931,1.2040377855300903,0.027381312102079391,0.041068956255912781,0.001446497393772006,-0.22962240874767303,0.0070066945627331734,0.010143646970391273,0.0085083367303013802,0.4620671272277832,0.24832476675510406,0.89327269792556763,0.41792735457420349,-0.098625130951404572,2.7879786491394043,5.7809195518493652,6
11734,-1.1002397537231445,0.0081682391464710236,0.048019077628850937,0.011630551889538765,-0.068204388022422791,-0.0095207467675209045,-0.019321182742714882,-0.0015556755242869258,-0.19008176028728485,-0.11343587934970856,-0.38723385334014893,-0.32637977600097656,-0.079128064215183258,2.7879786491394043,0.56069493293762207,0
19104,-1.4209281206130981,-0.014626654796302319,0.014186816290020943,-0.010077581740915775,0.01753268763422966,0.0023352964781224728,-0.03051370196044445,0.010308412835001945,-0.39475399255752563,-0.19577111303806305,-0.10004862397909164,2.8394155502319336,-0.2103857696056366,2.7879786491394043,3.294651985168457,3
144,-0.27104952931404114,-0.039867144078016281,-0.016403445973992348,0.0015258095227181911,-0.13175880908966064,-0.0066513018682599068,-0.04244711622595787,0.033559117466211319,-0.12481193244457245,-0.26934349536895752,1.4517034292221069,-0.099675260484218597,1.2743417024612427,2.7879786491394043,4.5471034049987793,8
10753,-0.27457493543624878,0.0051019024103879929,0.041068956255912781,0.011198766529560089,-0.11098329722881317,-0.0081990081816911697,0.070234633982181549,-0.001266581704840064,0.41417846083641052,0.13776329159736633,0.9535902738571167,0.35249814391136169,-0.13090114295482635,2.7879786491394043,4.2476897239685059,19
13078,-1.0076720714569092,0.0049280878156423569,0.040947690606117249,0.011198766529560089,-0.12136776745319366,0.0087973996996879578,-0.032886587083339691,0.010505192913115025,-0.11406803876161575,-0.13692797720432281,0.24928086996078491,0.07771579921245575,-0.048242002725601196,2.7879786491394043,1.7301868200302124,1
14042,-0.97218602895736694,0.0063944412395358086,0.041199207305908203,0.013512257486581802,-0.033641554415225983,0.007104845717549324,-0.065743014216423035,0.013841225765645504,-0.19619281589984894,0.27129265666007996,0.13620203733444214,-0.36769205331802368,-0.066309124231338501,2.7879786491394043,1.575761079788208,1
16340,0.33212649822235107,0.0055332398042082787,-0.0027486346662044525,0.011049281805753708,-0.047021135687828064,-0.0049506053328514099,-0.027050305157899857,0.0041023148223757744,-0.2474871426820755,-0.084197074174880981,-0.2892443835735321,-0.39988532662391663,-0.050064161419868469,2.7879786491394043,1.9881411790847778,2
175,3.6108598709106445,0.032066933810710907,0.23770740628242493,0.0241373460739851,-0.31339848041534424,0.0093727670609951019,-0.0069405348040163517,0.032778564840555191,0.34585234522819519,0.12195361405611038,-0.57430273294448853,-0.45794233679771423,-0.22194239497184753,2.7879786491394043,5.6281805038452148,6
18069,-0.15259073674678802,0.0049280878156423569,0.040947690606117249,0.012288887053728104,-0.029104612767696381,0.0092490799725055695,0.1592547595500946,-0.001266581704840064,-0.19037015736103058,-0.10061756521463394,-0.37531217932701111,-0.01250714436173439,-0.076342314481735229,2.7879786491394043,2.0765361785888672,0
18133,-0.031747922301292419,0.0076996730640530586,0.040947690606117249,0.011049281805753708,-0.014893606305122375,0.010983916930854321,-0.0088094566017389297,-0.001266581704840064,-0.24377965927124023,-0.10407932102680206,0.1788448691368103,-0.039969019591808319,-0.083886533975601196,2.7879786491394043,2.5090718269348145,2
3546,-0.96171772480010986,0.0085608735680580139,0.043196652084589005,0.012288887053728104,-0.038036737591028214,-0.0095207467675209045,-0.019321182742714882,-0.001266581704840064,-0.22885039448738098,0.040936555713415146,-0.40890491008758545,-0.13539640605449677,-0.087106458842754364,2.7879786491394043,1.0028403997421265,1
20007,1.44640052318573,-0.053948976099491119,-0.27255433797836304,-0.015242332592606544,-0.11292982846498489,-0.006326187402009964,-0.044420786201953888,-0.018896050751209259,0.92197924852371216,0.12439503520727158,2.9310677051544189,3.0442652702331543,0.58498096466064453,2.7879786491394043,11.316746711730957,7
313,-0.9977378249168396,0.0081682391464710236,0.048019077628850937,0.012322752736508846,-0.062987491488456726,-0.0095207467675209045,-0.019321182742714882,-0.0015556755242869258,-0.078824199736118317,-0.11343587934970856,-0.35213497281074524,-0.33252319693565369,-0.075324773788452148,2.7879786491394043,0.81312191486358643,2
3252,-0.95080345869064331,0.005064674187451601,0.040947690606117249,-0.013929452747106552,-0.018171420320868492,0.0025541156064718962,-0.032978076487779617,0.010308412835001945,-0.23286974430084229,-0.086206391453742981,-0.28484681248664856,-0.12272179871797562,-0.045456759631633759,2.7879786491394043,1.0588693618774414,0
2444,-0.97791975736618042,0.0081682391464710236,0.040947690606117249,0.012438371777534485,-0.13216088712215424,-0.0049506053328514099,-0.026637416332960129,0.010019319131970406,-0.19500602781772614,-0.11462324857711792,-0.36322894692420959,-0.20224162936210632,-0.049356319010257721,2.7879786491394043,0.79342716932296753,0
16613,-1.1457517147064209,-0.014626654796302319,-0.089449085295200348,-0.0014935994986444712,-0.11477996408939362,-0.0084851961582899094,-0.007859986275434494,0.010505192913115025,-0.19638411700725555,-0.14927127957344055,-0.24791394174098969,0.90388667583465576,-0.078850932419300079,2.7879786491394043,1.6475037336349487,1
800,-0.97336959838867188,0.0081682391464710236,0.048019077628850937,0.00074541056528687477,-0.13216088712215424,0.019282236695289612,-0.0073874755762517452,0.010019319131970406,-0.19547630846500397,-0.12034621834754944,-0.36300152540206909,-0.21783740818500519,-0.079907745122909546,2.7879786491394043,0.78472518920898438,1
14786,0.66713893413543701,0.00057955633383244276,-0.012696332298219204,-0.015178871341049671,-0.04646136611700058,-0.0095207467675209045,0.14589700102806091,0.0071319630369544029,-0.088008895516395569,-0.10086891055107117,-0.23217381536960602,-0.52756613492965698,-0.079105138778686523,2.7879786491394043,2.4971451759338379,9
2436,-1.0919665098190308,0.0076996730640530586,0.048019077628850937,-0.018462153151631355,-0.065403155982494354,-0.0095207467675209045,-0.010324363596737385,-0.001266581704840064,-0.23334002494812012,-0.12328264117240906,-0.41994783282279968,-0.14282324910163879,-0.078559987246990204,2.7879786491394043,0.64879941940307617,1
10174,0.48242178559303284,-0.023615753278136253,0.041068956255912781,0.011108268052339554,-0.17221459746360779,0.0008633002289570868,-0.044425997883081436,-0.00053646077867597342,0.44350582361221313,0.211284339427948,1.0220193862915039,-0.72250896692276001,-0.13939610123634338,2.7879786491394043,3.8975529670715332,7
6911,-1.0526453256607056,0.0081682391464710236,0.040947690606117249,0.013711842708289623,-0.065359152853488922,0.0092490799725055695,-0.0073874755762517452,0.017498411238193512,-0.19602036476135254,-0.13540717959403992,-0.35841715335845947,-0.23062393069267273,-0.04015800729393959,2.7879786491394043,0.79153531789779663,0
20026,-0.98153513669967651,0.0081682391464710236,0.040947690606117249,0.011049281805753708,-0.13443948328495026,-0.0095207467675209045,-0.019321182742714882,0.017498411238193512,-0.20895498991012573,-0.11399054527282715,-0.34999606013298035,-0.31034925580024719,-0.076104454696178436,2.7879786491394043,0.66142970323562622,0
7375,3.9517636299133301,0.032146986573934555,0.23745590448379517,0.011898432858288288,1.325050950050354,-0.0083615109324455261,-0.0088630262762308121,0.01525933388620615,0.60696303844451904,-0.0784434974193573,-0.72234570980072021,0.62281477451324463,-0.14288274943828583,2.7879786491394043,8.6304349899291992,12
18820,-0.10469575226306915,0.0049280878156423569,0.039298523217439651,-0.00034471033723093569,-0.073156610131263733,0.0092490799725055695,0.0029956367798149586,0.017787504941225052,0.49408239126205444,-0.11377957463264465,0.19721832871437073,0.035737976431846619,-0.039481602609157562,2.7879786491394043,3.2578182220458984,4
6362,-1.1025171279907227,0.0055332398042082787,0.040947690606117249,0.013362772762775421,-0.068204388022422791,-0.0049506053328514099,-0.026637416332960129,-0.0015556755242869258,-0.18906742334365845,-0.11774773895740509,-0.37585058808326721,-0.32637977600097656,-0.076066687703132629,2.7879786491394043,0.55884456634521484,1
19709,1.8302770853042603,0.0051019024103879929,0.041356980800628662,-0.0027332054451107979,0.25561493635177612,-0.0084851961582899094,0.10473623871803284,0.0037538500037044287,0.39289292693138123,0.07523646205663681,-0.26686996221542358,0.37469682097434998,-0.06844908744096756,2.7879786491394043,5.5251107215881348,3
2574,0.32112815976142883,-0.01884954422712326,0.039298523217439651,0.00077927717939019203,-0.058594241738319397,-0.0049506053328514099,-0.018201613798737526,0.0071319630369544029,0.45284166932106018,-0.12820301949977875,0.060635201632976532,-0.81252557039260864,-0.085437580943107605,2.7879786491394043,2.5430316925048828,2
9024,-1.0564110279083252,0.0081682391464710236,0.040947690606117249,0.012288887053728104,-0.13484717905521393,0.0062765125185251236,-0.032978076487779617,-0.0015556755242869258,-0.19001065194606781,-0.11492148041725159,-0.36877202987670898,-0.30739560723304749,-0.049057349562644958,2.7879786491394043,0.59971064329147339,0
9369,-1.5074546337127686,-0.01691846176981926,0.040947690606117249,0.012143508531153202,-0.12390679866075516,0.00027939071878790855,-0.0050627375021576881,0.021984128281474113,-0.13894812762737274,-0.15191201865673065,-0.44570526480674744,0.57991468906402588,1.0422154664993286,2.7879786491394043,2.0955550670623779,1
19120,2.9670209884643555,-0.083055309951305389,-0.024461623281240463,0.0075259432196617126,-0.42449736595153809,-0.0039539812132716179,-0.037577260285615921,0.011289108544588089,0.30109092593193054,0.19001160562038422,0.85337859392166138,-0.56036901473999023,-0.17054694890975952,2.7879786491394043,5.8138351440429688,2
14897,-1.0257163047790527,0.0081682391464710236,0.040947690606117249,-0.00049419491551816463,-0.028929784893989563,-0.0095207467675209045,-0.010324363596737385,-0.0015556755242869258,-0.21395036578178406,-0.11650113761425018,-0.35884833335876465,-0.21838004887104034,-0.076215438544750214,2.7879786491394043,0.77665835618972778,0
14385,3.1658813953399658,0.008627050556242466,-0.024461623281240463,0.023296527564525604,-0.36499482393264771,0.1371123343706131,0.098082862794399261,0.11616085469722748,0.29317089915275574,0.22914068400859833,0.87569302320480347,0.50261539220809937,1.5159186124801636,2.7879786491394043,9.3642158508300781,4
12992,0.54328370094299316,0.0090294396504759789,0.041356980800628662,0.011049281805753708,-0.14669395983219147,-0.0095207467675209045,-0.019547514617443085,-0.00053646077867597342,0.46138030290603638,0.16023515164852142,0.0025221535470336676,-0.58172041177749634,-0.091756127774715424,2.7879786491394043,3.1670596599578857,2
20499,-1.0135191679000854,0.0081682391464710236,0.048019077628850937,0.013562357984483242,-0.068204388022422791,-0.0095207467675209045,-0.019321182742714882,-0.0015556755242869258,-0.19048093259334564,-0.11343587934970856,-0.37477904558181763,-0.32637977600097656,-0.079017080366611481,2.7879786491394043,0.6615142822265625,0
12402,-0.23003044724464417,-0.022878890857100487,0.076874025166034698,-0.0096875783056020737,-0.12308334559202194,-0.0081990081816911697,-0.039637722074985504,0.0068480083718895912,0.88881009817123413,0.29601207375526428,1.1758104562759399,1.819594144821167,-0.086858086287975311,2.7879786491394043,6.5315537452697754,11
2844,-1.1010451316833496,0.0081682391464710236,0.048019077628850937,0.013362772762775421,-0.068204388022422791,-0.0095207467675209045,-0.010324363596737385,-0.0015556755242869258,-0.19008176028728485,-0.12347070872783661,-0.38723385334014893,-0.32637977600097656,-0.079017080366611481,2.7879786491394043,0.56069493293762207,0
18805,0.52388596534729004,-0.038585405796766281,0.041199207305908203,0.00077927717939019203,-0.030783461406826973,-0.0095207467675209045,-0.014428207650780678,0.0041023148223757744,-0.24529191851615906,0.12753856182098389,0.02673305943608284,-0.81176799535751343,-0.05817030742764473,2.7879786491394043,2.3036677837371826,2
7667,-0.9479680061340332,0.0055332398042082787,0.040947690606117249,0.012288887053728104,-0.0058526382781565189,0.0072615211829543114,0.19717608392238617,0.010019319131970406,-0.16127443313598633,-0.089509069919586182,-0.37194207310676575,-0.30265724658966064,-0.045367870479822159,2.7879786491394043,1.1366342306137085,2
5862,-0.98730301856994629,0.0081682391464710236,0.040947690606117249,0.012288887053728104,-0.0031780474819242954,0.0072615211829543114,-0.016384292393922806,-0.0015556755242869258,-0.19547630846500397,-0.09801056981086731,-0.3511386513710022,-0.21033377945423126,-0.079796768724918365,2.7879786491394043,0.91346842050552368,0
774,-0.87060075998306274,0.0090294396504759789,-0.012575075961649418,0.0043571311980485916,-0.079325899481773376,0.0045416746288537979,-0.060011222958564758,0.0013692475622519851,0.4237857460975647,0.44219934940338135,1.1640942096710205,-0.57594746351242065,0.379405677318573,2.7879786491394043,3.6182999610900879,3
17348,-1.1149256229400635,0.0081682391464710236,0.048019077628850937,0.013362772762775421,-0.06511041522026062,-0.0095207467675209045,-0.019321182742714882,-0.0015556755242869258,-0.19507713615894318,-0.11343587934970856,-0.36598825454711914,-0.23357756435871124,-0.079017080366611481,2.7879786491394043,0.65999841690063477,0
17262,-1.06123948097229,0.0076996730640530586,0.040947690606117249,0.012089301832020283,-0.02910367026925087,-0.0095207467675209045,-0.010324363596737385,0.017787504941225052,-0.22845122218132019,-0.11538213491439819,-0.39946472644805908,-0.11236108094453812,-0.079670928418636322,2.7879786491394043,0.82098472118377686,0
18628,-1.1003358364105225,0.0081682391464710236,0.040947690606117249,0.013562357984483242,-0.068045444786548615,0.0045416746288537979,-0.032978076487779617,-0.0015556755242869258,-0.18946659564971924,-0.11774773895740509,-0.37562283873558044,-0.32583716511726379,-0.079017080366611481,2.7879786491394043,0.56459170579910278,1
1697,0.033770982176065445,-0.015767578035593033,0.041068956255912781,1.1818370694527403e-05,-0.15060968697071075,-0.0016861523035913706,0.0044860485941171646,0.02255946584045887,0.38831180334091187,0.12301403284072876,1.1259983777999878,-0.60778141021728516,1.2456051111221313,2.7879786491394043,4.9969615936279297,7
4790,3.4170055389404297,0.033613342791795731,0.23786519467830658,0.023441905155777931,-0.37945890426635742,-0.0093970596790313721,0.055357687175273895,0.015946025028824806,0.29581323266029358,0.059073321521282196,-0.81436491012573242,-0.44532647728919983,-0.11678703129291534,2.7879786491394043,5.160759449005127,4
1706,-0.08911442756652832,-0.038585405796766281,-0.012287049554288387,0.0009287616703659296,-0.037254974246025085,0.019282236695289612,-0.0013237561797723174,0.010019319131970406,0.19262482225894928,0.067898161709308624,0.090276174247264862,-0.56095397472381592,-0.057304903864860535,2.7879786491394043,2.3721837997436523,3
15231,-1.0263817310333252,0.0055332398042082787,0.040947690606117249,0.00074541056528687477,-0.02256370335817337,-0.0095207467675209045,-0.010324363596737385,0.010019319131970406,-0.19048093259334564,-0.11466740071773529,-0.35202553868293762,-0.31118226051330566,-0.076957352459430695,2.7879786491394043,0.73112082481384277,0
17960,-0.95533585548400879,-0.0051247547380626202,-0.012287049554288387,0.012288887053728104,-0.10767938941717148,-0.0084851961582899094,0.025030255317687988,-0.00068094622110947967,-0.24371437728404999,0.3542076051235199,0.1755291223526001,0.36862993240356445,-0.088034249842166901,2.7879786491394043,2.302321195602417,0
12394,1.2865321636199951,0.027338935062289238,-0.039913948625326157,0.0011692806147038937,-0.18046332895755768,-0.0085241217166185379,0.31686505675315857,0.0016517133917659521,0.35370194911956787,0.16933764517307281,3.48819899559021,-0.26051050424575806,-0.076565243303775787,2.7879786491394043,7.8667984008789062,4
1572,-1.1008454561233521,0.0081682391464710236,0.048019077628850937,0.013562357984483242,-0.068204388022422791,-0.0095207467675209045,-0.010324363596737385,-0.0015556755242869258,-0.19048093259334564,-0.12347070872783661,-0.38723385334014893,-0.32637977600097656,-0.079017080366611481,2.7879786491394043,0.56069493293762207,0
17422,-1.0765622854232788,-0.01884954422712326,-0.0027486346662044525,0.013362772762775421,-0.06826559454202652,-0.0049506053328514099,-0.026637416332960129,-0.0015556755242869258,-0.18910184502601624,-0.10956227034330368,-0.35145148634910583,-0.3265480101108551,-0.07619071751832962,2.7879786491394043,0.54891711473464966,0
6584,0.14960739016532898,-0.012278728187084198,0.040947690606117249,-0.011042107827961445,-0.13102148473262787,-0.0049506053328514099,-0.020986594259738922,0.0041023148223757744,0.16970036923885345,-0.10355772078037262,-0.31172254681587219,-0.54569965600967407,-0.050757907330989838,2.7879786491394043,1.9603180885314941,0
6558,3.5514094829559326,0.028346138074994087,-0.11103181540966034,0.0034182257950305939,0.84945690631866455,0.0048214802518486977,0.0096080927178263664,-0.21387098729610443,0.068473830819129944,0.17114000022411346,-0.090660028159618378,0.90555369853973389,0.82887309789657593,2.7879786491394043,8.7935142517089844,3
13502,0.31857365369796753,0.0051019024103879929,-0.01244482584297657,0.011049281805753708,0.58027315139770508,0.0055046672932803631,-0.0008587957127019763,0.0027872684877365828,-0.28565800189971924,0.19825151562690735,0.20497654378414154,0.38253301382064819,-0.088366404175758362,2.7879786491394043,4.1097030639648438,4
19656,-1.1110552549362183,0.0081682391464710236,0.048019077628850937,0.013362772762775421,-0.067637763917446136,0.0072615211829543114,-0.016384292393922806,-0.0015556755242869258,-0.19008176028728485,-0.11343587934970856,-0.37297192215919495,-0.31294694542884827,-0.079017080366611481,2.7879786491394043,0.59970337152481079,0
2914,-1.1010451316833496,0.0081682391464710236,0.048019077628850937,0.013362772762775421,-0.068204388022422791,-0.0095207467675209045,-0.010324363596737385,-0.0015556755242869258,-0.19008176028728485,-0.12347070872783661,-0.38723385334014893,-0.32637977600097656,-0.079017080366611481,2.7879786491394043,0.56069493293762207,0
17844,-1.1004908084869385,0.0081682391464710236,0.040947690606117249,0.013562357984483242,-0.068204388022422791,0.0060071521438658237,-0.0073874755762517452,-0.0015556755242869258,-0.19048093259334564,-0.12778256833553314,-0.37585058808326721,-0.32637977600097656,-0.079017080366611481,2.7879786491394043,0.57951438426971436,0
13444,-0.96041083335876465,0.0055332398042082787,0.040947690606117249,0.011049281805753708,-0.025892399251461029,0.01457483135163784,-0.032978076487779617,-0.0015556755242869258,-0.077809862792491913,-0.10646630823612213,-0.24041157960891724,-0.31595000624656677,-0.073154062032699585,2.7879786491394043,1.0254554748535156,0
3644,-0.10364688187837601,0.0055332398042082787,0.039298523217439651,0.0043571311980485916,-0.058363880962133408,0.0062765125185251236,-0.025602472946047783,0.012126184068620205,0.35876193642616272,-0.15144927799701691,0.10752285271883011,-0.44849675893783569,-0.039554215967655182,2.7879786491394043,2.4947426319122314,0
1019,7.4399561882019043,-0.05926286056637764,-0.45010063052177429,-0.001747732050716877,0.64951229095458984,-0.031522583216428757,-0.0054384516552090645,-0.40850710868835449,0.19138516485691071,0.071674548089504242,3.8522119522094727,-0.73575609922409058,1.1815763711929321,2.7879786491394043,14.481955528259277,11
10142,-1.0360453128814697,0.0081682391464710236,-0.0027486346662044525,0.012089301832020283,-0.13443948328495026,0.001299746916629374,-0.032978076487779617,-0.0015556755242869258,-0.18910184502601624,-0.11492148041725159,-0.33691293001174927,-0.30774882435798645,-0.079796768724918365,2.7879786491394043,0.57328641414642334,0
13390,1.5120580196380615,-0.026651062071323395,-0.089327827095985413,-0.0073764859698712826,-0.22028267383575439,0.01703985221683979,0.075315803289413452,0.0027872684877365828,0.30335679650306702,0.23216445744037628,0.83854103088378906,0.97097939252853394,-0.1332775205373764,2.7879786491394043,6.2633090019226074,5
18634,5.9959931373596191,-0.035368487238883972,0.23685149848461151,-0.019117606803774834,2.0711863040924072,0.0081839477643370628,-0.016981633380055428,0.036152452230453491,0.72998517751693726,0.17634330689907074,0.41088685393333435,-0.4585864245891571,-0.24777069687843323,2.7879786491394043,11.675725936889648,16
2383,-1.0971275568008423,-0.012278728187084198,0.048019077628850937,0.013362772762775421,-0.06826559454202652,-0.0049506053328514099,-0.026637416332960129,-0.0015556755242869258,-0.18906742334365845,-0.11343587934970856,-0.38339975476264954,-0.3275337815284729,-0.07619071751832962,2.7879786491394043,0.54891711473464966,0
16033,-0.92742586135864258,0.0063944412395358086,-0.012287049554288387,0.011049281805753708,-0.077888451516628265,-0.0095207467675209045,-0.043237414211034775,-0.0009700399823486805,0.44813856482505798,0.21330274641513824,-0.3429151177406311,-0.29608240723609924,-0.077803395688533783,2.7879786491394043,1.6787346601486206,2
8702,-1.0309808254241943,0.0076996730640530586,0.048019077628850937,0.012322752736508846,-0.060380037873983383,-0.0095207467675209045,0.16366074979305267,-0.001266581704840064,-0.2175738662481308,-0.10504454374313354,-0.39977371692657471,-0.14764122664928436,-0.074634522199630737,2.7879786491394043,0.97286444902420044,1
7400,-1.088047981262207,0.0081682391464710236,0.040947690606117249,-0.00041971335303969681,-0.066925950348377228,0.0045416746288537979,-0.032978076487779617,-0.0015556755242869258,-0.18906742334365845,-0.11774773895740509,-0.37450334429740906,-0.32667016983032227,-0.079128064215183258,2.7879786491394043,0.56459170579910278,2
13835,-1.1010451316833496,0.0081682391464710236,0.048019077628850937,0.013362772762775421,-0.068204388022422791,-0.0095207467675209045,-0.010324363596737385,-0.0015556755242869258,-0.19008176028728485,-0.12347070872783661,-0.38723385334014893,-0.32637977600097656,-0.079017080366611481,2.7879786491394043,0.56069493293762207,0
13263,-0.99705469608306885,-0.012278728187084198,0.040947690606117249,0.0014697833685204387,-0.072869338095188141,-0.0095207467675209045,-0.019321182742714882,0.017498411238193512,-0.19497056305408478,-0.11681680381298065,-0.36384356021881104,-0.34851598739624023,-0.075642198324203491,2.7879786491394043,0.63706040382385254,1
17167,-0.8510621190071106,0.0063944412395358086,0.041356980800628662,0.012288887053728104,-0.11275164783000946,-0.0095207467675209045,-0.052086122334003448,0.0013692475622519851,-0.19889743626117706,0.31473803520202637,-0.28012481331825256,-0.33812758326530457,-0.092103876173496246,2.7879786491394043,1.2294522523880005,1
14410,-1.086570143699646,0.0081682391464710236,0.040947690606117249,0.013711842708289623,-0.064444698393344879,0.011812251061201096,-0.0073874755762517452,0.017498411238193512,-0.19602036476135254,-0.13540717959403992,-0.25657063722610474,-0.23062393069267273,-0.045253429561853409,2.7879786491394043,0.8578382134437561,0
18924,-1.0768929719924927,0.0076996730640530586,0.040947690606117249,0.013562357984483242,-0.060640480369329453,0.0092490799725055695,-0.016384292393922806,-0.001266581704840064,-0.22885039448738098,-0.11755967140197754,-0.40154597163200378,-0.12295643240213394,-0.078891240060329437,2.7879786491394043,0.75444966554641724,1
19577,-1.1513715982437134,0.0051019024103879929,0.041356980800628662,0.0021683669183403254,0.0094169098883867264,0.007042701356112957,0.027967145666480064,-0.00068094622110947967,-0.24279932677745819,0.37583345174789429,-0.42960295081138611,0.26723212003707886,-0.060561057180166245,2.7879786491394043,1.6390832662582397,1
314,-0.25316298007965088,0.0051019024103879929,0.041199207305908203,0.012288887053728104,-0.11850813031196594,0.017525382339954376,0.17316801846027374,-0.001266581704840064,-0.21601463854312897,0.11706503480672836,0.15910600125789642,0.38693907856941223,-0.091442860662937164,2.7879786491394043,3.0199768543243408,1
3342,-1.0629147291183472,-0.012278728187084198,0.040947690606117249,0.0009287616703659296,-0.081748582422733307,0.0045416746288537979,-0.02412937767803669,0.010019319131970406,0.4791724681854248,-0.11744950711727142,-0.36131668090820312,-0.40520960092544556,-0.041736919432878494,2.7879786491394043,1.2168036699295044,2
2705,-0.062218021601438522,-0.016030443832278252,0.041068956255912781,0.0012970129027962685,-0.13889770209789276,0.0055707059800624847,0.024730000644922256,0.010604954324662685,0.4117303192615509,0.32013902068138123,1.0979887247085571,-0.41214266419410706,-0.13855522871017456,2.7879786491394043,3.9332644939422607,4
7305,0.18675059080123901,0.0063944412395358086,-0.01244482584297657,0.011198766529560089,1.1098065376281738,0.0042120674625039101,-0.033204406499862671,0.0042570969089865685,0.61795330047607422,0.15481533110141754,0.13110537827014923,-0.68086975812911987,-0.056087218225002289,2.7879786491394043,4.231870174407959,1
19042,3.194197416305542,0.030473601073026657,0.23770740628242493,0.023441905155777931,-0.37951844930648804,0.011812251061201096,0.0077252048067748547,0.015540351159870625,0.38398477435112,0.22136101126670837,-0.55387383699417114,0.065580293536186218,-0.14114373922348022,2.7879786491394043,5.9052677154541016,5
10455,-0.96067851781845093,0.0076996730640530586,0.048019077628850937,0.011049281805753708,-0.014040054753422737,-0.0095207467675209045,-0.0029487586580216885,-0.001266581704840064,0.42338714003562927,-0.10354547202587128,-0.28619369864463806,-0.10682837665081024,-0.0752730593085289,2.7879786491394043,1.7178391218185425,0
18962,-0.93662166595458984,-0.0046934173442423344,-0.0027486346662044525,0.011049281805753708,-0.058313429355621338,-0.0095207467675209045,0.003900457639247179,-0.0015556755242869258,0.40672895312309265,-0.11886361986398697,-0.21698762476444244,-0.28226736187934875,-0.076892130076885223,2.7879786491394043,1.5011940002441406,1
2084,-0.82824784517288208,0.0063944412395358086,0.041199207305908203,0.011049281805753708,-0.13943617045879364,-0.0095207467675209045,-0.03786129504442215,0.013841225765645504,0.42287814617156982,0.27585840225219727,0.14335750043392181,-0.51440209150314331,-0.085043355822563171,2.7879786491394043,2.0880448818206787,15
8277,9.4628496170043945,-0.048040479421615601,-0.048062931746244431,0.14612329006195068,3.1710383892059326,0.22284159064292908,0.0023574172519147396,0.47177112102508545,0.45327800512313843,0.14026391506195068,1.8678334951400757,2.480283260345459,2.6526379585266113,2.7879786491394043,23.763168334960938,78
3936,0.79367542266845703,0.027381312102079391,-6.1392493080347776e-05,0.012712758034467697,-0.22242656350135803,-0.0085241217166185379,0.30009275674819946,0.0027872684877365828,0.38797357678413391,0.24903519451618195,1.2683972120285034,0.068153209984302521,-0.09416922926902771,2.7879786491394043,5.5730075836181641,8
1176,10.343134880065918,0.033496145159006119,3.9269018173217773,-0.023490093648433685,0.47377106547355652,0.0012338445521891117,0.039556682109832764,-0.021232016384601593,0.22521771490573883,-0.18424011766910553,6.0181984901428223,0.23820237815380096,-0.29428371787071228,2.7879786491394043,23.564460754394531,20
825,-1.0662941932678223,0.0085608735680580139,0.041356980800628662,0.00077927717939019203,-0.071272827684879303,0.0045416746288537979,-0.02412937767803669,-0.001266581704840064,0.51246273517608643,0.13650776445865631,-0.32626405358314514,-0.14130492508411407,-0.080246664583683014,2.7879786491394043,1.7814090251922607,0
6058,0.59584164619445801,0.0090294396504759789,0.041356980800628662,0.011049281805753708,-0.11425077170133591,-0.0049506053328514099,-0.018201613798737526,0.0071319630369544029,0.43589389324188232,0.049478396773338318,-0.27230226993560791,-0.66506093740463257,-0.088810555636882782,2.7879786491394043,2.7741830348968506,2
6480,0.95533305406570435,0.010837445966899395,0.082153812050819397,-0.00034471033723093569,1.8463066816329956,0.0093875303864479065,0.00043641054071485996,0.0064452704973518848,0.7142675518989563,-0.096422925591468811,0.045026682317256927,0.96101462841033936,-0.047548163682222366,2.7879786491394043,7.2748732566833496,3
456,0.45048582553863525,0.005064674187451601,0.041356980800628662,0.012322752736508846,-0.016558345407247543,-0.0095207467675209045,0.1418025940656662,0.0016517133917659521,0.40821391344070435,-0.069135762751102448,0.14998851716518402,-0.19521895051002502,-0.089684128761291504,2.7879786491394043,3.6187469959259033,1
7830,3.163562536239624,-0.04529581218957901,0.28043246269226074,0.0048666540533304214,-0.37685099244117737,0.002621485386043787,-0.035783782601356506,-0.0042827380821108818,0.28407189249992371,0.16690433025360107,0.20075161755084991,0.94478803873062134,-0.14121964573860168,2.7879786491394043,7.2325468063354492,5
17648,-1.0252996683120728,0.0081682391464710236,-0.012696332298219204,0.013562357984483242,-0.068204388022422791,-0.0095207467675209045,-0.010324363596737385,-0.0015556755242869258,-0.19051535427570343,-0.12778256833553314,-0.3473869264125824,-0.31356459856033325,-0.079017080366611481,2.7879786491394043,0.62384122610092163,0
90,5.788823127746582,-0.036731310188770294,-0.096479721367359161,0.11603102087974548,-0.50844854116439819,-0.029729247093200684,0.0069123599678277969,-0.022198598831892014,0.20264089107513428,0.15168885886669159,1.3542711734771729,1.0876606702804565,-0.29844006896018982,2.7879786491394043,10.503982543945312,10
7340,-0.34819048643112183,0.0083762640133500099,0.083924241364002228,0.012288887053728104,-0.061643503606319427,0.005019135307520628,0.026344876736402512,0.010894048027694225,-0.2206665426492691,0.34609502553939819,0.99169003963470459,0.52322763204574585,-0.14791214466094971,2.7879786491394043,4.017425537109375,3
19008,3.4471273422241211,0.030774395912885666,0.23770740628242493,0.011898432858288288,0.53190028667449951,0.011107603088021278,-0.0052559957839548588,0.01525933388620615,0.44695070385932922,0.095375984907150269,-0.48672902584075928,0.061406251043081284,-0.13041344285011292,2.7879786491394043,7.055088996887207,10
15287,-1.0287294387817383,0.0051019024103879929,0.041356980800628662,0.011049281805753708,-0.045592334121465683,-0.0039150561206042767,-0.058538082987070084,0.010894048027694225,-0.13650606572628021,0.24955268204212189,-0.37659016251564026,0.39140862226486206,-0.076434008777141571,2.7879786491394043,1.7710373401641846,2
13009,-0.15197597444057465,0.0077369012869894505,0.041356980800628662,0.012288887053728104,-0.051995549350976944,-0.0084851961582899094,0.17355504631996155,-0.001266581704840064,-0.21599224209785461,0.081852681934833527,0.11972218751907349,0.30065551400184631,-0.0021075978875160217,2.7879786491394043,3.0933234691619873,2
19419,-0.83720564842224121,0.0076996730640530586,-0.0027486346662044525,0.011049281805753708,-0.015951951965689659,-0.0049506053328514099,-0.0177887212485075,0.010308412835001945,0.4855981171131134,-0.097524270415306091,-0.24483934044837952,-0.054049380123615265,-0.0752730593085289,2.7879786491394043,1.9523025751113892,2
13894,-0.9558519721031189,-0.0052985693328082561,0.039298523217439651,0.0060024820268154144,-0.043065629899501801,0.013504805043339729,-0.0072959833778440952,0.010308412835001945,-0.22522155940532684,-0.16816678643226624,0.2142329066991806,0.034625798463821411,-0.056283064186573029,2.7879786491394043,1.6447668075561523,0
17450,4.581449031829834,-0.045409362763166428,-0.034409318119287491,0.11551483720541,3.137991189956665,0.015530666336417198,-0.025881208479404449,0.21874414384365082,0.57598626613616943,0.23266425728797913,1.5303118228912354,-0.37502995133399963,1.0829421281814575,2.7879786491394043,13.798372268676758,9
1093,-1.0690302848815918,0.0081682391464710236,-0.00018264880054630339,0.0018192968564108014,-0.068204388022422791,-0.0095207467675209045,-0.019321182742714882,-0.0015556755242869258,-0.19008176028728485,-0.11774773895740509,-0.35528558492660522,-0.32721278071403503,-0.079128064215183258,2.7879786491394043,0.56069493293762207,0
15328,-0.17918039858341217,0.027338935062289238,0.041068956255912781,0.01398622989654541,-0.077266417443752289,-0.0085241217166185379,0.07862207293510437,-0.001266581704840064,0.35912603139877319,0.15991775691509247,1.428165078163147,-0.17356303334236145,0.33540254831314087,2.7879786491394043,4.7918086051940918,8
12867,-0.85181629657745361,0.0085608735680580139,0.00022663385607302189,0.012438371777534485,-0.034170381724834442,0.0072615211829543114,-0.016384292393922806,0.017787504941225052,-0.22939445078372955,0.06741807609796524,-0.28346067667007446,-0.15343070030212402,-0.056666020303964615,2.7879786491394043,1.2763487100601196,2
1647,0.16612330079078674,0.027381312102079391,0.041068956255912781,0.01408009510487318,-0.11378064006567001,0.0073288902640342712,-0.018505292013287544,0.0016517133917659521,-0.23896013200283051,0.19166405498981476,1.1318484544754028,0.26142096519470215,-0.15293484926223755,2.7879786491394043,4.1063671112060547,2
12221,1.3667589426040649,0.0063944412395358086,0.041199207305908203,-0.00034471033723093569,-0.15922126173973083,-0.0095207467675209045,-0.0055795111693441868,0.0071319630369544029,0.44579103589057922,0.1122356653213501,-0.032996147871017456,-0.57261770963668823,-0.062952063977718353,2.7879786491394043,3.9242572784423828,8
9823,-1.120478630065918,0.0049280878156423569,-0.012696332298219204,0.012288887053728104,-0.021139839664101601,-0.0084851961582899094,-0.0094600915908813477,-0.001266581704840064,-0.2422897070646286,-0.14021150767803192,-0.34030121564865112,0.35237973928451538,-0.075317792594432831,2.7879786491394043,1.1859281063079834,0
2877,-0.9783785343170166,0.0081682391464710236,0.048019077628850937,0.012288887053728104,-0.0060232840478420258,-0.0095207467675209045,-0.019321182742714882,-0.0015556755242869258,-0.19048093259334564,-0.093698710203170776,-0.36996102333068848,-0.30367863178253174,-0.079796768724918365,2.7879786491394043,0.8040395975112915,0
15876,-1.1022017002105713,0.0081682391464710236,0.048019077628850937,0.013362772762775421,-0.068204388022422791,-0.0049506053328514099,-0.026637416332960129,-0.0015556755242869258,-0.18906742334365845,-0.11343587934970856,-0.38723385334014893,-0.32637977600097656,-0.079017080366611481,2.7879786491394043,0.55884456634521484,0
15187,0.67753368616104126,0.0059258756227791309,0.041199207305908203,0.011049281805753708,-0.12751135230064392,0.019282236695289612,-0.0094215851277112961,0.0016517133917659521,0.35648366808891296,0.06237710639834404,0.084380336105823517,-0.29957923293113708,-0.089827500283718109,2.7879786491394043,3.5215206146240234,2
4123,-1.0608205795288086,0.0081682391464710236,0.048019077628850937,0.0019984170794487,-0.072808116674423218,-0.0049506053328514099,-0.026637416332960129,0.010019319131970406,-0.19282884895801544,-0.11313764750957489,-0.38654282689094543,-0.3473619818687439,-0.078468561172485352,2.7879786491394043,0.57262682914733887,0
16437,-1.0401498079299927,0.0081682391464710236,0.040947690606117249,0.0020188824273645878,-0.068204388022422791,0.01457483135163784,-0.032978076487779617,0.010019319131970406,-0.18946659564971924,-0.11744950711727142,-0.36814090609550476,-0.32667016983032227,-0.079128064215183258,2.7879786491394043,0.64152026176452637,0
18266,-1.0897141695022583,0.0081682391464710236,0.048019077628850937,0.0018192968564108014,-0.068204388022422791,-0.0049506053328514099,-0.026637416332960129,-0.0015556755242869258,-0.18906742334365845,-0.11343587934970856,-0.38723385334014893,-0.32721278071403503,-0.079128064215183258,2.7879786491394043,0.55884456634521484,0
9069,1.6051148176193237,-0.0051247547380626202,-0.012287049554288387,-0.00034471033723093569,0.7423396110534668,0.011812251061201096,0.0072171180509030819,0.0027872684877365828,0.53152310848236084,0.18516495823860168,0.080837473273277283,0.066774033010005951,-0.06445661187171936,2.7879786491394043,5.939338207244873,2
17335,-1.0056854486465454,0.0076996730640530586,0.040947690606117249,0.012089301832020283,-0.028944727033376694,0.0025541156064718962,-0.032978076487779617,-0.001266581704840064,-0.22743688523769379,-0.10627824068069458,-0.39175504446029663,-0.13030959665775299,-0.079670928418636322,2.7879786491394043,0.84694480895996094,0
9762,-0.091941185295581818,0.0081682391464710236,0.040947690606117249,0.012288887053728104,-0.0022949473932385445,-0.0095207467675209045,-0.010324363596737385,-0.0015556755242869258,-0.19699515402317047,-0.10509589314460754,-0.33018752932548523,-0.2516460120677948,-0.079796768724918365,2.7879786491394043,1.770025372505188,0
15837,-0.19274601340293884,0.0075630866922438145,0.040947690606117249,0.012288887053728104,-0.13159193098545074,0.013504805043339729,-0.0072959833778440952,-0.001266581704840064,-0.22012077271938324,-0.14494422078132629,-0.30990263819694519,-0.023736240342259407,-0.080166175961494446,2.7879786491394043,1.7505128383636475,1
8968,-1.1022017002105713,0.0081682391464710236,0.048019077628850937,0.013362772762775421,-0.068204388022422791,-0.0049506053328514099,-0.026637416332960129,-0.0015556755242869258,-0.18906742334365845,-0.11343587934970856,-0.38723385334014893,-0.32637977600097656,-0.079017080366611481,2.7879786491394043,0.55884456634521484,0
19273,-0.15106551349163055,0.0081682391464710236,0.040947690606117249,0.012322752736508846,-0.087341472506523132,-0.0095207467675209045,0.063043281435966492,0.010019319131970406,0.38863793015480042,-0.12464533746242523,0.10307174175977707,-0.43550866842269897,-0.082649827003479004,2.7879786491394043,2.5234584808349609,3
7673,-1.0120872259140015,0.0049280878156423569,0.040947690606117249,0.011049281805753708,-0.034235119819641113,-0.0084851961582899094,0.070133090019226074,0.010308412835001945,0.45277899503707886,-0.13535554707050323,-0.25596931576728821,0.31800678372383118,-0.070748977363109589,2.7879786491394043,2.1792492866516113,5
13951,-0.092615127563476562,0.005064674187451601,0.039298523217439651,0.011049281805753708,-0.12057687342166901,-0.0095207467675209045,-0.010324363596737385,-0.001266581704840064,-0.093984216451644897,-0.15084515511989594,0.18292050063610077,-0.051475215703248978,-0.022930480539798737,2.7879786491394043,2.472773551940918,2
9635,-0.26269149780273438,0.0071196160279214382,-0.089327827095985413,0.011198766529560089,0.68486833572387695,-0.0084851961582899094,-0.00046860880684107542,0.017787504941225052,0.4287412166595459,0.029043650254607201,0.82171833515167236,0.52802413702011108,-0.12328051775693893,2.7879786491394043,4.8322281837463379,6
6806,-0.99945318698883057,-0.0079687861725687981,0.040947690606117249,0.011198766529560089,-0.12788595259189606,-0.0095207467675209045,-0.010232871398329735,0.010308412835001945,-0.09860219806432724,-0.14759553968906403,-0.26728963851928711,0.014821119606494904,-0.0431097112596035,2.7879786491394043,1.1535953283309937,1
1856,-1.0811631679534912,0.0081682391464710236,-0.012696332298219204,0.013362772762775421,-0.068204388022422791,-0.0095207467675209045,-0.010324363596737385,-0.0015556755242869258,-0.19011618196964264,-0.12778256833553314,-0.35486885905265808,-0.31356459856033325,-0.079017080366611481,2.7879786491394043,0.56069493293762207,0
10107,-1.0247827768325806,0.0081682391464710236,0.048019077628850937,0.00054582441225647926,-0.031616088002920151,-0.0095207467675209045,0.15000084042549133,-0.0015556755242869258,-0.16033120453357697,-0.11218927800655365,-0.37744301557540894,-0.30954340100288391,-0.079907745122909546,2.7879786491394043,0.88782346248626709,1
17672,1.2828342914581299,0.0059258756227791309,0.041199207305908203,0.0092857591807842255,-0.12734737992286682,-0.0095207467675209045,-0.028396215289831161,0.0027872684877365828,-0.14658211171627045,0.16202987730503082,0.026285404339432716,-0.2885710597038269,-0.058107331395149231,2.7879786491394043,3.6597995758056641,3
1921,-0.94887727499008179,0.0081682391464710236,0.03724057599902153,0.012288887053728104,-0.051269765943288803,-0.0039539812132716179,-0.037859011441469193,-0.0015556755242869258,-0.1844346672296524,-0.23965363204479218,0.89108061790466309,-0.3473784327507019,-0.13875788450241089,2.7879786491394043,1.7830157279968262,1
10216,-1.038817286491394,0.0081682391464710236,0.040947690606117249,0.013562357984483242,-0.064603641629219055,-0.0095207467675209045,-0.010324363596737385,-0.0015556755242869258,-0.19547630846500397,-0.12778256833553314,-0.25182875990867615,-0.23357756435871124,-0.079017080366611481,2.7879786491394043,0.83815258741378784,0
5002,-0.20985473692417145,-0.0079687861725687981,-0.0018318213988095522,0.0088898269459605217,-0.037005461752414703,0.007042701356112957,0.00090351351536810398,0.017787504941225052,0.52537167072296143,-0.17060954868793488,0.19601176679134369,0.36341628432273865,0.25469502806663513,2.7879786491394043,3.7348265647888184,0
170,-0.24561503529548645,-0.011782622896134853,-0.08919757604598999,0.0080829309299588203,-0.099491909146308899,-0.0084851961582899094,0.10632917284965515,0.010894048027694225,0.35021635890007019,0.35478708148002625,0.19485734403133392,0.8004956841468811,-0.040253810584545135,2.7879786491394043,4.1188173294067383,5
11818,-0.93993937969207764,0.0049280878156423569,0.040947690606117249,0.011049281805753708,0.067636340856552124,-0.0095207467675209045,-0.010380993597209454,-0.001266581704840064,0.48897528648376465,-0.12105851620435715,-0.3498653769493103,0.02728673629462719,-0.07399875670671463,2.7879786491394043,1.9227734804153442,0
1135,-0.99914014339447021,0.0075630866922438145,0.040947690606117249,0.011049281805753708,8.4705199697054923e-05,-0.0095207467675209045,0.15009231865406036,-0.001266581704840064,-0.068307511508464813,-0.13098283112049103,-0.37751221656799316,0.016958417370915413,-0.076473861932754517,2.7879786491394043,1.3514704704284668,3
3387,-1.0915422439575195,0.0055332398042082787,-0.0027486346662044525,0.013362772762775421,-0.06511041522026062,0.0062765125185251236,-0.032978076487779617,0.017498411238193512,-0.19464129209518433,-0.11681680381298065,-0.33129981160163879,-0.22802351415157318,-0.045327272266149521,2.7879786491394043,0.72216075658798218,1
7648,1.3980389833450317,0.0083762640133500099,0.08405449241399765,-0.00034471033723093569,-0.18018722534179688,-0.0084851961582899094,0.059430457651615143,0.0094749182462692261,0.3453829288482666,0.08153330534696579,0.035041738301515579,1.0993045568466187,-0.081636674702167511,2.7879786491394043,5.6379637718200684,4
3265,-1.1020020246505737,0.0081682391464710236,0.048019077628850937,0.013562357984483242,-0.068204388022422791,-0.0049506053328514099,-0.026637416332960129,-0.0015556755242869258,-0.18946659564971924,-0.11343587934970856,-0.38723385334014893,-0.32637977600097656,-0.079017080366611481,2.7879786491394043,0.55884456634521484,3
14370,-1.0787447690963745,0.0081682391464710236,-0.012696332298219204,0.013362772762775421,-0.068045444786548615,0.0045416746288537979,-0.032978076487779617,0.010019319131970406,-0.189645916223526,-0.11744950711727142,-0.33850109577178955,-0.31061097979545593,0.024776984006166458,2.7879786491394043,0.70017498731613159,0
12388,-1.078269362449646,0.0076996730640530586,0.048019077628850937,0.013562357984483242,-0.060799427330493927,-0.0095207467675209045,-0.019321182742714882,-0.001266581704840064,-0.22939445078372955,-0.11324781179428101,-0.41064450144767761,-0.13957923650741577,-0.04815182089805603,2.7879786491394043,0.74706506729125977,1
16631,-0.90734869241714478,0.0081682391464710236,0.048019077628850937,-0.00049419491551816463,-0.0022635878995060921,0.0045416746288537979,-0.032978076487779617,0.010019319131970406,-0.21348008513450623,-0.093400478363037109,-0.24570798873901367,-0.20875586569309235,-0.04547601193189621,2.7879786491394043,1.1088218688964844,1
19963,-0.084825515747070312,0.0081682391464710236,0.040947690606117249,0.012089301832020283,-0.021770399063825607,0.0092490799725055695,-0.0073874755762517452,-0.0015556755242869258,-0.19160060584545135,-0.11201611161231995,-0.33717113733291626,-0.35057619214057922,-0.079796768724918365,2.7879786491394043,1.6717331409454346,0
2366,-1.1122499704360962,0.0055332398042082787,0.040947690606117249,0.013562357984483242,-0.06511041522026062,-0.0049506053328514099,-0.026637416332960129,0.010019319131970406,-0.19446197152137756,-0.11744950711727142,-0.36850038170814514,-0.22068314254283905,-0.076066687703132629,2.7879786491394043,0.67193031311035156,0
2309,-0.85994917154312134,0.0081682391464710236,0.039298523217439651,0.011049281805753708,-0.028164435178041458,0.0092490799725055695,-0.0073874755762517452,-0.0015556755242869258,-0.092732608318328857,-0.14399203658103943,0.12882450222969055,-0.31029346585273743,-0.082107223570346832,2.7879786491394043,1.4583853483200073,0
5190,1.4522902965545654,-0.019993195310235023,-0.012575075961649418,0.0011692806147038937,-0.23199404776096344,0.0055707059800624847,-0.025647807866334915,0.0085083367303013802,0.44336536526679993,0.23550574481487274,0.98073297739028931,0.052148669958114624,-0.095252178609371185,2.7879786491394043,5.581810474395752,3
15690,-1.0241376161575317,0.0076996730640530586,-0.012696332298219204,0.00054582441225647926,-0.0035108774900436401,-0.0095207467675209045,-0.019321182742714882,-0.001266581704840064,-0.22848565876483917,-0.097822502255439758,-0.37848290801048279,-0.11219959706068039,-0.079781897366046906,2.7879786491394043,0.8289981484413147,0
9399,-0.98007947206497192,-0.01884954422712326,0.039298523217439651,0.0020188824273645878,-0.062200002372264862,0.0092490799725055695,-0.016384292393922806,0.010019319131970406,-0.19247205555438995,-0.13829046487808228,0.13287460803985596,-0.42264720797538757,-0.082304477691650391,2.7879786491394043,1.0682110786437988,1
8705,1.4567872285842896,-0.027454385533928871,-0.012575075961649418,0.0012970129027962685,-0.22981926798820496,0.0070066945627331734,0.1713087409734726,0.0085083367303013802,0.39597707986831665,0.22903504967689514,0.89326506853103638,0.40386962890625,-0.13801014423370361,2.7879786491394043,5.9471778869628906,10
11185,0.3284345269203186,0.0067954063415527344,0.044912464916706085,0.016527606174349785,1.523582935333252,-0.0083247292786836624,0.19169379770755768,0.0016517133917659521,-0.57929259538650513,0.099051572382450104,0.14008389413356781,0.38070914149284363,-0.064661942422389984,2.7879786491394043,4.869147777557373,7
945,-1.0453809499740601,0.0081682391464710236,0.040947690606117249,0.013362772762775421,-0.068204388022422791,-0.0095207467675209045,-0.010324363596737385,-0.0015556755242869258,-0.19008176028728485,-0.12778256833553314,-0.36836865544319153,-0.32637977600097656,-0.079017080366611481,2.7879786491394043,0.62384122610092163,2
20279,-0.92563384771347046,0.0090294396504759789,0.043196652084589005,0.012322752736508846,-0.040039137005805969,-0.0095207467675209045,0.19815109670162201,0.0013692475622519851,-0.18762093782424927,0.37532413005828857,-0.29045602679252625,-0.36745288968086243,-0.090210959315299988,2.7879786491394043,1.5164374113082886,0
16898,-1.0216068029403687,0.0076996730640530586,0.040947690606117249,0.012288887053728104,-0.13217586278915405,0.0092490799725055695,-0.016384292393922806,-0.001266581704840064,-0.22885039448738098,-0.11473341286182404,-0.39720755815505981,-0.11181844025850296,-0.079670928418636322,2.7879786491394043,0.75444966554641724,0
20261,5.5144839286804199,-0.04158204048871994,-0.69617229700088501,-0.00936175137758255,0.096446685492992401,-0.029729247093200684,0.059447396546602249,-0.022198598831892014,0.38664644956588745,0.37701040506362915,3.2563982009887695,2.1949520111083984,-0.25657287240028381,2.7879786491394043,13.617742538452148,12
16356,-0.11809598654508591,0.0038452551234513521,0.041068956255912781,0.0088898269459605217,-0.12172812968492508,0.002621485386043787,-0.060674387961626053,0.0068480083718895912,0.48128163814544678,0.27948519587516785,0.95117002725601196,0.26836657524108887,-0.090000368654727936,2.7879786491394043,4.4410595893859863,3
5989,1.3207610845565796,0.0055332398042082787,0.048019077628850937,0.012288887053728104,-0.12695424258708954,0.013504805043339729,-0.016797181218862534,0.0041023148223757744,-0.23404043912887573,-0.084193065762519836,-0.057537689805030823,-0.50505882501602173,-0.059107296168804169,2.7879786491394043,3.10849928855896,1
6073,-1.0851328372955322,0.0081682391464710236,0.048019077628850937,0.0018192968564108014,-0.067637763917446136,0.011812251061201096,-0.016384292393922806,-0.0015556755242869258,-0.19008176028728485,-0.11343587934970856,-0.37297192215919495,-0.32667016983032227,-0.084223471581935883,2.7879786491394043,0.59970337152481079,4
8685,-0.95126312971115112,0.0081682391464710236,0.040947690606117249,0.011198766529560089,-0.020273387432098389,0.019282236695289612,0.15293774008750916,-0.0015556755242869258,-0.18474385142326355,-0.10528311133384705,-0.3631725013256073,-0.20834161341190338,-0.03705226257443428,2.7879786491394043,1.1488276720046997,2
20481,-1.0883579254150391,0.0081682391464710236,0.048019077628850937,0.0020188824273645878,-0.068204388022422791,-0.0095207467675209045,-0.010324363596737385,-0.0015556755242869258,-0.19048093259334564,-0.12347070872783661,-0.38723385334014893,-0.32721278071403503,-0.079128064215183258,2.7879786491394043,0.56069493293762207,0
19098,-1.0749387741088867,0.0082024484872817993,-0.089449085295200348,0.012438371777534485,-0.0035945931449532509,0.0023352964781224728,-0.03051370196044445,0.017787504941225052,-0.22938209772109985,-0.095009617507457733,-0.33915060758590698,0.70011579990386963,-0.056321665644645691,2.7879786491394043,1.6104986667633057,1
1077,-1.1004908084869385,0.0081682391464710236,0.048019077628850937,0.013562357984483242,-0.068204388022422791,0.0060071521438658237,-0.0073874755762517452,-0.0015556755242869258,-0.19048093259334564,-0.12347070872783661,-0.38723385334014893,-0.32637977600097656,-0.079017080366611481,2.7879786491394043,0.57951438426971436,4
19984,1.2966736555099487,-0.011417527683079243,-6.1392493080347776e-05,0.011049281805753708,-0.14164136350154877,0.007104845717549324,-0.042053107172250748,0.0042570969089865685,-0.2395041435956955,0.18662431836128235,0.80596530437469482,-0.56856882572174072,-0.14945945143699646,2.7879786491394043,3.9469497203826904,2
16285,-0.97553658485412598,-0.0038322161417454481,-0.012287049554288387,0.0019687807653099298,-0.037761881947517395,0.011812251061201096,-0.049149233847856522,0.006699749268591404,-0.20407213270664215,0.32763954997062683,-0.35503581166267395,-0.26128125190734863,-0.034553598612546921,2.7879786491394043,1.2025895118713379,0
4208,-1.0415540933609009,0.0082024484872817993,0.083802983164787292,-0.0015994744608178735,0.10232502222061157,-0.0084851961582899094,0.16067904233932495,0.010308412835001945,-0.1860840767621994,-0.097121573984622955,-0.35903501510620117,1.1454919576644897,-0.07305695116519928,2.7879786491394043,2.5318522453308105,0
2726,0.52473592758178711,-0.026651062071323395,0.015957245603203773,0.001446497393772006,-0.12017714977264404,0.0073288902640342712,-0.015922091901302338,0.0094749182462692261,-0.20989573001861572,0.13900910317897797,1.0913729667663574,1.0129768848419189,-0.11504852026700974,2.7879786491394043,5.1025896072387695,4
10711,8.1313724517822266,0.031004132702946663,0.23586714267730713,-0.013788759708404541,3.9663960933685303,0.22742888331413269,-0.0091090993955731392,0.035808216780424118,0.39787587523460388,0.046194583177566528,-0.25340154767036438,-0.69361120462417603,-0.2809569239616394,2.7879786491394043,14.609050750732422,5
8837,-0.90563172101974487,0.0085608735680580139,0.044912464916706085,0.011049281805753708,-0.13780689239501953,0.0092490799725055695,-0.040300525724887848,-0.00068094622110947967,0.49960127472877502,0.2657296359539032,0.2581765353679657,-0.047157783061265945,-0.086357221007347107,2.7879786491394043,2.6673216819763184,1
16494,-0.988899827003479,0.0055332398042082787,0.040947690606117249,0.012322752736508846,-0.097367845475673676,0.0092490799725055695,-0.0075355968438088894,-0.0015556755242869258,0.43662458658218384,-0.11785824596881866,-0.24624677002429962,-0.39585688710212708,-0.071791492402553558,2.7879786491394043,1.3655437231063843,1
999,1.7918499708175659,-0.038067575544118881,-0.039913948625326157,0.0015258095227181911,-0.091276690363883972,-0.0016187827568501234,0.15770451724529266,0.029850762337446213,-0.1254081130027771,0.10881301760673523,3.3631753921508789,0.56762754917144775,0.77221053838729858,2.7879786491394043,9.284449577331543,5
185,1.4324785470962524,-0.053948976099491119,-0.079105012118816376,-0.0096692387014627457,0.031321827322244644,-0.00020614126697182655,0.012241638265550137,0.031759046018123627,0.56453096866607666,0.18627628684043884,0.9469265341758728,1.8829977512359619,3.3077700138092041,2.7879786491394043,11.041350364685059,19
931,0.28747260570526123,0.0059258756227791309,0.041356980800628662,0.011049281805753708,-0.10771822184324265,-0.0095207467675209045,0.0035387435927987099,0.0024247607216238976,0.52329158782958984,0.21187932789325714,-0.37793451547622681,-0.26480287313461304,-0.094246126711368561,2.7879786491394043,3.0206940174102783,0
19842,-0.84601420164108276,0.0090294396504759789,0.041356980800628662,0.011049281805753708,-0.11103865504264832,0.011812251061201096,0.027102876454591751,-0.0009700399823486805,-0.21395036578178406,0.3206183910369873,-0.38070288300514221,-0.2487325519323349,-0.086432076990604401,2.7879786491394043,1.3211075067520142,9
18854,-1.0125758647918701,0.0042765922844409943,0.040947690606117249,0.013562357984483242,-0.067796707153320312,-0.0049506053328514099,-0.026637416332960129,-0.0015556755242869258,-0.18946659564971924,-0.11774773895740509,-0.3494822084903717,-0.32637977600097656,-0.076066687703132629,2.7879786491394043,0.67410582304000854,0
17757,0.71081846952438354,-0.015256158076226711,-0.01244482584297657,-0.00034471033723093569,-0.16007481515407562,0.0060071521438658237,-0.015869140625,0.0066000516526401043,0.49308574199676514,0.22333602607250214,0.1340276300907135,0.13427717983722687,-0.034797303378582001,2.7879786491394043,4.2573447227478027,8
17955,-0.97411942481994629,-0.011956438422203064,0.041023459285497665,-0.0025837209541350603,-0.10481961071491241,0.0074922265484929085,-0.013919919729232788,0.017787504941225052,-0.10520346462726593,-0.16826286911964417,0.21613825857639313,0.74579495191574097,-0.07213098555803299,2.7879786491394043,2.3632187843322754,3
17619,3.2214815616607666,-0.04424961656332016,0.23374876379966736,0.013138038106262684,-0.34245622158050537,0.017715107649564743,-0.020760864019393921,0.0071838777512311935,-0.16946123540401459,-0.23489300906658173,0.16488504409790039,-0.54151469469070435,-0.18712186813354492,2.7879786491394043,4.9056735038757324,6
6097,-1.044671893119812,0.0081682391464710236,0.040947690606117249,0.013562357984483242,-0.068045444786548615,0.0045416746288537979,-0.032978076487779617,-0.0015556755242869258,-0.18946659564971924,-0.11774773895740509,-0.36814090609550476,-0.32583716511726379,-0.079017080366611481,2.7879786491394043,0.62773799896240234,0
16357,-0.95026093721389771,-0.012278728187084198,-0.012696332298219204,0.0093170590698719025,0.38945332169532776,0.0092490799725055695,-0.016384292393922806,0.010019319131970406,-0.19194877147674561,-0.097712337970733643,-0.27582359313964844,-0.28099808096885681,-0.073389075696468353,2.7879786491394043,1.2945259809494019,2
13468,3.4843587875366211,0.015718786045908928,-0.034279070794582367,0.023441905155777931,2.0513050556182861,0.0015839000698179007,-0.035640444606542587,0.018288981169462204,0.7371901273727417,0.13477438688278198,-0.079793408513069153,-0.23382540047168732,-0.11664927005767822,2.7879786491394043,8.7544498443603516,5
14322,-1.0410174131393433,0.0081682391464710236,0.040947690606117249,0.00054582441225647926,-0.020285092294216156,-0.0095207467675209045,-0.010324363596737385,-0.0015556755242869258,-0.19507713615894318,-0.11496563255786896,-0.35884833335876465,-0.21838004887104034,-0.079907745122909546,2.7879786491394043,0.78775835037231445,1
11552,-1.1022017002105713,0.0081682391464710236,0.040947690606117249,0.013362772762775421,-0.068204388022422791,-0.0049506053328514099,-0.026637416332960129,-0.0015556755242869258,-0.18906742334365845,-0.11774773895740509,-0.37585058808326721,-0.32637977600097656,-0.079017080366611481,2.7879786491394043,0.55884456634521484,0
1911,1.3602336645126343,0.028205282986164093,0.041068956255912781,0.012840489856898785,0.3636212944984436,0.0075582647696137428,0.087995350360870361,0.0085083367303013802,0.32378563284873962,0.18827754259109497,0.7312246561050415,-0.28298816084861755,-0.13717815279960632,2.7879786491394043,5.5211343765258789,12
9655,1.3476787805557251,0.027381312102079391,0.041068956255912781,0.012840489856898785,-0.16491809487342834,0.0075582647696137428,-0.012853167951107025,0.0018064947798848152,-0.16536907851696014,0.23534820973873138,0.99472254514694214,0.052628785371780396,-0.14469552040100098,2.7879786491394043,5.0211796760559082,10
3236,-1.1827175617218018,0.0083762640133500099,0.084212265908718109,-0.011201570741832256,-0.051182340830564499,-0.0039150561206042767,-0.056937981396913528,0.010894048027694225,-0.39262953400611877,0.30071085691452026,-0.46612247824668884,1.8054015636444092,-0.0708884596824646,2.7879786491394043,2.7619781494140625,2
1090,-1.1143362522125244,0.005064674187451601,0.040947690606117249,0.0018192968564108014,-0.060640480369329453,0.011812251061201096,-0.016384292393922806,0.017787504941225052,-0.22845122218132019,-0.1166287362575531,-0.40902790427207947,-0.14228059351444244,-0.081147246062755585,2.7879786491394043,0.69651263952255249,0
4333,-1.0180549621582031,0.0081682391464710236,0.040947690606117249,0.012322752736508846,-0.097526788711547852,0.019282236695289612,-0.0060926745645701885,-0.0015556755242869258,0.4011092483997345,-0.12011022120714188,-0.25816145539283752,-0.40874704718589783,-0.079062849283218384,2.7879786491394043,1.2804973125457764,1
8707,-0.08076881617307663,0.0090294396504759789,0.044912464916706085,0.011049281805753708,-0.070700109004974365,-0.0095207467675209045,0.076703183352947235,-0.0015556755242869258,0.36698669195175171,0.065142489969730377,0.09072519838809967,-0.55277836322784424,-0.062352482229471207,2.7879786491394043,2.674851655960083,1
5859,0.72430157661437988,0.005064674187451601,0.040947690606117249,0.0092857591807842255,-0.099696353077888489,0.001299746916629374,-0.033390965312719345,0.0037538500037044287,-0.28429690003395081,-0.081229433417320251,0.077544748783111572,-0.27926981449127197,-0.081399373710155487,2.7879786491394043,2.7908928394317627,4
5580,0.21149459481239319,0.0075630866922438145,0.048019077628850937,0.011198766529560089,-0.043202254921197891,-0.0084851961582899094,0.19169379770755768,0.0016517133917659521,-0.11647071689367294,-0.12100271135568619,0.13201373815536499,0.23338927328586578,-0.066909648478031158,2.7879786491394043,3.2689313888549805,4
19204,-1.1010451316833496,0.0081682391464710236,0.048019077628850937,0.013362772762775421,-0.068204388022422791,-0.0095207467675209045,-0.010324363596737385,-0.0015556755242869258,-0.19008176028728485,-0.12347070872783661,-0.38723385334014893,-0.32637977600097656,-0.079017080366611481,2.7879786491394043,0.56069493293762207,3
7123,3.0811653137207031,0.05275300145149231,-0.024461623281240463,0.025382595136761665,-0.41052910685539246,0.0073288902640342712,0.16090795397758484,0.0094567742198705673,0.35797393321990967,0.27372169494628906,0.77930086851119995,0.29704874753952026,-0.18752537667751312,2.7879786491394043,7.2105035781860352,14
16363,-0.1232282891869545,0.0081682391464710236,0.040947690606117249,0.012322752736508846,-0.062353119254112244,-0.0049506053328514099,-0.026637416332960129,0.017498411238193512,-0.07394755631685257,-0.11386728286743164,-0.32243981957435608,-0.37088179588317871,0.028469298034906387,2.7879786491394043,1.797078013420105,0
18884,2.6139907836914062,0.033747956156730652,-0.11103181540966034,0.0011910537723451853,1.2099469900131226,0.0093875303864479065,-0.013023510575294495,0.015540351159870625,0.63645833730697632,0.23836943507194519,-0.10515633970499039,1.694369912147522,-0.08799966424703598,2.7879786491394043,8.9237689971923828,1
2274,-0.937702476978302,0.0063944412395358086,-0.0024971275124698877,-0.0013102481607347727,-0.044772878289222717,0.001299746916629374,-0.056894309818744659,0.010604954324662685,0.42947694659233093,0.2633531391620636,0.20182593166828156,-0.56691837310791016,0.25091928243637085,2.7879786491394043,2.3417572975158691,0
18549,-1.1020830869674683,0.0081682391464710236,0.048019077628850937,0.013362772762775421,-0.068204388022422791,-0.0095207467675209045,-0.019321182742714882,-0.0015556755242869258,-0.19008176028728485,-0.11343587934970856,-0.38723385334014893,-0.32637977600097656,-0.079017080366611481,2.7879786491394043,0.56069493293762207,0
12630,-1.0621554851531982,0.0055332398042082787,0.00022663385607302189,0.012322752736508846,-0.068464137613773346,0.0045416746288537979,-0.032978076487779617,0.010019319131970406,-0.20794065296649933,-0.085033997893333435,-0.37483787536621094,-0.33411860466003418,-0.072181276977062225,2.7879786491394043,0.58291161060333252,1
3800,-1.0175282955169678,0.0036714405287057161,-0.00018264880054630339,-0.010646175593137741,-0.024021601304411888,0.0053479918278753757,-0.032113805413246155,0.010505192913115025,-0.12066390365362167,-0.13078124821186066,-0.33802449703216553,0.3387857973575592,-0.072308972477912903,2.7879786491394043,1.4000176191329956,3
12386,0.24323005974292755,-0.007832198403775692,0.040947690606117249,0.0092857591807842255,-0.14455506205558777,0.0045416746288537979,-0.026015365496277809,0.0037538500037044287,0.42648521065711975,-0.10320243239402771,0.213627889752388,-0.11401946097612381,-0.052802316844463348,2.7879786491394043,3.281423807144165,5
2569,-1.0633213520050049,0.0081682391464710236,0.040947690606117249,0.012288887053728104,-0.13468824326992035,0.0092490799725055695,-0.0073874755762517452,0.012126184068620205,-0.19048093259334564,-0.12402538955211639,-0.37128445506095886,-0.29544582962989807,-0.075716093182563782,2.7879786491394043,0.60840815305709839,0
487,-0.91186875104904175,0.0055332398042082787,-0.00018264880054630339,0.00077927717939019203,-0.06716233491897583,0.019282236695289612,-0.0073874755762517452,0.010019319131970406,-0.20895498991012573,-0.12748433649539948,-0.33753010630607605,-0.32496833801269531,-0.072485357522964478,2.7879786491394043,0.76556813716888428,2
1766,0.83322060108184814,0.0071196160279214382,0.083924241364002228,-0.029220737516880035,-0.20208121836185455,0.007042701356112957,-0.013531595468521118,0.0085083367303013802,0.65443158149719238,0.22551079094409943,0.93037283420562744,1.8991130590438843,-0.14143599569797516,2.7879786491394043,7.0509538650512695,2
11166,-1.0818332433700562,0.0055332398042082787,-0.0027486346662044525,0.013362772762775421,-0.068204388022422791,-0.0095207467675209045,-0.019321182742714882,-0.0015556755242869258,-0.19011618196964264,-0.11774773895740509,-0.35528558492660522,-0.32377934455871582,-0.076066687703132629,2.7879786491394043,0.56069493293762207,2
15050,0.49763131141662598,0.0049280878156423569,0.040947690606117249,0.011049281805753708,-0.051357124000787735,-0.0049506053328514099,-0.026308821514248848,0.0016517133917659521,-0.11058864742517471,-0.10721335560083389,-0.34143131971359253,0.071536049246788025,-0.085340939462184906,2.7879786491394043,2.6885306835174561,1
12794,-1.1025171279907227,0.0055332398042082787,0.040947690606117249,0.013362772762775421,-0.068204388022422791,-0.0049506053328514099,-0.026637416332960129,-0.0015556755242869258,-0.18906742334365845,-0.11774773895740509,-0.37585058808326721,-0.32637977600097656,-0.076066687703132629,2.7879786491394043,0.55884456634521484,0
7232,1.7843120098114014,-0.026651062071323395,-0.079105012118816376,-0.0096875783056020737,1.5860626697540283,-0.0080385413020849228,0.077755041420459747,0.0085083367303013802,1.3871433734893799,0.18643303215503693,1.0704771280288696,2.9861986637115479,0.10938982665538788,2.7879786491394043,11.860774993896484,8
16299,-1.0140042304992676,0.0090294396504759789,0.041356980800628662,0.013362772762775421,-0.038108356297016144,0.007104845717549324,-0.065743014216423035,0.0013692475622519851,-0.20247930288314819,0.3190234899520874,-0.41029372811317444,-0.2638440728187561,-0.099370002746582031,2.7879786491394043,1.085383415222168,1
11994,-1.1008454561233521,0.0081682391464710236,0.040947690606117249,0.013562357984483242,-0.068204388022422791,-0.0095207467675209045,-0.010324363596737385,-0.0015556755242869258,-0.19048093259334564,-0.12778256833553314,-0.37585058808326721,-0.32637977600097656,-0.079017080366611481,2.7879786491394043,0.56069493293762207,0
11348,-0.010419256053864956,0.0090294396504759789,0.043196652084589005,0.013562357984483242,-0.011096729896962643,0.0060071521438658237,-0.00042260985355824232,8.1805512309074402e-05,-0.21409766376018524,0.25284716486930847,-0.36809709668159485,-0.61095666885375977,-0.095125213265419006,2.7879786491394043,1.8024884462356567,3
20450,-0.98885560035705566,-0.01884954422712326,0.040947690606117249,-0.0014597328845411539,-0.059774652123451233,0.001299746916629374,-0.032978076487779617,0.017498411238193512,-0.20936532318592072,-0.10863133519887924,0.15350233018398285,-0.42318981885910034,-0.080517321825027466,2.7879786491394043,1.077605128288269,1
19191,-1.0433759689331055,0.0081682391464710236,0.040947690606117249,0.013362772762775421,-0.068204388022422791,-0.0049506053328514099,-0.026637416332960129,0.017498411238193512,-0.18906742334365845,-0.11681680381298065,-0.36836865544319153,-0.32637977600097656,-0.079017080366611481,2.7879786491394043,0.6451374888420105,1
2550,0.90789490938186646,-0.019169224426150322,0.041068956255912781,-0.0098980376496911049,-0.14048224687576294,-0.0085241217166185379,-0.016531543806195259,0.0085083367303013802,-0.27389255166053772,0.21382942795753479,1.0513545274734497,-0.35713884234428406,-0.14054405689239502,2.7879786491394043,4.0444583892822266,6
20547,1.2519588470458984,-0.011417527683079243,-0.012575075961649418,-0.0027332054451107979,-0.13663537800312042,0.0092490799725055695,-0.025459324941039085,0.005133247934281826,-0.17251135408878326,0.21879932284355164,0.76760357618331909,-0.53036230802536011,-0.15454992651939392,2.7879786491394043,3.9944803714752197,7
8457,4.9873027801513672,-0.0062689040787518024,0.020959643647074699,-0.14869499206542969,-0.045002356171607971,0.0083449697121977806,0.0069123599678277969,-0.022198598831892014,0.26084429025650024,0.20308473706245422,0.53567409515380859,0.46577805280685425,0.11889325827360153,2.7879786491394043,9.1736030578613281,18
18320,-1.0150423049926758,0.0081682391464710236,0.040947690606117249,0.012288887053728104,-0.13484717905521393,-0.0095207467675209045,0.16366074979305267,-0.0015556755242869258,-0.16073037683963776,-0.12495632469654083,-0.36403027176856995,-0.29482853412628174,-0.07942546159029007,2.7879786491394043,0.82810711860656738,1
7281,-1.015778660774231,0.0081682391464710236,0.040947690606117249,0.0060024820268154144,-0.0021345415152609348,-0.0049506053328514099,-0.026637416332960129,0.010019319131970406,-0.19949565827846527,-0.097712337970733643,-0.3556448221206665,-0.22944773733615875,-0.048508819192647934,2.7879786491394043,0.87280577421188354,2
14305,-0.9195244312286377,0.0090294396504759789,0.043196652084589005,0.011049281805753708,-0.056326970458030701,-0.0095207467675209045,0.031541597098112106,0.006699749268591404,0.35809996724128723,0.32913851737976074,-0.36587697267532349,-0.3114103376865387,-0.090929925441741943,2.7879786491394043,1.8231450319290161,1
16242,3.7067265510559082,-0.039002150297164917,-0.69617229700088501,0.002458866685628891,-0.23907087743282318,0.014818629249930382,0.0073736021295189857,-0.21387098729610443,0.37173634767532349,0.1489235907793045,4.0573616027832031,1.6191381216049194,0.98525100946426392,2.7879786491394043,12.513650894165039,9
11976,-0.97609025239944458,0.0081682391464710236,0.040947690606117249,0.012472237460315228,-0.081528559327125549,0.0092490799725055695,0.079640068113803864,0.012126184068620205,0.35860854387283325,-0.1268516480922699,-0.24412316083908081,-0.40344193577766418,-0.040000319480895996,2.7879786491394043,1.4371545314788818,2
1463,-0.98889333009719849,0.0081682391464710236,-0.0027486346662044525,0.012238786555826664,-0.13443948328495026,-0.0095207467675209045,-0.010324363596737385,0.017498411238193512,-0.1906602531671524,-0.12402538955211639,-0.32691857218742371,-0.29244762659072876,-0.049356319010257721,2.7879786491394043,0.69654864072799683,0
18903,-1.082319974899292,0.0081682391464710236,-0.012696332298219204,0.013362772762775421,-0.068204388022422791,-0.0049506053328514099,-0.026637416332960129,-0.0015556755242869258,-0.18910184502601624,-0.11774773895740509,-0.35486885905265808,-0.31356459856033325,-0.079017080366611481,2.7879786491394043,0.55884456634521484,0
11694,-0.94292658567428589,0.0081682391464710236,-0.0027486346662044525,0.012089301832020283,-0.022056926041841507,0.010983916930854321,-0.016384292393922806,0.012126184068620205,-0.19011618196964264,-0.10399985313415527,-0.22845634818077087,-0.30573561787605286,-0.075716093182563782,2.7879786491394043,0.94320577383041382,10
19243,-1.1267815828323364,0.0082024484872817993,0.082153812050819397,-0.00035986816510558128,0.80809253454208374,0.0074922265484929085,-0.0049230977892875671,-0.001266581704840064,-0.36182895302772522,-0.1099667102098465,0.28656712174415588,1.2570401430130005,-0.080325938761234283,2.7879786491394043,3.552074670791626,2
11019,-0.96567690372467041,0.0042765922844409943,0.048019077628850937,0.012322752736508846,-0.091069787740707397,-0.0095207467675209045,-0.010472484864294529,0.017498411238193512,0.44021368026733398,-0.11261545121669769,0.1147531270980835,-0.50008708238601685,-0.048960011452436447,2.7879786491394043,1.6866599321365356,1
6849,-1.0423893928527832,0.0055332398042082787,-0.0027486346662044525,0.0019984170794487,-0.072808116674423218,0.001299746916629374,-0.032978076487779617,-0.0015556755242869258,-0.19286328554153442,-0.11774773895740509,-0.35459455847740173,-0.34476155042648315,-0.0755181685090065,2.7879786491394043,0.55884456634521484,0
15724,0.41024449467658997,0.011011261492967606,0.084212265908718109,0.011049281805753708,0.47931715846061707,-0.0084851961582899094,0.094551719725131989,0.0016517133917659521,0.19826969504356384,0.07223985344171524,0.13257889449596405,0.97229129076004028,-0.10567259788513184,2.7879786491394043,5.141240119934082,8
1332,-0.1512245237827301,-0.0077949706465005875,0.00022663385607302189,0.012438371777534485,-0.11549140512943268,0.0062765125185251236,-0.067073509097099304,-0.00068094622110947967,-0.21965049207210541,0.29487797617912292,-0.31803625822067261,0.0059105358086526394,-0.020024463534355164,2.7879786491394043,2.2077324390411377,1
18713,1.0042390823364258,-0.011417527683079243,0.041356980800628662,0.012472237460315228,-0.08068239688873291,0.0092490799725055695,-0.0026426226831972599,0.0071319630369544029,0.45213136076927185,0.11304102838039398,-0.063971169292926788,-0.90088337659835815,0.2269410640001297,2.7879786491394043,3.5949442386627197,2
15091,-1.0454968214035034,0.0055332398042082787,0.040947690606117249,0.013562357984483242,-0.068204388022422791,-0.0095207467675209045,-0.010324363596737385,-0.0015556755242869258,-0.19048093259334564,-0.12778256833553314,-0.36836865544319153,-0.32637977600097656,-0.076066687703132629,2.7879786491394043,0.62384122610092163,0
6396,-1.0615729093551636,0.0081682391464710236,0.048019077628850937,0.0019984170794487,-0.072808116674423218,-0.0095207467675209045,-0.010324363596737385,-0.0015556755242869258,-0.19384318590164185,-0.12347070872783661,-0.38654282689094543,-0.3473619818687439,-0.078468561172485352,2.7879786491394043,0.56069493293762207,1
3316,-1.0585311651229858,0.0081682391464710236,0.048019077628850937,0.0019984170794487,-0.072649173438549042,0.007104845717549324,-0.032978076487779617,-0.0015556755242869258,-0.19282884895801544,-0.11343587934970856,-0.38631507754325867,-0.34681937098503113,-0.083563975989818573,2.7879786491394043,0.56459170579910278,1
5019,0.68726587295532227,0.0055332398042082787,0.039298523217439651,0.012322752736508846,-0.047645740211009979,0.0045416746288537979,-0.033390965312719345,0.0041023148223757744,-0.13220536708831787,-0.13161568343639374,-0.0105576291680336,-0.76628267765045166,-0.084075622260570526,2.7879786491394043,2.3352692127227783,2
964,-1.0323055982589722,0.0081682391464710236,-0.0027486346662044525,0.0043571311980485916,-0.067998901009559631,0.001299746916629374,-0.032978076487779617,-0.0015556755242869258,-0.078355103731155396,-0.12630331516265869,-0.34347215294837952,-0.34849399328231812,-0.036462578922510147,2.7879786491394043,0.73112934827804565,1
17148,-1.0885576009750366,0.0081682391464710236,0.040947690606117249,0.0018192968564108014,-0.068204388022422791,-0.0095207467675209045,-0.010324363596737385,-0.0015556755242869258,-0.19008176028728485,-0.12778256833553314,-0.37585058808326721,-0.32721278071403503,-0.079128064215183258,2.7879786491394043,0.56069493293762207,0
9605,0.15036249160766602,-0.012278728187084198,-0.016403445973992348,0.0092857591807842255,-0.11774139106273651,-0.0095207467675209045,-0.0094424569979310036,0.0041023148223757744,0.40317019820213318,-0.22951330244541168,0.78579807281494141,-0.66194462776184082,-0.11087847501039505,2.7879786491394043,2.9729752540588379,0
8364,1.2901408672332764,0.028673846274614334,-6.1392493080347776e-05,0.012989974580705166,-0.24443832039833069,-0.0085241217166185379,0.3220500648021698,-0.00053646077867597342,0.35093483328819275,0.2449142187833786,1.1338931322097778,-0.53725904226303101,-0.097715273499488831,2.7879786491394043,5.2830419540405273,9
12111,0.20472687482833862,0.0036714405287057161,-0.0018318213988095522,0.011049281805753708,-0.085080251097679138,0.007042701356112957,-0.0064342250116169453,0.0094749182462692261,0.53078937530517578,-0.1435108482837677,0.17650166153907776,0.36929464340209961,-0.088612698018550873,2.7879786491394043,3.7750594615936279,2
2216,-1.021889328956604,0.0063944412395358086,0.041356980800628662,0.013362772762775421,-0.038326144218444824,0.0045416746288537979,-0.065743014216423035,-0.0009700399823486805,-0.19406279921531677,0.26768329739570618,-0.39508706331253052,-0.27689453959465027,-0.081298910081386566,2.7879786491394043,1.0470468997955322,1
5328,-1.1020830869674683,0.0081682391464710236,0.040947690606117249,0.013362772762775421,-0.068204388022422791,-0.0095207467675209045,-0.019321182742714882,-0.0015556755242869258,-0.19008176028728485,-0.11774773895740509,-0.37585058808326721,-0.32637977600097656,-0.079017080366611481,2.7879786491394043,0.56069493293762207,0
11077,-0.8756137490272522,0.0081682391464710236,0.040947690606117249,0.0093170590698719025,-0.060810916125774384,-0.0049506053328514099,-0.0177887212485075,0.010019319131970406,0.43965774774551392,-0.10853055864572525,-0.3409392237663269,-0.39155730605125427,-0.075632557272911072,2.7879786491394043,1.420265793800354,0
632,-0.12709692120552063,-0.039005942642688751,-0.013647617772221565,0.0015258095227181911,-0.088410228490829468,-0.0013894080184400082,-0.020960360765457153,0.024902421981096268,-0.17438636720180511,0.14084938168525696,2.9978971481323242,-0.31988826394081116,0.83523344993591309,2.7879786491394043,6.0036048889160156,5
13435,-0.15579500794410706,0.027207495644688606,-0.016403445973992348,0.012840489856898785,-0.089374199509620667,0.0073288902640342712,0.00054604385513812304,-0.001266581704840064,0.46690079569816589,-0.26589161157608032,0.98357284069061279,0.24191872775554657,-0.13563652336597443,2.7879786491394043,3.863926887512207,7
15327,4.319155216217041,-0.0344216488301754,-0.69617229700088501,0.0076754284091293812,-0.2360522598028183,0.0073288902640342712,-0.00083495618309825659,-0.0042827380821108818,0.29673886299133301,0.07354823499917984,4.2416014671325684,0.81526225805282593,-0.10355793684720993,2.7879786491394043,11.473966598510742,10
1340,1.4653598070144653,-0.053948976099491119,-0.089327827095985413,-0.023801179602742195,0.2702564001083374,-0.001940977992489934,0.0083084385842084885,-0.018896050751209259,0.32820317149162292,0.29364100098609924,1.0960743427276611,1.0460145473480225,0.99089789390563965,2.7879786491394043,8.0988187789916992,13
16980,-1.0559937953948975,0.0075630866922438145,-0.012696332298219204,0.012089301832020283,-0.0045994240790605545,-0.0084851961582899094,-0.0094600915908813477,-0.001266581704840064,-0.24189053475856781,-0.13329128921031952,-0.35433542728424072,0.58987003564834595,-0.086001813411712646,2.7879786491394043,1.4894812107086182,0
20005,-0.83669286966323853,-0.012278728187084198,0.039298523217439651,0.011198766529560089,-0.050346098840236664,-0.0095207467675209045,0.003900457639247179,0.017498411238193512,0.42937195301055908,-0.15558062493801117,0.096084341406822205,-0.47683814167976379,-0.037957921624183655,2.7879786491394043,1.8061164617538452,0
20246,-1.1022272109985352,0.0055332398042082787,0.040947690606117249,0.013562357984483242,-0.068204388022422791,0.001299746916629374,-0.032978076487779617,-0.0015556755242869258,-0.18946659564971924,-0.11774773895740509,-0.37585058808326721,-0.32637977600097656,-0.076066687703132629,2.7879786491394043,0.55884456634521484,0
14641,-0.95092809200286865,0.0076996730640530586,0.040947690606117249,-0.0014935994986444712,-0.0023796721361577511,-0.0095207467675209045,-0.019321182742714882,0.017787504941225052,-0.22236207127571106,-0.078653469681739807,-0.39151421189308167,-0.077988967299461365,-0.079588800668716431,2.7879786491394043,1.0206626653671265,5
18689,-0.13984689116477966,0.0081682391464710236,0.048019077628850937,0.013562357984483242,-0.06716233491897583,-0.0095207467675209045,0.20737966895103455,-0.0015556755242869258,-0.16224922239780426,-0.1205211877822876,-0.37402653694152832,-0.35966873168945312,-0.078471094369888306,2.7879786491394043,1.7520850896835327,2
14073,-1.1128431558609009,0.0081682391464710236,0.048019077628850937,0.013562357984483242,-0.068045444786548615,0.0092490799725055695,-0.016384292393922806,-0.0015556755242869258,-0.19048093259334564,-0.11343587934970856,-0.38700610399246216,-0.31294694542884827,-0.079017080366611481,2.7879786491394043,0.58526152372360229,0
18037,-0.86370038986206055,0.0085608735680580139,0.041356980800628662,0.012438371777534485,-0.11045703291893005,0.0062765125185251236,-0.065743014216423035,0.010894048027694225,-0.22838011384010315,0.26388415694236755,-0.30947831273078918,-0.15369148552417755,-0.054462701082229614,2.7879786491394043,1.3454768657684326,3
271,-1.0434719324111938,0.0081682391464710236,0.040947690606117249,0.013362772762775421,-0.068204388022422791,-0.0095207467675209045,-0.010324363596737385,0.010019319131970406,-0.19008176028728485,-0.12748433649539948,-0.36836865544319153,-0.32637977600097656,-0.079017080366611481,2.7879786491394043,0.63762348890304565,0
283,-0.96521902084350586,0.0081682391464710236,0.040947690606117249,0.011049281805753708,-0.019257523119449615,-0.0095207467675209045,0.069268807768821716,-0.0015556755242869258,0.41264647245407104,-0.10804539918899536,-0.33658400177955627,-0.3828047513961792,-0.075415760278701782,2.7879786491394043,1.431657075881958,0
4308,-0.99937021732330322,0.0081682391464710236,0.048019077628850937,0.012089301832020283,-0.13468824326992035,0.0045416746288537979,-0.032978076487779617,-0.0015556755242869258,-0.18906742334365845,-0.11060962080955505,-0.37518578767776489,-0.30980661511421204,-0.079796768724918365,2.7879786491394043,0.62773799896240234,1
1966,-1.0411815643310547,0.0081682391464710236,-0.012696332298219204,0.0019984170794487,-0.072649173438549042,0.0045416746288537979,-0.032978076487779617,-0.0015556755242869258,-0.19286328554153442,-0.11774773895740509,-0.35395008325576782,-0.33400419354438782,-0.078468561172485352,2.7879786491394043,0.56459170579910278,1
5724,0.26431089639663696,0.0081682391464710236,0.040947690606117249,0.012288887053728104,-0.076642759144306183,0.0045416746288537979,-0.033390965312719345,0.0041023148223757744,-0.22882154583930969,-0.091117292642593384,0.11153911799192429,-0.43548727035522461,-0.094506904482841492,2.7879786491394043,2.2739105224609375,1
2599,-0.97083324193954468,0.0063944412395358086,0.041356980800628662,0.00077927717939019203,-0.055161282420158386,-0.0095207467675209045,0.10375916957855225,-0.0009700399823486805,0.35915255546569824,0.32490384578704834,-0.38128805160522461,-0.45331206917762756,-0.077028878033161163,2.7879786491394043,1.6762113571166992,3
14461,-1.1020830869674683,0.0081682391464710236,0.040947690606117249,0.013362772762775421,-0.068204388022422791,-0.0095207467675209045,-0.019321182742714882,-0.0015556755242869258,-0.19008176028728485,-0.11774773895740509,-0.37585058808326721,-0.32637977600097656,-0.079017080366611481,2.7879786491394043,0.56069493293762207,0
20382,0.1444736123085022,-0.0051247547380626202,0.041199207305908203,0.011049281805753708,-0.088412098586559296,0.0060071521438658237,-0.0016315759858116508,0.0074762036092579365,-0.248162642121315,0.27965539693832397,0.14212507009506226,0.10819759219884872,-0.051002003252506256,2.7879786491394043,3.1338284015655518,3
17257,0.45953521132469177,0.030016310513019562,0.041068956255912781,0.012989974580705166,-0.17787595093250275,0.0075582647696137428,0.073627136647701263,0.0064452704973518848,0.3731483519077301,0.052339795976877213,1.0985965728759766,0.11474236100912094,-0.10197530686855316,2.7879786491394043,4.7781968116760254,6
14504,-0.30251526832580566,0.010837445966899395,0.083802983164787292,-0.0091676944866776466,1.1214480400085449,-0.0084851961582899094,-2.9725546482950449e-05,0.010308412835001945,0.56560248136520386,-0.09768330305814743,-0.31195813417434692,0.96644473075866699,-0.039178535342216492,2.7879786491394043,4.7774085998535156,3
356,-0.28638190031051636,0.0051019024103879929,0.041199207305908203,0.012288887053728104,-0.064719907939434052,0.0074922265484929085,-0.048284951597452164,0.0068480083718895912,-0.24590413272380829,0.24287509918212891,0.13402120769023895,0.37427970767021179,-0.076532863080501556,2.7879786491394043,2.8902609348297119,2
10604,-1.0431631803512573,0.0055332398042082787,-0.012696332298219204,-0.011540363542735577,-0.072808116674423218,-0.0049506053328514099,-0.026637416332960129,-0.0015556755242869258,-0.19286328554153442,-0.11774773895740509,-0.35417783260345459,-0.32087263464927673,-0.075653553009033203,2.7879786491394043,0.55884456634521484,1
19737,0.36739835143089294,0.027381312102079391,0.041068956255912781,0.0017249992815777659,0.28061997890472412,0.002621485386043787,-0.035099074244499207,0.0094749182462692261,-0.20660750567913055,0.16678845882415771,1.0060008764266968,0.35125318169593811,0.36722952127456665,2.7879786491394043,5.1678357124328613,6
20764,-0.14626772701740265,0.0081682391464710236,0.040947690606117249,0.013362772762775421,-0.066754654049873352,-0.0095207467675209045,-0.019321182742714882,0.010019319131970406,-0.19160060584545135,-0.11449998617172241,-0.33315557241439819,-0.36714929342269897,-0.079017080366611481,2.7879786491394043,1.5331896543502808,1
11744,-0.87348997592926025,0.0081682391464710236,0.040947690606117249,0.011049281805753708,-0.021521659567952156,0.010983916930854321,-0.016384292393922806,-0.0015556755242869258,-0.20895498991012573,-0.10493078827857971,-0.33427006006240845,-0.31189855933189392,-0.076104454696178436,2.7879786491394043,0.91001754999160767,0
2846,-0.1085934117436409,0.0075630866922438145,0.040947690606117249,0.0094665437936782837,-0.017796015366911888,0.0074922265484929085,0.00090351351536810398,0.010308412835001945,0.50926172733306885,-0.13777060806751251,-0.33734002709388733,0.32721531391143799,-0.047885097563266754,2.7879786491394043,3.0517518520355225,4
19839,-0.13488195836544037,-0.0077949706465005875,-0.012287049554288387,0.011049281805753708,-0.051075637340545654,0.0092270635068416595,-0.00056958093773573637,0.010308412835001945,0.43909013271331787,0.081322409212589264,-0.34918943047523499,0.37070971727371216,-0.081084884703159332,2.7879786491394043,3.0728023052215576,2
12143,-1.0830100774765015,0.0055332398042082787,0.040947690606117249,0.0018192968564108014,-0.068045444786548615,0.0072615211829543114,-0.016384292393922806,0.012126184068620205,-0.19008176028728485,-0.11681680381298065,-0.37562283873558044,-0.32519957423210144,-0.07209700345993042,2.7879786491394043,0.60840815305709839,0
16541,-0.12374038994312286,0.0049280878156423569,0.039298523217439651,0.011049281805753708,-0.012762799859046936,-0.0095207467675209045,-0.010232871398329735,0.017787504941225052,-0.090085163712501526,-0.15612883865833282,0.19760330021381378,0.030820099636912346,-0.079526230692863464,2.7879786491394043,2.6074683666229248,2
10060,-1.10053551197052,0.0081682391464710236,0.048019077628850937,0.013362772762775421,-0.068045444786548615,0.0045416746288537979,-0.032978076487779617,-0.0015556755242869258,-0.18906742334365845,-0.11343587934970856,-0.38700610399246216,-0.32583716511726379,-0.079017080366611481,2.7879786491394043,0.56459170579910278,1
16644,-0.93305850028991699,0.0049280878156423569,0.040947690606117249,0.011049281805753708,-0.0036824704147875309,-0.0095207467675209045,-0.019229693338274956,0.017787504941225052,-0.23707598447799683,-0.12001707404851913,-0.38193705677986145,0.01064254529774189,-0.073523469269275665,2.7879786491394043,1.0952887535095215,7
1826,-0.97890943288803101,0.0081682391464710236,0.040947690606117249,0.011049281805753708,-0.026647914201021194,0.0072615211829543114,-0.0073874755762517452,-0.0015556755242869258,-0.078824199736118317,-0.11650113761425018,-0.34974011778831482,-0.30305984616279602,-0.076104454696178436,2.7879786491394043,0.91667532920837402,3
8384,-1.10053551197052,0.0081682391464710236,0.040947690606117249,0.013362772762775421,-0.068045444786548615,0.0045416746288537979,-0.032978076487779617,-0.0015556755242869258,-0.18906742334365845,-0.11774773895740509,-0.37562283873558044,-0.32583716511726379,-0.079017080366611481,2.7879786491394043,0.56459170579910278,0
17775,-1.0521888732910156,0.0081682391464710236,0.048019077628850937,0.0047530629672110081,-0.07240043580532074,-0.0049506053328514099,-0.026637416332960129,0.010019319131970406,-0.20790737867355347,-0.11313764750957489,-0.37250864505767822,-0.3473619818687439,-0.074776247143745422,2.7879786491394043,0.58706867694854736,1
8827,-0.065334565937519073,0.0055332398042082787,-0.012696332298219204,0.011049281805753708,-0.044956609606742859,0.019282236695289612,-0.0075146560557186604,0.010019319131970406,0.45471033453941345,-0.097125299274921417,0.15874457359313965,-0.32867208123207092,-0.049739692360162735,2.7879786491394043,2.8412785530090332,1
18299,-1.1010451316833496,0.0081682391464710236,0.048019077628850937,0.013362772762775421,-0.068204388022422791,-0.0095207467675209045,-0.010324363596737385,-0.0015556755242869258,-0.19008176028728485,-0.12347070872783661,-0.38723385334014893,-0.32637977600097656,-0.079017080366611481,2.7879786491394043,0.56069493293762207,0
7440,-0.090658277273178101,-0.011417527683079243,-0.01244482584297657,0.012288887053728104,-0.065397463738918304,-0.0049506053328514099,-0.059402365237474442,0.010604954324662685,-0.19314989447593689,0.21568350493907928,0.10182572156190872,-0.4470011293888092,-0.061768855899572372,2.7879786491394043,2.1821904182434082,1
14660,-1.0627295970916748,0.0081682391464710236,0.040947690606117249,-0.017933519557118416,-0.072808116674423218,-0.0049506053328514099,-0.026637416332960129,-0.0015556755242869258,-0.19282884895801544,-0.11774773895740509,-0.37515956163406372,-0.32721278071403503,-0.078685835003852844,2.7879786491394043,0.55884456634521484,0
14161,-0.88197159767150879,0.0085608735680580139,0.043196652084589005,0.011049281805753708,-0.14993901550769806,-0.0095207467675209045,0.11265777051448822,-0.001266581704840064,0.40600183606147766,0.069682322442531586,-0.32794082164764404,-0.12095880508422852,-0.086332716047763824,2.7879786491394043,1.8611971139907837,1
5423,-0.14905430376529694,0.0081682391464710236,0.040947690606117249,0.012322752736508846,-0.096484765410423279,-0.0095207467675209045,0.003900457639247179,-0.0015556755242869258,0.4016401469707489,-0.12719552218914032,-0.28130051493644714,-0.45005923509597778,-0.079062849283218384,2.7879786491394043,2.0607242584228516,1
14497,-1.0605611801147461,0.0075630866922438145,0.040947690606117249,0.012288887053728104,-0.030317304655909538,-0.0095207467675209045,-0.010232871398329735,-0.001266581704840064,-0.21860192716121674,-0.13943856954574585,-0.39109504222869873,0.005905435886234045,-0.080166175961494446,2.7879786491394043,0.91348373889923096,0
18908,0.59860628843307495,-0.031047768890857697,0.036882098764181137,-0.0086245657876133919,-0.10693491250276566,0.0022963709197938442,-0.047370113432407379,0.0071319630369544029,0.40959164500236511,-0.2222079336643219,0.906879723072052,-0.78459221124649048,-0.13296499848365784,2.7879786491394043,3.4156248569488525,3
8003,2.9388566017150879,-0.058922741562128067,-0.11116206645965576,0.022266760468482971,0.057799853384494781,0.01703985221683979,0.07361505925655365,-0.0052493195980787277,0.28351509571075439,0.21098841726779938,0.49774232506752014,0.6301952600479126,0.28375139832496643,2.7879786491394043,7.62841796875,11
8120,0.39018073678016663,-0.0051247547380626202,0.041199207305908203,0.0092857591807842255,-0.097246184945106506,-0.0039150561206042767,-0.034198187291622162,0.0066000516526401043,-0.26659879088401794,0.20207147300243378,0.13144274055957794,0.36394837498664856,-0.092082284390926361,2.7879786491394043,3.4335401058197021,3
11118,0.56314051151275635,0.0076996730640530586,0.040947690606117249,0.011198766529560089,-0.10379154980182648,-0.0095207467675209045,-0.007052605040371418,0.0064452704973518848,0.65703898668289185,-0.095117673277854919,0.12248343229293823,-0.25987169146537781,-0.054317273199558258,2.7879786491394043,3.6672608852386475,1
1064,3.7049953937530518,0.030774395912885666,0.23770740628242493,0.023591388016939163,1.7579889297485352,-0.0092365927994251251,0.0062312381342053413,0.017322402447462082,0.67555141448974609,0.1864684522151947,-0.51612597703933716,0.046043310314416885,0.025854200124740601,2.7879786491394043,8.9751396179199219,9
16182,1.4768402576446533,-0.034112252295017242,-0.089327827095985413,-0.028323117643594742,-0.19599121809005737,0.01703985221683979,0.0077752131037414074,0.0017551352502778172,0.78705024719238281,0.2806638777256012,0.95951747894287109,2.7511677742004395,-0.14093810319900513,2.7879786491394043,8.5810937881469727,18
19268,-1.0443388223648071,0.0081682391464710236,0.048019077628850937,0.013562357984483242,-0.068204388022422791,0.0062765125185251236,-0.032978076487779617,0.010019319131970406,-0.18946659564971924,-0.11313764750957489,-0.37952417135238647,-0.32583716511726379,-0.079017080366611481,2.7879786491394043,0.64152026176452637,0
8276,6.0112051963806152,-0.026599900797009468,-0.63307309150695801,-0.00936175137758255,1.6229214668273926,0.016616811975836754,0.0069123599678277969,-0.023230735212564468,0.710715651512146,0.27317509055137634,3.4247472286224365,2.6315202713012695,-0.24425224959850311,2.7879786491394043,16.549278259277344,22
16098,1.3788983821868896,-0.038585405796766281,0.041199207305908203,-0.00034471033723093569,-0.16564810276031494,0.0045416746288537979,-0.027659181505441666,-0.001029367558658123,0.44791063666343689,0.098187662661075592,-0.058588821440935135,-0.61366146802902222,0.24176478385925293,2.7879786491394043,4.0949645042419434,6
10523,-0.9174923300743103,0.0055332398042082787,0.040947690606117249,0.011049281805753708,-0.032659407705068588,-0.0095207467675209045,-0.0014756646705791354,0.017498411238193512,0.44615417718887329,-0.1072249710559845,-0.24336758255958557,-0.26636698842048645,-0.072571180760860443,2.7879786491394043,1.6584827899932861,3
19844,-1.0453809499740601,0.0081682391464710236,0.040947690606117249,0.013362772762775421,-0.068204388022422791,-0.0095207467675209045,-0.010324363596737385,-0.0015556755242869258,-0.19062581658363342,-0.12778256833553314,-0.35222864151000977,-0.32396876811981201,0.024776984006166458,2.7879786491394043,0.74564224481582642,0
14948,-0.068547144532203674,-0.01884954422712326,-0.014345503412187099,0.011049281805753708,-0.13940334320068359,-0.0095207467675209045,-0.0043707410804927349,-0.0015556755242869258,0.3882540762424469,-0.14284776151180267,0.12962101399898529,-0.50365644693374634,-0.078848846256732941,2.7879786491394043,2.3349583148956299,3
2062,-0.080762587487697601,0.0063944412395358086,0.041068956255912781,0.011049281805753708,-0.1205207034945488,-0.0049506053328514099,-0.051975641399621964,0.0013692475622519851,0.44426584243774414,0.33797872066497803,0.90360093116760254,-0.53978186845779419,-0.14887179434299469,2.7879786491394043,3.5868427753448486,3
1357,0.35389858484268188,0.00057955633383244276,0.047660592943429947,0.012472237460315228,-0.062085852026939392,-0.0095207467675209045,-0.00020338897593319416,-0.00069124216679483652,0.47688388824462891,-0.10598304867744446,-0.27636650204658508,-0.59614348411560059,-0.023671619594097137,2.7879786491394043,2.6048083305358887,1
3476,-1.0986294746398926,0.0049280878156423569,0.039298523217439651,-0.00041971335303969681,-0.041266094893217087,0.0060071521438658237,-0.0072959833778440952,-0.001266581704840064,-0.22019386291503906,-0.1911824494600296,0.26039952039718628,0.05333998054265976,-0.082549832761287689,2.7879786491394043,1.509148120880127,0
4287,-1.0218256711959839,0.0081682391464710236,0.040947690606117249,0.013562357984483242,-0.064951471984386444,0.0025541156064718962,-0.032978076487779617,-0.0015556755242869258,-0.19500602781772614,-0.11774773895740509,-0.3533053994178772,-0.21772950887680054,-0.048277664929628372,2.7879786491394043,0.79983389377593994,3
5441,-0.10259513556957245,0.0081682391464710236,0.040947690606117249,0.012288887053728104,-0.13380511105060577,-0.0049506053328514099,-0.026637416332960129,-0.0015556755242869258,-0.19098544120788574,-0.11197195947170258,-0.34285140037536621,-0.35111883282661438,-0.079796768724918365,2.7879786491394043,1.5031149387359619,1
20456,0.061457168310880661,0.0090294396504759789,0.041356980800628662,0.012288887053728104,-0.060800075531005859,-0.0095207467675209045,-0.014428207650780678,0.0041023148223757744,-0.21187318861484528,0.06002340093255043,-0.29612618684768677,-0.51479089260101318,-0.095145910978317261,2.7879786491394043,1.7735517024993896,0
17489,0.72180497646331787,-0.017930770292878151,-0.093156196177005768,-0.0015437009278684855,-0.14746460318565369,0.0023352964781224728,-0.029293499886989594,0.0094749182462692261,-0.2247484028339386,-0.25053662061691284,0.80762773752212524,0.63893371820449829,-0.1369074285030365,2.7879786491394043,4.0665755271911621,3
10212,-1.002816915512085,0.0076996730640530586,0.040947690606117249,0.012089301832020283,-0.0029442519880831242,0.0072615211829543114,0.19717608392238617,0.010308412835001945,-0.19870063662528992,-0.10755909979343414,-0.39317435026168823,-0.11728988587856293,-0.079124942421913147,2.7879786491394043,1.1618520021438599,0
20504,-0.032569512724876404,-0.011417527683079243,0.044912464916706085,-0.013929452747106552,-0.065945923328399658,-0.0095207467675209045,0.21129158139228821,0.013841225765645504,-0.16886886954307556,0.25284799933433533,0.082488611340522766,-0.46310725808143616,-0.06106630340218544,2.7879786491394043,2.5669350624084473,0
20303,-0.18336440622806549,0.0051019024103879929,-0.012287049554288387,0.00077927717939019203,0.014602042734622955,0.0045416746288537979,-0.067073509097099304,0.0068480083718895912,-0.23828615248203278,0.29640713334083557,0.17613793909549713,0.10147860646247864,-0.082822278141975403,2.7879786491394043,2.8100414276123047,4
20364,-1.10053551197052,0.0081682391464710236,0.048019077628850937,0.013362772762775421,-0.068045444786548615,0.0045416746288537979,-0.032978076487779617,-0.0015556755242869258,-0.18906742334365845,-0.11343587934970856,-0.38700610399246216,-0.32583716511726379,-0.079017080366611481,2.7879786491394043,0.56459170579910278,1
15639,1.3269529342651367,0.0083762640133500099,-0.08919757604598999,-0.0015994744608178735,-0.1795467734336853,0.007042701356112957,0.10203272104263306,0.0066000516526401043,0.34599632024765015,0.22459416091442108,-0.00054443790577352047,1.1420679092407227,-0.051480229943990707,2.7879786491394043,5.629277229309082,8
4926,-1.1021114587783813,0.0081682391464710236,0.040947690606117249,0.013362772762775421,-0.068204388022422791,0.0062765125185251236,-0.032978076487779617,-0.0015556755242869258,-0.18906742334365845,-0.11774773895740509,-0.37562283873558044,-0.32583716511726379,-0.079017080366611481,2.7879786491394043,0.56459170579910278,0
883,-0.033032864332199097,0.0085608735680580139,0.041356980800628662,0.011049281805753708,-0.091159768402576447,0.011812251061201096,0.037394504994153976,0.0016583413816988468,0.52552318572998047,0.36270198225975037,0.15257515013217926,-0.10469052195549011,-0.10778158158063889,2.7879786491394043,3.6039454936981201,1
18565,-1.0410686731338501,0.0081682391464710236,0.040947690606117249,0.013362772762775421,-0.068204388022422791,-0.0095207467675209045,0.15000084042549133,-0.0015556755242869258,-0.16033120453357697,-0.12778256833553314,-0.36836865544319153,-0.32474091649055481,-0.079017080366611481,2.7879786491394043,0.81986832618713379,0
7390,-1.0465376377105713,0.0081682391464710236,0.040947690606117249,0.013362772762775421,-0.068204388022422791,-0.0049506053328514099,-0.026637416332960129,-0.0015556755242869258,-0.18906742334365845,-0.11774773895740509,-0.36836865544319153,-0.32637977600097656,-0.079017080366611481,2.7879786491394043,0.6219908595085144,0
6357,0.33172625303268433,0.0085608735680580139,0.041356980800628662,0.011198766529560089,-0.070282883942127228,-0.0095207467675209045,-0.014428207650780678,0.0016517133917659521,-0.14391615986824036,0.050442006438970566,-0.35991135239601135,-0.24338972568511963,-0.059263773262500763,2.7879786491394043,2.3322012424468994,3
19888,-0.99412798881530762,0.0081682391464710236,0.040947690606117249,0.00077927717939019203,-0.067289933562278748,0.0060071521438658237,-0.0073874755762517452,0.012126184068620205,-0.20895498991012573,-0.1268516480922699,-0.2590402364730835,-0.32574218511581421,-0.071355082094669342,2.7879786491394043,0.79525649547576904,2
1462,-1.1337646245956421,0.005064674187451601,0.040947690606117249,0.013562357984483242,-0.060391742736101151,-0.0095207467675209045,-0.010324363596737385,-0.001266581704840064,-0.22885039448738098,-0.12759450078010559,-0.39522144198417664,-0.1234990656375885,-0.075940847396850586,2.7879786491394043,0.68117827177047729,0
10599,-1.0552223920822144,0.0081682391464710236,0.040947690606117249,0.013562357984483242,-0.064951471984386444,0.0092490799725055695,-0.016384292393922806,0.010019319131970406,-0.19547630846500397,-0.11744950711727142,-0.34689536690711975,-0.23303490877151489,-0.079017080366611481,2.7879786491394043,0.76149410009384155,1
2028,-1.0777722597122192,0.0076996730640530586,0.048019077628850937,0.013562357984483242,-0.060232799500226974,0.0092490799725055695,0.1665976494550705,-0.001266581704840064,-0.19909980893135071,-0.12328264117240906,-0.3988950252532959,-0.13881713151931763,-0.078519932925701141,2.7879786491394043,0.95522058010101318,1
9801,-1.0972265005111694,0.0081682391464710236,0.040947690606117249,0.00074541056528687477,1.2194977998733521,-0.0093602798879146576,-0.010324363596737385,-0.0015556755242869258,-0.49275806546211243,-0.071054093539714813,-0.34228390455245972,-0.28919810056686401,-0.068229474127292633,2.7879786491394043,1.6753491163253784,0
12970,-1.1877328157424927,0.010837445966899395,0.083802983164787292,-0.021158281713724136,0.10173051059246063,0.0027848212048411369,-0.03051370196044445,0.017787504941225052,-0.39157348871231079,-0.13493882119655609,-0.31964531540870667,1.7846077680587769,-0.0683155357837677,2.7879786491394043,2.6356523036956787,1
4583,-1.2550135850906372,-0.011956438422203064,0.083802983164787292,-0.020068161189556122,-0.004797366913408041,0.0027848212048411369,-0.03051370196044445,0.010505192913115025,-0.3694838285446167,-0.13493882119655609,-0.42511990666389465,1.8195368051528931,-0.06431136280298233,2.7879786491394043,2.3884055614471436,0
11305,0.93709039688110352,-0.014452839270234108,-0.089327827095985413,-0.011556187644600868,-0.18182477355003357,0.0023352964781224728,-0.03012537956237793,0.0085083367303013802,0.34688413143157959,0.21703700721263885,0.8792080283164978,1.172139048576355,-0.10413309931755066,2.7879786491394043,5.9197635650634766,13
5112,-1.1020830869674683,0.0081682391464710236,0.040947690606117249,0.013362772762775421,-0.068204388022422791,-0.0095207467675209045,-0.019321182742714882,-0.0015556755242869258,-0.19008176028728485,-0.11774773895740509,-0.37585058808326721,-0.32637977600097656,-0.079017080366611481,2.7879786491394043,0.56069493293762207,2
11408,-1.1827046871185303,0.0083762640133500099,-0.089039810001850128,-0.018919274210929871,-0.043257083743810654,0.007042701356112957,-0.046684850007295609,0.010894048027694225,-0.27287822961807251,0.32285910844802856,-0.45434528589248657,1.6833401918411255,-0.0031767252366989851,2.7879786491394043,2.7094841003417969,1
9483,0.12674006819725037,0.0065118316560983658,0.041068956255912781,0.012695111334323883,-0.19003808498382568,0.0086437482386827469,-0.0029934104532003403,0.023332513868808746,0.40007483959197998,0.58963513374328613,1.2560036182403564,-0.56159806251525879,1.477895975112915,2.7879786491394043,5.9759540557861328,11
12103,0.56252908706665039,-0.020030425861477852,0.03724057599902153,0.0012970129027962685,-0.10943526774644852,0.0075582647696137428,-0.028018772602081299,0.0016517133917659521,-0.19488860666751862,-0.16302953660488129,0.94308096170425415,-0.23043648898601532,-0.11855771392583847,2.7879786491394043,3.4769387245178223,2
7393,0.57551020383834839,-0.039169535040855408,0.041068956255912781,-0.0093920230865478516,-0.1642562597990036,-0.001940977992489934,0.0062279892154037952,-0.018896050751209259,0.45343473553657532,0.19988459348678589,1.0945694446563721,0.47734352946281433,1.131887674331665,2.7879786491394043,6.5342535972595215,5
5082,0.48813319206237793,0.0049280878156423569,0.041356980800628662,-0.00049419491551816463,-0.11742935329675674,0.0072615211829543114,-0.0019011370604857802,0.0016517133917659521,0.49270200729370117,-0.068897493183612823,-0.29909440875053406,0.077600002288818359,0.018483620136976242,2.7879786491394043,3.4322793483734131,3
984,0.89841604232788086,0.0083762640133500099,0.087767750024795532,0.011049281805753708,-0.12134720385074615,0.011747951619327068,0.097488604485988617,0.0016517133917659521,0.3527165949344635,0.075606368482112885,0.060360044240951538,0.83365994691848755,-0.099241361021995544,2.7879786491394043,5.0062322616577148,16
11745,-1.0758894681930542,-0.01884954422712326,-0.012696332298219204,0.013562357984483242,-0.06826559454202652,-0.0095207467675209045,-0.010324363596737385,-0.0015556755242869258,-0.19051535427570343,-0.11959711462259293,-0.35103476047515869,-0.31633326411247253,-0.07619071751832962,2.7879786491394043,0.55076748132705688,1
12106,-1.1115726232528687,0.0055332398042082787,0.040947690606117249,0.013562357984483242,-0.068204388022422791,0.0060071521438658237,-0.016384292393922806,0.017498411238193512,-0.19048093259334564,-0.11681680381298065,-0.37585058808326721,-0.31348955631256104,-0.076066687703132629,2.7879786491394043,0.60266101360321045,0
4964,-0.93494528532028198,0.0063944412395358086,-0.012287049554288387,-0.0013102481607347727,-0.062688626348972321,0.0045416746288537979,-0.056894309818744659,0.010604954324662685,0.44321238994598389,0.29017719626426697,0.1484997570514679,-0.53126603364944458,-0.023190684616565704,2.7879786491394043,2.0688266754150391,2
16699,1.3633271455764771,-0.02682487852871418,0.080095864832401276,0.0024349349550902843,-0.15989138185977936,0.0073288902640342712,-0.0080918306484818459,0.0037538500037044287,0.37653869390487671,-0.16797171533107758,0.73242580890655518,0.96797442436218262,-0.12963646650314331,2.7879786491394043,5.8294429779052734,7
4086,-1.0861389636993408,0.0081682391464710236,0.048019077628850937,0.0018192968564108014,-0.068045444786548615,0.0045416746288537979,-0.032978076487779617,0.010019319131970406,-0.18906742334365845,-0.11313764750957489,-0.38700610399246216,-0.32667016983032227,-0.079128064215183258,2.7879786491394043,0.57837396860122681,0
15905,-0.048652093857526779,0.026948634535074234,-6.1392493080347776e-05,0.012989974580705166,-0.087217196822166443,0.0070037757977843285,0.015881283208727837,-0.00068094622110947967,-0.15113428235054016,0.30872103571891785,1.1929333209991455,-0.1610063910484314,-0.1227671205997467,2.7879786491394043,3.7809371948242188,1
4783,-0.89828848838806152,0.0077369012869894505,0.041356980800628662,0.011049281805753708,0.018790477886795998,-0.0095207467675209045,0.10475040972232819,-0.001266581704840064,0.43165549635887146,0.065168678760528564,0.19831649959087372,0.084215976297855377,-0.089991264045238495,2.7879786491394043,2.7519509792327881,0
12993,-0.92854726314544678,0.0081682391464710236,0.040947690606117249,0.0092857591807842255,-0.02085447870194912,-0.0049506053328514099,-0.026637416332960129,0.010019319131970406,-0.20790737867355347,-0.10463255643844604,-0.24855823814868927,-0.33133146166801453,-0.07555592805147171,2.7879786491394043,0.90742427110671997,1
12021,1.5579166412353516,0.011011261492967606,0.08405449241399765,0.0079334462061524391,-0.13787581026554108,0.007042701356112957,0.17874422669410706,0.0018064947798848152,-0.19698676466941833,0.22454455494880676,-0.046243954449892044,1.2395397424697876,-0.10073896497488022,2.7879786491394043,5.6187281608581543,11
3774,-1.0627295970916748,0.0081682391464710236,0.040947690606117249,0.0019984170794487,-0.072808116674423218,-0.0049506053328514099,-0.026637416332960129,-0.0015556755242869258,-0.19282884895801544,-0.11774773895740509,-0.37515956163406372,-0.3473619818687439,-0.078468561172485352,2.7879786491394043,0.55884456634521484,0
14452,-1.1216061115264893,0.005064674187451601,0.040947690606117249,0.0018192968564108014,-0.060799427330493927,0.0060071521438658237,-0.016384292393922806,-0.001266581704840064,-0.22845122218132019,-0.11755967140197754,-0.40925565361976624,-0.14282324910163879,-0.076051823794841766,2.7879786491394043,0.66761887073516846,0
5803,-0.80930840969085693,0.027417197823524475,-0.0026273778639733791,0.001446497393772006,-0.13373672962188721,-0.0039539812132716179,-0.070623941719532013,0.013841225765645504,-0.20308203995227814,0.31971919536590576,1.2406201362609863,-0.30311587452888489,-0.074783727526664734,2.7879786491394043,2.7897899150848389,5
80,1.0547546148300171,0.0082024484872817993,0.082153812050819397,-0.0099619636312127113,0.9325098991394043,-0.0083247292786836624,0.16668905317783356,0.0016517133917659521,-0.61760085821151733,-0.096730582416057587,0.19709193706512451,2.7762470245361328,0.32533055543899536,2.7879786491394043,7.5999927520751953,4
3518,-1.101360559463501,0.0055332398042082787,0.040947690606117249,0.013362772762775421,-0.068204388022422791,-0.0095207467675209045,-0.010324363596737385,-0.0015556755242869258,-0.19008176028728485,-0.12778256833553314,-0.37585058808326721,-0.32637977600097656,-0.076066687703132629,2.7879786491394043,0.56069493293762207,0
962,0.15148818492889404,0.031308844685554504,0.041068956255912781,0.012563273310661316,-0.20018814504146576,0.0092931017279624939,-0.0084880897775292397,-0.00069124216679483652,0.39524152874946594,0.18522316217422485,1.152294397354126,-0.609660804271698,-0.14831763505935669,2.7879786491394043,3.7991149425506592,7
6183,-1.0170458555221558,0.0081682391464710236,0.040947690606117249,0.00054582441225647926,-0.005864341277629137,0.0045416746288537979,-0.032978076487779617,0.017498411238193512,-0.18906742334365845,-0.097079634666442871,-0.36583200097084045,-0.30396902561187744,-0.079907745122909546,2.7879786491394043,0.76793664693832397,1
1965,0.28446787595748901,0.011011261492967606,0.08405449241399765,-0.0015994744608178735,0.55568623542785645,0.007042701356112957,0.17874422669410706,0.0066000516526401043,-0.19418270885944366,0.20695292949676514,0.16163505613803864,1.1592166423797607,-0.099370509386062622,2.7879786491394043,5.1482410430908203,8
15469,-0.93162065744400024,0.0075630866922438145,0.039298523217439651,0.011049281805753708,0.29614877700805664,0.007042701356112957,-0.0065232035703957081,-0.001266581704840064,-0.16159796714782715,-0.16231772303581238,0.22063405811786652,0.53739053010940552,-0.083945766091346741,2.7879786491394043,2.5598337650299072,4
19355,-0.89046633243560791,0.0051019024103879929,0.041199207305908203,0.00089489505626261234,-0.064719907939434052,0.01005539670586586,0.027967145666480064,0.010894048027694225,-0.24438528716564178,0.31369447708129883,0.17805801331996918,0.35289466381072998,-0.078251093626022339,2.7879786491394043,2.4509141445159912,7
9832,-1.1100268363952637,0.0081682391464710236,0.048019077628850937,0.013362772762775421,-0.068204388022422791,0.019282236695289612,-0.016384292393922806,-0.0015556755242869258,-0.19008176028728485,-0.11343587934970856,-0.38700610399246216,-0.32583716511726379,-0.079017080366611481,2.7879786491394043,0.58526152372360229,0
19792,3.4768264293670654,-0.035247184336185455,0.23770740628242493,0.0096594234928488731,1.262550950050354,0.0073852073401212692,0.08675791323184967,0.016290266066789627,0.51140105724334717,0.19934356212615967,-0.50032323598861694,-0.24786509573459625,-0.13414458930492401,2.7879786491394043,7.678321361541748,8
6750,-0.99263596534729004,-0.038585405796766281,0.043196652084589005,0.0020188824273645878,-0.040824912488460541,-0.0049506053328514099,-0.059402365237474442,-0.0009700399823486805,-0.18946659564971924,0.25435182452201843,-0.38557764887809753,-0.38196688890457153,-0.081533916294574738,2.7879786491394043,0.91163235902786255,1
13157,-1.1019117832183838,0.0081682391464710236,0.040947690606117249,0.013562357984483242,-0.068204388022422791,0.0062765125185251236,-0.032978076487779617,-0.0015556755242869258,-0.18946659564971924,-0.11774773895740509,-0.37562283873558044,-0.32583716511726379,-0.079017080366611481,2.7879786491394043,0.56459170579910278,0
12377,-1.1293027400970459,0.0049280878156423569,0.040947690606117249,0.0020188824273645878,-0.048133328557014465,0.007104845717549324,-0.032886587083339691,0.010308412835001945,-0.21758759021759033,-0.15182290971279144,-0.40154597163200378,0.0024209974799305201,-0.081642493605613708,2.7879786491394043,0.79278594255447388,4
8452,-1.0755289793014526,0.0076996730640530586,-0.00018264880054630339,-0.017933519557118416,-0.065403155982494354,-0.0095207467675209045,0.15622638165950775,-0.001266581704840064,-0.20246206223964691,-0.12759450078010559,-0.38799944519996643,-0.14094609022140503,-0.078303314745426178,2.7879786491394043,0.84476286172866821,1
3155,-0.095037177205085754,0.0051019024103879929,-0.012287049554288387,0.011049281805753708,-0.071238085627555847,0.0055046672932803631,-0.0066713257692754269,0.017787504941225052,0.52320641279220581,0.092228829860687256,-0.33001264929771423,0.28537657856941223,-0.078017495572566986,2.7879786491394043,3.1349704265594482,2
16968,0.35105356574058533,-0.0069709974341094494,0.041068956255912781,-0.0027332054451107979,-0.15216082334518433,-0.0049506053328514099,-0.018201613798737526,0.0064452704973518848,0.48192021250724792,0.15563583374023438,0.96203207969665527,-0.24601292610168457,-0.11820155382156372,2.7879786491394043,4.2369050979614258,4
18379,-0.98752546310424805,0.0081682391464710236,0.048019077628850937,0.011049281805753708,0.63762366771697998,-0.0095207467675209045,-0.010324363596737385,-0.0015556755242869258,-0.23192758858203888,-0.098444759845733643,-0.28324919939041138,-0.22556121647357941,-0.076104454696178436,2.7879786491394043,1.5686256885528564,0
17063,-1.1020830869674683,0.0081682391464710236,0.048019077628850937,0.013362772762775421,-0.068204388022422791,-0.0095207467675209045,-0.019321182742714882,-0.0015556755242869258,-0.19008176028728485,-0.11343587934970856,-0.38723385334014893,-0.32637977600097656,-0.079017080366611481,2.7879786491394043,0.56069493293762207,0
18241,-0.92895668745040894,0.0081682391464710236,0.041356980800628662,0.011049281805753708,-0.061357203871011734,-0.0095207467675209045,0.10872457176446915,-0.0015556755242869258,0.33505356311798096,-0.086448110640048981,-0.27885907888412476,-0.39639827609062195,-0.079103440046310425,2.7879786491394043,1.450131893157959,0
17811,-1.0234600305557251,0.011011261492967606,0.084212265908718109,0.010556665249168873,-0.024176208302378654,-0.0039150561206042767,-0.024173043668270111,0.017787504941225052,-0.19018732011318207,0.10449374467134476,-0.38920098543167114,1.094693660736084,-0.09286712110042572,2.7879786491394043,2.3627536296844482,0
17581,6.3291058540344238,0.052932489663362503,0.23586714267730713,-0.03499579057097435,1.1985290050506592,0.078621461987495422,-0.019121088087558746,-0.021232016384601593,0.42691904306411743,0.076770313084125519,-0.45022010803222656,-0.062558971345424652,-0.29767507314682007,2.7879786491394043,10.30091667175293,5
1918,0.13470785319805145,0.0063944412395358086,0.041356980800628662,0.012322752736508846,-0.044779017567634583,-0.0095207467675209045,-0.0041365893557667732,0.0071319630369544029,0.42619824409484863,0.15901769697666168,-0.3112371563911438,-0.54118597507476807,-0.089819237589836121,2.7879786491394043,2.5744285583496094,6
14223,-1.0659230947494507,0.0075630866922438145,-0.012696332298219204,0.012089301832020283,-0.021547522395849228,-0.0084851961582899094,0.15709063410758972,-0.001266581704840064,-0.21213994920253754,-0.14021150767803192,-0.35433542728424072,0.58071011304855347,-0.081378638744354248,2.7879786491394043,1.647447943687439,0
12367,-1.0897141695022583,0.0081682391464710236,0.048019077628850937,0.0018192968564108014,-0.068204388022422791,-0.0049506053328514099,-0.026637416332960129,-0.0015556755242869258,-0.18906742334365845,-0.11343587934970856,-0.38723385334014893,-0.32721278071403503,-0.079128064215183258,2.7879786491394043,0.55884456634521484,0
17676,0.681915283203125,0.090194597840309143,0.083924241364002228,0.012695111334323883,-0.10625921189785004,-0.017146680504083633,0.209272101521492,0.024902421981096268,-0.10628689825534821,0.12574736773967743,1.1581904888153076,1.9422855377197266,3.4323115348815918,2.7879786491394043,10.319727897644043,10
395,0.38906633853912354,-0.020030425861477852,-0.0064557483419775963,0.012840489856898785,-0.14115369319915771,-0.0085241217166185379,-0.015358178876340389,0.0016517133917659521,0.46674421429634094,-0.21891820430755615,1.0396792888641357,-0.17480096220970154,-0.13858917355537415,2.7879786491394043,3.9741322994232178,2
1530,-1.082319974899292,0.0081682391464710236,-0.012696332298219204,0.013362772762775421,-0.068204388022422791,-0.0049506053328514099,-0.026637416332960129,-0.0015556755242869258,-0.18910184502601624,-0.11774773895740509,-0.35486885905265808,-0.31356459856033325,-0.079017080366611481,2.7879786491394043,0.55884456634521484,0
10408,-0.87601751089096069,0.0055332398042082787,-0.00018264880054630339,0.012288887053728104,-0.13289067149162292,0.01457483135163784,-0.032978076487779617,0.012126184068620205,-0.18946659564971924,-0.11399054527282715,-0.22386303544044495,-0.30663415789604187,-0.072765715420246124,2.7879786491394043,0.88371193408966064,2
13735,-0.050415344536304474,-0.012278728187084198,0.040947690606117249,0.0088898269459605217,-0.063290826976299286,0.007104845717549324,-0.02412937767803669,0.017498411238193512,0.44566759467124939,-0.10971641540527344,0.09312034398317337,-0.54641997814178467,-0.046836376190185547,2.7879786491394043,2.5481209754943848,1
902,-0.090490259230136871,-0.026651062071323395,0.042793884873390198,-0.0094653172418475151,-0.11973778903484344,0.0095698647201061249,0.039112389087677002,0.0068480083718895912,0.34828263521194458,0.31989142298698425,1.031530499458313,0.82188928127288818,-0.096537642180919647,2.7879786491394043,5.0650181770324707,7
20221,-0.052689798176288605,0.028673846274614334,-0.012575075961649418,0.0012970129027962685,-0.12601378560066223,0.004585697315633297,-0.046957217156887054,0.010019319131970406,0.36686629056930542,0.14980973303318024,1.1583715677261353,-0.52821171283721924,-0.13759186863899231,2.7879786491394043,3.6035633087158203,6
2124,3.0550878047943115,0.05305379256606102,-0.034409318119287491,0.013839125633239746,-0.43476682901382446,0.017715107649564743,-0.0072385193780064583,0.010465778410434723,0.35536360740661621,0.14959327876567841,0.86807394027709961,0.054778888821601868,-0.15945789217948914,2.7879786491394043,6.7300777435302734,6
377,0.15964238345623016,0.0075630866922438145,0.040947690606117249,0.011198766529560089,0.2382320761680603,0.0055046672932803631,-0.0011283558560535312,0.0016517133917659521,0.48381125926971436,-0.12531456351280212,-0.29787722229957581,0.35005015134811401,-0.057202454656362534,2.7879786491394043,3.6050586700439453,0
8062,0.12085416167974472,-0.035391516983509064,-0.089327827095985413,0.0027446444146335125,0.58861637115478516,-0.0017850541044026613,0.030100475996732712,-0.014835312031209469,-0.36025691032409668,0.35001042485237122,1.4036353826522827,2.7732317447662354,1.1670336723327637,2.7879786491394043,8.7226076126098633,3
14187,1.6548299789428711,-0.026651062071323395,-0.089327827095985413,-0.017554767429828644,0.17441703379154205,0.002621485386043787,-0.033347755670547485,0.0027872684877365828,0.73210537433624268,0.22123411297798157,0.76823580265045166,2.6992089748382568,-0.14313393831253052,2.7879786491394043,8.7334012985229492,11
1455,-1.1970205307006836,0.0075630866922438145,0.048019077628850937,-0.00027022886206395924,-0.045423015952110291,0.0092490799725055695,-0.0072959833778440952,-0.001266581704840064,-0.21874681115150452,-0.16639970242977142,-0.42916625738143921,0.010608814656734467,-0.0044664717279374599,2.7879786491394043,0.79336333274841309,0
15007,-1.1151573657989502,0.0075630866922438145,0.040947690606117249,0.012322752736508846,-0.078529119491577148,-0.0095207467675209045,5.8747944422066212e-05,0.010308412835001945,0.49486818909645081,-0.16422025859355927,-0.39329314231872559,0.011347748339176178,-0.074837759137153625,2.7879786491394043,1.5298367738723755,1
9746,-1.0483862161636353,0.0081682391464710236,0.040947690606117249,0.012288887053728104,-0.02012614905834198,0.0072615211829543114,-0.0073874755762517452,-0.0015556755242869258,-0.19547630846500397,-0.11496563255786896,-0.37251591682434082,-0.20410996675491333,-0.079796768724918365,2.7879786491394043,0.81232494115829468,0
4439,-1.0658578872680664,0.0081682391464710236,0.048019077628850937,0.012322752736508846,-0.062480717897415161,-0.0095207467675209045,-0.010324363596737385,-0.0015556755242869258,-0.078824199736118317,-0.12347070872783661,-0.26929542422294617,-0.33252319693565369,-0.075324773788452148,2.7879786491394043,0.82731044292449951,0
9178,-0.22212734818458557,-0.040931876748800278,-0.012575075961649418,0.0018030260689556599,-0.062049061059951782,0.0086437482386827469,0.14213819801807404,-0.011178127489984035,-0.10583853721618652,0.052119042724370956,1.3419973850250244,0.044691070914268494,1.1552568674087524,2.7879786491394043,5.0799350738525391,2
8372,-0.14645291864871979,0.0081682391464710236,0.040947690606117249,0.013362772762775421,-0.06716233491897583,0.0060071521438658237,-0.017806272953748703,-0.0015556755242869258,-0.19160060584545135,-0.11479821801185608,-0.34718978404998779,-0.36709663271903992,-0.079017080366611481,2.7879786491394043,1.5237847566604614,0
724,-0.98021399974822998,0.0038452551234513521,-0.012287049554288387,0.011049281805753708,-0.1232864111661911,0.0045416746288537979,-0.032886587083339691,0.017787504941225052,-0.2474697083234787,0.10678804665803909,-0.28213229775428772,0.08192858099937439,-0.081867031753063202,2.7879786491394043,1.2537754774093628,3
8185,0.76317888498306274,0.0055332398042082787,0.039298523217439651,0.011198766529560089,-0.12087620049715042,0.0092490799725055695,-0.0041157170198857784,0.0041023148223757744,0.3892967700958252,-0.088943704962730408,0.00096419022884219885,-0.5516362190246582,0.022740151733160019,2.7879786491394043,3.2679693698883057,3
8904,-0.96806102991104126,0.0090294396504759789,0.041199207305908203,0.00077927717939019203,-0.056687556207180023,-0.0095207467675209045,0.1072816476225853,-0.0015556755242869258,0.42574277520179749,0.071131274104118347,0.1351969838142395,-0.43167755007743835,-0.087896071374416351,2.7879786491394043,2.0229401588439941,0
1522,-1.0434360504150391,0.0081682391464710236,0.040947690606117249,0.013362772762775421,-0.068204388022422791,-0.0095207467675209045,-0.019321182742714882,0.012126184068620205,-0.19008176028728485,-0.11681680381298065,-0.36836865544319153,-0.32490918040275574,-0.074936404824256897,2.7879786491394043,0.64698785543441772,1
15721,-1.0884910821914673,0.0059258756227791309,-0.012287049554288387,0.0020188824273645878,-0.042444929480552673,0.0045416746288537979,-0.032978076487779617,-0.001266581704840064,-0.22787049412727356,0.087284892797470093,-0.40816932916641235,-0.17306433618068695,-0.083487361669540405,2.7879786491394043,0.81769025325775146,1
20770,-1.0464190244674683,0.0081682391464710236,0.048019077628850937,0.013362772762775421,-0.068204388022422791,-0.0095207467675209045,-0.019321182742714882,-0.0015556755242869258,-0.19008176028728485,-0.11343587934970856,-0.37975192070007324,-0.32637977600097656,-0.079017080366611481,2.7879786491394043,0.62384122610092163,1
3290,-1.1010451316833496,0.0081682391464710236,0.048019077628850937,0.013362772762775421,-0.068204388022422791,-0.0095207467675209045,-0.010324363596737385,-0.0015556755242869258,-0.19008176028728485,-0.12347070872783661,-0.38723385334014893,-0.32637977600097656,-0.079017080366611481,2.7879786491394043,0.56069493293762207,0
5855,2.7788803577423096,-0.078608781099319458,-0.034409318119287491,-0.041988428682088852,-0.37991377711296082,-0.0085241217166185379,0.094854027032852173,-0.0052493195980787277,0.24495217204093933,0.20035289227962494,0.80711460113525391,-0.29860866069793701,-0.13490277528762817,2.7879786491394043,5.9319281578063965,5
9620,-1.059567928314209,0.0081682391464710236,0.048019077628850937,0.0019984170794487,-0.072808116674423218,-0.0049506053328514099,-0.026637416332960129,0.017498411238193512,-0.19282884895801544,-0.11250494420528412,-0.38654282689094543,-0.3473619818687439,-0.078468561172485352,2.7879786491394043,0.58199119567871094,0
8324,-0.086906611919403076,0.0081682391464710236,0.040947690606117249,0.012288887053728104,-0.030166354030370712,-0.0095207467675209045,0.17680123448371887,-0.0015556755242869258,-0.16224922239780426,-0.11355161666870117,-0.32336467504501343,-0.33446672558784485,-0.07942546159029007,2.7879786491394043,1.8849780559539795,2
9773,-0.89195084571838379,0.0090294396504759789,0.041356980800628662,0.012438371777534485,-0.053627870976924896,0.0092490799725055695,0.19365362823009491,-0.0009700399823486805,-0.16127443313598633,0.2905614972114563,-0.27569380402565002,-0.33515459299087524,-0.054282288998365402,2.7879786491394043,1.5713139772415161,2
10487,0.82522624731063843,-0.012278728187084198,0.039298523217439651,0.0088898269459605217,0.26418855786323547,0.0060071521438658237,-0.0026426226831972599,0.0042934101074934006,0.4199959933757782,-0.12161853909492493,0.034798912703990936,-0.58448779582977295,-0.056886080652475357,2.7879786491394043,3.612764835357666,6
4299,-0.89292728900909424,0.0085608735680580139,0.043196652084589005,0.012288887053728104,-0.038111824542284012,0.0092490799725055695,-0.0073874755762517452,0.017787504941225052,-0.22885039448738098,0.047285947948694229,-0.38957002758979797,-0.15617211163043976,-0.087106458842754364,2.7879786491394043,1.1262224912643433,0
4173,-0.054169561713933945,0.0085608735680580139,0.043196652084589005,0.011049281805753708,-0.066664956510066986,0.011812251061201096,-0.0060926745645701885,0.010308412835001945,0.48033919930458069,0.054673783481121063,-0.3909682035446167,-0.13442434370517731,-0.091974116861820221,2.7879786491394043,2.6636242866516113,0
549,-1.0663872957229614,0.0081682391464710236,0.040947690606117249,0.0014697833685204387,-0.069962881505489349,0.011812251061201096,-0.0073874755762517452,0.010019319131970406,-0.1999659389257431,-0.12748433649539948,-0.36772039532661438,-0.254017174243927,-0.083563975989818573,2.7879786491394043,0.68390530347824097,0
6609,-1.0207446813583374,0.0090294396504759789,0.041356980800628662,0.00074541056528687477,0.60072571039199829,0.0092490799725055695,0.027102876454591751,-0.0009700399823486805,-0.21345353126525879,0.26610618829727173,-0.32027935981750488,-0.25718969106674194,-0.085090361535549164,2.7879786491394043,1.8445675373077393,2
9044,0.94723707437515259,0.0090294396504759789,0.041199207305908203,0.012472237460315228,-0.04512333869934082,0.0060071521438658237,0.0050025372765958309,-0.00053646077867597342,0.31120118498802185,0.2018769383430481,-0.0026576586533337831,-0.74230998754501343,-0.067048773169517517,2.7879786491394043,3.4643278121948242,5
18859,-0.96377408504486084,0.005064674187451601,0.048019077628850937,0.012089301832020283,-0.0035108774900436401,-0.0095207467675209045,-0.010324363596737385,-0.001266581704840064,-0.22899527847766876,-0.10354547202587128,-0.39588075876235962,-0.10747940838336945,-0.045981116592884064,2.7879786491394043,0.98287302255630493,1
15706,-0.82918918132781982,0.0090294396504759789,0.041356980800628662,0.011049281805753708,-0.077787488698959351,0.0060071521438658237,0.0014612241648137569,-0.0015556755242869258,0.44335633516311646,0.14408333599567413,0.084654681384563446,-0.51793509721755981,-0.08926042914390564,2.7879786491394043,2.0132482051849365,2
17383,-0.95859819650650024,0.0051019024103879929,0.041356980800628662,0.011049281805753708,-0.065679118037223816,-0.0049506053328514099,-0.017697229981422424,0.017787504941225052,0.49788591265678406,0.19094672799110413,-0.30335834622383118,0.038224611431360245,-0.078074246644973755,2.7879786491394043,2.1619727611541748,11
11303,-0.91345953941345215,0.0081682391464710236,0.048019077628850937,-0.00034471033723093569,0.10265427827835083,0.0045416746288537979,-0.032978076487779617,-0.0015556755242869258,-0.21242402493953705,-0.093698710203170776,-0.24956125020980835,-0.20611636340618134,-0.045774977654218674,2.7879786491394043,1.1954483985900879,2
18632,-0.27828708291053772,0.0075630866922438145,0.040947690606117249,0.00074541056528687477,1.1615636348724365,0.0067752390168607235,-0.032886587083339691,-0.001266581704840064,-0.52138352394104004,-0.081007175147533417,-0.35430660843849182,-0.043035563081502914,-0.073694296181201935,2.7879786491394043,2.6197066307067871,8
8113,-0.061523273587226868,0.0081682391464710236,0.040947690606117249,-0.00049419491551816463,-0.001887264777906239,-0.0095207467675209045,-0.010324363596737385,0.010019319131970406,-0.21546921133995056,-0.10479766130447388,-0.31615331768989563,-0.25247907638549805,-0.076215438544750214,2.7879786491394043,1.7982498407363892,3
6565,0.47550970315933228,-0.023615753278136253,0.041068956255912781,0.014113961718976498,-0.057424329221248627,-0.0085241217166185379,-0.030955659225583076,0.0041023148223757744,-0.17175562679767609,0.11544078588485718,1.0322222709655762,-0.79203915596008301,-0.13796514272689819,2.7879786491394043,3.2481565475463867,2
10856,-1.0453809499740601,0.0081682391464710236,0.048019077628850937,0.013362772762775421,-0.067796707153320312,-0.0095207467675209045,-0.010324363596737385,-0.0015556755242869258,-0.19008176028728485,-0.12347070872783661,-0.36571773886680603,-0.32637977600097656,-0.079017080366611481,2.7879786491394043,0.63828307390213013,1
5205,-0.10760299116373062,0.0085608735680580139,0.041356980800628662,0.012288887053728104,-0.044366773217916489,0.007104845717549324,-0.065743014216423035,-0.00068094622110947967,-0.22935490310192108,0.20642974972724915,-0.339495450258255,-0.18116159737110138,-0.089998550713062286,2.7879786491394043,2.0053155422210693,1
6830,-1.0844539403915405,0.0042765922844409943,0.040947690606117249,-0.00041971335303969681,-0.066925950348377228,0.007104845717549324,-0.032978076487779617,-0.0015556755242869258,-0.18906742334365845,-0.11774773895740509,-0.37462398409843445,-0.32667016983032227,-0.081273086369037628,2.7879786491394043,0.56459170579910278,0
18528,1.3362784385681152,0.0059258756227791309,0.041199207305908203,0.0088898269459605217,-0.18021069467067719,0.0092490799725055695,-0.015167701989412308,0.0085083367303013802,0.52673381567001343,0.1496267169713974,0.025496033951640129,-0.29414772987365723,-0.062175944447517395,2.7879786491394043,4.3481845855712891,4
19141,-0.081940993666648865,-0.011417527683079243,0.041068956255912781,0.011049281805753708,-0.17551694810390472,0.0092490799725055695,0.0054153641685843468,0.012126184068620205,0.38408845663070679,0.11936537176370621,0.9384535551071167,-0.55837875604629517,-0.13816908001899719,2.7879786491394043,3.343372106552124,4
2536,-0.4388694167137146,-0.017930770292878151,-0.091098256409168243,0.012322752736508846,-0.016330122947692871,0.012817976996302605,-0.022683437913656235,0.017787504941225052,0.48614531755447388,-0.18644522130489349,0.15309128165245056,0.47950437664985657,-0.084011189639568329,2.7879786491394043,3.0922799110412598,3
2952,7.5473518371582031,-0.05110100656747818,-0.048062931746244431,0.016086442396044731,3.2921874523162842,-0.046720057725906372,-0.01617390476167202,0.036152452230453491,0.56508570909500122,0.16717943549156189,0.18617361783981323,1.0322235822677612,-0.36442777514457703,2.7879786491394043,15.103921890258789,14
709,-1.0458648204803467,0.0081682391464710236,0.048019077628850937,0.013562357984483242,-0.068204388022422791,0.010983916930854321,-0.016384292393922806,-0.0015556755242869258,-0.19048093259334564,-0.11343587934970856,-0.37952417135238647,-0.32583716511726379,-0.079017080366611481,2.7879786491394043,0.64840781688690186,0
9230,-0.99018293619155884,0.0081682391464710236,0.040947690606117249,0.012288887053728104,-0.0033369902521371841,-0.0095207467675209045,-0.010324363596737385,-0.0015556755242869258,-0.19547630846500397,-0.10804539918899536,-0.35136640071868896,-0.21087642014026642,-0.079796768724918365,2.7879786491394043,0.88890182971954346,0
5637,1.5118651390075684,-0.033010296523571014,-0.28277716040611267,-0.028600335121154785,-0.18807576596736908,0.002621485386043787,-0.033347755670547485,0.0027872684877365828,0.76812714338302612,0.1571725457906723,2.2259745597839355,3.3957602977752686,0.11973580718040466,2.7879786491394043,10.406209945678711,8
17119,0.20521648228168488,0.005064674187451601,0.040947690606117249,0.0092857591807842255,-0.16973233222961426,0.0072615211829543114,-0.0079484898597002029,0.0037538500037044287,0.52964562177658081,-0.084964334964752197,-0.3111206591129303,-0.21061399579048157,-0.075263112783432007,2.7879786491394043,2.7295107841491699,3
15956,-1.0419467687606812,0.0055332398042082787,0.048019077628850937,0.00074541056528687477,-0.13443948328495026,0.010983916930854321,-0.016384292393922806,0.010019319131970406,-0.19102498888969421,-0.11031138896942139,-0.3661210834980011,-0.30822864174842834,-0.046217937022447586,2.7879786491394043,0.64860457181930542,4
14814,0.87964636087417603,0.0075630866922438145,0.040947690606117249,0.011198766529560089,-0.077627427875995636,0.0055046672932803631,-0.015282917767763138,0.0064452704973518848,-0.26850900053977966,-0.10944297164678574,-0.30438420176506042,0.45359861850738525,-0.068369016051292419,2.7879786491394043,3.3492677211761475,4
11332,-0.065213382244110107,-0.011417527683079243,0.040998503565788269,-0.0027332054451107979,-0.13693790137767792,-0.0095207467675209045,-0.03786129504442215,0.0084689995273947716,0.44260594248771667,0.2365211695432663,0.06475384533405304,-0.59334540367126465,-0.086159437894821167,2.7879786491394043,2.6381378173828125,0
17781,-1.0620777606964111,0.0076996730640530586,0.040947690606117249,0.012288887053728104,-0.02910367026925087,-0.0095207467675209045,-0.019321182742714882,0.017787504941225052,-0.22885039448738098,-0.10534730553627014,-0.39946472644805908,-0.11236108094453812,-0.079670928418636322,2.7879786491394043,0.82098472118377686,0
6925,0.1732490062713623,0.0059258756227791309,0.041199207305908203,0.011049281805753708,-0.11758797615766525,-0.0095207467675209045,-0.014428207650780678,0.0016517133917659521,-0.21862255036830902,0.16221986711025238,0.20436584949493408,-0.17032338678836823,-0.092737764120101929,2.7879786491394043,2.7644169330596924,0
8342,-1.0464190244674683,0.0081682391464710236,0.048019077628850937,0.013362772762775421,-0.068204388022422791,-0.0095207467675209045,-0.019321182742714882,-0.0015556755242869258,-0.19008176028728485,-0.11343587934970856,-0.37975192070007324,-0.32637977600097656,-0.079017080366611481,2.7879786491394043,0.62384122610092163,0
1661,-0.97807836532592773,0.0077369012869894505,0.043196652084589005,0.012238786555826664,-0.050208039581775665,0.004519658163189888,-0.064878731966018677,-0.00068094622110947967,-0.241385817527771,0.24833463132381439,-0.29173219203948975,0.28657439351081848,-0.064180158078670502,2.7879786491394043,1.6994365453720093,5
7421,-0.86477208137512207,0.0081682391464710236,0.040947690606117249,0.011049281805753708,-0.14712932705879211,0.0092490799725055695,0.0014612241648137569,-0.0015556755242869258,0.42520824074745178,-0.12495632469654083,-0.23722429573535919,-0.39480850100517273,-0.075672432780265808,2.7879786491394043,1.4379439353942871,0
1605,-0.93596416711807251,-0.0046934173442423344,-0.00018264880054630339,-0.0014597328845411539,-0.066231660544872284,-0.0095207467675209045,-0.010324363596737385,0.017498411238193512,-0.2094990462064743,-0.1268516480922699,-0.22603601217269897,-0.32373762130737305,-0.041745934635400772,2.7879786491394043,0.84922879934310913,0
19802,-1.0991146564483643,0.0081682391464710236,0.048019077628850937,0.013362772762775421,-0.068045444786548615,0.0092490799725055695,-0.0073874755762517452,-0.0015556755242869258,-0.19008176028728485,-0.12347070872783661,-0.38700610399246216,-0.32583716511726379,-0.079017080366611481,2.7879786491394043,0.58526152372360229,1
14771,-0.33824652433395386,0.0067581781186163425,0.040947690606117249,0.0048346486873924732,1.6741179227828979,-0.0093602798879146576,-0.0028976467438042164,0.017787504941225052,0.59470415115356445,-0.076759085059165955,-0.43925970792770386,-0.13484260439872742,-0.052480001002550125,2.7879786491394043,4.0732827186584473,1
3894,-0.95354622602462769,0.0076996730640530586,0.040947690606117249,0.00074541056528687477,-0.0035108774900436401,-0.0095207467675209045,-0.019321182742714882,0.010308412835001945,-0.22885039448738098,-0.097524270415306091,-0.38700997829437256,-0.12501472234725952,-0.079781897366046906,2.7879786491394043,0.9435998797416687,1
659,-1.1022017002105713,0.0081682391464710236,0.048019077628850937,0.013362772762775421,-0.068204388022422791,-0.0049506053328514099,-0.026637416332960129,-0.0015556755242869258,-0.18906742334365845,-0.11343587934970856,-0.38723385334014893,-0.32637977600097656,-0.079017080366611481,2.7879786491394043,0.55884456634521484,0
20254,1.2453120946884155,-0.011417527683079243,0.041199207305908203,-0.014325384981930256,-0.15863125026226044,0.0092490799725055695,0.15795215964317322,0.006165381520986557,-0.2089407742023468,0.21249635517597198,-0.033841323107481003,-0.50953471660614014,-0.035789426416158676,2.7879786491394043,3.4878714084625244,2
5665,-0.92602914571762085,0.027344081550836563,-0.016403445973992348,-0.026022918522357941,-0.066408701241016388,0.0022963709197938442,-0.044199664145708084,0.017787504941225052,-0.22247171401977539,-0.24981607496738434,1.1593981981277466,-0.11451368778944016,-0.12113362550735474,2.7879786491394043,2.2078051567077637,0
4754,-1.0464473962783813,0.0081682391464710236,0.048019077628850937,0.013362772762775421,-0.068204388022422791,0.0062765125185251236,-0.032978076487779617,-0.0015556755242869258,-0.18906742334365845,-0.11343587934970856,-0.37952417135238647,-0.32583716511726379,-0.079017080366611481,2.7879786491394043,0.62773799896240234,0
866,5.5120415687561035,-0.049293868243694305,0.23757714033126831,-0.16862693428993225,-0.1988610178232193,-0.030702115967869759,-0.039591524749994278,-0.022198598831892014,-0.16118021309375763,0.22068054974079132,0.19798105955123901,-0.040866538882255554,-0.29450243711471558,2.7879786491394043,7.9504375457763672,3
1197,-1.1020830869674683,0.0081682391464710236,0.048019077628850937,0.013362772762775421,-0.068204388022422791,-0.0095207467675209045,-0.019321182742714882,-0.0015556755242869258,-0.19008176028728485,-0.11343587934970856,-0.38723385334014893,-0.32637977600097656,-0.079017080366611481,2.7879786491394043,0.56069493293762207,0
7970,1.6526813507080078,0.0063944412395358086,0.041356980800628662,-0.00034471033723093569,0.74391424655914307,0.0072615211829543114,0.09009869396686554,0.0041023148223757744,0.29815903306007385,0.031974542886018753,-0.23948656022548676,-0.51956838369369507,-0.057401299476623535,2.7879786491394043,4.8471202850341797,5
7298,-0.97422134876251221,0.005064674187451601,-0.012696332298219204,0.012288887053728104,-0.0033519347198307514,0.011812251061201096,-0.0073874755762517452,0.010308412835001945,-0.22888483107089996,-0.10755909979343414,-0.37077322602272034,-0.092332735657691956,-0.081815950572490692,2.7879786491394043,0.94843029975891113,1
11681,-1.0805587768554688,0.010837445966899395,0.083802983164787292,0.0014553475193679333,-0.0048554674722254276,-0.0084851961582899094,0.1411706805229187,-0.001266581704840064,-0.1646537184715271,-0.13329128921031952,-0.37802276015281677,1.0681101083755493,-0.081947468221187592,2.7879786491394043,2.2402739524841309,1
2488,-0.33931568264961243,0.0076193795539438725,0.041356980800628662,-0.024048581719398499,1.1830816268920898,0.0089194728061556816,-0.050571218132972717,0.010894048027694225,-0.46667119860649109,0.19349665939807892,-0.36244165897369385,-0.19816690683364868,-0.069197490811347961,2.7879786491394043,2.7229347229003906,3
5482,-1.0878483057022095,0.0081682391464710236,0.040947690606117249,-0.00022012749104760587,-0.066925950348377228,0.0045416746288537979,-0.032978076487779617,-0.0015556755242869258,-0.18946659564971924,-0.11774773895740509,-0.37450334429740906,-0.32667016983032227,-0.079128064215183258,2.7879786491394043,0.56459170579910278,0
3004,0.35140499472618103,0.027381312102079391,0.041068956255912781,0.012840489856898785,-0.17674249410629272,0.0073288902640342712,0.093398407101631165,0.0018064947798848152,0.4072670042514801,0.26471659541130066,1.0578032732009888,0.31841138005256653,-0.14797785878181458,2.7879786491394043,5.0466890335083008,4
11247,3.6440649032592773,-0.04455040767788887,0.23745590448379517,0.040362566709518433,0.04171258956193924,-0.0095207467675209045,-0.0089343702420592308,0.0063407709822058678,0.353984534740448,-0.10332639515399933,-0.67156696319580078,-0.56013554334640503,-0.073730446398258209,2.7879786491394043,5.6401338577270508,1
16900,-1.0019910335540771,-0.0046934173442423344,0.048019077628850937,0.0019984170794487,-0.072461657226085663,-0.0049506053328514099,-0.026637416332960129,-0.0015556755242869258,-0.19282884895801544,-0.11343587934970856,-0.36119264364242554,-0.34629780054092407,-0.0755181685090065,2.7879786491394043,0.6364327073097229,0
3987,-0.89917153120040894,-0.012278728187084198,0.039298523217439651,0.012322752736508846,-0.061157949268817902,0.007104845717549324,-0.032978076487779617,-0.0015556755242869258,-0.20993177592754364,-0.14677414298057556,0.12408404052257538,-0.42229148745536804,-0.083596572279930115,2.7879786491394043,1.1010520458221436,1
2598,-0.97798514366149902,0.0081682391464710236,0.040947690606117249,0.011049281805753708,-0.059007719159126282,0.011812251061201096,-0.0060926745645701885,-0.0015556755242869258,0.41063883900642395,-0.10882877558469772,-0.35048758983612061,-0.28538927435874939,-0.084937945008277893,2.7879786491394043,1.3963106870651245,0
16730,-1.1133332252502441,0.0081682391464710236,0.048019077628850937,0.013562357984483242,-0.065518096089363098,0.0060071521438658237,-0.0073874755762517452,-0.0015556755242869258,-0.19547630846500397,-0.12347070872783661,-0.38002243638038635,-0.23357756435871124,-0.079017080366611481,2.7879786491394043,0.664375901222229,2
1224,0.36227366328239441,-0.031047768890857697,-0.016403445973992348,-0.0086245657876133919,-0.057266175746917725,-0.0039539812132716179,-0.030896296724677086,-0.00069124216679483652,0.34039312601089478,-0.22182957828044891,0.95793271064758301,-0.72223854064941406,-0.1374649703502655,2.7879786491394043,3.2181625366210938,1
10723,-1.0080995559692383,0.0081682391464710236,0.040947690606117249,0.013362772762775421,-0.068204388022422791,-0.0095207467675209045,-0.010324363596737385,0.01465985644608736,-0.19008176028728485,-0.1268516480922699,-0.36339578032493591,-0.32637977600097656,-0.077597804367542267,2.7879786491394043,0.68466091156005859,0
17978,-1.1022017002105713,0.0081682391464710236,0.048019077628850937,0.013362772762775421,-0.068204388022422791,-0.0049506053328514099,-0.026637416332960129,-0.0015556755242869258,-0.18906742334365845,-0.11343587934970856,-0.38723385334014893,-0.32637977600097656,-0.079017080366611481,2.7879786491394043,0.55884456634521484,0
17511,1.0353794097900391,-0.023615753278136253,0.041068956255912781,-0.0097485529258847237,-0.19577416777610779,0.0022963709197938442,-0.035763859748840332,0.0071319630369544029,0.41823813319206238,0.14568910002708435,0.91991102695465088,-0.62897640466690063,-0.12683901190757751,2.7879786491394043,4.336979866027832,2
20046,-1.1008454561233521,0.0081682391464710236,0.048019077628850937,0.013562357984483242,-0.068204388022422791,-0.0095207467675209045,-0.010324363596737385,-0.0015556755242869258,-0.19048093259334564,-0.12347070872783661,-0.38723385334014893,-0.32637977600097656,-0.079017080366611481,2.7879786491394043,0.56069493293762207,0
5271,-0.083651892840862274,0.028673846274614334,0.041068956255912781,0.012840489856898785,-0.13458128273487091,0.0092931017279624939,0.024730000644922256,0.010604954324662685,0.40957260131835938,0.30872067809104919,1.1155222654342651,-0.41177532076835632,-0.12201114743947983,2.7879786491394043,3.9969861507415771,3
4594,-1.027247428894043,0.0055332398042082787,0.040947690606117249,0.006531114224344492,-0.1336447149515152,-0.0049506053328514099,-0.026637416332960129,0.010019319131970406,-0.19282884895801544,-0.11462324857711792,-0.37082117795944214,-0.33133146166801453,-0.076297856867313385,2.7879786491394043,0.57262682914733887,1
8918,0.16111209988594055,0.0038452551234513521,0.041199207305908203,0.012288887053728104,-0.1274578869342804,0.001299746916629374,-0.04131162166595459,0.0066000516526401043,-0.22555743157863617,0.24432016909122467,0.19645845890045166,0.12923434376716614,-0.10183995217084885,2.7879786491394043,3.0881688594818115,4
4458,-0.069003261625766754,0.0090294396504759789,0.041356980800628662,0.012438371777534485,-0.046232778578996658,0.0092490799725055695,0.027102876454591751,0.0013692475622519851,-0.20595571398735046,0.30302345752716064,-0.34888195991516113,-0.27817258238792419,-0.064613804221153259,2.7879786491394043,2.178687572479248,4
10797,-1.0210527181625366,0.0076996730640530586,0.040947690606117249,0.012288887053728104,-0.13217586278915405,0.0092490799725055695,-0.016384292393922806,-0.001266581704840064,-0.22885039448738098,-0.11473341286182404,-0.39720755815505981,-0.13030959665775299,-0.079670928418636322,2.7879786491394043,0.73651272058486938,0
16610,-1.0827656984329224,0.0081682391464710236,0.048019077628850937,0.012472237460315228,-0.068204388022422791,-0.0095207467675209045,-0.010324363596737385,0.010019319131970406,-0.2094990462064743,-0.12317247688770294,-0.38472139835357666,-0.32396876811981201,-0.04488430917263031,2.7879786491394043,0.6095961332321167,2
18287,3.8597939014434814,-0.062821507453918457,-0.69617229700088501,0.036764949560165405,0.22017866373062134,-0.006326187402009964,-0.032761100679636002,-0.12404665350914001,0.28557476401329041,0.72081273794174194,3.9895572662353516,1.2398048639297485,0.82807165384292603,2.7879786491394043,13.046407699584961,15
3201,-1.0903865098953247,0.0063944412395358086,0.041356980800628662,0.013562357984483242,-0.050416529178619385,0.001299746916629374,-0.032978076487779617,-0.0015556755242869258,-0.18946659564971924,0.087096825242042542,-0.41000807285308838,-0.36997857689857483,-0.083502233028411865,2.7879786491394043,0.70939600467681885,3
7384,-1.0883272886276245,0.0075630866922438145,0.048019077628850937,-0.00049419491551816463,-0.030317304655909538,-0.0095207467675209045,-0.010232871398329735,-0.001266581704840064,-0.23707598447799683,-0.13512670993804932,-0.41084796190261841,-0.00070442695869132876,-0.076584845781326294,2.7879786491394043,0.84306234121322632,0
19548,-1.1004375219345093,0.0083762640133500099,0.08405449241399765,-0.0079280883073806763,0.75823402404785156,0.0023352964781224728,-0.03051370196044445,0.017787504941225052,-0.36095350980758667,0.083512581884860992,0.26467499136924744,1.2679725885391235,-0.074981182813644409,2.7879786491394043,3.7001121044158936,1
15601,-1.0311195850372314,0.0075630866922438145,-0.012696332298219204,0.011049281805753708,0.81757086515426636,0.0092490799725055695,-0.01629280298948288,-0.001266581704840064,-0.40173420310020447,-0.11284863948822021,-0.22560860216617584,0.0061044353060424328,-0.073884673416614532,2.7879786491394043,1.7640645503997803,0
12520,-0.074918553233146667,0.0090294396504759789,0.041199207305908203,0.011049281805753708,-0.096576862037181854,0.0072615211829543114,0.037394504994153976,-0.0009700399823486805,0.43115991353988647,0.27169531583786011,0.10736393928527832,-0.54344069957733154,-0.087859638035297394,2.7879786491394043,2.9003663063049316,0
2,-1.0139532089233398,0.0055332398042082787,0.048019077628850937,0.013562357984483242,-0.068204388022422791,-0.0049506053328514099,-0.026637416332960129,-0.0015556755242869258,-0.18946659564971924,-0.11343587934970856,-0.37477904558181763,-0.32637977600097656,-0.076066687703132629,2.7879786491394043,0.65966391563415527,2
17246,-1.028101921081543,0.0049280878156423569,-0.012696332298219204,0.011198766529560089,-0.03442862257361412,0.007042701356112957,-0.0012952026445418596,-0.001266581704840064,0.49805063009262085,-0.13417451083660126,-0.32550248503684998,0.39751335978507996,-0.027789760380983353,2.7879786491394043,2.141456127166748,0
20191,-0.8546522855758667,-0.012278728187084198,0.040947690606117249,0.0060024820268154144,-0.13174943625926971,0.001299746916629374,-0.032978076487779617,0.010019319131970406,-0.19450028240680695,-0.11462324857711792,-0.23761835694313049,-0.32837262749671936,-0.045682463794946671,2.7879786491394043,0.89379161596298218,0
3617,-1.0845214128494263,-0.012278728187084198,0.048019077628850937,0.0018192968564108014,-0.06826559454202652,-0.0095207467675209045,-0.019321182742714882,-0.0015556755242869258,-0.19008176028728485,-0.11343587934970856,-0.38339975476264954,-0.32836678624153137,-0.076301701366901398,2.7879786491394043,0.55076748132705688,1
5501,-1.0076595544815063,0.0076996730640530586,0.048019077628850937,0.012238786555826664,-0.02038927748799324,0.0060071521438658237,-0.016384292393922806,-0.001266581704840064,-0.22899527847766876,-0.10898642241954803,-0.40342569351196289,-0.12844127416610718,-0.038309443742036819,2.7879786491394043,0.90808612108230591,1
4470,-0.89933794736862183,0.005064674187451601,0.048019077628850937,0.011049281805753708,-0.033406823873519897,-0.0095207467675209045,0.076703183352947235,0.017787504941225052,0.4185626208782196,-0.10953475534915924,-0.37208208441734314,-0.064038358628749847,-0.071951359510421753,2.7879786491394043,1.805293083190918,1
1394,7.3174581527709961,0.015783566981554031,-0.048062931746244431,0.0047623161226511002,0.98997896909713745,0.0080587808042764664,0.0083940550684928894,0.037184581160545349,0.21114665269851685,0.15597747266292572,0.70298105478286743,2.4979457855224609,-0.38665714859962463,2.7879786491394043,14.302927017211914,3
5397,-1.1799188852310181,0.0075630866922438145,0.040947690606117249,0.013562357984483242,-0.044183969497680664,0.012817976996302605,-0.032113805413246155,-0.001266581704840064,-0.24124093353748322,-0.15442961454391479,-0.37067767977714539,0.3434731662273407,-0.077488481998443604,2.7879786491394043,1.1050219535827637,0
3756,-1.1010451316833496,0.0081682391464710236,0.048019077628850937,0.013362772762775421,-0.068204388022422791,-0.0095207467675209045,-0.010324363596737385,-0.0015556755242869258,-0.19008176028728485,-0.12347070872783661,-0.38723385334014893,-0.32637977600097656,-0.079017080366611481,2.7879786491394043,0.56069493293762207,0
13302,1.4616397619247437,-0.026651062071323395,-0.089327827095985413,-0.0073764859698712826,-0.22239570319652557,0.0095698647201061249,0.011708414182066917,0.0027872684877365828,0.3468458354473114,0.2337624579668045,0.8620792031288147,1.0260999202728271,-0.13341452181339264,2.7879786491394043,6.2633090019226074,6
20493,5.4709610939025879,-0.026599900797009468,-0.048062931746244431,-0.12675639986991882,-0.4645209014415741,0.21539020538330078,-0.025422060862183571,-0.022198598831892014,0.21863535046577454,0.21834290027618408,1.0296247005462646,0.5870094895362854,-0.081639572978019714,2.7879786491394043,9.7327384948730469,7
4951,-0.089429259300231934,0.0081682391464710236,0.040947690606117249,0.011049281805753708,-0.073235675692558289,0.0060071521438658237,0.077581822872161865,-0.0015556755242869258,0.3397175669670105,-0.11591409891843796,0.07891324907541275,-0.52656710147857666,-0.08749379962682724,2.7879786491394043,2.4561681747436523,3
970,-0.91889661550521851,0.0038452551234513521,-0.012575075961649418,0.012322752736508846,-0.046073265373706818,0.0060071521438658237,0.10200494527816772,0.014130320399999619,0.37389612197875977,0.4175383448600769,1.0542958974838257,0.077103897929191589,-0.13884207606315613,2.7879786491394043,3.7327356338500977,3
1640,-0.26696527004241943,0.0049280878156423569,0.039298523217439651,0.012322752736508846,-0.051881588995456696,0.0074922265484929085,-0.0066713257692754269,-0.001266581704840064,0.51337254047393799,-0.18050651252269745,0.1615784615278244,0.31383535265922546,-0.075902260839939117,2.7879786491394043,3.2576131820678711,1
11791,3.0439903736114502,0.0317661352455616,-0.034279070794582367,0.023591388016939163,-0.38245928287506104,-0.0049506053328514099,-0.020810440182685852,0.014163974672555923,0.34071370959281921,0.14432196319103241,-0.16202545166015625,-0.62029457092285156,-0.0027365698479115963,2.7879786491394043,5.1589689254760742,2
11041,-0.045197121798992157,0.0085608735680580139,0.00022663385607302189,0.011049281805753708,-0.059759635478258133,0.0092490799725055695,0.1141304224729538,0.010894048027694225,0.49187654256820679,0.25216957926750183,-0.31097066402435303,-0.13967067003250122,-0.080133974552154541,2.7879786491394043,3.0504028797149658,3
6715,1.4508377313613892,0.027381312102079391,0.041068956255912781,0.012840489856898785,-0.039074219763278961,-0.0085241217166185379,-0.019922560080885887,0.0094749182462692261,0.43953824043273926,0.18354661762714386,0.81460809707641602,0.030822176486253738,-0.14462900161743164,2.7879786491394043,5.5859498977661133,5
4268,-1.1424515247344971,-0.017930770292878151,0.083802983164787292,0.011049281805753708,-0.012668315321207047,0.0070405462756752968,-0.03051370196044445,0.010308412835001945,-0.24663472175598145,-0.12976187467575073,-0.27227672934532166,0.81079506874084473,-0.07912830263376236,2.7879786491394043,1.7796094417572021,2
14188,-1.1010451316833496,0.0081682391464710236,0.048019077628850937,0.013362772762775421,-0.068204388022422791,-0.0095207467675209045,-0.010324363596737385,-0.0015556755242869258,-0.19008176028728485,-0.12347070872783661,-0.38723385334014893,-0.32637977600097656,-0.079017080366611481,2.7879786491394043,0.56069493293762207,0
19366,0.81178921461105347,0.0077369012869894505,0.041199207305908203,-0.00034471033723093569,-0.15952721238136292,-0.0084851961582899094,0.10617916285991669,0.0016517133917659521,0.45195803046226501,0.085900388658046722,0.095053136348724365,0.48288515210151672,-0.080866403877735138,2.7879786491394043,4.6231098175048828,16
2449,-0.96088606119155884,0.0076996730640530586,0.048019077628850937,0.00074541056528687477,-0.028695989400148392,-0.0095207467675209045,-0.010324363596737385,0.010308412835001945,-0.22939445078372955,-0.11170297861099243,-0.3682190477848053,-0.12927429378032684,0.024012167006731033,2.7879786491394043,1.0307458639144897,1
6144,-1.1514623165130615,0.0077369012869894505,0.041356980800628662,0.013362772762775421,0.001546190120279789,0.0055046672932803631,-0.015520023182034492,-0.001266581704840064,-0.24185609817504883,0.18735980987548828,-0.41886937618255615,0.40481629967689514,-0.086225099861621857,2.7879786491394043,1.5344626903533936,0
1222,-1.0397744178771973,0.0081682391464710236,-0.012696332298219204,0.0019984170794487,-0.072808116674423218,0.0062765125185251236,-0.032978076487779617,0.012126184068620205,-0.19286328554153442,-0.11681680381298065,-0.35395008325576782,-0.33253359794616699,-0.074387885630130768,2.7879786491394043,0.58773833513259888,1
9664,-0.98173213005065918,0.0081682391464710236,0.039298523217439651,0.012472237460315228,-0.092534579336643219,-0.0095207467675209045,-0.0014756646705791354,-0.0015556755242869258,0.44434142112731934,-0.16536454856395721,0.14012335240840912,-0.50008708238601685,-0.046238049864768982,2.7879786491394043,1.6338739395141602,1
3826,-1.0728203058242798,0.0076996730640530586,0.040947690606117249,0.012288887053728104,-0.13217586278915405,0.0072615211829543114,-0.016384292393922806,0.010308412835001945,-0.22885039448738098,-0.11443518102169037,-0.4046894907951355,-0.13030959665775299,-0.079670928418636322,2.7879786491394043,0.68714827299118042,3
12926,3.2830226421356201,0.05275300145149231,0.23757714033126831,0.025233112275600433,-0.43470510840415955,0.0070066945627331734,0.079255469143390656,0.013477282598614693,0.32638609409332275,0.029842035844922066,0.23038181662559509,0.48751628398895264,-0.18214456737041473,2.7879786491394043,6.9435825347900391,6
19205,-0.11293825507164001,0.0075630866922438145,0.048019077628850937,-0.00049419491551816463,-0.0036824704147875309,-0.0095207467675209045,-0.010232871398329735,0.010308412835001945,-0.23859483003616333,-0.12342322617769241,-0.38129940629005432,-0.018441347405314445,-0.076584845781326294,2.7879786491394043,1.878657341003418,4
13005,-1.0978834629058838,0.0081682391464710236,0.040947690606117249,0.013362772762775421,-0.068204388022422791,-0.0095207467675209045,-0.010324363596737385,0.017498411238193512,-0.19008176028728485,-0.1268516480922699,-0.37585058808326721,-0.32637977600097656,-0.079017080366611481,2.7879786491394043,0.58384156227111816,0
6953,-0.95630460977554321,0.0063944412395358086,0.041356980800628662,0.012438371777534485,-0.11132519692182541,0.001299746916629374,-0.065743014216423035,0.0084689995273947716,-0.19500602781772614,0.26008599996566772,-0.27913549542427063,-0.2433016449213028,-0.047557491809129715,2.7879786491394043,1.2196499109268188,3
8717,-1.0464190244674683,0.0081682391464710236,0.048019077628850937,0.013362772762775421,-0.068204388022422791,-0.0095207467675209045,-0.019321182742714882,-0.0015556755242869258,-0.19008176028728485,-0.11343587934970856,-0.37975192070007324,-0.32637977600097656,-0.079017080366611481,2.7879786491394043,0.62384122610092163,0
2651,-1.101360559463501,0.0055332398042082787,0.040947690606117249,0.013362772762775421,-0.068204388022422791,-0.0095207467675209045,-0.010324363596737385,-0.0015556755242869258,-0.19008176028728485,-0.12778256833553314,-0.37585058808326721,-0.32637977600097656,-0.076066687703132629,2.7879786491394043,0.56069493293762207,2
20304,-1.1420767307281494,0.0076996730640530586,0.040947690606117249,0.013362772762775421,-0.060799427330493927,0.019282236695289612,-0.016384292393922806,-0.001266581704840064,-0.22845122218132019,-0.11755967140197754,-0.40902790427207947,-0.14144757390022278,-0.078891240060329437,2.7879786491394043,0.6733660101890564,0
19071,-1.0161782503128052,0.0090294396504759789,0.043196652084589005,-0.015178871341049671,-0.062444686889648438,-0.0049506053328514099,-0.050553657114505768,-0.0009700399823486805,0.42571181058883667,0.26898586750030518,-0.38689297437667847,-0.45157131552696228,0.024049930274486542,2.7879786491394043,1.5702122449874878,0
6490,-0.073399171233177185,-0.012278728187084198,0.039298523217439651,-0.00049419491551816463,-0.035880107432603836,-0.0095207467675209045,-0.010324363596737385,-0.0015556755242869258,-0.21246495842933655,-0.14956420660018921,0.050078809261322021,-0.4463142454624176,-0.079997919499874115,2.7879786491394043,1.845562219619751,2
4784,-1.1001526117324829,0.0081682391464710236,0.048019077628850937,0.013362772762775421,-0.068045444786548615,0.0092490799725055695,-0.016384292393922806,-0.0015556755242869258,-0.19008176028728485,-0.11343587934970856,-0.38700610399246216,-0.32583716511726379,-0.079017080366611481,2.7879786491394043,0.58526152372360229,1
2556,-0.96801793575286865,0.0081682391464710236,0.040947690606117249,0.012288887053728104,-0.13484717905521393,-0.0095207467675209045,-0.019321182742714882,-0.0015556755242869258,-0.19048093259334564,-0.11492148041725159,-0.35905739665031433,-0.31034925580024719,-0.079796768724918365,2.7879786491394043,0.6615142822265625,1
3568,-1.2846622467041016,-0.014452839270234108,0.043081916868686676,-0.01787925511598587,-0.025491625070571899,0.00079726171679794788,-0.063278630375862122,-0.00068094622110947967,-0.37518095970153809,0.31623992323875427,0.18385417759418488,1.9327808618545532,-0.014042605645954609,2.7879786491394043,3.4690642356872559,1
2136,0.8445580005645752,0.0051019024103879929,0.041199207305908203,0.012288887053728104,-0.13369168341159821,0.0092270635068416595,0.20374898612499237,0.0066000516526401043,-0.22308221459388733,0.21094752848148346,0.044282607734203339,0.46708554029464722,-0.09427274763584137,2.7879786491394043,4.1819720268249512,5
18582,1.4608155488967896,0.027207495644688606,-0.016403445973992348,0.01408009510487318,-0.14017200469970703,0.0092931017279624939,-0.02197142131626606,0.0016517133917659521,-0.21719548106193542,-0.16856224834918976,0.95643329620361328,0.038115940988063812,-0.14387279748916626,2.7879786491394043,4.5873994827270508,4
14521,-1.0899109840393066,0.0055332398042082787,0.048019077628850937,-0.00041971335303969681,-0.067084893584251404,-0.0095207467675209045,-0.019321182742714882,-0.0015556755242869258,-0.19008176028728485,-0.11343587934970856,-0.38611435890197754,-0.32721278071403503,-0.076177671551704407,2.7879786491394043,0.56069493293762207,0
7485,-0.055922407656908035,-0.019169224426150322,0.041068956255912781,0.001446497393772006,-0.12684640288352966,-0.0085241217166185379,-0.0087431147694587708,0.010308412835001945,0.49349218606948853,0.11697071045637131,1.1520848274230957,-0.16023202240467072,-0.088378086686134338,2.7879786491394043,4.1355371475219727,1
11520,-1.0627295970916748,0.0081682391464710236,0.048019077628850937,0.0019984170794487,-0.072808116674423218,-0.0049506053328514099,-0.026637416332960129,-0.0015556755242869258,-0.19282884895801544,-0.11343587934970856,-0.38654282689094543,-0.3473619818687439,-0.078468561172485352,2.7879786491394043,0.55884456634521484,0
8386,-1.0404903888702393,0.0081682391464710236,0.040947690606117249,0.012288887053728104,-0.031457144767045975,0.0092490799725055695,-0.016384292393922806,-0.0015556755242869258,-0.19048093259334564,-0.10646630823612213,-0.36583200097084045,-0.30980661511421204,-0.079796768724918365,2.7879786491394043,0.71636289358139038,0
14528,2.9099166393280029,-0.0062689040787518024,-0.11116206645965576,0.013689640909433365,-0.42631375789642334,0.0074525764212012291,0.0068403780460357666,0.014381982386112213,0.36729571223258972,0.30265024304389954,0.7203487753868103,0.66281419992446899,-0.21399135887622833,2.7879786491394043,7.0356330871582031,8
5559,7.3811039924621582,-0.032918959856033325,-0.45010063052177429,0.24861942231655121,0.51266592741012573,-0.032074153423309326,0.073737949132919312,-0.40850710868835449,0.16720528900623322,0.071153976023197174,2.4167938232421875,0.21871453523635864,1.2302283048629761,2.7879786491394043,14.184595108032227,11
17618,0.32571384310722351,0.0083762640133500099,0.08405449241399765,0.0080829309299588203,0.45221531391143799,-0.0084851961582899094,0.099095836281776428,0.0018064947798848152,0.2589365541934967,0.21368914842605591,0.16950990259647369,0.93520069122314453,-0.05036434531211853,2.7879786491394043,5.2858123779296875,9
10946,-1.0829949378967285,0.0081682391464710236,0.040947690606117249,0.013362772762775421,-0.067289933562278748,-0.0049506053328514099,-0.026637416332960129,-0.0015556755242869258,-0.18906742334365845,-0.11774773895740509,-0.26652216911315918,-0.32637977600097656,-0.079017080366611481,2.7879786491394043,0.68829381465911865,0
1392,1.1163955926895142,0.0090294396504759789,0.041356980800628662,0.012288887053728104,-0.11912156641483307,-0.0095207467675209045,-0.01973407156765461,-0.00069124216679483652,-0.23310941457748413,0.10516625642776489,-0.34523642063140869,-0.48782879114151001,-0.095007658004760742,2.7879786491394043,2.7619647979736328,0
6037,0.085628814995288849,0.0049280878156423569,0.039298523217439651,0.011049281805753708,0.059250619262456894,0.0027848212048411369,-0.024632226675748825,0.0064452704973518848,0.41307550668716431,-0.143262580037117,0.16593071818351746,0.44311648607254028,-0.092330150306224823,2.7879786491394043,3.7592616081237793,2
3003,6.0755982398986816,-0.039765860885381699,0.23770740628242493,-0.021356619894504547,0.83015859127044678,0.0013920959318056703,-0.017654439434409142,0.035121515393257141,-0.35306927561759949,0.0750141441822052,-0.47755417227745056,0.0041066105477511883,-0.34685131907463074,2.7879786491394043,8.7908201217651367,9
15800,-0.082236446440219879,0.0081682391464710236,0.039298523217439651,0.011049281805753708,-0.066055774688720703,-0.0095207467675209045,-0.010472484864294529,0.010019319131970406,0.44661644101142883,-0.13307194411754608,0.090210184454917908,-0.52723723649978638,-0.081524357199668884,2.7879786491394043,2.4832222461700439,1
6283,-0.99042534828186035,0.0055332398042082787,0.048019077628850937,0.00077927717939019203,-0.062987491488456726,0.0062765125185251236,-0.025602472946047783,0.012126184068620205,0.65072154998779297,-0.11250494420528412,-0.35436758399009705,-0.39605876803398132,-0.0374327152967453,2.7879786491394043,1.5320543050765991,5
4850,-1.0895677804946899,0.0075630866922438145,0.040947690606117249,0.011049281805753708,0.65365099906921387,-0.0095207467675209045,-0.010232871398329735,-0.001266581704840064,-0.25505319237709045,-0.12569405138492584,-0.31517994403839111,-0.0095874648541212082,-0.076473861932754517,2.7879786491394043,1.6086138486862183,0
18554,-0.93890690803527832,0.0051019024103879929,0.041356980800628662,0.011049281805753708,-0.14427818357944489,0.0092490799725055695,0.037485998123884201,0.014130320399999619,0.4587576687335968,0.35084167122840881,-0.31552493572235107,0.038506470620632172,-0.081796526908874512,2.7879786491394043,2.2739498615264893,2
17663,-1.0981988906860352,0.0055332398042082787,0.040947690606117249,0.013362772762775421,-0.068204388022422791,-0.0095207467675209045,-0.010324363596737385,0.017498411238193512,-0.19008176028728485,-0.1268516480922699,-0.37585058808326721,-0.32637977600097656,-0.076066687703132629,2.7879786491394043,0.58384156227111816,0
9509,-0.95410573482513428,0.0081682391464710236,0.048019077628850937,0.012288887053728104,-0.0054566590115427971,0.011812251061201096,-0.016384292393922806,-0.0015556755242869258,-0.19048093259334564,-0.093698710203170776,-0.35072627663612366,-0.29024580121040344,-0.08489217609167099,2.7879786491394043,0.88072121143341064,1
9010,0.083722852170467377,-0.045375753194093704,-0.012575075961649418,-0.018013643100857735,-0.029614599421620369,-0.017471795901656151,-0.039617810398340225,0.029416089877486229,-0.23955412209033966,0.15612031519412994,1.2811543941497803,-0.58797913789749146,0.8780440092086792,2.7879786491394043,4.2262372970581055,7
9065,-0.98947006464004517,-0.0046934173442423344,0.040947690606117249,-0.0014597328845411539,-0.061422444880008698,-0.0095207467675209045,-0.010324363596737385,0.017498411238193512,-0.078824199736118317,-0.1268516480922699,-0.24547658860683441,-0.33229202032089233,-0.072485357522964478,2.7879786491394043,0.91360312700271606,0
19673,0.20534321665763855,0.0063944412395358086,0.041356980800628662,0.011198766529560089,-0.10564323514699936,0.0092490799725055695,0.0064756325446069241,8.1805512309074402e-05,0.47110635042190552,0.23367653787136078,-0.30170682072639465,-0.46994391083717346,-0.025078810751438141,2.7879786491394043,2.8704884052276611,2
18058,-0.11116056144237518,-0.012278728187084198,0.048019077628850937,0.0009287616703659296,-0.066815875470638275,-0.0095207467675209045,-0.010324363596737385,0.010019319131970406,-0.21101789176464081,-0.12877850234508514,-0.33819228410720825,-0.36672535538673401,-0.033750317990779877,2.7879786491394043,1.5583807229995728,2
12966,-1.1001740694046021,0.0081682391464710236,0.040947690606117249,0.013362772762775421,-0.068204388022422791,-0.0095207467675209045,-0.019321182742714882,0.010019319131970406,-0.19008176028728485,-0.11744950711727142,-0.37585058808326721,-0.32637977600097656,-0.079017080366611481,2.7879786491394043,0.57447719573974609,0
8306,0.42211073637008667,0.0075630866922438145,0.040947690606117249,0.011049281805753708,-0.052107676863670349,-0.0039150561206042767,-0.018160443753004074,0.0064452704973518848,0.39894074201583862,-0.10944297164678574,-0.27157118916511536,0.39912870526313782,-0.067910730838775635,2.7879786491394043,3.5510561466217041,6
8732,-1.1514130830764771,-0.0079687861725687981,0.040947690606117249,0.012089301832020283,0.36863398551940918,0.0092490799725055695,-0.01629280298948288,0.010308412835001945,-0.20116207003593445,-0.12064977735280991,-0.35860565304756165,0.0056459954939782619,-0.077242493629455566,2.7879786491394043,1.301518440246582,0
6272,-0.89038902521133423,0.005064674187451601,0.040947690606117249,-0.0014935994986444712,-0.026534438133239746,0.010983916930854321,-0.0073874755762517452,0.017787504941225052,-0.22885039448738098,-0.11538213491439819,-0.36655554175376892,-0.1272992342710495,-0.076831512153148651,2.7879786491394043,1.022039532661438,1
17162,1.0810685157775879,0.0076996730640530586,0.039298523217439651,0.011049281805753708,-0.15791423618793488,-0.0095207467675209045,-0.0041365893557667732,0.0016517133917659521,0.51280653476715088,-0.11377923190593719,0.080261498689651489,-0.24842084944248199,-0.087320432066917419,2.7879786491394043,3.9007217884063721,3
8652,-1.0259746313095093,0.0081682391464710236,0.048019077628850937,0.013562357984483242,-0.067289933562278748,-0.0095207467675209045,-0.010324363596737385,-0.0015556755242869258,-0.19102498888969421,-0.12347070872783661,-0.25428345799446106,-0.32396876811981201,0.024776984006166458,2.7879786491394043,0.87509149312973022,1
2873,-1.0385651588439941,0.0081682391464710236,0.040947690606117249,0.012472237460315228,-0.098441243171691895,0.0060071521438658237,-0.0075355968438088894,0.012126184068620205,0.43809941411018372,-0.12773485481739044,-0.35826343297958374,-0.39251789450645447,-0.031802169978618622,2.7879786491394043,1.2509391307830811,3
20630,-0.87289339303970337,0.0081682391464710236,0.040947690606117249,-0.00049419491551816463,-0.1450078934431076,-0.0095207467675209045,0.076703183352947235,-0.0015556755242869258,0.36894994974136353,-0.12495632469654083,-0.22772814333438873,-0.28502240777015686,-0.044672682881355286,2.7879786491394043,1.5708959102630615,2
18202,0.41482642292976379,0.0077369012869894505,0.041356980800628662,0.011049281805753708,-0.11910363286733627,-0.0095207467675209045,0.12896348536014557,0.0018064947798848152,0.46872720122337341,0.21896934509277344,0.1337701827287674,0.12409055233001709,-0.067209675908088684,2.7879786491394043,4.1434416770935059,4
1490,-1.0818382501602173,0.0081682391464710236,0.040947690606117249,0.013362772762775421,-0.067289933562278748,-0.0095207467675209045,-0.010324363596737385,-0.0015556755242869258,-0.19008176028728485,-0.12778256833553314,-0.26652216911315918,-0.32637977600097656,-0.079017080366611481,2.7879786491394043,0.69014418125152588,0
12164,-0.92565453052520752,-0.0042740828357636929,0.03724057599902153,0.011049281805753708,-0.025728948414325714,-0.0085241217166185379,-0.014078859239816666,-0.001266581704840064,0.64039880037307739,-0.26417016983032227,0.91921287775039673,0.014806069433689117,-0.11624210327863693,2.7879786491394043,3.0507464408874512,0
6798,-0.99539607763290405,0.0081682391464710236,0.040947690606117249,0.00077927717939019203,-0.091069787740707397,0.0062765125185251236,-0.02412937767803669,-0.0015556755242869258,0.44177201390266418,-0.11785824596881866,0.16192694008350372,-0.5027884840965271,-0.082760810852050781,2.7879786491394043,1.632291316986084,2
4476,-1.1969181299209595,0.0075630866922438145,-0.012696332298219204,0.0021683669183403254,-0.026153679937124252,-0.0084851961582899094,0.17659899592399597,-0.001266581704840064,-0.2130831778049469,-0.16446445882320404,-0.37401431798934937,0.60387462377548218,-0.067555725574493408,2.7879786491394043,1.5135461091995239,0
8682,-0.27183592319488525,0.0051019024103879929,0.041199207305908203,0.012089301832020283,-0.064878851175308228,0.007042701356112957,0.026545165106654167,0.0068480083718895912,-0.2455049604177475,0.30255773663520813,0.13022860884666443,0.38041815161705017,-0.079103723168373108,2.7879786491394043,3.0386850833892822,9
15868,1.3741544485092163,0.0038452551234513521,0.041199207305908203,0.0060024820268154144,0.72536772489547729,0.007104845717549324,-0.04131162166595459,0.0027872684877365828,-0.25910964608192444,0.17695872485637665,0.11680994182825089,0.16021424531936646,-0.071788176894187927,2.7879786491394043,5.030214786529541,2
13246,-1.0610634088516235,0.0081682391464710236,0.040947690606117249,0.0019984170794487,-0.072649173438549042,0.0045416746288537979,-0.032978076487779617,-0.0015556755242869258,-0.19282884895801544,-0.11774773895740509,-0.37493181228637695,-0.34681937098503113,-0.078468561172485352,2.7879786491394043,0.56459170579910278,3
17210,-0.94632959365844727,0.0085608735680580139,0.041356980800628662,0.011049281805753708,-0.054118070751428604,-0.0095207467675209045,-0.010472484864294529,0.010308412835001945,0.50003188848495483,0.057607922703027725,-0.40078103542327881,-0.13027484714984894,-0.082708612084388733,2.7879786491394043,1.7826889753341675,1
15226,-0.96707379817962646,0.0081682391464710236,0.048019077628850937,0.00089489505626261234,-0.1230776309967041,0.0092490799725055695,-0.0073874755762517452,-0.0015556755242869258,-0.19113101065158844,-0.13045424222946167,0.15876984596252441,-0.42617601156234741,0.25394183397293091,2.7879786491394043,1.4201654195785522,0
6943,-0.84891670942306519,0.0042765922844409943,-0.012696332298219204,0.00074541056528687477,-0.12643367052078247,0.001299746916629374,-0.032978076487779617,0.010019319131970406,-0.19146975874900818,-0.11462324857711792,0.15700668096542358,-0.38746261596679688,0.01892876997590065,2.7879786491394043,1.2656739950180054,1
4560,-1.1020830869674683,0.0081682391464710236,0.040947690606117249,0.013362772762775421,-0.068204388022422791,-0.0095207467675209045,-0.019321182742714882,-0.0015556755242869258,-0.19008176028728485,-0.11774773895740509,-0.37585058808326721,-0.32637977600097656,-0.079017080366611481,2.7879786491394043,0.56069493293762207,0
14972,-1.1010451316833496,0.0081682391464710236,0.048019077628850937,0.013362772762775421,-0.068204388022422791,-0.0095207467675209045,-0.010324363596737385,-0.0015556755242869258,-0.19008176028728485,-0.12347070872783661,-0.38723385334014893,-0.32637977600097656,-0.079017080366611481,2.7879786491394043,0.56069493293762207,0
11193,-1.1448013782501221,0.0075630866922438145,0.040947690606117249,0.0018192968564108014,-0.04829227551817894,-0.0095207467675209045,-0.010232871398329735,-0.001266581704840064,-0.21744930744171143,-0.16215600073337555,-0.40088596940040588,0.029255328699946404,-0.080829180777072906,2.7879786491394043,0.79212987422943115,0
3499,-0.98867595195770264,0.0063944412395358086,0.041356980800628662,0.012322752736508846,-0.051989547908306122,-0.0049506053328514099,-0.052026752382516861,0.0013692475622519851,0.37291333079338074,0.3190234899520874,-0.38195937871932983,-0.43951177597045898,-0.087199844419956207,2.7879786491394043,1.5350456237792969,2
14446,-0.10210685431957245,0.0077369012869894505,0.041356980800628662,0.011049281805753708,-0.060536377131938934,-0.0095207467675209045,-0.044619016349315643,-0.00068094622110947967,0.40441292524337769,0.23036053776741028,-0.39622974395751953,0.0038231986109167337,-0.080576837062835693,2.7879786491394043,2.7924478054046631,4
15204,-1.1400376558303833,0.0083762640133500099,-0.089039810001850128,0.0079334462061524391,-0.07940731942653656,0.0074922265484929085,-0.0049230977892875671,-0.001266581704840064,-0.08714420348405838,0.19418488442897797,-0.36340364813804626,1.0353235006332397,-0.080642499029636383,2.7879786491394043,2.1954233646392822,2
1751,-1.0580943822860718,0.0075630866922438145,0.040947690606117249,0.00054582441225647926,0.36468073725700378,-0.0084851961582899094,-0.018456913530826569,0.010308412835001945,-0.22481545805931091,-0.1229582205414772,-0.33243820071220398,0.55664098262786865,-0.081746287643909454,2.7879786491394043,1.921671986579895,1
4633,0.9747275710105896,0.028205282986164093,0.041068956255912781,0.012840489856898785,-0.15406410396099091,-0.0085241217166185379,0.15546339750289917,0.0064452704973518848,-0.17387591302394867,0.0819740891456604,1.039283275604248,-0.34816128015518188,-0.14195346832275391,2.7879786491394043,4.3014116287231445,4
3018,-1.0834833383560181,-0.012278728187084198,0.040947690606117249,-0.00041971335303969681,-0.066738434135913849,-0.0095207467675209045,-0.010324363596737385,-0.0015556755242869258,-0.19008176028728485,-0.12778256833553314,-0.35686281323432922,-0.32836678624153137,-0.076301701366901398,2.7879786491394043,0.56520932912826538,0
36,-0.11341835558414459,0.0055332398042082787,0.040947690606117249,0.012288887053728104,-0.1337934136390686,0.010983916930854321,-0.016384292393922806,0.010019319131970406,-0.19199977815151215,-0.093435630202293396,-0.34824740886688232,-0.34596738219261169,-0.076653279364109039,2.7879786491394043,1.5478516817092896,2
16117,-0.13229207694530487,-0.011417527683079243,0.041199207305908203,0.012322752736508846,-0.052175536751747131,0.019282236695289612,-0.040300525724887848,-0.0009700399823486805,0.43318125605583191,0.26683828234672546,0.094599060714244843,-0.58773893117904663,-0.083385936915874481,2.7879786491394043,2.7471210956573486,1
18113,-0.98939406871795654,0.005064674187451601,0.040947690606117249,-0.00049419491551816463,-0.1467323899269104,0.0060071521438658237,0.0014612241648137569,-0.001266581704840064,0.50003188848495483,-0.12476825714111328,-0.39023131132125854,-0.10140198469161987,-0.072433643043041229,2.7879786491394043,1.5147687196731567,1
13369,-0.099699690937995911,0.0090294396504759789,0.041199207305908203,0.012322752736508846,-0.06546386331319809,-0.0095207467675209045,0.031592711806297302,0.0013692475622519851,0.48766723275184631,0.40906774997711182,0.10069435089826584,-0.58691889047622681,-0.096002168953418732,2.7879786491394043,3.0233159065246582,6
12619,0.47604888677597046,0.0075630866922438145,0.039298523217439651,0.011049281805753708,-0.081107661128044128,0.0062765125185251236,-0.025273879989981651,0.0064452704973518848,0.41403517127037048,-0.1361609548330307,0.18446552753448486,0.17816528677940369,-0.094072975218296051,2.7879786491394043,3.7747101783752441,2
20172,-1.043522834777832,0.0081682391464710236,0.048019077628850937,0.0019984170794487,-0.071893662214279175,-0.0049506053328514099,-0.026637416332960129,-0.0015556755242869258,-0.19282884895801544,-0.11343587934970856,-0.27721434831619263,-0.3473619818687439,-0.078468561172485352,2.7879786491394043,0.68829381465911865,0
20469,-0.029399728402495384,-0.038585405796766281,0.00022663385607302189,0.011049281805753708,-0.14326749742031097,0.0060071521438658237,0.035972520709037781,0.013841225765645504,0.40551558136940002,0.27655237913131714,-0.28971081972122192,-0.48664674162864685,-0.082248382270336151,2.7879786491394043,2.4672839641571045,2
20235,-0.932792067527771,0.0081682391464710236,0.048019077628850937,0.00077927717939019203,-0.064068377017974854,-0.0049506053328514099,-0.026637416332960129,0.010019319131970406,-0.21293602883815765,-0.11313764750957489,-0.3484606146812439,-0.23650257289409637,-0.075435750186443329,2.7879786491394043,0.84004318714141846,2
15444,-1.0905280113220215,0.0081682391464710236,-0.012696332298219204,0.013362772762775421,-0.068204388022422791,0.01457483135163784,-0.032978076487779617,-0.0015556755242869258,-0.18910184502601624,-0.11774773895740509,-0.35464110970497131,-0.31302198767662048,-0.079017080366611481,2.7879786491394043,0.56459170579910278,0
9588,-0.98883986473083496,0.0081682391464710236,0.039298523217439651,0.00077927717939019203,-0.092375636100769043,0.011812251061201096,-0.0021594737190753222,0.010019319131970406,0.42287814617156982,-0.14883838593959808,0.18141798675060272,-0.5027884840965271,-0.08705410361289978,2.7879786491394043,1.6402968168258667,3
15989,0.13101473450660706,0.0055332398042082787,0.048019077628850937,0.012288887053728104,-0.025845609605312347,-0.0095207467675209045,-0.01973407156765461,-0.00069124216679483652,-0.2168685644865036,-0.084548309445381165,-0.32608947157859802,-0.33982312679290771,-0.084759987890720367,2.7879786491394043,1.876953125,1
8628,3.0131039619445801,-0.051140103489160538,0.23757714033126831,0.013839125633239746,-0.42694529891014099,-0.0084004364907741547,0.057187557220458984,0.015414115972816944,0.32006394863128662,0.23170585930347443,0.3728562593460083,-0.25255501270294189,-0.15349090099334717,2.7879786491394043,6.157196044921875,2
596,-0.9492914080619812,0.0081682391464710236,0.048019077628850937,-0.0014935994986444712,-0.018757903948426247,-0.0095207467675209045,-0.010324363596737385,0.017498411238193512,-0.19547630846500397,-0.10972282290458679,-0.34262311458587646,-0.21838004887104034,-0.079907745122909546,2.7879786491394043,0.92616641521453857,0
6404,-1.0110194683074951,0.0081682391464710236,0.040947690606117249,0.012322752736508846,-0.067289933562278748,0.0062765125185251236,-0.032978076487779617,-0.0015556755242869258,-0.20794065296649933,-0.11774773895740509,-0.25881248712539673,-0.32583716511726379,-0.075324773788452148,2.7879786491394043,0.75718718767166138,0
6474,-1.0331093072891235,0.0081682391464710236,0.048019077628850937,0.011049281805753708,-0.018003221601247787,0.011812251061201096,-0.0073874755762517452,-0.0015556755242869258,-0.078824199736118317,-0.11065375804901123,-0.36860531568527222,-0.30305984616279602,-0.081199869513511658,2.7879786491394043,0.86462938785552979,1
16838,1.1318225860595703,0.0090294396504759789,0.041356980800628662,0.011198766529560089,-0.11647091060876846,-0.0095207467675209045,-0.01973407156765461,0.0041023148223757744,-0.12069091200828552,0.10802862048149109,-0.3421744704246521,-0.4844660758972168,-0.029338385909795761,2.7879786491394043,2.9711203575134277,1
7342,0.27960580587387085,0.0090294396504759789,0.041356980800628662,0.011049281805753708,-0.074685372412204742,0.001299746916629374,-0.033390965312719345,0.016891136765480042,-0.24191327393054962,0.050551563501358032,-0.35282039642333984,-0.56094539165496826,-0.08574938029050827,2.7879786491394043,1.8482578992843628,1
142,-0.050152193754911423,0.0076996730640530586,0.048019077628850937,-0.00049419491551816463,-0.04751800000667572,0.010983916930854321,0.092780560255050659,-0.001266581704840064,0.45239758491516113,-0.10751616954803467,-0.36033236980438232,-0.10999757051467896,-0.074899591505527496,2.7879786491394043,2.6476829051971436,3
17115,5.9742536544799805,0.034680012613534927,-0.32721173763275146,-0.023490093648433685,-0.10728485882282257,-0.031253684312105179,-0.029179928824305534,-0.022198598831892014,0.18954034149646759,0.28040170669555664,3.9115674495697021,1.1490358114242554,-0.2855740487575531,2.7879786491394043,13.501266479492188,9
16885,1.6036839485168457,0.0083762640133500099,0.083924241364002228,-0.0014499897370114923,-0.14010432362556458,0.0074922265484929085,-0.012699715793132782,0.0064452704973518848,-0.15017513930797577,0.13259050250053406,0.75003379583358765,1.3195353746414185,-0.105171799659729,2.7879786491394043,6.2904596328735352,5
15004,-0.89380228519439697,-0.012278728187084198,0.039298523217439651,-0.0027332054451107979,-0.02665339969098568,0.0072615211829543114,-0.0090086916461586952,-0.0015556755242869258,0.38021111488342285,-0.12703700363636017,0.13073837757110596,-0.36669379472732544,-0.078959822654724121,2.7879786491394043,1.8267655372619629,1
15319,-1.0431631803512573,0.0055332398042082787,-0.012696332298219204,0.0019984170794487,-0.072808116674423218,-0.0049506053328514099,-0.026637416332960129,-0.0015556755242869258,-0.19286328554153442,-0.11774773895740509,-0.35417783260345459,-0.33454680442810059,-0.0755181685090065,2.7879786491394043,0.55884456634521484,0
17462,-0.97946768999099731,0.0081682391464710236,0.048019077628850937,0.012288887053728104,-0.13175319135189056,0.010983916930854321,-0.0073874755762517452,-0.0015556755242869258,-0.19547630846500397,-0.12064445018768311,-0.34896734356880188,-0.21700435876846313,-0.079796768724918365,2.7879786491394043,0.78538483381271362,0
5632,0.29286113381385803,0.0090294396504759789,0.041356980800628662,0.012288887053728104,-0.13025674223899841,0.001299746916629374,-0.033390965312719345,0.0041023148223757744,-0.22843459248542786,0.07084934413433075,-0.35106149315834045,-0.44094270467758179,-0.093522354960441589,2.7879786491394043,1.9421566724777222,3
13241,-1.1100268363952637,0.0081682391464710236,0.040947690606117249,0.013362772762775421,-0.068204388022422791,0.019282236695289612,-0.016384292393922806,-0.0015556755242869258,-0.19008176028728485,-0.11774773895740509,-0.37562283873558044,-0.32583716511726379,-0.079017080366611481,2.7879786491394043,0.58526152372360229,1
15314,-1.04487144947052,0.0081682391464710236,0.048019077628850937,0.013362772762775421,-0.068045444786548615,0.0045416746288537979,-0.032978076487779617,-0.0015556755242869258,-0.18906742334365845,-0.11343587934970856,-0.37952417135238647,-0.32583716511726379,-0.079017080366611481,2.7879786491394043,0.62773799896240234,0
424,0.25383663177490234,-0.013470285572111607,0.08405449241399765,0.00042420951649546623,-0.05665108934044838,-0.017432870343327522,-0.049088511615991592,0.022569762542843819,-0.24707606434822083,0.26544377207756042,0.24556078016757965,2.7047722339630127,1.0240069627761841,2.7879786491394043,7.0049285888671875,8
10721,-0.82677102088928223,0.0063944412395358086,0.041356980800628662,0.011049281805753708,-0.047568701207637787,-0.0095207467675209045,0.024165986105799675,0.0013692475622519851,-0.22236686944961548,0.33967921137809753,-0.26746094226837158,-0.24532535672187805,-0.088411562144756317,2.7879786491394043,1.5045689344406128,4
5416,-1.0564590692520142,0.00057955633383244276,0.040947690606117249,0.0019984170794487,-0.072808116674423218,-0.0095207467675209045,-0.010324363596737385,-0.0015556755242869258,-0.19384318590164185,-0.12778256833553314,-0.37563517689704895,-0.3473619818687439,-0.0755181685090065,2.7879786491394043,0.56069493293762207,1
15010,1.301479697227478,-0.034138873219490051,-0.0026273778639733791,-0.010646175593137741,-0.20210172235965729,0.0092931017279624939,-0.0047459583729505539,0.0066000516526401043,0.48443177342414856,0.18730585277080536,0.87053400278091431,-0.31314000487327576,-0.1404489278793335,2.7879786491394043,4.9397773742675781,4
6315,-0.93917745351791382,0.0090294396504759789,0.046605706214904785,0.0014697833685204387,-0.052405238151550293,0.0087973996996879578,-0.065743014216423035,0.010604954324662685,-0.18392892181873322,0.3069608211517334,1.0470104217529297,-0.48656520247459412,-0.14469426870346069,2.7879786491394043,2.3459420204162598,1
13540,-0.93446052074432373,0.0055332398042082787,-0.014345503412187099,0.011049281805753708,-0.038010116666555405,-0.0095207467675209045,-0.010324363596737385,-0.0015556755242869258,-0.071400322020053864,-0.14552755653858185,0.22721563279628754,-0.22645087540149689,-0.079156830906867981,2.7879786491394043,1.5010240077972412,0
173,3.4451296329498291,-0.056163642555475235,0.23757714033126831,0.0080319587141275406,-0.38284775614738464,-0.017146680504083633,-0.0053190686739981174,0.12079962342977524,0.30667516589164734,0.12055099010467529,0.71190750598907471,0.37940046191215515,1.3831923007965088,2.7879786491394043,9.039759635925293,7
20616,-1.0897141695022583,0.0081682391464710236,0.040947690606117249,0.0018192968564108014,-0.068204388022422791,-0.0049506053328514099,-0.026637416332960129,-0.0015556755242869258,-0.18906742334365845,-0.11774773895740509,-0.37585058808326721,-0.32721278071403503,-0.079128064215183258,2.7879786491394043,0.55884456634521484,1
15909,-1.0464190244674683,0.0081682391464710236,0.048019077628850937,0.013362772762775421,-0.068204388022422791,-0.0095207467675209045,-0.019321182742714882,-0.0015556755242869258,-0.19008176028728485,-0.11343587934970856,-0.37975192070007324,-0.32637977600097656,-0.079017080366611481,2.7879786491394043,0.62384122610092163,0
3605,-1.0969909429550171,0.0081682391464710236,0.040947690606117249,0.013362772762775421,-0.068045444786548615,0.0092490799725055695,-0.016384292393922806,0.017498411238193512,-0.19008176028728485,-0.11681680381298065,-0.37562283873558044,-0.32583716511726379,-0.079017080366611481,2.7879786491394043,0.60840815305709839,0
12583,-1.1020830869674683,0.0081682391464710236,0.040947690606117249,0.013362772762775421,-0.068204388022422791,-0.0095207467675209045,-0.019321182742714882,-0.0015556755242869258,-0.19008176028728485,-0.11774773895740509,-0.37585058808326721,-0.32637977600097656,-0.079017080366611481,2.7879786491394043,0.56069493293762207,0
15253,5.9928030967712402,-0.029424767941236496,-0.026171620935201645,-0.14206556975841522,-0.40015000104904175,0.0056749475188553333,-0.0041658906266093254,-0.40953922271728516,0.19213408231735229,0.15868858993053436,1.2506033182144165,-0.38251093029975891,1.5645540952682495,2.7879786491394043,10.558401107788086,7
19759,1.2525980472564697,0.0055347615852952003,0.041068956255912781,0.012695111334323883,-0.1836559921503067,-0.017471795901656151,0.26915541291236877,0.029695980250835419,0.36738389730453491,0.10731395334005356,1.3607431650161743,0.079642064869403839,1.1431657075881958,2.7879786491394043,7.2558503150939941,8
2020,0.13113923370838165,0.0055332398042082787,0.040947690606117249,-0.011042107827961445,-0.15532898902893066,0.0060071521438658237,-0.0026426226831972599,0.0071319630369544029,0.43857252597808838,-0.096360906958580017,-0.27581989765167236,-0.56220787763595581,-0.041797656565904617,2.7879786491394043,2.2721104621887207,1
17954,3.3363156318664551,0.032320797443389893,0.23770740628242493,0.023441905155777931,-0.39659708738327026,-0.0037913694977760315,-0.027785521000623703,0.01525933388620615,0.40289294719696045,0.10206949710845947,-0.54033023118972778,0.64913016557693481,-0.16324400901794434,2.7879786491394043,6.4553704261779785,5
20573,-1.0548466444015503,0.0081682391464710236,0.048019077628850937,0.013362772762775421,-0.068045444786548615,0.011812251061201096,-0.016384292393922806,-0.0015556755242869258,-0.19008176028728485,-0.11343587934970856,-0.37952417135238647,-0.31294694542884827,-0.084112495183944702,2.7879786491394043,0.64840781688690186,0
10861,-1.0488895177841187,0.0090294396504759789,0.041356980800628662,-0.017933519557118416,-0.055020257830619812,0.0062765125185251236,-0.032978076487779617,0.010019319131970406,-0.19337290525436401,0.087395071983337402,-0.39294937252998352,-0.36785799264907837,0.017672698944807053,2.7879786491394043,0.85072654485702515,0
7859,5.3732285499572754,-0.027216335758566856,-0.023605635389685631,-0.10960812866687775,-0.40161094069480896,0.078069895505905151,0.0036069140769541264,0.036152452230453491,0.26919466257095337,0.17453627288341522,0.86625176668167114,0.14972212910652161,-0.40422132611274719,2.7879786491394043,8.7724781036376953,9
17729,-1.1008454561233521,0.0081682391464710236,0.040947690606117249,0.013562357984483242,-0.068204388022422791,-0.0095207467675209045,-0.010324363596737385,-0.0015556755242869258,-0.19048093259334564,-0.12778256833553314,-0.37585058808326721,-0.32637977600097656,-0.079017080366611481,2.7879786491394043,0.56069493293762207,0
19863,-0.93007922172546387,-0.0051247547380626202,0.041068956255912781,0.011049281805753708,-0.12122232466936111,0.0062765125185251236,-0.06565152108669281,0.0069888429716229439,-0.23445083200931549,0.38669255375862122,1.0854001045227051,0.038492653518915176,-0.14947798848152161,2.7879786491394043,2.8579399585723877,8
10153,1.7931270599365234,-0.011782622896134853,0.08405449241399765,-0.00049419491551816463,1.221336841583252,0.0024552140384912491,-0.03012537956237793,0.0066000516526401043,0.58034980297088623,0.17153291404247284,0.04227735847234726,1.0627633333206177,-0.084499768912792206,2.7879786491394043,7.6255760192871094,6
4957,-0.24129290878772736,0.010837445966899395,0.083802983164787292,0.00074541056528687477,0.10301931202411652,0.0074922265484929085,-0.0053619816899299622,0.010308412835001945,-0.22963780164718628,-0.13004353642463684,-0.28259885311126709,0.71122241020202637,-0.085855275392532349,2.7879786491394043,2.7406172752380371,2
5289,1.7778095006942749,0.030655674636363983,0.083924241364002228,-0.028323117643594742,1.6812591552734375,-0.0080385413020849228,-0.005722852423787117,0.0094749182462692261,1.0845663547515869,0.14638616144657135,1.1112076044082642,3.4130940437316895,-0.068798325955867767,2.7879786491394043,12.015472412109375,11
10610,0.20938877761363983,0.067915186285972595,0.08605194091796875,0.010903903283178806,-0.069158732891082764,-0.017432870343327522,0.083419382572174072,0.024902421981096268,0.31593519449234009,0.1116674542427063,0.10616562515497208,0.98892331123352051,1.0852130651473999,2.7879786491394043,5.7918739318847656,5
19502,-0.90158617496490479,0.0081682391464710236,0.048019077628850937,0.012288887053728104,-0.13380511105060577,-0.0095207467675209045,-0.019321182742714882,0.017498411238193512,-0.19048093259334564,-0.10967868566513062,-0.36536774039268494,-0.31244120001792908,-0.079796768724918365,2.7879786491394043,0.75195413827896118,0
8868,-0.97802150249481201,-0.01884954422712326,0.040947690606117249,0.0014697833685204387,-0.065338939428329468,0.0045416746288537979,-0.032978076487779617,-0.0015556755242869258,-0.19538089632987976,-0.10956227034330368,0.15330162644386292,-0.44279640913009644,-0.083550140261650085,2.7879786491394043,1.0602055788040161,0
3382,-0.92266666889190674,0.0075630866922438145,0.040947690606117249,0.011049281805753708,-0.033919353038072586,-0.0049506053328514099,-0.017697229981422424,-0.001266581704840064,0.49730613827705383,-0.12331047654151917,-0.3734564483165741,0.019278889521956444,-0.075617454946041107,2.7879786491394043,1.8112391233444214,1
19775,-0.99282288551330566,0.0090294396504759789,0.041356980800628662,0.012322752736508846,-0.071000583469867706,0.0060071521438658237,-0.038857605308294296,-0.0009700399823486805,0.4372197687625885,0.27531662583351135,-0.38221043348312378,-0.45299330353736877,-0.08260151743888855,2.7879786491394043,1.5477758646011353,0
4592,-1.1020830869674683,0.0081682391464710236,0.048019077628850937,0.013362772762775421,-0.068204388022422791,-0.0095207467675209045,-0.019321182742714882,-0.0015556755242869258,-0.19008176028728485,-0.11343587934970856,-0.38723385334014893,-0.32637977600097656,-0.079017080366611481,2.7879786491394043,0.56069493293762207,0
8403,-1.1010451316833496,0.0081682391464710236,0.048019077628850937,0.013362772762775421,-0.068204388022422791,-0.0095207467675209045,-0.010324363596737385,-0.0015556755242869258,-0.19008176028728485,-0.12347070872783661,-0.38723385334014893,-0.32637977600097656,-0.079017080366611481,2.7879786491394043,0.56069493293762207,1
14067,-1.1020830869674683,0.0081682391464710236,0.040947690606117249,0.013362772762775421,-0.067796707153320312,-0.0095207467675209045,-0.019321182742714882,-0.0015556755242869258,-0.19008176028728485,-0.11774773895740509,-0.36181637644767761,-0.32637977600097656,-0.079017080366611481,2.7879786491394043,0.57513678073883057,0
3156,5.4336647987365723,-0.027216335758566856,-0.031200891360640526,-0.02996443584561348,-0.298846036195755,-0.029177676886320114,-0.028251342475414276,-0.022198598831892014,0.21645654737949371,0.1220613569021225,0.84324270486831665,-0.045195367187261581,-0.29877224564552307,2.7879786491394043,8.5925788879394531,5
973,-1.1022017002105713,0.0081682391464710236,0.040947690606117249,0.013362772762775421,-0.068204388022422791,-0.0049506053328514099,-0.026637416332960129,-0.0015556755242869258,-0.18906742334365845,-0.11774773895740509,-0.37585058808326721,-0.32637977600097656,-0.079017080366611481,2.7879786491394043,0.55884456634521484,0
17035,-0.96700388193130493,0.026555996388196945,0.03724057599902153,0.014263446442782879,-0.074055559933185577,0.0022963709197938442,-0.044199664145708084,0.012126184068620205,-0.20304761826992035,-0.25855976343154907,1.2100847959518433,-0.29017472267150879,0.081887111067771912,2.7879786491394043,2.3353912830352783,1
2485,0.46664482355117798,0.0085608735680580139,0.044912464916706085,0.011049281805753708,-0.11065740883350372,0.0092490799725055695,-0.0023730616085231304,0.0017551352502778172,-0.28574690222740173,0.19924670457839966,0.11472809314727783,-0.30458879470825195,-0.093702785670757294,2.7879786491394043,2.8470544815063477,3
3942,0.29684650897979736,0.0081682391464710236,0.03724057599902153,0.011049281805753708,-0.13927793502807617,-0.0095207467675209045,-0.0055795111693441868,0.0071319630369544029,0.41694116592407227,-0.2257804274559021,0.7186545729637146,-0.59198564291000366,-0.1438387930393219,2.7879786491394043,3.1680293083190918,2
15382,-1.10053551197052,0.0081682391464710236,0.048019077628850937,0.013362772762775421,-0.068045444786548615,0.0045416746288537979,-0.032978076487779617,-0.0015556755242869258,-0.18906742334365845,-0.11343587934970856,-0.38700610399246216,-0.32583716511726379,-0.079017080366611481,2.7879786491394043,0.56459170579910278,1
9889,-0.25409689545631409,0.011011261492967606,0.084212265908718109,-0.0015994744608178735,-0.072770543396472931,0.0074922265484929085,0.2021619975566864,0.0016583413816988468,-0.1970755010843277,0.38802537322044373,-0.40269929170608521,1.1389749050140381,-0.091535545885562897,2.7879786491394043,3.6017377376556396,7
7651,-1.0412893295288086,0.0090294396504759789,0.041356980800628662,0.00077927717939019203,-0.049502067267894745,-0.0095207467675209045,-0.010324363596737385,-0.0015556755242869258,-0.20895498991012573,0.07706199586391449,-0.30067965388298035,-0.3708115816116333,-0.082871288061141968,2.7879786491394043,0.84069651365280151,2
4003,-0.073468856513500214,0.0063944412395358086,0.041356980800628662,0.011049281805753708,-0.065059259533882141,-0.0095207467675209045,-0.013367561623454094,0.010019319131970406,0.38289132714271545,0.073221340775489807,0.051948606967926025,-0.54370176792144775,-0.088065527379512787,2.7879786491394043,2.5716762542724609,2
4517,-1.0673160552978516,0.0081682391464710236,0.048019077628850937,0.012288887053728104,-0.13216088712215424,-0.0095207467675209045,-0.019321182742714882,0.010019319131970406,-0.19547630846500397,-0.11031138896942139,-0.37568402290344238,-0.21754699945449829,-0.079796768724918365,2.7879786491394043,0.65933871269226074,0
20310,-0.93375289440155029,0.0049280878156423569,0.040947690606117249,-0.0025837209541350603,-0.0013644768623635173,0.01005539670586586,-0.0065232035703957081,0.010308412835001945,-0.26127338409423828,-0.13299305737018585,-0.24667605757713318,0.32374539971351624,-0.05939503014087677,2.7879786491394043,1.5334012508392334,0
14474,-0.39862412214279175,0.0049280878156423569,0.040947690606117249,0.013711842708289623,-0.042635157704353333,0.0023352964781224728,-0.032113805413246155,0.010505192913115025,-0.24330383539199829,-0.15054914355278015,-0.29776015877723694,0.36083132028579712,-0.060754239559173584,2.7879786491394043,1.9954980611801147,1
1695,0.25094959139823914,0.0075630866922438145,0.041356980800628662,-0.00034471033723093569,-0.068319953978061676,0.013504805043339729,0.06261780858039856,0.0064452704973518848,0.47951510548591614,-0.064322829246520996,0.17181187868118286,0.11171343922615051,-0.066143281757831573,2.7879786491394043,3.734325647354126,4
5773,-1.0999743938446045,0.0081682391464710236,0.040947690606117249,0.013562357984483242,-0.068204388022422791,-0.0095207467675209045,-0.019321182742714882,0.010019319131970406,-0.19048093259334564,-0.11744950711727142,-0.37585058808326721,-0.32637977600097656,-0.079017080366611481,2.7879786491394043,0.57447719573974609,0
14744,-0.075329862534999847,0.0090294396504759789,0.043196652084589005,0.011049281805753708,-0.059591017663478851,-0.0095207467675209045,0.19071672856807709,-0.0009700399823486805,-0.040534108877182007,0.25298583507537842,0.051794815808534622,-0.45866900682449341,-0.088938340544700623,2.7879786491394043,2.6131978034973145,1
9694,-0.94289946556091309,0.0081682391464710236,0.040947690606117249,0.011049281805753708,-0.16416959464550018,-0.0095207467675209045,0.1072816476225853,-0.0015556755242869258,0.37258774042129517,-0.12731878459453583,-0.25758963823318481,-0.38811683654785156,-0.074975594878196716,2.7879786491394043,1.36186683177948,3
17151,-1.0626109838485718,0.0081682391464710236,0.048019077628850937,-0.017933519557118416,-0.072808116674423218,-0.0095207467675209045,-0.019321182742714882,-0.0015556755242869258,-0.19384318590164185,-0.11343587934970856,-0.38654282689094543,-0.32721278071403503,-0.078685835003852844,2.7879786491394043,0.56069493293762207,0
983,-0.96516710519790649,0.0063944412395358086,0.041356980800628662,0.013362772762775421,-0.037411689758300781,0.007104845717549324,-0.065743014216423035,0.013841225765645504,-0.19460685551166534,0.26437145471572876,-0.2782733142375946,-0.27448356151580811,-0.055654916912317276,2.7879786491394043,1.2630701065063477,2
9076,-1.1219607591629028,0.005064674187451601,0.040947690606117249,-0.00041971335303969681,-0.059679929167032242,-0.0095207467675209045,-0.019321182742714882,-0.001266581704840064,-0.22845122218132019,-0.11755967140197754,-0.40813612937927246,-0.14282324910163879,-0.076051823794841766,2.7879786491394043,0.64879941940307617,0
10844,-1.0408691167831421,0.0081682391464710236,0.048019077628850937,0.013562357984483242,-0.068204388022422791,-0.0095207467675209045,0.15000084042549133,-0.0015556755242869258,-0.16073037683963776,-0.12347070872783661,-0.37975192070007324,-0.32474091649055481,-0.079017080366611481,2.7879786491394043,0.81986832618713379,1
13546,0.48002222180366516,0.0083762640133500099,0.04292413592338562,-0.032899953424930573,-0.065499246120452881,0.017525382339954376,0.029128365218639374,0.014130320399999619,-0.38276419043540955,0.32730391621589661,0.2011219710111618,2.7596805095672607,-0.084324382245540619,2.7879786491394043,6.1027050018310547,8
10077,0.47716721892356873,0.0090294396504759789,0.041068956255912781,0.011198766529560089,-0.17522253096103668,-0.0085241217166185379,-0.0023067248985171318,0.0042570969089865685,0.40353068709373474,0.23675404489040375,0.85909140110015869,-0.62180966138839722,-0.091152496635913849,2.7879786491394043,3.9310610294342041,7
2130,-0.79683995246887207,-0.019169224426150322,-0.012575075961649418,-0.0098980376496911049,-0.12019897252321243,-0.0085241217166185379,-0.049082882702350616,0.014130320399999619,0.44311201572418213,0.27763104438781738,1.1961756944656372,-0.062170997262001038,-0.12014451622962952,2.7879786491394043,3.5204229354858398,0
8788,1.3050508499145508,0.0039110863581299782,0.041068956255912781,0.012417895719408989,-0.14814744889736176,-0.0049135461449623108,-0.026263009756803513,-0.017929472029209137,0.35855364799499512,0.16455790400505066,1.2334249019622803,0.53900295495986938,1.1652511358261108,2.7879786491394043,7.4139671325683594,10
3510,0.21850056946277618,0.0049280878156423569,0.041199207305908203,0.011198766529560089,-0.058293424546718597,0.007042701356112957,-0.0026014507748186588,0.0094749182462692261,0.44208449125289917,-0.069352626800537109,0.18434987962245941,0.3413861095905304,0.28334724903106689,2.7879786491394043,4.2012453079223633,7
13446,0.63824522495269775,0.0077369012869894505,0.041199207305908203,0.011198766529560089,-0.058706678450107574,0.0072615211829543114,0.0072171180509030819,0.0018064947798848152,0.49040645360946655,0.22274793684482574,0.1313871294260025,0.10176727920770645,-0.034770883619785309,2.7879786491394043,4.3554754257202148,3
16670,-1.0272122621536255,0.0081682391464710236,0.048019077628850937,0.013362772762775421,-0.067289933562278748,-0.0095207467675209045,-0.019321182742714882,-0.0015556755242869258,-0.19008176028728485,-0.11343587934970856,-0.27042344212532043,-0.32637977600097656,-0.079017080366611481,2.7879786491394043,0.75329041481018066,0
12374,1.4230691194534302,-0.01884954422712326,-0.016403445973992348,0.0092857591807842255,-0.17501647770404816,-0.0049506053328514099,-0.018201613798737526,0.0071319630369544029,0.40893203020095825,-0.20478507876396179,0.65169113874435425,-0.65794986486434937,-0.13946996629238129,2.7879786491394043,4.0524616241455078,1
6551,-1.0608205795288086,0.0081682391464710236,0.040947690606117249,0.0019984170794487,-0.072808116674423218,-0.0049506053328514099,-0.026637416332960129,0.010019319131970406,-0.19282884895801544,-0.11744950711727142,-0.37515956163406372,-0.3473619818687439,-0.078468561172485352,2.7879786491394043,0.57262682914733887,1
18745,-0.0822133868932724,-0.011417527683079243,0.041356980800628662,0.011049281805753708,-0.050316214561462402,-0.0049506053328514099,-0.060824349522590637,0.006699749268591404,-0.21787600219249725,0.25531005859375,-0.30379539728164673,-0.38170036673545837,-0.088535591959953308,2.7879786491394043,1.9007666110992432,9
