FID,gx,gy,grid_id,in_600mod
0,54,54,1328,0
599,54,54,1328,1
698,54,54,1328,1
6777,54,54,1328,1
2,20,84,108,1
4908,20,84,108,0
16183,20,84,108,1
16900,20,84,108,1
5,51,87,1263,0
676,51,87,1263,0
12732,51,87,1263,1
13374,51,87,1263,1
6,44,55,1043,1
383,44,55,1043,0
6740,44,55,1043,0
18489,44,55,1043,1
8,32,50,559,1
1019,32,50,559,1
1340,32,50,559,1
14283,32,50,559,1
14,62,7,1483,1
2797,62,7,1483,0
4992,62,7,1483,0
10984,62,7,1483,0
16,51,22,1248,1
665,51,22,1248,0
5867,51,22,1248,1
19423,51,22,1248,0
22,23,69,211,0
208,23,69,211,0
17462,23,69,211,1
18579,23,69,211,0
26,53,88,1313,1
4753,53,88,1313,1
6594,53,88,1313,0
11149,53,88,1313,1
27,41,74,958,0
869,41,74,958,0
10865,41,74,958,0
15828,41,74,958,1
29,27,60,362,1
5842,27,60,362,1
5915,27,60,362,1
18811,27,60,362,1
36,27,39,342,1
9943,27,39,342,1
10540,27,39,342,1
15459,27,39,342,1
37,42,33,967,0
8759,42,33,967,0
15007,42,33,967,1
17781,42,33,967,1
38,32,32,542,0
13009,32,32,542,1
14034,32,32,542,1
17324,32,32,542,0
39,34,64,666,0
9024,34,64,666,1
17364,34,64,666,0
18494,34,64,666,0
40,74,75,1592,1
2346,74,75,1592,0
13444,74,75,1592,1
15551,74,75,1592,0
43,46,13,1088,0
6425,46,13,1088,0
9302,46,13,1088,1
11306,46,13,1088,0
46,46,24,1094,1
1226,46,24,1094,0
4933,46,24,1094,0
9950,46,24,1094,0
49,29,64,443,1
6923,29,64,443,1
11590,29,64,443,0
20652,29,64,443,1
55,48,36,1164,0
4078,48,36,1164,1
16388,48,36,1164,0
17213,48,36,1164,0
56,70,85,1548,0
4774,70,85,1548,1
14652,70,85,1548,1
17211,70,85,1548,1
58,34,38,643,1
1332,34,38,643,1
7455,34,38,643,1
13647,34,38,643,0
59,23,76,218,1
2186,23,76,218,1
4939,23,76,218,1
16039,23,76,218,1
64,29,71,450,1
7970,29,71,450,1
8860,29,71,450,1
15021,29,71,450,1
67,47,72,1144,0
6743,47,72,1144,0
16796,47,72,1144,1
17527,47,72,1144,1
80,18,80,61,1
11543,18,80,61,0
15654,18,80,61,1
18470,18,80,61,0
83,44,42,1037,0
3408,44,42,1037,0
4028,44,42,1037,1
5644,44,42,1037,0
85,30,60,481,1
2630,30,60,481,0
11949,30,60,481,0
19456,30,60,481,0
88,23,79,221,1
2313,23,79,221,0
3694,23,79,221,1
16634,23,79,221,1
90,30,50,472,1
8705,30,50,472,1
10508,30,50,472,1
20261,30,50,472,1
92,26,67,323,1
6120,26,67,323,0
12672,26,67,323,0
20573,26,67,323,1
96,29,52,434,1
8417,29,52,434,1
13302,29,52,434,1
15929,29,52,434,1
99,36,28,731,1
2088,36,28,731,1
7590,36,28,731,0
13501,36,28,731,1
101,31,54,516,1
13432,31,54,516,1
14187,31,54,516,1
19056,31,54,516,1
108,52,9,1267,0
4687,52,9,1267,1
11832,52,9,1267,0
17798,52,9,1267,0
109,49,90,1213,0
1197,49,90,1213,1
7175,49,90,1213,0
14082,49,90,1213,0
110,65,56,1501,0
747,65,56,1501,1
6778,65,56,1501,0
17613,65,56,1501,1
116,26,63,321,1
7944,26,63,321,1
9773,26,63,321,1
17268,26,63,321,0
118,55,60,1362,0
6039,55,60,1362,0
8116,55,60,1362,1
20268,55,60,1362,0
122,25,53,274,1
5649,25,53,274,1
8117,25,53,274,1
10165,25,53,274,1
139,44,33,1031,1
2829,44,33,1031,0
15552,44,33,1031,0
18493,44,33,1031,0
142,23,67,209,1
2494,23,67,209,1
5564,23,67,209,0
10973,23,67,209,0
144,39,51,876,1
4769,39,51,876,1
7928,39,51,876,1
15817,39,51,876,1
145,26,69,325,0
1673,26,69,325,0
10107,26,69,325,1
12047,26,69,325,0
146,23,62,204,1
3392,23,62,204,0
6561,23,62,204,1
14685,23,62,204,0
151,26,50,308,1
1394,26,50,308,1
17225,26,50,308,1
19226,26,50,308,1
157,23,51,193,1
7760,23,51,193,1
13908,23,51,193,1
15399,23,51,193,1
158,37,52,796,0
8625,37,52,796,1
14786,37,52,796,1
20294,37,52,796,1
170,31,42,504,1
3828,31,42,504,1
12724,31,42,504,1
17528,31,42,504,1
173,29,60,439,1
8532,29,60,439,1
16454,29,60,439,1
16653,29,60,439,1
175,23,47,189,1
8450,23,47,189,1
15519,23,47,189,1
19598,23,47,189,1
185,33,51,607,1
2565,33,51,607,1
14414,33,51,607,1
16801,33,51,607,1
186,68,59,1523,0
462,68,59,1523,0
10820,68,59,1523,0
12972,68,59,1523,1
189,31,24,495,0
3910,31,24,495,0
8080,31,24,495,0
13982,31,24,495,1
19604,31,24,495,0
193,24,65,247,1
5400,24,65,247,1
11906,24,65,247,1
18963,24,65,247,0
198,43,93,1023,1
3640,43,93,1023,0
4219,43,93,1023,0
11565,43,93,1023,0
199,47,85,1146,1
9462,47,85,1146,0
18045,47,85,1146,0
19637,47,85,1146,0
206,32,44,554,0
2638,32,44,554,1
16903,32,44,554,1
19793,32,44,554,0
209,33,38,595,0
1886,33,38,595,1
12579,33,38,595,0
16032,33,38,595,1
211,46,23,1093,0
243,46,23,1093,0
10045,46,23,1093,0
13365,46,23,1093,1
221,55,94,1377,1
2702,55,94,1377,0
8519,55,94,1377,0
10526,55,94,1377,0
223,73,71,1576,1
2799,73,71,1576,0
4988,73,71,1576,0
16896,73,71,1576,0
224,42,34,968,0
3119,42,34,968,1
8174,42,34,968,0
18372,42,34,968,1
226,22,73,173,0
2695,22,73,173,1
6819,22,73,173,1
12211,22,73,173,0
228,22,83,183,1
7377,22,83,183,0
18808,22,83,183,1
20375,22,83,183,0
229,40,46,912,0
3139,40,46,912,0
3942,40,46,912,1
20308,40,46,912,1
236,75,69,1605,0
8610,75,69,1605,0
14926,75,69,1605,1
15606,75,69,1605,0
237,21,58,121,1
4517,21,58,121,1
14284,21,58,121,0
15967,21,58,121,1
241,78,61,1630,1
5899,78,61,1630,0
14398,78,61,1630,0
18996,78,61,1630,0
242,36,38,739,1
16898,36,38,739,1
18014,36,38,739,0
18455,36,38,739,0
245,74,62,1584,0
4300,74,62,1584,1
10006,74,62,1584,1
12237,74,62,1584,0
247,36,68,759,0
5280,36,68,759,0
5508,36,68,759,0
15096,36,68,759,1
250,21,46,112,0
4358,21,46,112,1
10532,21,46,112,1
15989,21,46,112,1
251,35,41,699,1
4003,35,41,699,1
10756,35,41,699,1
17146,35,41,699,1
252,44,29,1030,0
10750,44,29,1030,0
13539,44,29,1030,0
16043,44,29,1030,1
268,24,67,249,0
6026,24,67,249,0
14146,24,67,249,0
19309,24,67,249,1
271,26,39,299,1
18561,26,39,299,1
18776,26,39,299,0
19182,26,39,299,0
283,60,95,1474,1
1827,60,95,1474,0
4363,60,95,1474,0
8965,60,95,1474,0
285,46,47,1104,0
4556,46,47,1104,1
7652,46,47,1104,1
18756,46,47,1104,1
288,41,54,948,1
4127,41,54,948,1
17177,41,54,948,0
19938,41,54,948,1
297,73,83,1577,1
14547,73,83,1577,0
16877,73,83,1577,0
19520,73,83,1577,0
298,30,33,457,0
1966,30,33,457,1
8899,30,33,457,1
18768,30,33,457,1
299,39,49,874,1
3320,39,49,874,1
3504,39,49,874,1
15611,39,49,874,1
305,54,75,1339,0
9745,54,75,1339,0
15514,54,75,1339,1
20211,54,75,1339,0
306,87,115,1645,0
726,87,115,1645,0
7695,87,115,1645,0
12583,87,115,1645,1
307,28,48,389,1
3454,28,48,389,1
7855,28,48,389,1
19631,28,48,389,1
312,22,82,182,1
1462,22,82,182,1
14472,22,82,182,1
20548,22,82,182,1
313,42,79,991,1
6323,42,79,991,0
7369,42,79,991,0
16000,42,79,991,0
314,36,32,733,1
12837,36,32,733,1
13233,36,32,733,0
16794,36,32,733,0
320,31,58,520,1
2020,31,58,520,1
10341,31,58,520,1
19008,31,58,520,1
327,33,57,613,0
6212,33,57,613,0
11077,33,57,613,1
19075,33,57,613,0
329,53,49,1296,1
1777,53,49,1296,1
4746,53,49,1296,1
7139,53,49,1296,0
330,45,35,1064,0
906,45,35,1064,1
15075,45,35,1064,0
18129,45,35,1064,1
333,68,54,1520,0
973,68,54,1520,1
1493,68,54,1520,0
14972,68,54,1520,1
335,22,45,147,1
5676,22,45,147,0
11312,22,45,147,1
11701,22,45,147,1
339,40,54,920,1
7689,40,54,920,1
13649,40,54,920,1
17974,40,54,920,0
341,36,53,753,0
1652,36,53,753,1
14145,36,53,753,0
17428,36,53,753,0
347,75,63,1600,0
8829,75,63,1600,0
16312,75,63,1600,0
18821,75,63,1600,1
350,21,76,137,1
1371,21,76,137,1
4298,21,76,137,1
17726,21,76,137,1
356,52,50,1276,1
419,52,50,1276,1
10410,52,50,1276,1
19761,52,50,1276,1
365,56,88,1404,1
635,56,88,1404,0
943,56,88,1404,1
2230,56,88,1404,0
366,70,79,1547,0
5858,70,79,1547,1
14217,70,79,1547,0
20328,70,79,1547,0
367,46,16,1090,0
4087,46,16,1090,1
10366,46,16,1090,0
20043,46,16,1090,0
369,34,70,672,1
8150,34,70,672,1
16730,34,70,672,1
18134,34,70,672,1
377,51,57,1255,1
5933,51,57,1255,0
15159,51,57,1255,1
20157,51,57,1255,0
386,26,43,301,1
4826,26,43,301,0
6565,26,43,301,1
19527,26,43,301,1
19580,26,43,301,1
390,37,36,782,0
9170,37,36,782,1
10455,37,36,782,1
17552,37,36,782,0
392,31,26,496,0
13788,31,26,496,0
15529,31,26,496,1
16034,31,26,496,0
394,21,45,111,0
436,21,45,111,0
14753,21,45,111,1
16489,21,45,111,0
395,35,31,689,1
16048,35,31,689,1
16070,35,31,689,1
17114,35,31,689,1
403,24,76,258,1
10404,24,76,258,1
15262,24,76,258,1
16854,24,76,258,0
409,48,63,1178,0
2115,48,63,1178,0
6996,48,63,1178,1
19945,48,63,1178,1
410,69,65,1534,1
1716,69,65,1534,0
8342,69,65,1534,1
14045,69,65,1534,0
414,27,72,373,0
11393,27,72,373,1
16147,27,72,373,0
17018,27,72,373,1
423,46,50,1106,0
3680,46,50,1106,1
10020,46,50,1106,0
10327,46,50,1106,0
424,25,59,280,1
11252,25,59,280,1
15284,25,59,280,1
18086,25,59,280,1
430,43,24,994,1
3246,43,24,994,0
5169,43,24,994,0
8360,43,24,994,0
432,20,75,101,1
17332,20,75,101,1
17772,20,75,101,1
20572,20,75,101,0
437,42,29,966,0
5586,42,29,966,1
12167,42,29,966,1
16887,42,29,966,0
442,54,90,1342,1
4458,54,90,1342,1
4886,54,90,1342,1
13087,54,90,1342,1
443,35,69,722,1
12919,35,69,722,1
18521,35,69,722,0
20166,35,69,722,0
447,29,46,428,1
1691,29,46,428,1
1900,29,46,428,1
5717,29,46,428,1
450,58,76,1441,0
2750,58,76,1441,0
16422,58,76,1441,0
16901,58,76,1441,1
451,50,48,1226,1
4376,50,48,1226,0
9956,50,48,1226,1
20465,50,48,1226,1
452,55,66,1365,1
6283,55,66,1365,1
16997,55,66,1365,0
18295,55,66,1365,0
453,33,25,584,1
1845,33,25,584,1
3524,33,25,584,0
17622,33,25,584,0
456,16,82,40,1
3940,16,82,40,1
8479,16,82,40,1
16586,16,82,40,1
458,32,31,541,1
15904,32,31,541,1
18067,32,31,541,1
19454,32,31,541,0
467,18,71,56,0
3542,18,71,56,1
14315,18,71,56,0
20730,18,71,56,0
468,25,93,296,0
4577,25,93,296,1
8456,25,93,296,0
14868,25,93,296,0
470,29,51,433,1
5056,29,51,433,1
12559,29,51,433,1
12996,29,51,433,1
475,53,76,1311,0
9752,53,76,1311,1
14490,53,76,1311,0
18540,53,76,1311,0
478,37,68,802,1
6143,37,68,802,0
12149,37,68,802,0
19251,37,68,802,0
479,20,53,88,0
2242,20,53,88,0
4244,20,53,88,0
15292,20,53,88,1
17653,20,53,88,1
18058,20,53,88,1
19007,20,53,88,0
19433,20,53,88,1
481,38,47,832,0
10146,38,47,832,1
19872,38,47,832,0
20401,38,47,832,0
487,43,50,1009,1
12552,43,50,1009,0
18611,43,50,1009,0
19713,43,50,1009,0
489,22,48,150,1
2170,22,48,150,0
14776,22,48,150,1
17995,22,48,150,1
490,34,42,647,0
5920,34,42,647,0
13038,34,42,647,1
14718,34,42,647,0
494,42,36,970,1
4718,42,36,970,0
5132,42,36,970,0
6384,42,36,970,0
496,42,56,982,0
2754,42,56,982,0
5128,42,56,982,0
8497,42,56,982,1
501,34,33,638,1
1852,34,33,638,1
2626,34,33,638,1
7718,34,33,638,1
503,26,61,319,1
4843,26,61,319,1
11303,26,61,319,1
14504,26,61,319,1
507,46,34,1098,0
9100,46,34,1098,0
12022,46,34,1098,1
13975,46,34,1098,1
509,13,71,18,0
5961,13,71,18,0
12708,13,71,18,0
16547,13,71,18,1
515,75,71,1606,0
930,75,71,1606,0
4004,75,71,1606,1
17959,75,71,1606,0
522,48,20,1156,0
8403,48,20,1156,1
11358,48,20,1156,0
20222,48,20,1156,0
523,23,59,201,1
9693,23,59,201,1
11454,23,59,201,1
13906,23,59,201,1
527,43,69,1018,0
817,43,69,1018,0
4029,43,69,1018,0
16259,43,69,1018,1
528,38,105,855,0
1992,38,105,855,1
5008,38,105,855,0
12935,38,105,855,0
529,48,44,1165,1
549,48,44,1165,1
11128,48,44,1165,1
16867,48,44,1165,1
534,19,74,74,0
4470,19,74,74,1
10910,19,74,74,0
17906,19,74,74,1
536,48,59,1176,0
12428,48,59,1176,1
13041,48,59,1176,0
16667,48,59,1176,1
542,48,25,1160,0
714,48,25,1160,0
3206,48,25,1160,1
8079,48,25,1160,0
543,35,74,726,0
10798,35,74,726,0
11525,35,74,726,1
16552,35,74,726,0
544,37,53,797,1
16240,37,53,797,0
19170,37,53,797,0
19941,37,53,797,0
547,38,18,814,0
4979,38,18,814,0
16439,38,18,814,0
20313,38,18,814,1
548,56,18,1381,0
1104,56,18,1381,0
11019,56,18,1381,1
13282,56,18,1381,0
556,70,90,1549,0
2317,70,90,1549,0
2835,70,90,1549,0
9213,70,90,1549,1
558,23,44,186,1
2682,23,44,186,1
13525,23,44,186,1
17367,23,44,186,1
562,73,60,1569,0
8849,73,60,1569,0
14403,73,60,1569,1
14514,73,60,1569,0
563,62,91,1488,0
1785,62,91,1488,0
5980,62,91,1488,0
14658,62,91,1488,1
564,21,64,127,1
2935,21,64,127,1
14916,21,64,127,1
20034,21,64,127,1
571,27,47,349,1
693,27,47,349,1
2288,27,47,349,1
20718,27,47,349,1
574,73,61,1570,1
8028,73,61,1570,0
18854,73,61,1570,1
19960,73,61,1570,0
583,39,61,885,0
10116,39,61,885,1
16831,39,61,885,0
18640,39,61,885,1
584,76,65,1612,1
6936,76,65,1612,0
12180,76,65,1612,0
18567,76,65,1612,0
585,37,42,788,1
16180,37,42,788,0
16369,37,42,788,0
20203,37,42,788,0
586,55,93,1376,0
697,55,93,1376,0
2650,55,93,1376,0
6209,55,93,1376,1
592,51,50,1252,1
12757,51,50,1252,1
19057,51,50,1252,1
19803,51,50,1252,1
596,28,66,403,1
2887,28,66,403,1
7190,28,66,403,0
17024,28,66,403,0
604,47,53,1137,0
1312,47,53,1137,1
4125,47,53,1137,0
15430,47,53,1137,1
605,54,62,1334,0
17033,54,62,1334,0
17251,54,62,1334,1
19122,54,62,1334,0
607,29,43,425,1
1097,29,43,425,1
8930,29,43,425,1
17955,29,43,425,1
608,31,52,514,1
5637,31,52,514,1
15266,31,52,514,1
20007,31,52,514,1
616,37,34,780,1
3510,37,34,780,1
17831,37,34,780,1
18991,37,34,780,1
617,54,89,1341,1
2890,54,89,1341,1
13103,54,89,1341,1
13606,54,89,1341,1
632,34,32,637,1
5536,34,32,637,1
12954,34,32,637,1
17159,34,32,637,1
638,63,55,1491,0
1153,63,55,1491,1
15112,63,55,1491,0
17885,63,55,1491,0
640,32,55,564,1
2128,32,55,564,1
3880,32,55,564,1
9069,32,55,564,1
644,45,48,1069,1
5632,45,48,1069,1
13368,45,48,1069,1
20402,45,48,1069,1
646,50,47,1225,0
808,50,47,1225,1
1614,50,47,1225,0
7741,50,47,1225,0
647,26,74,330,1
14112,26,74,330,1
18339,26,74,330,0
19778,26,74,330,1
648,29,59,438,1
2930,29,59,438,1
12595,29,59,438,1
19333,29,59,438,1
650,36,34,735,1
16885,36,34,735,1
18781,36,34,735,1
19837,36,34,735,1
651,42,53,979,0
8537,42,53,979,1
18025,42,53,979,1
19014,42,53,979,1
652,23,61,203,0
2960,23,61,203,0
15387,23,61,203,1
19356,23,61,203,1
653,48,47,1168,1
12867,48,47,1168,1
14796,48,47,1168,1
20654,48,47,1168,1
655,44,50,1040,0
3365,44,50,1040,0
5880,44,50,1040,0
16934,44,50,1040,1
659,41,60,952,1
11717,41,60,952,0
17938,41,60,952,0
19092,41,60,952,0
660,21,74,135,1
3936,21,74,135,1
8817,21,74,135,1
12743,21,74,135,1
662,44,27,1028,1
5778,44,27,1028,1
12502,44,27,1028,0
16640,44,27,1028,0
667,51,19,1245,0
8835,51,19,1245,0
13535,51,19,1245,1
18360,51,19,1245,1
670,48,11,1151,0
11391,48,11,1151,1
12282,48,11,1151,0
12296,48,11,1151,0
16474,48,11,1151,0
673,42,76,988,0
2822,42,76,988,1
6603,42,76,988,0
8919,42,76,988,0
678,32,58,567,1
734,32,58,567,1
1444,32,58,567,0
12880,32,58,567,1
679,39,52,877,0
16285,39,52,877,1
17296,39,52,877,1
18783,39,52,877,1
683,30,79,491,0
10666,30,79,491,0
12263,30,79,491,0
17384,30,79,491,1
685,49,12,1186,0
10329,49,12,1186,0
12721,49,12,1186,0
18485,49,12,1186,1
687,27,57,359,1
10830,27,57,359,1
14595,27,57,359,0
15125,27,57,359,1
689,79,77,1633,1
11830,79,77,1633,0
16812,79,77,1633,0
20208,79,77,1633,0
690,74,65,1587,0
2172,74,65,1587,1
8104,74,65,1587,0
18828,74,65,1587,1
691,60,56,1469,0
6521,60,56,1469,0
17231,60,56,1469,1
18043,60,56,1469,0
694,69,58,1532,1
2410,69,58,1532,0
9509,69,58,1532,1
20205,69,58,1532,1
695,31,53,515,1
3956,31,53,515,1
20381,31,53,515,0
20501,31,53,515,1
696,23,48,190,1
4953,23,48,190,1
12665,23,48,190,1
20254,23,48,190,1
709,23,74,216,1
4086,23,74,216,1
7952,23,74,216,1
19490,23,74,216,0
710,36,49,749,0
1156,36,49,749,0
7905,36,49,749,0
18805,36,49,749,1
713,29,53,435,1
13561,29,53,435,1
15968,29,53,435,1
18384,29,53,435,1
716,46,56,1111,1
7359,46,56,1111,1
16403,46,56,1111,1
19989,46,56,1111,0
721,44,100,1056,0
3027,44,100,1056,0
4115,44,100,1056,1
7537,44,100,1056,0
723,30,37,459,1
2621,30,37,459,1
17373,30,37,459,1
19638,30,37,459,1
724,49,45,1193,1
1251,49,45,1193,1
1703,49,45,1193,0
2698,49,45,1193,0
725,19,68,68,0
2900,19,68,68,1
5901,19,68,68,0
11734,19,68,68,1
735,27,43,345,1
2027,27,43,345,1
4431,27,43,345,1
13192,27,43,345,1
737,27,70,371,1
4208,27,70,371,1
4759,27,70,371,1
6816,27,70,371,0
742,31,59,521,0
4649,31,59,521,0
7468,31,59,521,0
17868,31,59,521,1
752,47,56,1140,1
10952,47,56,1140,1
12630,47,56,1140,1
17294,47,56,1140,0
754,80,111,1638,1
3151,80,111,1638,0
5670,80,111,1638,0
16510,80,111,1638,0
755,68,93,1528,0
2383,68,93,1528,1
10694,68,93,1528,0
14047,68,93,1528,0
761,29,32,419,1
2189,29,32,419,0
4297,29,32,419,0
7199,29,32,419,0
762,47,70,1143,0
2150,47,70,1143,0
8683,47,70,1143,1
12961,47,70,1143,0
763,24,59,241,1
16392,24,59,241,1
18041,24,59,241,1
18388,24,59,241,1
764,39,53,878,1
5817,39,53,878,0
15571,39,53,878,0
19742,39,53,878,0
766,69,66,1535,0
6077,69,66,1535,0
7903,69,66,1535,1
19377,69,66,1535,0
768,57,55,1413,0
3248,57,55,1413,1
8363,57,55,1413,0
14967,57,55,1413,0
774,35,43,701,1
9609,35,43,701,0
9864,35,43,701,1
19589,35,43,701,0
775,59,96,1460,1
2431,59,96,1460,0
2441,59,96,1460,0
7474,59,96,1460,0
776,60,55,1468,1
9561,60,55,1468,1
11348,60,55,1468,1
19276,60,55,1468,1
782,53,57,1303,0
5361,53,57,1303,0
8938,53,57,1303,0
13279,53,57,1303,1
787,43,34,1001,0
2569,43,34,1001,1
2845,43,34,1001,0
12059,43,34,1001,0
789,38,46,831,0
1986,38,46,831,0
3240,38,46,831,0
10408,38,46,831,1
790,37,27,775,0
1052,37,27,775,0
2221,37,27,775,0
8362,37,27,775,1
792,54,57,1331,1
3107,54,57,1331,1
5087,54,57,1331,0
17510,54,57,1331,0
799,17,80,48,1
2111,17,80,48,0
2977,17,80,48,1
4320,17,80,48,0
800,36,73,764,1
3628,36,73,764,1
8909,36,73,764,0
12604,36,73,764,1
804,28,73,410,1
9526,28,73,410,1
15488,28,73,410,0
19189,28,73,410,0
805,56,49,1382,1
15573,56,49,1382,1
806,32,28,539,0
11524,32,28,539,0
17502,32,28,539,1
20267,32,28,539,0
813,41,34,937,0
3183,41,34,937,1
4775,41,34,937,0
12554,41,34,937,0
816,76,57,1609,1
6567,76,57,1609,0
17538,76,57,1609,1
18368,76,57,1609,0
820,19,71,71,0
8157,19,71,71,1
10859,19,71,71,0
17265,19,71,71,0
821,58,98,1447,0
1033,58,98,1447,0
3925,58,98,1447,0
11169,58,98,1447,1
825,24,64,246,1
5507,24,64,246,1
10716,24,64,246,0
18289,24,64,246,1
827,52,80,1283,0
12967,52,80,1283,0
19407,52,80,1283,0
20369,52,80,1283,1
829,29,69,448,1
4171,29,69,448,1
12229,29,69,448,0
20087,29,69,448,1
831,34,47,651,1
12587,34,47,651,1
13406,34,47,651,1
14251,34,47,651,1
837,19,70,70,1
6110,19,70,70,0
7657,19,70,70,0
13675,19,70,70,1
849,33,67,622,1
6118,33,67,622,1
6437,33,67,622,1
18532,33,67,622,1
850,38,20,815,0
4224,38,20,815,0
8160,38,20,815,1
15219,38,20,815,0
852,47,88,1147,0
2778,47,88,1147,0
6362,47,88,1147,1
9210,47,88,1147,0
857,35,77,727,0
9961,35,77,727,0
13234,35,77,727,0
16278,35,77,727,1
858,56,60,1392,0
6030,56,60,1392,1
13813,56,60,1392,0
19475,56,60,1392,0
866,24,52,234,1
3296,24,52,234,1
3673,24,52,234,1
17672,24,52,234,1
868,56,69,1401,0
9142,56,69,1401,1
15372,56,69,1401,0
20617,56,69,1401,0
870,45,80,1085,0
4416,45,80,1085,0
5645,45,80,1085,0
11041,45,80,1085,1
872,22,63,165,0
5261,22,63,165,1
13699,22,63,165,0
15356,22,63,165,0
873,76,61,1610,1
1569,76,61,1610,0
17610,76,61,1610,0
19895,76,61,1610,0
874,33,64,619,0
3962,33,64,619,0
12008,33,64,619,1
13411,33,64,619,0
876,39,58,883,0
4287,39,58,883,1
5043,39,58,883,1
6832,39,58,883,0
877,41,79,961,0
7005,41,79,961,0
20364,41,79,961,1
20380,41,79,961,0
880,48,45,1166,1
10888,48,45,1166,1
13440,48,45,1166,1
15844,48,45,1166,0
882,41,76,960,0
1117,41,76,960,1
3264,41,76,960,0
7930,41,76,960,0
883,43,29,999,1
4475,43,29,999,1
10680,43,29,999,0
14851,43,29,999,1
884,27,46,348,1
14827,27,46,348,1
17816,27,46,348,1
19038,27,46,348,1
886,27,61,363,1
6056,27,61,363,1
12964,27,61,363,1
20153,27,61,363,1
887,52,52,1278,1
1995,52,52,1278,0
2826,52,52,1278,0
20045,52,52,1278,0
888,28,90,416,0
5210,28,90,416,1
7354,28,90,416,0
11863,28,90,416,1
891,45,53,1072,0
4666,45,53,1072,1
7609,45,53,1072,1
13033,45,53,1072,0
894,30,69,490,1
9775,30,69,490,0
10265,30,69,490,0
19167,30,69,490,1
902,29,42,424,1
7219,29,42,424,1
16917,29,42,424,1
19120,29,42,424,1
903,50,21,1222,1
8799,50,21,1222,1
14716,50,21,1222,1
19863,50,21,1222,1
909,28,42,383,1
4943,28,42,383,0
10676,28,42,383,0
20641,28,42,383,1
911,76,88,1618,1
6444,76,88,1618,0
6543,76,88,1618,0
13611,76,88,1618,0
918,71,67,1556,0
13638,71,67,1556,0
17837,71,67,1556,1
18546,71,67,1556,1
924,34,39,644,1
5848,34,39,644,1
8411,34,39,644,0
12418,34,39,644,1
926,37,29,776,1
2401,37,29,776,0
14124,37,29,776,0
14356,37,29,776,0
928,42,52,978,1
5116,42,52,978,0
14077,42,52,978,1
15433,42,52,978,1
929,41,27,933,1
1565,41,27,933,0
8200,41,27,933,0
20644,41,27,933,0
931,52,21,1273,1
4225,52,21,1273,0
4456,52,21,1273,1
20093,52,21,1273,0
932,37,97,810,0
1820,37,97,810,1
4927,37,97,810,0
6256,37,97,810,0
936,69,85,1539,1
4386,69,85,1539,0
8384,69,85,1539,1
17978,69,85,1539,1
937,31,63,523,1
3982,31,63,523,0
14814,31,63,523,1
20767,31,63,523,1
940,46,33,1097,0
13483,46,33,1097,0
17284,46,33,1097,1
17597,46,33,1097,0
945,54,49,1323,1
5861,54,49,1323,1
17155,54,49,1323,0
17854,54,49,1323,1
949,78,74,1631,1
7018,78,74,1631,0
8913,78,74,1631,0
20578,78,74,1631,0
955,45,56,1075,1
13612,45,56,1075,1
19546,45,56,1075,0
20469,45,56,1075,1
956,33,81,631,0
14906,33,81,631,1
15458,33,81,631,1
19704,33,81,631,0
959,18,68,53,0
4660,18,68,53,1
9241,18,68,53,0
18750,18,68,53,0
962,45,37,1066,1
12826,45,37,1066,1
15739,45,37,1066,0
17037,45,37,1066,1
964,36,43,744,1
2367,36,43,744,0
9676,36,43,744,0
12751,36,43,744,0
970,41,56,950,1
14893,41,56,950,1
15245,41,56,950,0
15526,41,56,950,0
971,54,48,1322,0
2591,54,48,1322,0
6035,54,48,1322,0
20174,54,48,1322,1
983,54,88,1340,1
8732,54,88,1340,1
10346,54,88,1340,1
10698,54,88,1340,1
984,19,82,82,1
1525,19,82,82,1
7225,19,82,82,0
15375,19,82,82,1
988,30,53,475,1
3711,30,53,475,1
7158,30,53,475,1
18600,30,53,475,1
990,35,35,693,1
9643,35,35,693,1
9830,35,35,693,1
15327,35,35,693,1
994,55,49,1352,0
9886,55,49,1352,0
11745,55,49,1352,1
16121,55,49,1352,1
17305,55,49,1352,1
995,71,64,1554,1
6271,71,64,1554,0
12951,71,64,1554,0
15767,71,64,1554,0
997,48,31,1161,1
2963,48,31,1161,0
9305,48,31,1161,0
16711,48,31,1161,0
998,55,92,1375,0
7715,55,92,1375,0
8135,55,92,1375,1
11389,55,92,1375,0
999,35,34,692,1
10961,35,34,692,1
12508,35,34,692,1
20237,35,34,692,1
1016,17,75,45,0
12872,17,75,45,1
13195,17,75,45,0
20167,17,75,45,0
1023,44,86,1055,0
3904,44,86,1055,0
19698,44,86,1055,0
20743,44,86,1055,1
1034,24,58,240,1
6480,24,58,240,1
10823,24,58,240,1
11926,24,58,240,1
1035,28,35,378,1
1801,28,35,378,1
13963,28,35,378,1
15837,28,35,378,1
1037,24,73,255,0
3213,24,73,255,0
9465,24,73,255,0
16631,24,73,255,1
1039,37,21,770,0
3346,37,21,770,0
16809,37,21,770,0
20556,37,21,770,1
1040,45,27,1059,0
6706,45,27,1059,0
7308,45,27,1059,0
7471,45,27,1059,1
1043,58,61,1433,1
9879,58,61,1433,0
18063,58,61,1433,0
18830,58,61,1433,0
1054,44,67,1048,0
13101,44,67,1048,0
16452,44,67,1048,1
19806,44,67,1048,0
1060,29,78,453,0
3473,29,78,453,0
11796,29,78,453,1
15793,29,78,453,0
1063,29,79,454,0
2573,29,79,454,0
10565,29,79,454,0
18724,29,79,454,1
1064,31,47,509,1
5298,31,47,509,1
14520,31,47,509,1
20011,31,47,509,1
1070,22,71,171,1
3823,22,71,171,1
7236,22,71,171,0
11212,22,71,171,0
1071,28,46,387,1
5656,28,46,387,1
9944,28,46,387,1
11451,28,46,387,1
1074,32,42,552,1
7690,32,42,552,1
8319,32,42,552,1
12649,32,42,552,0
1077,21,83,143,1
7026,21,83,143,1
7478,21,83,143,1
16596,21,83,143,1
1079,23,56,198,1
7375,23,56,198,1
11789,23,56,198,1
18785,23,56,198,1
1090,55,16,1348,1
2085,55,16,1348,1
8696,55,16,1348,0
10476,55,16,1348,1
1091,68,56,1521,1
14243,68,56,1521,0
16179,68,56,1521,0
19529,68,56,1521,0
1093,10,73,6,1
1526,10,73,6,1
10792,10,73,6,0
13538,10,73,6,0
1103,23,53,195,1
4583,23,53,195,1
15500,23,53,195,1
20667,23,53,195,1
1106,19,66,67,0
3961,19,66,67,1
6330,19,66,67,0
10365,19,66,67,0
1115,51,64,1258,0
4926,51,64,1258,1
8631,51,64,1258,0
17128,51,64,1258,1
1118,20,44,84,0
2328,20,44,84,1
5785,20,44,84,0
1123,62,103,1489,0
6255,62,103,1489,1
12953,62,103,1489,0
16725,62,103,1489,0
1125,47,66,1142,0
8848,47,66,1142,0
10777,47,66,1142,0
17148,47,66,1142,1
1128,81,112,1639,1
3118,81,112,1639,0
11704,81,112,1639,0
17848,81,112,1639,0
1133,17,82,50,1
10753,17,82,50,1
11070,17,82,50,1
18202,17,82,50,1
1134,57,52,1410,1
1965,57,52,1410,1
6298,57,52,1410,1
19166,57,52,1410,1
1135,24,63,245,1
3175,24,63,245,1
6503,24,63,245,1
13187,24,63,245,1
1140,39,42,870,1
11156,39,42,870,0
13227,39,42,870,0
14222,39,42,870,0
1142,58,54,1430,1
8124,58,54,1430,1
9369,58,54,1430,1
19577,58,54,1430,1
1144,41,73,957,1
2185,41,73,957,0
13656,41,73,957,1
19611,41,73,957,1
1149,27,54,356,1
3837,27,54,356,1
4291,27,54,356,1
12386,27,54,356,1
1152,57,68,1419,0
6487,57,68,1419,1
13153,57,68,1419,0
20633,57,68,1419,1
1167,16,81,39,1
4451,16,81,39,1
5776,16,81,39,0
6925,16,81,39,1
1171,75,61,1599,1
5390,75,61,1599,0
6312,75,61,1599,0
20571,75,61,1599,0
1175,9,62,3,0
1188,9,62,3,0
2914,9,62,3,1
11993,9,62,3,0
1176,25,57,278,1
9692,25,57,278,1
14850,25,57,278,1
19709,25,57,278,1
1177,47,92,1148,0
3795,47,92,1148,0
10144,47,92,1148,1
12650,47,92,1148,0
1180,33,66,621,1
4590,33,66,621,1
10186,33,66,621,1
20373,33,66,621,1
1182,42,37,971,0
7154,42,37,971,1
9135,42,37,971,0
13441,42,37,971,0
1186,19,45,65,0
8601,19,45,65,1
14759,19,45,65,0
17415,19,45,65,0
1187,21,62,125,1
4380,21,62,125,1
7318,21,62,125,0
10856,21,62,125,1
1189,16,72,37,0
15193,16,72,37,0
16764,16,72,37,0
16824,16,72,37,1
1196,50,75,1238,0
6156,50,75,1238,0
9159,50,75,1238,1
14865,50,75,1238,0
1198,21,79,140,1
2423,21,79,140,0
11718,21,79,140,1
19815,21,79,140,0
1210,56,68,1400,0
1946,56,68,1400,1
4640,56,68,1400,0
5243,56,68,1400,0
1221,28,61,398,1
7830,28,61,398,1
17314,28,61,398,1
20450,28,61,398,1
1222,22,60,162,1
9920,22,60,162,0
15095,22,60,162,0
18795,22,60,162,1
1223,56,17,1380,0
1819,56,17,1380,0
3576,56,17,1380,0
18972,56,17,1380,1
1224,35,53,711,1
7917,35,53,711,1
8438,35,53,711,1
20185,35,53,711,1
1227,58,99,1448,0
1609,58,99,1448,1
2753,58,99,1448,0
12833,58,99,1448,0
1228,44,58,1046,0
5956,44,58,1046,0
16852,44,58,1046,0
19191,44,58,1046,1
1231,36,25,730,1
11123,36,25,730,0
11637,36,25,730,0
16566,36,25,730,1
1238,29,72,451,1
2897,29,72,451,0
9805,29,72,451,0
11005,29,72,451,1
1243,38,76,849,1
11075,38,76,849,0
14096,38,76,849,0
16022,38,76,849,0
1244,31,40,502,1
7599,31,40,502,1
11979,31,40,502,1
14229,31,40,502,1
1247,45,54,1073,1
6371,45,54,1073,0
13686,45,54,1073,0
19963,45,54,1073,1
1250,24,72,254,1
4299,24,72,254,1
7709,24,72,254,1
20721,24,72,254,1
1255,45,28,1060,0
3630,45,28,1060,1
5659,45,28,1060,0
11004,45,28,1060,0
1258,33,53,609,1
2665,33,53,609,1
8029,33,53,609,0
13992,33,53,609,1
1263,29,54,436,1
10197,29,54,436,0
11997,29,54,436,0
13727,29,54,436,0
1264,39,23,859,0
3393,39,23,859,1
9967,39,23,859,0
19350,39,23,859,0
1277,35,47,705,1
6226,35,47,705,1
15507,35,47,705,1
19372,35,47,705,1
1281,56,54,1387,1
6008,56,54,1387,1
12191,56,54,1387,1
12709,56,54,1387,1
1285,72,66,1564,1
5271,72,66,1564,1
11985,72,66,1564,0
12276,72,66,1564,1
1286,26,46,304,1
4426,26,46,304,1
5231,26,46,304,1
13424,26,46,304,1
1287,73,67,1574,1
11196,73,67,1574,1
15905,73,67,1574,1
20229,73,67,1574,1
1289,52,58,1280,0
2979,52,58,1280,1
18623,52,58,1280,0
20466,52,58,1280,0
1293,32,68,576,0
9865,32,68,576,1
11730,32,68,576,1
16599,32,68,576,0
1297,61,87,1482,0
2710,61,87,1482,1
9207,61,87,1482,0
11660,61,87,1482,0
1304,30,30,456,1
4107,30,30,456,0
4137,30,30,456,0
10263,30,30,456,1
1306,22,67,168,1
8168,22,67,168,0
18062,22,67,168,0
19509,22,67,168,0
1308,69,57,1531,1
3674,69,57,1531,1
7456,69,57,1531,0
14218,69,57,1531,0
1314,24,49,231,1
6299,24,49,231,1
13331,24,49,231,1
17560,24,49,231,1
1333,38,48,833,0
7544,38,48,833,1
11114,38,48,833,1
16994,38,48,833,0
1338,55,88,1372,0
6798,55,88,1372,1
7420,55,88,1372,0
9767,55,88,1372,0
1357,19,78,78,1
2608,19,78,78,1
15328,19,78,78,1
17745,19,78,78,1
1360,49,65,1205,0
14160,49,65,1205,0
15444,49,65,1205,1
20558,49,65,1205,0
1364,26,47,305,1
4444,26,47,305,1
9020,26,47,305,1
15681,26,47,305,1
1367,74,76,1593,0
16144,74,76,1593,1
17252,74,76,1593,0
17616,74,76,1593,0
1372,74,66,1588,1
8364,74,66,1588,1
15581,74,66,1588,1
19584,74,66,1588,1
1373,38,101,852,1
8262,38,101,852,0
13154,38,101,852,0
16002,38,101,852,1
1378,44,35,1033,0
7364,44,35,1033,1
8492,44,35,1033,1
16674,44,35,1033,0
1381,33,58,614,0
10025,33,58,614,1
18373,33,58,614,0
20379,33,58,614,0
1384,41,29,935,1
3459,41,29,935,1
11945,41,29,935,1
14452,41,29,935,1
1385,31,69,529,0
4446,31,69,529,1
4659,31,69,529,0
12299,31,69,529,1
1392,51,51,1253,1
14446,51,51,1253,1
16099,51,51,1253,1
18172,51,51,1253,1
1402,13,79,19,0
7122,13,79,19,0
9954,13,79,19,0
19543,13,79,19,1
1404,38,26,819,0
2844,38,26,819,1
4842,38,26,819,0
18573,38,26,819,0
1409,34,61,663,1
2000,34,61,663,0
9173,34,61,663,0
19119,34,61,663,1
1414,48,46,1167,0
11594,48,46,1167,0
11694,48,46,1167,1
12358,48,46,1167,1
1415,77,65,1625,1
6423,77,65,1625,0
12420,77,65,1625,0
18257,77,65,1625,0
1419,73,68,1575,1
5751,73,68,1575,0
8865,73,68,1575,1
9655,73,68,1575,1
1420,56,96,1407,0
1741,56,96,1407,1
3373,56,96,1407,0
8607,56,96,1407,0
1422,31,50,512,1
2652,31,50,512,1
8943,31,50,512,1
11180,31,50,512,1
1430,58,90,1444,0
1645,58,90,1444,0
10701,58,90,1444,0
11605,58,90,1444,1
1437,36,59,758,1
5417,36,59,758,1
7554,36,59,758,1
18922,36,59,758,1
1438,56,52,1385,1
2774,56,52,1385,1
4308,56,52,1385,1
17483,56,52,1385,1
1440,40,22,902,0
10376,40,22,902,0
18266,40,22,902,1
20480,40,22,902,0
1442,41,51,945,0
7487,41,51,945,0
16441,41,51,945,1
19001,41,51,945,1
1449,37,24,772,0
2060,37,24,772,0
13209,37,24,772,0
19017,37,24,772,1
1455,57,54,1412,1
3056,57,54,1412,1
3226,57,54,1412,1
7782,57,54,1412,1
1460,33,48,605,1
7953,33,48,605,0
14058,33,48,605,1
20303,33,48,605,1
1463,49,47,1195,1
1734,49,47,1195,1
11134,49,47,1195,1
20456,49,47,1195,1
1483,54,67,1336,0
4697,54,67,1336,0
12779,54,67,1336,1
16802,54,67,1336,0
1490,65,97,1504,1
8820,65,97,1504,0
11206,65,97,1504,0
13428,65,97,1504,0
1495,58,89,1443,1
1800,58,89,1443,0
6421,58,89,1443,0
14066,58,89,1443,0
1497,58,67,1437,0
6322,58,67,1437,0
12236,58,67,1437,1
17235,58,67,1437,1
1501,38,24,817,0
7736,38,24,817,0
11900,38,24,817,1
14787,38,24,817,0
1503,56,58,1390,0
9733,56,58,1390,0
17880,56,58,1390,0
20200,56,58,1390,1
1506,56,51,1384,1
15135,56,51,1384,1
15639,56,51,1384,1
17471,56,51,1384,1
1507,31,65,525,1
4421,31,65,525,1
14245,31,65,525,1
17323,31,65,525,1
1510,38,73,846,1
5051,38,73,846,0
5233,38,73,846,0
20717,38,73,846,0
1522,54,92,1344,1
5235,54,92,1344,0
10109,54,92,1344,0
11069,54,92,1344,0
1529,64,57,1496,0
4234,64,57,1496,1
14371,64,57,1496,0
20398,64,57,1496,1
1530,74,85,1597,1
5898,74,85,1597,0
18434,74,85,1597,0
19228,74,85,1597,0
1533,74,53,1581,1
15819,74,53,1581,0
16008,74,53,1581,1
17126,74,53,1581,0
1540,39,27,860,1
8223,39,27,860,0
8980,39,27,860,0
12089,39,27,860,0
1557,65,105,1505,0
1684,65,105,1505,0
6133,65,105,1505,1
14015,65,105,1505,1
1560,48,51,1171,1
2861,48,51,1171,1
5862,48,51,1171,1
20543,48,51,1171,0
1561,25,44,265,0
2936,25,44,265,1
14091,25,44,265,1
19230,25,44,265,1
1572,41,25,932,1
7266,41,25,932,0
9458,41,25,932,0
15867,41,25,932,0
1576,59,55,1455,0
4516,59,55,1455,1
9291,59,55,1455,0
10721,59,55,1455,1
1578,15,79,31,0
2640,15,79,31,0
8261,15,79,31,1
20442,15,79,31,0
1582,48,60,1177,1
10513,48,60,1177,0
14986,48,60,1177,1
18345,48,60,1177,0
1583,33,95,632,0
5418,33,95,632,0
6347,33,95,632,1
7987,33,95,632,0
1597,26,62,320,1
11154,26,62,320,1
15404,26,62,320,1
16703,26,62,320,1
1599,48,72,1181,1
8448,48,72,1181,1
12499,48,72,1181,0
18525,48,72,1181,0
1605,29,50,432,1
3291,29,50,432,1
9572,29,50,432,0
11362,29,50,432,1
1607,49,94,1216,0
5892,49,94,1216,0
8452,49,94,1216,1
15357,49,94,1216,0
1612,15,72,29,0
8220,15,72,29,1
9732,15,72,29,0
10621,15,72,29,0
1615,49,46,1194,1
7298,49,46,1194,1
9925,49,46,1194,0
10212,49,46,1194,1
1627,31,37,500,1
7345,31,37,500,1
13451,31,37,500,1
17954,31,37,500,1
1629,25,67,287,0
5530,25,67,287,0
9127,25,67,287,0
19431,25,67,287,1
1640,57,50,1408,1
4466,57,50,1408,1
12206,57,50,1408,1
19581,57,50,1408,1
1647,35,32,690,1
14866,35,32,690,1
15736,35,32,690,1
16735,35,32,690,1
1648,39,67,888,0
5084,39,67,888,0
6990,39,67,888,1
9632,39,67,888,0
1655,74,60,1582,1
2047,74,60,1582,0
6325,74,60,1582,0
10208,74,60,1582,1
1658,34,36,641,1
14582,34,36,641,1
15998,34,36,641,1
16347,34,36,641,1
1661,55,53,1356,1
2444,55,53,1356,1
5989,55,53,1356,1
18958,55,53,1356,1
1666,77,59,1622,0
11778,77,59,1622,0
14748,77,59,1622,1
15535,77,59,1622,0
1672,45,82,1087,0
6792,45,82,1087,0
13267,45,82,1087,0
18994,45,82,1087,1
1676,43,64,1016,0
3316,43,64,1016,1
10462,43,64,1016,0
19147,43,64,1016,1
1677,20,81,105,1
16349,20,81,105,0
17620,20,81,105,0
18183,20,81,105,0
1681,29,68,447,1
13467,29,68,447,0
14349,29,68,447,0
20044,29,68,447,1
1682,57,57,1414,0
2122,57,57,1414,0
3710,57,57,1414,0
7191,57,57,1414,1
1690,33,52,608,1
2130,33,52,608,1
5364,33,52,608,1
5665,33,52,608,1
1695,28,71,408,1
12221,28,71,408,1
19174,28,71,408,1
19759,28,71,408,1
1697,23,64,206,1
8544,23,64,206,1
10215,23,64,206,1
18657,23,64,206,1
1702,38,97,851,1
3653,38,97,851,0
6699,38,97,851,0
14920,38,97,851,0
1706,30,42,464,1
3130,30,42,464,1
18954,30,42,464,1
20418,30,42,464,1
1707,48,88,1184,0
3083,48,88,1184,0
5594,48,88,1184,1
8907,48,88,1184,0
1713,66,85,1516,1
5769,66,85,1516,0
7214,66,85,1516,0
17533,66,85,1516,0
1722,55,79,1369,1
2874,55,79,1369,0
12644,55,79,1369,0
16810,55,79,1369,0
1728,71,56,1552,0
6501,71,56,1552,1
13369,71,56,1552,1
15723,71,56,1552,1
1729,25,74,291,0
2834,25,74,291,1
9711,25,74,291,1
16811,25,74,291,0
1732,33,56,612,0
7964,33,56,612,1
12903,33,56,612,1
18115,33,56,612,1
1751,38,33,823,1
6163,38,33,823,1
16871,38,33,823,1
17315,38,33,823,1
1752,24,51,233,1
2162,24,51,233,1
15249,24,51,233,1
20493,24,51,233,1
1757,47,46,1133,0
3932,47,46,1133,1
12389,47,46,1133,1
20764,47,46,1133,1
1762,28,47,388,1
7138,28,47,388,1
8143,28,47,388,1
19792,28,47,388,1
1766,24,48,230,1
8770,24,48,230,1
13388,24,48,230,0
17216,24,48,230,1
1767,38,79,850,0
3334,38,79,850,0
10576,38,79,850,1
20321,38,79,850,1
1769,27,49,351,1
4009,27,49,351,1
7859,27,49,351,1
7926,27,49,351,1
1770,63,53,1490,0
18323,63,53,1490,1
19926,63,53,1490,1
20111,63,53,1490,0
1771,48,16,1154,1
6835,48,16,1154,0
8264,48,16,1154,0
10475,48,16,1154,1
1772,38,52,837,0
16643,38,52,837,0
17430,38,52,837,0
20581,38,52,837,1
1774,14,79,24,1
14616,14,79,24,0
15376,14,79,24,0
19572,14,79,24,0
1786,15,83,34,0
14250,15,83,34,0
18931,15,83,34,0
19656,15,83,34,1
1795,52,93,1289,0
2296,52,93,1289,0
8629,52,93,1289,1
15360,52,93,1289,0
1798,25,62,283,1
5540,25,62,283,1
12742,25,62,283,1
18641,25,62,283,1
1805,27,37,340,0
6460,27,37,340,1
7082,27,37,340,1
17734,27,37,340,0
1806,34,37,642,0
1888,34,37,642,1
2059,34,37,642,1
7818,34,37,642,0
1817,49,51,1199,1
4050,49,51,1199,1
11294,49,51,1199,1
18878,49,51,1199,0
1824,19,77,77,1
4937,19,77,77,0
8021,19,77,77,1
17301,19,77,77,0
1826,36,71,762,1
13809,36,71,762,1
16172,36,71,762,1
19586,36,71,762,1
1830,45,50,1071,0
10239,45,50,1071,1
14982,45,50,1071,0
15988,45,50,1071,0
1836,36,58,757,1
9960,36,58,757,0
12993,36,58,757,1
18681,36,58,757,1
1837,26,93,338,1
6686,26,93,338,0
13842,26,93,338,0
13967,26,93,338,0
1839,23,73,215,0
11167,23,73,215,1
11663,23,73,215,0
18082,23,73,215,0
1841,38,67,845,0
9998,38,67,845,0
17806,38,67,845,1
20449,38,67,845,0
1855,21,68,131,1
1976,21,68,131,0
6813,21,68,131,0
15429,21,68,131,0
1856,52,92,1288,1
2430,52,92,1288,0
10754,52,92,1288,0
10783,52,92,1288,1
1872,40,39,911,0
6385,40,39,911,1
6770,40,39,911,0
19461,40,39,911,0
1881,10,70,5,0
6395,10,70,5,0
14567,10,70,5,0
15876,10,70,5,1
1884,72,68,1566,1
8750,72,68,1566,1
15269,72,68,1566,0
20363,72,68,1566,0
1889,39,39,869,0
5480,39,39,869,0
18696,39,39,869,1
19609,39,39,869,0
1895,47,24,1126,1
2523,47,24,1126,0
12248,47,24,1126,1
20170,47,24,1126,1
1898,39,35,865,0
12659,39,35,865,1
13613,39,35,865,1
19557,39,35,865,1
1899,60,54,1467,1
5728,60,54,1467,0
13203,60,54,1467,1
14255,60,54,1467,1
1901,49,49,1197,0
2097,49,49,1197,1
7960,49,49,1197,0
14860,49,49,1197,1
1911,20,74,100,1
4157,20,74,100,0
12926,20,74,100,1
17350,20,74,100,1
1912,27,81,375,0
3366,27,81,375,1
13414,27,81,375,1
13640,27,81,375,1
1915,35,63,718,1
12952,35,63,718,0
14781,35,63,718,0
19526,35,63,718,0
1918,22,50,152,1
7678,22,50,152,1
9818,22,50,152,1
12226,22,50,152,0
1919,77,75,1626,0
2594,77,75,1626,0
17983,77,75,1626,0
19551,77,75,1626,1
1921,28,29,377,1
2057,28,29,377,0
7923,28,29,377,0
8454,28,29,377,0
1925,46,36,1100,0
6338,46,36,1100,0
19684,46,36,1100,0
20745,46,36,1100,1
1926,13,70,17,0
14915,13,70,17,0
17656,13,70,17,1
18342,13,70,17,1
1928,30,68,489,0
18874,30,68,489,0
19768,30,68,489,0
19977,30,68,489,1
1932,32,47,556,1
12114,32,47,556,1
15090,32,47,556,1
17989,32,47,556,1
1937,71,58,1553,0
10200,71,58,1553,1
10440,71,58,1553,1
15642,71,58,1553,1
1944,24,77,259,1
7067,24,77,259,1
19923,24,77,259,1
19931,24,77,259,1
1954,37,33,779,1
3634,37,33,779,1
9178,37,33,779,1
9405,37,33,779,1
1958,20,45,85,1
12770,20,45,85,0
17693,20,45,85,1
17780,20,45,85,1
1961,54,94,1345,0
6804,54,94,1345,0
7438,54,94,1345,0
13375,54,94,1345,1
1963,25,66,286,0
6657,25,66,286,0
8760,25,66,286,1
10363,25,66,286,0
1967,53,52,1299,1
3198,53,52,1299,1
4526,53,52,1299,0
11313,53,52,1299,0
1968,25,54,275,1
14784,25,54,275,1
17601,25,54,275,1
19516,25,54,275,1
1970,44,38,1035,0
2556,44,38,1035,1
5214,44,38,1035,0
12917,44,38,1035,0
1973,25,49,270,1
6558,25,49,270,1
10483,25,49,270,1
17997,25,49,270,1
1979,37,47,791,1
14656,37,47,791,1
18745,37,47,791,1
19009,37,47,791,0
1985,73,118,1579,0
11033,73,118,1579,0
15172,73,118,1579,1
17026,73,118,1579,0
1989,37,23,771,1
6993,37,23,771,0
10463,37,23,771,1
17825,37,23,771,0
1993,47,49,1136,0
3223,47,49,1136,0
13230,47,49,1136,1
18136,47,49,1136,0
1994,40,47,913,1
2554,40,47,913,0
5797,40,47,913,1
19365,40,47,913,0
1998,33,43,600,0
8118,33,43,600,1
14365,33,43,600,0
20265,33,43,600,0
1999,12,68,13,0
4305,12,68,13,0
15512,12,68,13,0
16844,12,68,13,1
2001,27,69,370,1
8917,27,69,370,0
13228,27,69,370,0
20161,27,69,370,1
2007,48,55,1175,1
3403,48,55,1175,0
4181,48,55,1175,0
10351,48,55,1175,1
2019,26,60,318,1
4204,26,60,318,1
12970,26,60,318,1
20347,26,60,318,1
2024,49,70,1207,1
11110,49,70,1207,1
13139,49,70,1207,0
19982,49,70,1207,1
2028,20,83,107,1
7469,20,83,107,1
18615,20,83,107,0
19280,20,83,107,1
2030,36,50,750,1
5579,36,50,750,1
7849,36,50,750,0
9734,36,50,750,0
2032,43,80,1022,0
7617,43,80,1022,0
8520,43,80,1022,1
14266,43,80,1022,0
2035,22,55,157,0
16906,22,55,157,1
17472,22,55,157,1
18061,22,55,157,0
2037,69,63,1533,0
7137,69,63,1533,0
18968,69,63,1533,1
19505,69,63,1533,0
2038,55,89,1373,1
5841,55,89,1373,0
11662,55,89,1373,0
11839,55,89,1373,0
2045,39,33,863,1
2142,39,33,863,0
2540,39,33,863,0
3357,39,33,863,0
2046,57,72,1421,0
8186,57,72,1421,1
13314,57,72,1421,0
18762,57,72,1421,0
2051,35,54,712,1
18314,35,54,712,1
18625,35,54,712,0
20088,35,54,712,0
2056,27,58,360,1
3101,27,58,360,1
5616,27,58,360,1
11231,27,58,360,1
2061,41,48,942,1
3155,41,48,942,1
15554,41,48,942,0
19067,41,48,942,0
2062,34,45,649,1
5704,34,45,649,1
12992,34,45,649,1
20565,34,45,649,1
2063,23,83,223,1
2978,23,83,223,1
18835,23,83,223,0
20130,23,83,223,0
2069,49,52,1200,1
8237,49,52,1200,1
8841,49,52,1200,0
13634,49,52,1200,1
2075,32,60,569,1
10534,32,60,569,1
10929,32,60,569,1
11370,32,60,569,1
2084,63,65,1492,1
7193,63,65,1492,1
14412,63,65,1492,1
16086,63,65,1492,1
2089,38,74,847,1
7237,38,74,847,1
14524,38,74,847,1
16610,38,74,847,1
2090,28,41,382,0
13524,28,41,382,1
14059,28,41,382,1
19603,28,41,382,0
2092,76,55,1608,0
4275,76,55,1608,1
5619,76,55,1608,0
12866,76,55,1608,0
2094,21,67,130,1
3075,21,67,130,0
10225,21,67,130,0
12145,21,67,130,1
2098,36,35,736,0
3383,36,35,736,0
6037,36,35,736,1
15469,36,35,736,1
2104,40,70,926,0
4800,40,70,926,0
14375,40,70,926,0
17636,40,70,926,1
2105,49,18,1187,0
5557,49,18,1187,1
16416,49,18,1187,0
17308,49,18,1187,0
2107,55,67,1366,1
9938,55,67,1366,1
13166,55,67,1366,1
20464,55,67,1366,1
2110,26,80,335,1
12997,26,80,335,1
14971,26,80,335,0
18379,26,80,335,1
2112,57,70,1420,0
3147,57,70,1420,0
6849,57,70,1420,1
10780,57,70,1420,0
2113,24,57,239,1
4930,24,57,239,1
10247,24,57,239,1
14641,24,57,239,1
2120,37,51,795,1
7333,37,51,795,1
8276,37,51,795,1
18999,37,51,795,1
2124,35,33,691,1
8266,35,33,691,1
12394,35,33,691,1
19590,35,33,691,1
2131,69,82,1537,0
4056,69,82,1537,0
14743,69,82,1537,0
18670,69,82,1537,1
2134,24,84,263,0
3735,24,84,263,1
7631,24,84,263,0
12054,24,84,263,0
2136,55,50,1353,1
4361,55,50,1353,1
11917,55,50,1353,1
18249,55,50,1353,1
2137,27,65,367,1
2661,27,65,367,1
13646,27,65,367,0
14322,27,65,367,1
2143,55,9,1347,1
2384,55,9,1347,0
6639,55,9,1347,0
18844,55,9,1347,0
2148,20,73,99,1
4633,20,73,99,1
19432,20,73,99,1
20759,20,73,99,1
2156,32,49,558,1
10095,32,49,558,0
12574,32,49,558,1
16837,32,49,558,0
2168,56,91,1406,0
3785,56,91,1406,0
4727,56,91,1406,0
7390,56,91,1406,1
2173,54,68,1337,0
6017,54,68,1337,1
7450,54,68,1337,0
15662,54,68,1337,0
2178,48,54,1174,0
16513,48,54,1174,0
19873,48,54,1174,1
19958,48,54,1174,0
2179,38,50,835,1
7232,38,50,835,1
16124,38,50,835,1
16778,38,50,835,1
2187,21,70,132,1
2649,21,70,132,1
5303,21,70,132,0
7445,21,70,132,0
2188,43,78,1020,1
3308,43,78,1020,0
9656,43,78,1020,0
19888,43,78,1020,1
2190,74,61,1583,0
2203,74,61,1583,1
15161,74,61,1583,0
17102,74,61,1583,0
2198,45,49,1070,0
9545,45,49,1070,0
12887,45,49,1070,1
18101,45,49,1070,0
2199,44,49,1039,1
4990,44,49,1039,0
6715,44,49,1039,1
10634,44,49,1039,1
2200,33,61,616,1
2253,33,61,616,1
7788,33,61,616,1
8001,33,61,616,1
2201,51,88,1264,1
2999,51,88,1264,0
4318,51,88,1264,0
13770,51,88,1264,0
2208,48,15,1153,0
6025,48,15,1153,0
10938,48,15,1153,0
19134,48,15,1153,1
2212,32,66,574,1
4342,32,66,574,0
7723,32,66,574,1
14312,32,66,574,1
2216,66,57,1508,1
3841,66,57,1508,0
6637,66,57,1508,0
8823,66,57,1508,0
2227,51,59,1257,0
7303,51,59,1257,0
16597,51,59,1257,0
20727,51,59,1257,1
2228,46,55,1110,0
7638,46,55,1110,1
8847,46,55,1110,1
12402,46,55,1110,1
2231,33,34,591,1
8469,33,34,591,1
12847,33,34,591,1
17549,33,34,591,1
2241,24,61,243,1
4236,24,61,243,1
8463,24,61,243,1
15471,24,61,243,1
2246,50,92,1240,0
5553,50,92,1240,0
11885,50,92,1240,0
13850,50,92,1240,1
2248,41,30,936,0
11179,41,30,936,1
13949,41,30,936,0
14248,41,30,936,0
2260,25,60,281,1
7872,25,60,281,1
16838,25,60,281,1
19117,25,60,281,1
2263,25,56,277,1
6081,25,56,277,1
7684,25,56,277,1
13210,25,56,277,1
2264,46,75,1115,0
13911,46,75,1115,0
14821,46,75,1115,0
15309,46,75,1115,1
2270,19,75,75,0
15231,19,75,75,1
17743,19,75,75,0
18529,19,75,75,0
2274,37,45,790,1
4964,37,45,790,1
5803,37,45,790,1
12078,37,45,790,1
2281,40,50,916,0
10192,40,50,916,1
15982,40,50,916,1
19514,40,50,916,1
2283,46,17,1091,1
6128,46,17,1091,0
18742,46,17,1091,0
18763,46,17,1091,0
2285,56,59,1391,1
4680,56,59,1391,0
5596,56,59,1391,1
6471,56,59,1391,0
2287,40,56,922,1
3439,40,56,922,0
9115,40,56,922,0
9399,40,56,922,1
2293,60,51,1464,1
3960,60,51,1464,1
5969,60,51,1464,0
18689,60,51,1464,1
20279,60,51,1464,1
2294,58,95,1446,0
7321,58,95,1446,0
7441,58,95,1446,1
9103,58,95,1446,0
2295,6,79,1,1
5709,6,79,1,0
15827,6,79,1,0
16230,6,79,1,0
2297,30,41,463,1
11484,30,41,463,1
15613,30,41,463,1
19051,30,41,463,1
2299,34,26,634,0
3290,34,26,634,1
14942,34,26,634,0
18277,34,26,634,1
2300,28,64,401,1
9704,28,64,401,1
16401,28,64,401,0
20675,28,64,401,1
2306,39,76,894,0
12670,39,76,894,0
15185,39,76,894,0
20357,39,76,894,1
2309,46,37,1101,1
8006,46,37,1101,0
8461,46,37,1101,1
19773,46,37,1101,1
2312,43,49,1008,1
16930,43,49,1008,1
20474,43,49,1008,1
20608,43,49,1008,1
2314,45,55,1074,1
7239,45,55,1074,1
15405,45,55,1074,0
16970,45,55,1074,1
2316,39,97,899,0
4333,39,97,899,1
5964,39,97,899,0
11447,39,97,899,0
2329,49,22,1191,0
16500,49,22,1191,0
17763,49,22,1191,1
18427,49,22,1191,0
2344,52,18,1272,0
10928,52,18,1272,1
15196,52,18,1272,0
18671,52,18,1272,1
2349,20,54,89,0
7434,20,54,89,0
12563,20,54,89,0
15092,20,54,89,0
20504,20,54,89,1
2351,34,50,654,1
4404,34,50,654,1
13642,34,50,654,1
16341,34,50,654,1
2358,43,52,1011,0
2487,43,52,1011,0
6058,43,52,1011,1
8076,43,52,1011,1
2359,30,51,473,1
3364,30,51,473,1
7012,30,51,473,1
11875,30,51,473,1
2366,27,45,347,1
3553,27,45,347,1
15014,27,45,347,1
16363,27,45,347,1
2368,43,77,1019,0
12151,43,77,1019,1
15216,43,77,1019,0
17775,43,77,1019,1
2370,53,54,1301,1
6871,53,54,1301,0
15596,53,54,1301,0
19887,53,54,1301,0
2382,15,81,32,0
9025,15,81,32,1
14789,15,81,32,0
18806,15,81,32,1
2385,26,52,310,1
14042,26,52,310,1
17035,26,52,310,1
17474,26,52,310,1
2394,28,62,399,1
6550,28,62,399,1
12377,28,62,399,1
12842,28,62,399,0
2396,80,77,1637,0
14434,80,77,1637,0
18214,80,77,1637,0
18903,80,77,1637,1
2397,64,75,1498,0
10286,64,75,1498,0
15845,64,75,1498,0
18608,64,75,1498,1
2402,40,38,910,1
12080,40,38,910,1
12645,40,38,910,0
13851,40,38,910,0
2412,50,72,1237,0
13905,50,72,1237,1
13919,50,72,1237,0
19987,50,72,1237,0
2415,68,78,1524,0
3929,68,78,1524,0
6681,68,78,1524,0
8159,68,78,1524,1
2426,37,58,801,0
6492,37,58,801,0
6741,37,58,801,1
19209,37,58,801,1
2428,37,26,774,0
11211,37,26,774,0
12367,37,26,774,1
13284,37,26,774,0
2436,52,48,1274,1
5890,52,48,1274,0
6245,52,48,1274,0
6341,52,48,1274,0
2440,16,74,38,0
15790,16,74,38,0
19141,16,74,38,1
20367,16,74,38,0
2443,32,65,573,0
7724,32,65,573,0
10549,32,65,573,1
10686,32,65,573,1
2448,31,67,527,0
3377,31,67,527,1
5138,31,67,527,1
11818,31,67,527,1
2449,28,65,402,1
8113,28,65,402,1
15030,28,65,402,0
18071,28,65,402,1
2453,21,53,117,1
6618,21,53,117,1
9349,21,53,117,1
18291,21,53,117,1
19751,21,53,117,1
2454,21,44,110,1
4065,21,44,110,1
14947,21,44,110,1
18066,21,44,110,0
18097,21,44,110,0
2456,50,50,1228,1
11862,50,50,1228,0
13442,50,50,1228,1
17945,50,50,1228,1
2458,31,45,507,1
8892,31,45,507,1
13576,31,45,507,1
17649,31,45,507,1
2463,29,49,431,0
2499,29,49,431,1
17184,29,49,431,1
19346,29,49,431,1
2464,44,56,1044,0
11194,44,56,1044,1
16281,44,56,1044,0
19286,44,56,1044,1
2479,49,91,1214,1
5133,49,91,1214,0
14344,49,91,1214,0
14659,49,91,1214,0
2481,29,37,421,0
7601,29,37,421,1
9325,29,37,421,0
20583,29,37,421,0
2482,16,66,35,0
14862,16,66,35,1
15457,16,66,35,0
2485,52,17,1271,1
6459,52,17,1271,0
7129,52,17,1271,0
10461,52,17,1271,1
2488,23,57,199,1
3708,23,57,199,1
8093,23,57,199,1
17317,23,57,199,1
2496,29,56,437,0
9615,29,56,437,0
10604,29,56,437,1
19594,29,56,437,0
2504,22,59,161,1
3053,22,59,161,1
14622,22,59,161,1
17829,22,59,161,1
2505,32,43,553,0
6621,32,43,553,1
17910,32,43,553,1
19651,32,43,553,1
2506,34,63,665,1
3868,34,63,665,1
6600,34,63,665,1
19413,34,63,665,1
2510,35,24,685,0
15382,35,24,685,1
16399,35,24,685,0
18244,35,24,685,0
2514,25,63,284,1
9966,25,63,284,1
19396,25,63,284,1
20728,25,63,284,1
2521,41,36,939,0
6357,41,36,939,1
8043,41,36,939,1
14871,41,36,939,0
2527,27,48,350,1
6784,27,48,350,1
12380,27,48,350,1
15253,27,48,350,1
2536,35,40,698,1
14848,35,40,698,0
15169,35,40,698,0
17356,35,40,698,1
2537,55,17,1349,0
7888,55,17,1349,1
10352,55,17,1349,0
16759,55,17,1349,1
2538,32,34,544,1
4542,32,34,544,1
5441,32,34,544,1
7131,32,34,544,0
2541,45,32,1061,0
17663,45,32,1061,1
19258,45,32,1061,1
20159,45,32,1061,0
2550,22,51,153,1
4082,22,51,153,1
7648,22,51,153,1
7951,22,51,153,0
11332,22,51,153,1
2557,57,98,1425,1
3743,57,98,1425,0
8600,57,98,1425,0
11554,57,98,1425,0
2558,38,37,827,1
3776,38,37,827,0
8814,38,37,827,0
14282,38,37,827,1
2560,17,72,42,0
4146,17,72,42,1
10657,17,72,42,0
18299,17,72,42,1
2563,29,36,420,1
3568,29,36,420,1
12726,29,36,420,1
18659,29,36,420,0
2566,32,24,536,0
9073,32,24,536,0
18091,32,24,536,1
19245,32,24,536,0
2567,38,58,843,0
7585,38,58,843,1
8058,38,58,843,0
20518,38,58,843,0
2572,43,35,1002,0
3030,43,35,1002,1
7415,43,35,1002,0
11667,43,35,1002,1
2574,37,41,787,1
9447,37,41,787,1
10467,37,41,787,1
17499,37,41,787,1
2577,48,24,1159,0
13568,48,24,1159,0
14410,48,24,1159,1
18891,48,24,1159,0
2581,47,93,1149,0
5207,47,93,1149,0
12346,47,93,1149,0
14546,47,93,1149,1
2583,38,34,824,1
9675,38,34,824,1
12111,38,34,824,1
15105,38,34,824,1
2584,27,66,368,0
3475,27,66,368,1
13303,27,66,368,1
19658,27,66,368,0
2587,32,79,579,1
6638,32,79,579,0
12690,32,79,579,0
15976,32,79,579,0
2598,43,39,1003,1
4049,43,39,1003,1
4951,43,39,1003,1
8944,43,39,1003,0
2599,59,99,1461,1
4617,59,99,1461,0
6390,59,99,1461,0
12451,59,99,1461,0
2619,70,91,1550,0
3685,70,91,1550,1
9494,70,91,1550,0
12174,70,91,1550,0
2623,73,57,1568,0
3160,73,57,1568,0
4270,73,57,1568,1
18857,73,57,1568,0
2625,46,35,1099,0
10869,46,35,1099,1
16140,46,35,1099,0
19569,46,35,1099,0
2651,44,24,1026,1
12861,44,24,1026,0
18448,44,24,1026,0
20156,44,24,1026,0
2668,24,62,244,1
3382,24,62,244,1
3445,24,62,244,1
11383,24,62,244,1
2671,34,56,659,1
7143,34,56,659,0
9093,34,56,659,1
9279,34,56,659,0
2674,32,52,561,1
3937,32,52,561,1
12543,32,52,561,1
13849,32,52,561,1
2676,24,75,257,0
3046,24,75,257,1
6104,24,75,257,1
20634,24,75,257,1
2680,10,75,8,1
13148,10,75,8,0
14238,10,75,8,1
16431,10,75,8,0
2691,59,11,1450,0
3142,59,11,1450,1
10517,59,11,1450,1
14933,59,11,1450,0
2703,40,51,917,1
7568,40,51,917,1
11408,40,51,917,1
16786,40,51,917,1
2704,30,80,492,1
9343,30,80,492,0
16502,30,80,492,1
17759,30,80,492,0
2705,48,21,1157,1
4537,48,21,1157,0
7335,48,21,1157,0
18389,48,21,1157,0
2707,54,97,1346,0
3069,54,97,1346,0
9498,54,97,1346,0
14503,54,97,1346,1
2723,43,43,1005,0
4469,43,43,1005,1
6790,43,43,1005,1
9839,43,43,1005,0
2725,24,45,227,0
17073,24,45,227,1
17634,24,45,227,1
20615,24,45,227,0
2726,34,35,640,1
2748,34,35,640,1
14216,34,35,640,1
17892,34,35,640,1
2756,41,94,962,0
12256,41,94,962,0
14896,41,94,962,0
14953,41,94,962,1
2760,29,40,422,1
13939,29,40,422,1
15694,29,40,422,1
20513,29,40,422,1
2764,58,52,1428,1
14159,58,52,1428,1
18863,58,52,1428,1
19232,58,52,1428,0
2767,40,57,923,1
4858,40,57,923,1
8185,40,57,923,1
16373,40,57,923,0
2771,73,64,1571,0
4121,73,64,1571,0
6921,73,64,1571,0
15226,73,64,1571,1
2775,70,57,1542,0
8233,70,57,1542,1
9499,70,57,1542,1
14632,70,57,1542,0
2782,15,71,28,1
6180,15,71,28,0
6599,15,71,28,0
18358,15,71,28,0
2786,43,48,1007,1
3703,43,48,1007,0
6370,43,48,1007,0
19839,43,48,1007,1
2788,32,80,580,0
3458,32,80,580,1
5995,32,80,580,0
11946,32,80,580,0
2790,55,55,1357,0
7392,55,55,1357,0
8141,55,55,1357,0
18278,55,55,1357,1
2791,43,25,995,1
13232,43,25,995,0
13532,43,25,995,1
17386,43,25,995,0
2803,56,63,1395,0
11710,56,63,1395,1
13891,56,63,1395,0
16530,56,63,1395,0
2804,39,37,867,0
5429,39,37,867,0
5815,39,37,867,0
14890,39,37,867,1
2811,36,41,742,1
10523,36,41,742,1
17172,36,41,742,0
17524,36,41,742,1
2812,33,39,596,1
5183,33,39,596,1
16957,33,39,596,1
19390,33,39,596,0
2818,48,35,1163,0
3865,48,35,1163,0
6307,48,35,1163,1
10354,48,35,1163,0
2823,39,57,882,1
11219,39,57,882,1
11690,39,57,882,1
15644,39,57,882,1
2824,39,75,893,0
16284,39,75,893,1
20297,39,75,893,1
20489,39,75,893,1
2830,47,45,1132,0
10110,47,45,1132,0
14262,47,45,1132,1
15869,47,45,1132,0
2832,55,95,1378,0
4064,55,95,1378,0
11994,55,95,1378,1
15575,55,95,1378,0
2833,31,64,524,1
2846,31,64,524,1
11366,31,64,524,1
20600,31,64,524,1
2836,28,44,385,0
4406,28,44,385,1
9653,28,44,385,0
11684,28,44,385,0
2839,53,48,1295,0
5420,53,48,1295,0
6808,53,48,1295,1
15136,53,48,1295,1
19725,53,48,1295,0
19730,53,48,1295,0
2851,18,82,63,1
5580,18,82,63,1
10610,18,82,63,1
11723,18,82,63,1
2852,44,68,1049,1
4714,44,68,1049,0
7687,44,68,1049,0
14164,44,68,1049,0
2855,51,69,1261,0
4153,51,69,1261,0
7348,51,69,1261,0
15807,51,69,1261,1
2857,32,53,562,1
9802,32,53,562,1
11695,32,53,562,1
19781,32,53,562,1
2862,65,78,1502,0
4837,65,78,1502,1
8964,65,78,1502,0
18369,65,78,1502,0
2867,33,70,625,0
3774,33,70,625,1
11396,33,70,625,1
20215,33,70,625,0
2868,41,70,956,1
7229,41,70,956,0
10926,41,70,956,0
17275,41,70,956,1
2873,73,66,1573,1
7428,73,66,1573,1
13293,73,66,1573,1
20459,73,66,1573,1
2877,33,80,630,1
3738,33,80,630,0
8378,33,80,630,0
17411,33,80,630,0
2881,37,50,794,1
13170,37,50,794,1
17052,37,50,794,1
19774,37,50,794,1
2883,24,80,260,0
9601,24,80,260,0
13047,24,80,260,1
13574,24,80,260,0
2884,49,97,1217,0
6844,49,97,1217,0
9324,49,97,1217,0
9845,49,97,1217,1
2885,18,83,64,1
14049,18,83,64,1
16331,18,83,64,1
19491,18,83,64,0
2893,41,43,941,1
5249,41,43,941,0
8285,41,43,941,0
13811,41,43,941,0
2895,34,41,646,0
8948,34,41,646,1
18797,34,41,646,1
20238,34,41,646,1
2896,77,57,1621,1
16168,77,57,1621,0
18241,77,57,1621,1
20618,77,57,1621,0
2905,34,30,635,0
3301,34,30,635,0
10825,34,30,635,1
20331,34,30,635,0
2910,15,73,30,0
9315,15,73,30,1
15143,15,73,30,0
16461,15,73,30,0
2912,22,57,159,1
4961,22,57,159,1
7762,22,57,159,0
12588,22,57,159,1
2925,60,59,1471,1
3345,60,59,1471,0
13270,60,59,1471,0
13596,60,59,1471,0
2939,71,91,1559,0
6001,71,91,1559,0
9246,71,91,1559,0
14252,71,91,1559,1
2948,15,68,27,0
4935,15,68,27,1
9474,15,68,27,0
10370,15,68,27,1
19236,15,68,27,0
2951,39,36,866,1
4567,39,36,866,0
17293,39,36,866,1
19165,39,36,866,1
2952,36,51,751,1
3082,36,51,751,1
7065,36,51,751,1
13589,36,51,751,1
2966,38,44,830,0
6148,38,44,830,0
6315,38,44,830,1
7040,38,44,830,0
2976,58,55,1431,0
10591,58,55,1431,1
15957,58,55,1431,1
19560,58,55,1431,1
2981,56,61,1393,0
7509,56,61,1393,0
7969,56,61,1393,1
15859,56,61,1393,0
2993,40,58,924,0
13174,40,58,924,0
16031,40,58,924,1
18075,40,58,924,0
3003,32,57,566,1
7647,32,57,566,1
14833,32,57,566,1
16589,32,57,566,1
3004,54,56,1330,1
8795,54,56,1330,1
9995,54,56,1330,0
16773,54,56,1330,1
3013,51,91,1265,0
6585,51,91,1265,0
6800,51,91,1265,1
10142,51,91,1265,1
3016,38,55,840,0
12243,38,55,840,1
14795,38,55,840,1
17757,38,55,840,1
3018,23,86,225,1
3122,23,86,225,1
10209,23,86,225,0
20109,23,86,225,0
3021,45,21,1057,0
5330,45,21,1057,1
5358,45,21,1057,0
9036,45,21,1057,0
3024,64,93,1499,0
7362,64,93,1499,0
7835,64,93,1499,0
7857,64,93,1499,1
3036,33,54,610,1
3744,33,54,610,0
17374,33,54,610,0
20620,33,54,610,0
3055,56,64,1396,1
4997,56,64,1396,0
14332,56,64,1396,0
20527,56,64,1396,1
3066,25,48,269,1
12740,25,48,269,1
16562,25,48,269,1
20674,25,48,269,1
3091,30,63,484,1
7673,30,63,484,1
8565,30,63,484,1
15462,30,63,484,1
3092,59,53,1453,0
6346,59,53,1453,0
18964,59,53,1453,0
20569,59,53,1453,1
3094,30,38,460,0
8864,30,38,460,1
12564,30,38,460,1
20541,30,38,460,1
3103,55,90,1374,1
4116,55,90,1374,1
7669,55,90,1374,0
9556,55,90,1374,1
3115,33,73,628,0
6446,33,73,628,1
6918,33,73,628,1
18156,33,73,628,1
3121,46,57,1112,0
9564,46,57,1112,1
13049,46,57,1112,0
17163,46,57,1112,0
3123,58,104,1449,0
5328,58,104,1449,1
16367,58,104,1449,0
16637,58,104,1449,0
3127,34,68,670,1
3165,34,68,670,1
16601,34,68,670,1
20601,34,68,670,1
3131,22,81,181,0
17395,22,81,181,0
17419,22,81,181,1
19175,22,81,181,0
3141,31,68,528,1
5058,31,68,528,1
16779,31,68,528,0
17196,31,68,528,0
3146,24,46,228,1
4378,24,46,228,1
7312,24,46,228,1
13382,24,46,228,1
3150,39,73,891,0
6547,39,73,891,1
9091,39,73,891,0
19204,39,73,891,1
3156,27,51,353,1
5388,27,51,353,1
5832,27,51,353,1
13706,27,51,353,1
3161,37,19,768,0
4140,37,19,768,1
6897,37,19,768,0
14695,37,19,768,0
3162,45,77,1083,0
3664,45,77,1083,0
4123,45,77,1083,1
17199,45,77,1083,0
3170,22,44,146,1
3778,22,44,146,1
14969,22,44,146,1
20639,22,44,146,0
3173,52,91,1287,1
4048,52,91,1287,1
10114,52,91,1287,1
11439,52,91,1287,0
3181,41,65,954,1
8453,41,65,954,0
20424,41,65,954,0
20726,41,65,954,0
3186,35,51,709,1
8579,35,51,709,1
14528,35,51,709,1
16276,35,51,709,1
3193,34,58,661,0
9268,34,58,661,0
15155,34,58,661,1
20416,34,58,661,1
3194,68,117,1530,0
9827,68,117,1530,0
13542,68,117,1530,1
15825,68,117,1530,0
3195,84,115,1644,1
10809,84,115,1644,0
11483,84,115,1644,0
16068,84,115,1644,0
3201,54,58,1332,1
12378,54,58,1332,1
17335,54,58,1332,1
18137,54,58,1332,0
3218,40,24,903,1
11368,40,24,903,0
14111,40,24,903,0
16323,40,24,903,0
3229,26,53,311,1
3293,26,53,311,1
10487,26,53,311,1
19783,26,53,311,1
3231,42,54,980,1
4007,42,54,980,1
4190,42,54,980,0
19544,42,54,980,1
3236,53,50,1297,1
6378,53,50,1297,1
10101,53,50,1297,0
13621,53,50,1297,1
3238,54,65,1335,0
3660,54,65,1335,0
6551,54,65,1335,1
14588,54,65,1335,0
3239,56,65,1397,1
3617,56,65,1397,1
14328,56,65,1397,1
17478,56,65,1397,1
3242,38,29,821,1
5894,38,29,821,1
9404,38,29,821,0
18523,38,29,821,1
3249,30,36,458,1
4705,30,36,458,1
8963,30,36,458,1
20317,30,36,458,0
3252,32,37,547,1
4001,32,37,547,0
10563,32,37,547,0
12269,32,37,547,0
3261,34,51,655,1
10066,34,51,655,1
12374,34,51,655,1
15158,34,51,655,1
3265,35,28,687,1
4686,35,28,687,0
8736,35,28,687,0
12918,35,28,687,1
3266,28,85,415,1
4322,28,85,415,0
4331,28,85,415,0
6441,28,85,415,0
3269,65,80,1503,0
15882,65,80,1503,0
19596,65,80,1503,0
20194,65,80,1503,1
3270,29,45,427,1
12581,29,45,427,1
17347,29,45,427,1
17733,29,45,427,1
3273,31,31,497,0
8136,31,31,497,0
10145,31,31,497,1
10414,31,31,497,0
3274,37,39,785,1
8386,37,39,785,1
9048,37,39,785,1
10275,37,39,785,0
3278,28,52,393,1
14980,28,52,393,1
16242,28,52,393,1
19183,28,52,393,1
3281,51,13,1244,0
8985,51,13,1244,0
9385,51,13,1244,0
18219,51,13,1244,1
3284,28,51,392,1
5190,28,51,392,1
6394,28,51,392,1
8003,28,51,392,1
3286,39,96,898,0
5601,39,96,898,0
12270,39,96,898,1
15115,39,96,898,0
3289,77,63,1624,0
11074,77,63,1624,1
11851,77,63,1624,0
17662,77,63,1624,0
3292,38,53,838,1
11713,38,53,838,0
12827,38,53,838,1
18870,38,53,838,1
3302,40,72,927,0
15120,40,72,927,1
18504,40,72,927,0
19924,40,72,927,0
3310,37,104,813,1
5528,37,104,813,0
13036,37,104,813,0
13805,37,104,813,0
3312,51,49,1251,1
4185,51,49,1251,1
15781,51,49,1251,1
18486,51,49,1251,1
3318,37,55,799,0
7305,37,55,799,1
14168,37,55,799,0
16340,37,55,799,1
3324,49,53,1201,0
7327,49,53,1201,1
8372,49,53,1201,1
12683,49,53,1201,0
3336,20,77,103,1
12164,20,77,103,1
13810,20,77,103,0
20594,20,77,103,1
3342,22,77,177,1
11815,22,77,177,0
14703,22,77,177,1
17750,22,77,177,0
3344,28,58,395,1
13371,28,58,395,1
13894,28,58,395,1
17304,28,58,395,1
3347,36,44,745,0
6285,36,44,745,0
15735,36,44,745,0
18851,36,44,745,1
3349,35,55,713,0
6853,35,55,713,1
15452,35,55,713,0
20403,35,55,713,0
3351,32,67,575,1
5558,32,67,575,1
14771,32,67,575,1
17210,32,67,575,1
3352,35,30,688,0
6490,35,30,688,1
20546,35,30,688,0
20781,35,30,688,0
3354,40,52,918,1
3903,40,52,918,1
9157,40,52,918,1
13435,40,52,918,1
3358,38,54,839,1
3638,38,54,839,1
16423,38,54,839,1
17161,38,54,839,1
3363,24,81,261,0
3824,24,81,261,0
10112,24,81,261,0
16868,24,81,261,1
3370,74,52,1580,1
4359,74,52,1580,0
6474,74,52,1580,1
6965,74,52,1580,0
9169,74,52,1580,0
3372,62,69,1487,0
7755,62,69,1487,0
8191,62,69,1487,0
12257,62,69,1487,1
3376,51,48,1250,0
5739,51,48,1250,1
9835,51,48,1250,0
10876,51,48,1250,1
3384,25,58,279,1
10472,25,58,279,1
16127,25,58,279,1
17491,25,58,279,1
3385,61,65,1480,0
12042,61,65,1480,0
16333,61,65,1480,1
18704,61,65,1480,1
3387,44,54,1042,1
8032,44,54,1042,0
14672,44,54,1042,0
20677,44,54,1042,0
3389,49,85,1211,1
16299,49,85,1211,1
17228,49,85,1211,0
20163,49,85,1211,0
3391,53,97,1317,0
4365,53,97,1317,1
5756,53,97,1317,0
6150,53,97,1317,0
3402,77,122,1628,0
13871,77,122,1628,0
14577,77,122,1628,0
15072,77,122,1628,1
3404,41,75,959,1
4249,41,75,959,0
11785,41,75,959,0
14226,41,75,959,1
3405,24,43,226,0
13878,24,43,226,1
3411,44,23,1025,0
9206,44,23,1025,0
9778,44,23,1025,1
13373,44,23,1025,0
3412,20,64,92,1
14224,20,64,92,0
17843,20,64,92,1
20704,20,64,92,0
3417,48,13,1152,1
4122,48,13,1152,0
10210,48,13,1152,0
11232,48,13,1152,0
3425,37,43,789,0
3635,37,43,789,1
18424,37,43,789,0
20221,37,43,789,1
3428,29,29,417,0
9926,29,29,417,1
10013,29,29,417,0
14736,29,29,417,1
17998,29,29,417,0
3436,69,91,1540,1
5101,69,91,1540,0
5954,69,91,1540,0
11016,69,91,1540,0
3441,21,84,144,0
11763,21,84,144,0
14061,21,84,144,1
17784,21,84,144,0
3443,34,94,683,1
9558,34,94,683,0
11957,34,94,683,0
12137,34,94,683,0
3444,53,16,1292,0
12761,53,16,1292,1
13764,53,16,1292,1
19502,53,16,1292,1
3448,36,47,747,1
7090,36,47,747,0
14749,36,47,747,1
17061,36,47,747,0
3451,48,53,1173,0
7800,48,53,1173,0
9181,48,53,1173,0
18527,48,53,1173,1
3463,59,51,1451,1
14305,59,51,1451,1
16166,59,51,1451,1
19715,59,51,1451,1
3464,16,83,41,0
7324,16,83,41,0
17181,16,83,41,0
17529,16,83,41,1
3465,61,52,1476,0
9629,61,52,1476,0
12841,61,52,1476,0
13006,61,52,1476,1
3468,47,28,1127,0
11972,47,28,1127,1
19996,47,28,1127,0
20289,47,28,1127,0
3469,17,83,51,1
9109,17,83,51,1
11054,17,83,51,1
20243,17,83,51,0
3476,39,56,881,1
12301,39,56,881,0
14683,39,56,881,0
19466,39,56,881,0
3479,20,78,104,1
6671,20,78,104,1
9009,20,78,104,0
19606,20,78,104,1
3480,21,66,129,0
10554,21,66,129,0
10844,21,66,129,1
16757,21,66,129,0
3482,35,45,703,0
12496,35,45,703,0
15666,35,45,703,1
15987,35,45,703,0
3491,22,62,164,0
5585,22,62,164,0
6432,22,62,164,0
7384,22,62,164,1
3494,34,44,648,0
8428,34,44,648,1
9328,34,44,648,0
16203,34,44,648,0
3499,57,73,1422,1
5242,57,73,1422,0
15706,57,73,1422,1
18002,57,73,1422,1
3507,51,68,1260,0
4974,51,68,1260,0
18799,51,68,1260,1
20649,51,68,1260,0
3518,42,39,972,1
5674,42,39,972,1
14700,42,39,972,1
14887,42,39,972,0
3541,33,33,590,1
3867,33,33,590,1
14974,33,33,590,1
17635,33,33,590,1
3546,35,68,721,1
10875,35,68,721,0
14157,35,68,721,0
18350,35,68,721,1
3548,53,65,1307,0
4782,53,65,1307,1
19894,53,65,1307,0
19947,53,65,1307,1
3551,51,20,1246,1
9151,51,20,1246,1
12599,51,20,1246,1
15970,51,20,1246,0
3560,69,108,1541,0
5998,69,108,1541,0
13298,69,108,1541,0
13987,69,108,1541,1
3564,36,42,743,0
4612,36,42,743,0
13990,36,42,743,1
17922,36,42,743,0
3580,59,54,1454,1
11559,59,54,1454,1
12746,59,54,1454,1
19842,59,54,1454,1
3582,36,36,737,1
12909,36,36,737,1
15646,36,36,737,1
18185,36,36,737,1
3593,72,55,1560,0
5100,72,55,1560,0
15314,72,55,1560,1
16148,72,55,1560,0
3594,43,42,1004,1
5127,43,42,1004,0
7940,43,42,1004,0
9338,43,42,1004,0
3600,66,80,1515,0
7427,66,80,1515,1
8658,66,80,1515,0
10011,66,80,1515,0
3603,58,51,1427,1
7340,58,51,1427,1
9889,58,51,1427,1
10918,58,51,1427,1
3604,53,67,1309,0
13370,53,67,1309,0
14242,53,67,1309,0
18329,53,67,1309,1
3605,66,65,1511,1
11504,66,65,1511,0
14022,66,65,1511,0
19081,66,65,1511,1
3610,52,68,1282,0
5999,52,68,1282,0
8153,52,68,1282,1
15651,52,68,1282,0
3616,22,53,155,1
5672,22,53,155,0
5859,22,53,155,1
20628,22,53,155,0
3618,35,23,684,0
5171,35,23,684,0
16432,35,23,684,0
17085,35,23,684,1
3619,47,20,1123,1
10503,47,20,1123,0
17867,47,20,1123,0
20432,47,20,1123,0
3620,30,66,487,1
3990,30,66,487,0
7400,30,66,487,1
16414,30,66,487,1
3632,33,40,597,0
5766,33,40,597,1
6825,33,40,597,1
11286,33,40,597,1
3637,21,75,136,1
4464,21,75,136,1
7200,21,75,136,1
9327,21,75,136,1
3644,27,56,358,1
4047,27,56,358,0
5392,27,56,358,0
12938,27,56,358,1
3645,21,50,116,0
6131,21,50,116,1
8291,21,50,116,0
15954,21,50,116,1
3649,27,42,344,0
4654,27,42,344,0
8774,27,42,344,0
11466,27,42,344,1
3650,43,51,1010,0
3678,43,51,1010,0
4579,43,51,1010,1
14701,43,51,1010,0
3670,37,48,792,1
11616,37,48,792,1
13342,37,48,792,1
18467,37,48,792,1
3675,26,48,306,1
5292,26,48,306,1
10597,26,48,306,1
10852,26,48,306,1
3677,54,52,1326,0
8719,54,52,1326,1
11800,54,52,1326,1
15380,54,52,1326,1
3716,51,21,1247,1
12144,51,21,1247,1
14064,51,21,1247,1
19050,51,21,1247,1
3718,30,67,488,1
4439,30,67,488,1
8784,30,67,488,0
18223,30,67,488,1
3721,32,48,557,1
11058,32,48,557,1
14908,32,48,557,0
16098,32,48,557,1
3722,44,48,1038,1
13502,44,48,1038,1
13780,44,48,1038,1
18380,44,48,1038,0
3723,26,70,326,1
10655,26,70,326,0
12295,26,70,326,0
18320,26,70,326,1
3730,60,60,1472,1
7130,60,60,1472,0
11371,60,60,1472,1
15607,60,60,1472,0
3733,13,81,20,1
5974,13,81,20,0
11173,13,81,20,0
20498,13,81,20,0
3736,31,79,532,0
4246,31,79,532,1
12651,31,79,532,1
19156,31,79,532,0
3739,53,21,1294,1
4883,53,21,1294,1
6933,53,21,1294,1
18173,53,21,1294,1
3742,28,69,406,1
8269,28,69,406,1
11118,28,69,406,1
14424,28,69,406,1
3755,21,61,124,1
5519,21,61,124,0
19212,21,61,124,0
19521,21,61,124,0
3756,21,71,133,1
9158,21,71,133,0
13728,21,71,133,0
18076,21,71,133,1
3759,49,92,1215,0
7492,49,92,1215,1
10821,49,92,1215,0
13241,49,92,1215,1
3767,29,62,441,0
4267,29,62,441,1
8394,29,62,441,1
10049,29,62,441,1
3769,26,54,312,1
8457,26,54,312,1
13546,26,54,312,1
15213,26,54,312,1
3787,32,51,560,1
8277,32,51,560,1
16182,32,51,560,1
18226,32,51,560,1
3788,30,52,474,1
17673,30,52,474,1
19899,30,52,474,1
20239,30,52,474,1
3791,31,41,503,1
9426,31,41,503,1
10740,31,41,503,1
13884,31,41,503,1
3796,51,11,1242,0
16342,51,11,1242,0
17725,51,11,1242,1
19573,51,11,1242,0
3797,10,79,9,0
10671,10,79,9,1
14721,10,79,9,0
16350,10,79,9,0
3799,34,65,667,1
6818,34,65,667,0
11774,34,65,667,1
18632,34,65,667,1
3800,27,38,341,1
8875,27,38,341,0
10889,27,38,341,0
20248,27,38,341,1
3804,25,55,276,1
7871,25,55,276,1
14923,25,55,276,1
20165,25,55,276,1
3805,26,57,315,1
5452,26,57,315,1
15173,26,57,315,1
16231,26,57,315,1
3814,47,36,1129,0
7900,47,36,1129,1
17139,47,36,1129,0
17475,47,36,1129,0
3816,50,11,1218,1
10161,50,11,1218,1
12518,50,11,1218,1
17214,50,11,1218,1
3822,32,41,551,1
5396,32,41,551,1
14584,32,41,551,1
16277,32,41,551,1
3825,24,74,256,1
7675,24,74,256,0
15486,24,74,256,1
18820,24,74,256,1
3826,35,72,724,1
4766,35,72,724,1
7351,35,72,724,1
19881,35,72,724,1
3832,32,23,535,1
14880,32,23,535,0
17406,32,23,535,0
17492,32,23,535,0
20757,32,23,535,0
3840,35,50,708,1
8055,35,50,708,1
11305,35,50,708,1
20547,35,50,708,1
3854,25,47,268,0
6125,25,47,268,1
8627,25,47,268,1
9984,25,47,268,1
3855,37,49,793,0
13128,37,49,793,0
18743,37,49,793,1
20713,37,49,793,0
3866,22,58,160,1
7518,22,58,160,1
14525,22,58,160,1
16427,22,58,160,0
3870,20,65,93,1
8106,20,65,93,0
17151,20,65,93,1
18366,20,65,93,0
3875,33,32,589,1
8279,33,32,589,1
8685,33,32,589,1
16698,33,32,589,1
3879,40,36,908,1
8108,40,36,908,1
13167,40,36,908,1
14154,40,36,908,0
3891,20,68,94,1
11618,20,68,94,0
16942,20,68,94,1
19298,20,68,94,0
3894,33,68,623,1
4026,33,68,623,0
9801,33,68,623,1
18814,33,68,623,1
3906,79,78,1634,1
6843,79,78,1634,0
7141,79,78,1634,1
20314,79,78,1634,0
3911,35,52,710,0
3958,35,52,710,1
4093,35,52,710,1
11809,35,52,710,1
3917,58,50,1426,1
4756,58,50,1426,1
6287,58,50,1426,1
13812,58,50,1426,0
3923,47,83,1145,0
12143,47,83,1145,1
13681,47,83,1145,1
15324,47,83,1145,0
3930,25,79,295,0
8274,25,79,295,1
9256,25,79,295,0
10796,25,79,295,0
3935,22,49,151,1
7620,22,49,151,1
14268,22,49,151,1
14674,22,49,151,0
3939,56,50,1383,1
5687,56,50,1383,1
13315,56,50,1383,1
20585,56,50,1383,1
3944,34,66,668,1
15293,34,66,668,1
15693,34,66,668,1
15784,34,66,668,1
3946,77,78,1627,0
9869,77,78,1627,1
10443,77,78,1627,0
17624,77,78,1627,0
3947,34,80,680,0
9076,34,80,680,1
12759,34,80,680,0
18984,34,80,680,0
3948,23,71,213,1
13663,23,71,213,0
16515,23,71,213,1
19723,23,71,213,1
3949,48,84,1182,0
11702,48,84,1182,1
14738,48,84,1182,1
17807,48,84,1182,0
3952,32,36,546,1
15058,32,36,546,1
16103,32,36,546,1
20119,32,36,546,0
3957,14,72,22,0
6389,14,72,22,1
8466,14,72,22,1
19496,14,72,22,1
3966,49,71,1208,1
4793,49,71,1208,1
6227,49,71,1208,0
18268,49,71,1208,0
3967,48,23,1158,0
9958,48,23,1158,0
17821,48,23,1158,1
20128,48,23,1158,1
3974,53,90,1315,1
11835,53,90,1315,1
11870,53,90,1315,1
12203,53,90,1315,1
3980,26,59,317,1
6343,26,59,317,1
13678,26,59,317,1
18817,26,59,317,1
3987,46,59,1113,1
5431,46,59,1113,1
17808,46,59,1113,0
20519,46,59,1113,0
4002,27,62,364,1
8976,27,62,364,0
9140,27,62,364,1
9613,27,62,364,1
4012,38,104,854,1
6365,38,104,854,0
7885,38,104,854,0
15338,38,104,854,0
4015,28,81,413,0
14395,28,81,413,1
14905,28,81,413,0
18699,28,81,413,0
4017,26,55,313,1
5002,26,55,313,1
16356,26,55,313,1
19737,26,55,313,1
4023,32,70,578,0
4437,32,70,578,0
12450,32,70,578,0
20009,32,70,578,1
4034,23,65,207,1
12388,23,65,207,1
14435,23,65,207,0
16594,23,65,207,1
4044,31,74,531,1
8929,31,74,531,1
11132,31,74,531,1
20499,31,74,531,1
4058,42,57,983,1
5019,42,57,983,1
5294,42,57,983,0
18154,42,57,983,0
4063,23,54,196,1
8374,23,54,196,1
14825,23,54,196,1
15322,23,54,196,1
4069,16,71,36,0
4326,16,71,36,0
6647,16,71,36,0
9888,16,71,36,1
4071,41,53,947,1
15847,41,53,947,0
18946,41,53,947,0
20164,41,53,947,1
4072,30,43,465,1
7011,30,43,465,1
8941,30,43,465,1
11485,30,43,465,1
4103,54,59,1333,0
7551,54,59,1333,1
20285,54,59,1333,0
20638,54,59,1333,0
4111,31,48,510,1
16789,31,48,510,1
17115,31,48,510,1
18365,31,48,510,1
4130,34,34,639,1
7531,34,34,639,1
15097,34,34,639,1
15764,34,34,639,1
4131,70,65,1544,1
10894,70,65,1544,0
18466,70,65,1544,0
19840,70,65,1544,0
4135,26,58,316,1
5289,26,58,316,1
13292,26,58,316,1
14624,26,58,316,1
4142,43,79,1021,1
5416,43,79,1021,1
7758,43,79,1021,0
9402,43,79,1021,0
4147,47,18,1122,0
11038,47,18,1122,1
11551,47,18,1122,0
20349,47,18,1122,0
4159,29,31,418,1
8128,29,31,418,0
17498,29,31,418,0
20748,29,31,418,0
4160,34,40,645,1
5238,34,40,645,1
5407,34,40,645,1
10868,34,40,645,0
4161,27,44,346,0
4559,27,44,346,1
16300,27,44,346,0
20025,27,44,346,1
4173,24,71,253,1
7454,24,71,253,0
8494,24,71,253,1
19866,24,71,253,1
4182,30,55,477,1
10560,30,55,477,0
14901,30,55,477,0
19207,30,55,477,0
4184,21,78,139,1
5736,21,78,139,0
11597,21,78,139,1
16023,21,78,139,1
4188,19,46,66,0
9266,19,46,66,0
16673,19,46,66,0
17786,19,46,66,1
4193,39,65,887,0
4285,39,65,887,0
14051,39,65,887,0
15089,39,65,887,1
4198,61,51,1475,0
6601,61,51,1475,0
11876,61,51,1475,0
14258,61,51,1475,0
14855,61,51,1475,0
17670,61,51,1475,1
4199,39,38,868,0
5807,39,38,868,1
8620,39,38,868,0
13691,39,38,868,0
4201,38,21,816,1
6875,38,21,816,1
9071,38,21,816,1
17339,38,21,816,1
4203,27,80,374,0
7421,27,80,374,1
10216,27,80,374,1
13637,27,80,374,1
4206,73,65,1572,1
4529,73,65,1572,1
16553,73,65,1572,0
19618,73,65,1572,0
4211,62,54,1484,1
10812,62,54,1484,1
12633,62,54,1484,0
18714,62,54,1484,0
4214,30,58,479,0
12623,30,58,479,1
12777,30,58,479,1
12807,30,58,479,0
4217,7,68,2,0
4555,7,68,2,0
17031,7,68,2,1
18949,7,68,2,0
4227,58,65,1435,1
6914,58,65,1435,0
10759,58,65,1435,0
17691,58,65,1435,1
4229,34,48,652,1
7538,34,48,652,0
13141,34,48,652,0
13176,34,48,652,0
4235,53,59,1304,0
5211,53,59,1304,0
9882,53,59,1304,0
14872,53,59,1304,1
4256,27,55,357,1
12368,27,55,357,0
13263,27,55,357,1
16699,27,55,357,1
4261,46,53,1108,0
16591,46,53,1108,0
18363,46,53,1108,1
20246,46,53,1108,1
4264,75,51,1598,0
13903,75,51,1598,1
15053,75,51,1598,0
17875,75,51,1598,0
4266,38,57,842,1
6248,38,57,842,0
6907,38,57,842,0
19419,38,57,842,1
4268,25,73,290,1
5711,25,73,290,0
11587,25,73,290,0
20336,25,73,290,1
4269,3,73,0,0
6335,3,73,0,0
12182,3,73,0,1
14366,3,73,0,0
4274,53,51,1298,1
10174,53,51,1298,1
18950,53,51,1298,0
19062,53,51,1298,1
4276,37,40,786,1
11443,37,40,786,1
15633,37,40,786,1
17270,37,40,786,1
4283,26,37,297,1
17224,26,37,297,1
18445,26,37,297,1
18468,26,37,297,1
4292,44,25,1027,0
4794,44,25,1027,1
5684,44,25,1027,1
19287,44,25,1027,1
4301,33,46,603,1
10908,33,46,603,0
18227,33,46,603,0
18336,33,46,603,1
4302,30,56,478,1
14143,30,56,478,0
16625,30,56,478,1
17250,30,56,478,0
4303,51,97,1266,0
5835,51,97,1266,0
11533,51,97,1266,0
13698,51,97,1266,1
4311,48,95,1185,1
11316,48,95,1185,0
13736,48,95,1185,0
15091,48,95,1185,1
4339,22,74,174,1
11823,22,74,174,1
13358,22,74,174,1
19351,22,74,174,1
4352,17,76,46,0
14161,17,76,46,1
14744,17,76,46,1
17824,17,76,46,1
4357,32,69,577,1
4911,32,69,577,1
16184,32,69,577,0
20545,32,69,577,0
4369,22,61,163,0
8349,22,61,163,1
15355,22,61,163,0
15886,22,61,163,1
4374,31,33,498,0
8808,31,33,498,1
15276,31,33,498,1
19874,31,33,498,1
4400,33,28,586,0
12142,33,28,586,1
13509,33,28,586,0
13763,33,28,586,0
4403,76,75,1617,0
9344,76,75,1617,0
12591,76,75,1617,1
18053,76,75,1617,0
4429,20,72,98,1
7748,20,72,98,1
9500,20,72,98,0
10336,20,72,98,0
4433,30,40,462,1
6175,30,40,462,1
11486,30,40,462,1
15204,30,40,462,1
4436,42,27,965,0
8561,42,27,965,0
18793,42,27,965,1
19813,42,27,965,0
4454,47,48,1135,0
5027,47,48,1135,0
11512,47,48,1135,1
15918,47,48,1135,0
4476,33,31,588,1
5799,33,31,588,1
6291,33,31,588,1
8904,33,31,588,1
4486,46,39,1102,1
7783,46,39,1102,0
12071,46,39,1102,0
15319,46,39,1102,1
4489,70,78,1546,0
5401,70,78,1546,1
17039,70,78,1546,0
18132,70,78,1546,0
4500,18,75,57,1
5927,18,75,57,0
11859,18,75,57,0
20035,18,75,57,1
4502,33,35,592,1
6912,33,35,592,0
15039,33,35,592,1
17542,33,35,592,1
4505,51,12,1243,1
6288,51,12,1243,0
11462,51,12,1243,1
11664,51,12,1243,1
4506,18,76,58,0
16321,18,76,58,0
16666,18,76,58,1
19400,18,76,58,1
4508,23,50,192,1
5038,23,50,192,1
8120,23,50,192,1
15868,23,50,192,1
4520,24,55,237,1
7775,24,55,237,1
11040,24,55,237,1
17581,24,55,237,1
4523,26,71,327,1
5311,26,71,327,0
17773,26,71,327,0
18957,26,71,327,0
4525,37,25,773,0
9099,37,25,773,1
10098,37,25,773,0
11952,37,25,773,0
4530,44,82,1054,0
9608,44,82,1054,0
11051,44,82,1054,1
18146,44,82,1054,0
4533,40,32,905,0
6029,40,32,905,1
7251,40,32,905,0
20640,40,32,905,0
4536,12,70,15,0
11975,12,70,15,1
17543,12,70,15,1
20027,12,70,15,0
4541,31,46,508,1
14078,31,46,508,0
16782,31,46,508,0
20069,31,46,508,1
4546,28,53,394,0
17711,28,53,394,1
19086,28,53,394,1
19371,28,53,394,0
4553,31,51,513,1
9031,31,51,513,1
17570,31,51,513,1
18287,31,51,513,1
4557,22,65,167,0
8166,22,65,167,1
18120,22,65,167,0
19071,22,65,167,1
4560,55,85,1370,1
8008,55,85,1370,0
13095,55,85,1370,0
13835,55,85,1370,1
4564,31,83,534,0
8044,31,83,534,1
11753,31,83,534,1
18770,31,83,534,1
4571,26,49,307,1
4619,26,49,307,1
15796,26,49,307,1
16551,26,49,307,1
4581,42,25,964,0
7490,42,25,964,1
9359,42,25,964,0
9715,42,25,964,0
4587,60,53,1466,0
12202,60,53,1466,1
14479,60,53,1466,1
19139,60,53,1466,0
4588,74,82,1596,0
12405,74,82,1596,1
19391,74,82,1596,0
20591,74,82,1596,0
4591,22,72,172,1
8435,22,72,172,1
13988,22,72,172,0
15106,22,72,172,1
4592,41,28,934,1
13012,41,28,934,0
16118,41,28,934,0
18731,41,28,934,0
4594,40,48,914,1
10861,40,48,914,1
11977,40,48,914,1
14389,40,48,914,0
4597,26,72,328,1
6789,26,72,328,1
13508,26,72,328,1
18924,26,72,328,1
4603,26,45,303,1
8012,26,45,303,0
8297,26,45,303,1
12266,26,45,303,0
4604,43,33,1000,0
5773,43,33,1000,1
8134,43,33,1000,1
14959,43,33,1000,0
4607,27,82,376,1
10060,27,82,376,1
10693,27,82,376,0
20230,27,82,376,0
4613,46,78,1116,0
8708,46,78,1116,0
9307,46,78,1116,1
13545,46,78,1116,0
4623,51,7,1241,0
5814,51,7,1241,0
12442,51,7,1241,1
12803,51,7,1241,0
14702,51,7,1241,0
4632,55,59,1361,1
9907,55,59,1361,0
17361,55,59,1361,1
19907,55,59,1361,1
4635,74,79,1594,0
6516,74,79,1594,0
12081,74,79,1594,0
18628,74,79,1594,1
4637,37,71,804,1
7367,37,71,804,1
14182,37,71,804,1
20292,37,71,804,0
4642,57,66,1417,0
15398,57,66,1417,0
16769,57,66,1417,1
18439,57,66,1417,0
4646,23,75,217,0
6814,23,75,217,1
8918,23,75,217,1
19930,23,75,217,1
4653,45,34,1063,1
5881,45,34,1063,1
11340,45,34,1063,1
20540,45,34,1063,0
4665,34,31,636,0
12103,34,31,636,1
18582,34,31,636,1
19303,34,31,636,1
4673,88,115,1646,0
5565,88,115,1646,0
8303,88,115,1646,0
18547,88,115,1646,1
4681,32,46,555,0
6737,32,46,555,1
10658,32,46,555,0
11621,32,46,555,1
4683,55,52,1355,1
6953,55,52,1355,1
12106,55,52,1355,1
20118,55,52,1355,1
4696,35,44,702,0
6396,35,44,702,1
17329,35,44,702,1
18012,35,44,702,0
4698,36,72,763,0
4778,36,72,763,1
5968,36,72,763,1
14497,36,72,763,1
4716,32,38,548,1
18200,32,38,548,1
18989,32,38,548,0
19252,32,38,548,1
4729,57,65,1416,0
16415,57,65,1416,0
17769,57,65,1416,0
18910,57,65,1416,1
4730,30,47,469,1
8788,30,47,469,1
18864,30,47,469,1
20515,30,47,469,1
4754,68,92,1527,1
10407,68,92,1527,0
11506,68,92,1527,0
14934,68,92,1527,0
4771,20,47,87,0
15133,20,47,87,1
4773,36,52,752,1
15648,36,52,752,1
15721,36,52,752,1
20772,36,52,752,1
4783,37,37,783,1
7656,37,37,783,1
16984,37,37,783,1
19243,37,37,783,1
4784,24,85,264,1
4833,24,85,264,0
12835,24,85,264,0
18152,24,85,264,0
4790,22,52,154,1
7858,22,52,154,0
18412,22,52,154,0
20636,22,52,154,0
4809,39,21,857,1
14760,39,21,857,1
14993,39,21,857,1
18431,39,21,857,1
4819,26,79,334,1
11375,26,79,334,0
14938,26,79,334,1
20592,26,79,334,0
4825,33,45,602,0
5822,33,45,602,0
10057,33,45,602,0
18822,33,45,602,1
4834,24,83,262,0
13337,24,83,262,1
15922,24,83,262,0
16829,24,83,262,0
4840,34,76,678,0
10211,34,76,678,0
14758,34,76,678,1
20046,34,76,678,1
4850,38,36,826,1
5844,38,36,826,1
16665,38,36,826,1
17162,38,36,826,1
4851,31,66,526,1
5194,31,66,526,1
7235,31,66,526,0
8545,31,66,526,1
4855,38,102,853,0
6479,38,102,853,0
10977,38,102,853,1
12399,38,102,853,0
4880,25,61,282,1
4942,25,61,282,1
7890,25,61,282,1
17452,25,61,282,1
4902,30,61,482,0
5424,30,61,482,0
17363,30,61,482,1
19145,30,61,482,0
4907,48,50,1170,1
6097,48,50,1170,1
6202,48,50,1170,0
16550,48,50,1170,1
4910,39,59,884,0
9339,39,59,884,0
15948,39,59,884,0
17059,39,59,884,1
4912,39,32,862,1
8145,39,32,862,0
12582,39,32,862,0
20015,39,32,862,0
4918,10,69,4,0
15425,10,69,4,0
17949,10,69,4,1
19130,10,69,4,0
4924,25,51,272,1
10040,25,51,272,1
15454,25,51,272,1
18639,25,51,272,1
4928,56,56,1388,0
6900,56,56,1388,1
19288,56,56,1388,0
20431,56,56,1388,0
4954,63,83,1493,0
8358,63,83,1493,0
15520,63,83,1493,1
17886,63,83,1493,0
4957,29,65,444,1
14648,29,65,444,1
19249,29,65,444,1
20370,29,65,444,1
4960,15,82,33,1
9317,15,82,33,0
9822,15,82,33,1
19662,15,82,33,1
4976,53,89,1314,1
7572,53,89,1314,1
9248,53,89,1314,1
11569,53,89,1314,1
4983,65,55,1500,0
9432,65,55,1500,1
18787,65,55,1500,1
20433,65,55,1500,0
4989,48,19,1155,0
10187,48,19,1155,1
12371,48,19,1155,0
18543,48,19,1155,0
5012,28,60,397,1
13453,28,60,397,1
14601,28,60,397,1
15780,28,60,397,1
5023,69,70,1536,0
11379,69,70,1536,1
11553,69,70,1536,0
17130,69,70,1536,0
5026,47,60,1141,1
8540,47,60,1141,1
13563,47,60,1141,0
19376,47,60,1141,0
5029,45,75,1081,0
6109,45,75,1081,0
11066,45,75,1081,0
11793,45,75,1081,1
5033,50,69,1235,1
13163,50,69,1235,0
14231,50,69,1235,0
20056,50,69,1235,0
5034,34,57,660,0
5595,34,57,660,0
7117,34,57,660,1
14455,34,57,660,1
5047,39,79,896,1
7502,39,79,896,0
15902,39,79,896,0
20410,39,79,896,0
5054,34,53,657,0
5631,34,53,657,1
14636,34,53,657,1
19892,34,53,657,0
5064,35,42,700,0
5426,35,42,700,0
14570,35,42,700,1
19002,35,42,700,0
5082,52,89,1285,1
7592,52,89,1285,0
8092,52,89,1285,0
10099,52,89,1285,0
5092,43,27,997,0
16758,43,27,997,0
18653,43,27,997,1
19457,43,27,997,0
5097,38,35,825,0
12369,38,35,825,1
12949,38,35,825,0
18990,38,35,825,1
5098,39,63,886,1
9647,39,63,886,0
16187,39,63,886,0
17435,39,63,886,0
5102,35,67,720,0
17628,35,67,720,0
18603,35,67,720,0
19665,35,67,720,1
5112,72,57,1562,1
15497,72,57,1562,0
17149,72,57,1562,0
17966,72,57,1562,0
5117,36,39,740,1
12264,36,39,740,0
13887,36,39,740,0
19087,36,39,740,1
5121,38,75,848,0
14838,38,75,848,1
16913,38,75,848,0
19335,38,75,848,1
5137,14,80,25,1
7363,14,80,25,0
8702,14,80,25,1
19380,14,80,25,1
5161,24,68,250,0
13671,24,68,250,0
19128,24,68,250,0
20770,24,68,250,1
5162,35,36,694,1
6366,35,36,694,1
8543,35,36,694,1
20123,35,36,694,1
5165,26,78,333,0
14188,26,78,333,1
16760,26,78,333,0
17143,26,78,333,0
5166,30,62,483,1
8895,30,62,483,1
19305,30,62,483,1
20676,30,62,483,1
5176,55,61,1363,0
13313,55,61,1363,0
17548,55,61,1363,1
19238,55,61,1363,0
5181,33,65,620,0
7512,33,65,620,1
10371,33,65,620,1
20076,33,65,620,1
5187,54,50,1324,1
5321,54,50,1324,1
6328,54,50,1324,1
11299,54,50,1324,1
5191,45,79,1084,1
8383,45,79,1084,0
10093,45,79,1084,1
10280,45,79,1084,0
5192,46,51,1107,0
7519,46,51,1107,1
9741,46,51,1107,0
20492,46,51,1107,0
5201,25,76,293,1
5397,25,76,293,1
11607,25,76,293,1
18069,25,76,293,1
5205,54,55,1329,1
6028,54,55,1329,0
9908,54,55,1329,1
17400,54,55,1329,0
5219,40,20,901,0
9013,40,20,901,0
10021,40,20,901,1
11353,40,20,901,0
5225,22,64,166,1
10504,22,64,166,1
18960,22,64,166,1
20630,22,64,166,1
5226,75,64,1601,0
8801,75,64,1601,0
15184,75,64,1601,1
15239,75,64,1601,0
5227,30,65,486,1
7604,30,65,486,1
18672,30,65,486,1
19444,30,65,486,1
5228,45,44,1067,0
5248,45,44,1067,1
6904,45,44,1067,1
15934,45,44,1067,0
5246,69,84,1538,1
12289,69,84,1538,0
18691,69,84,1538,0
20560,69,84,1538,0
5252,39,70,889,0
15153,39,70,889,0
19540,39,70,889,1
20304,39,70,889,1
5255,29,48,430,1
15051,29,48,430,1
15460,29,48,430,1
15755,29,48,430,1
5259,20,70,96,1
9153,20,70,96,1
11193,20,70,96,1
13294,20,70,96,1
5266,53,91,1316,1
6021,53,91,1316,0
9044,53,91,1316,1
9884,53,91,1316,0
5269,21,60,123,0
6799,21,60,123,1
13118,21,60,123,0
15013,21,60,123,1
5272,44,76,1050,0
10723,44,76,1050,1
12339,44,76,1050,0
14681,44,76,1050,0
5275,28,36,379,0
7379,28,36,379,1
12561,28,36,379,0
15960,28,36,379,1
5284,55,69,1367,0
10651,55,69,1367,0
17787,55,69,1367,1
18732,55,69,1367,1
5288,38,40,829,1
7151,38,40,829,0
12277,38,40,829,1
17526,38,40,829,0
5291,40,67,925,1
7211,40,67,925,0
8914,40,67,925,0
11499,40,67,925,0
5313,66,75,1513,0
6273,66,75,1513,1
9951,66,75,1513,0
12362,66,75,1513,0
5315,29,70,449,0
16391,29,70,449,1
16925,29,70,449,0
17931,29,70,449,1
5316,18,65,52,0
8744,18,65,52,0
10789,18,65,52,1
12028,18,65,52,0
16650,18,65,52,0
5331,30,82,494,0
18006,30,82,494,0
18549,30,82,494,1
18837,30,82,494,0
5335,54,53,1327,0
9362,54,53,1327,0
15822,54,53,1327,1
16983,54,53,1327,0
5352,23,49,191,1
6414,23,49,191,0
12329,23,49,191,1
15667,23,49,191,1
5353,59,65,1456,1
7453,59,65,1456,0
9237,59,65,1456,0
18752,59,65,1456,0
5356,53,7,1290,0
11089,53,7,1290,0
11102,53,7,1290,1
11397,53,7,1290,0
5367,17,74,44,1
8376,17,74,44,0
10496,17,74,44,1
17352,17,74,44,0
5395,51,86,1262,1
5981,51,86,1262,0
15820,51,86,1262,0
15823,51,86,1262,0
5399,66,55,1507,1
5812,66,55,1507,0
8789,66,55,1507,0
19660,66,55,1507,0
5405,80,76,1636,1
11087,80,76,1636,0
11205,80,76,1636,0
16201,80,76,1636,0
5415,50,46,1224,0
7272,50,46,1224,1
14205,50,46,1224,0
15690,50,46,1224,1
5423,47,37,1130,1
8711,47,37,1130,0
11804,47,37,1130,0
19876,47,37,1130,1
5438,39,55,880,1
11771,39,55,880,0
14393,39,55,880,0
14684,39,55,880,1
5447,22,79,179,0
8652,22,79,179,1
12516,22,79,179,1
19220,22,79,179,0
5450,58,93,1445,0
10332,58,93,1445,1
11244,58,93,1445,1
11803,58,93,1445,0
5455,76,106,1620,0
5960,76,106,1620,0
11065,76,106,1620,1
12483,76,106,1620,0
5456,26,73,329,0
8148,26,73,329,1
9175,26,73,329,1
17505,26,73,329,1
5461,51,65,1259,1
8813,51,65,1259,1
15914,51,65,1259,0
19694,51,65,1259,0
5463,23,63,205,1
5765,23,63,205,1
14468,23,63,205,0
15381,23,63,205,0
5471,23,82,222,0
6000,23,82,222,0
17580,23,82,222,0
19767,23,82,222,1
5474,39,50,875,1
7057,39,50,875,1
10206,39,50,875,1
19919,39,50,875,1
5482,35,66,719,1
8227,35,66,719,0
19292,35,66,719,0
20190,35,66,719,0
5484,34,75,677,1
10387,34,75,677,1
15909,34,75,677,1
16470,34,75,677,0
5485,31,43,505,1
15872,31,43,505,0
17604,31,43,505,1
20690,31,43,505,0
5492,42,55,981,0
11888,42,55,981,0
17766,42,55,981,1
19913,42,55,981,0
5501,22,43,145,1
15368,22,43,145,0
18324,22,43,145,1
5509,27,40,343,1
9074,27,40,343,0
11517,27,40,343,0
14823,27,40,343,0
5512,68,85,1526,1
14621,68,85,1526,0
17586,68,85,1526,1
19108,68,85,1526,0
5518,22,80,180,0
14073,22,80,180,1
18060,22,80,180,0
19802,22,80,180,1
5526,20,71,97,0
14660,20,71,97,1
19375,20,71,97,0
20439,20,71,97,0
5527,43,23,993,0
9832,43,23,993,1
15616,43,23,993,0
16961,43,23,993,0
5537,56,67,1399,1
13696,56,67,1399,0
17167,56,67,1399,1
18037,56,67,1399,1
5559,27,50,352,1
5589,27,50,352,1
14506,27,50,352,1
16516,27,50,352,1
5561,50,55,1232,0
10195,50,55,1232,0
13801,50,55,1232,0
16451,50,55,1232,1
5573,72,77,1567,1
15570,72,77,1567,0
16253,72,77,1567,0
19889,72,77,1567,0
5581,19,83,83,1
7778,19,83,83,1
10156,19,83,83,1
13798,19,83,83,1
5597,57,53,1411,1
18914,57,53,1411,1
18966,57,53,1411,1
19693,57,53,1411,1
5603,38,25,818,1
7533,38,25,818,0
7910,38,25,818,0
11309,38,25,818,0
5612,72,67,1565,1
14104,72,67,1565,1
15925,72,67,1565,1
16378,72,67,1565,1
5614,21,80,141,0
17348,21,80,141,1
17547,21,80,141,0
18621,21,80,141,0
5617,36,75,766,0
6353,36,75,766,1
8653,36,75,766,0
10589,36,75,766,1
5618,75,65,1602,1
15020,75,65,1602,0
19844,75,65,1602,1
20697,75,65,1602,0
5647,33,72,627,1
13004,33,72,627,0
19394,33,72,627,0
19953,33,72,627,1
5661,73,89,1578,0
6061,73,89,1578,1
9764,73,89,1578,0
13625,73,89,1578,0
5673,61,63,1479,0
9838,61,63,1479,0
9970,61,63,1479,0
16228,61,63,1479,1
5677,35,59,716,1
9762,35,59,716,1
16033,35,59,716,1
19417,35,59,716,1
5678,49,69,1206,0
6448,49,69,1206,1
7039,49,69,1206,0
11603,49,69,1206,0
5682,37,54,798,0
5932,37,54,798,1
6909,37,54,798,1
18711,37,54,798,0
5685,33,30,587,0
8073,33,30,587,1
8238,33,30,587,1
17358,33,30,587,1
5686,25,52,273,1
7559,25,52,273,1
10163,25,52,273,0
18575,25,52,273,1
5694,35,46,704,0
9589,35,46,704,1
15962,35,46,704,0
19739,35,46,704,0
5713,78,111,1632,0
9536,78,111,1632,1
16315,78,111,1632,0
16944,78,111,1632,0
5716,42,24,963,1
14836,42,24,963,0
15612,42,24,963,0
19955,42,24,963,0
5724,41,50,944,1
8984,41,50,944,0
10854,41,50,944,1
20670,41,50,944,1
5726,56,66,1398,1
8187,56,66,1398,1
9981,56,66,1398,1
10806,56,66,1398,1
5732,58,84,1442,1
17470,58,84,1442,0
17678,58,84,1442,0
20325,58,84,1442,0
5733,50,14,1219,0
5749,50,14,1219,0
7280,50,14,1219,0
10478,50,14,1219,1
5745,41,38,940,0
14841,41,38,940,1
16965,41,38,940,0
19085,41,38,940,1
5747,44,79,1053,0
5919,44,79,1053,1
6191,44,79,1053,0
7822,44,79,1053,0
5761,59,69,1457,1
15591,59,69,1457,0
18068,59,69,1457,0
20769,59,69,1457,1
5780,18,79,60,0
8766,18,79,60,1
15363,18,79,60,0
20358,18,79,60,0
5794,36,69,760,1
13067,36,69,760,1
14992,36,69,760,0
19942,36,69,760,0
5800,37,70,803,0
9240,37,70,803,0
10659,37,70,803,1
12870,37,70,803,0
5802,54,21,1321,0
9528,54,21,1321,1
12758,54,21,1321,0
15892,54,21,1321,0
5821,23,60,202,0
15924,23,60,202,1
19450,23,60,202,0
19692,23,60,202,0
5830,48,71,1180,0
8700,48,71,1180,0
9049,48,71,1180,1
15763,48,71,1180,0
5838,47,55,1139,1
8922,47,55,1139,0
14048,47,55,1139,0
20549,47,55,1139,0
5855,33,50,606,1
14260,33,50,606,1
17489,33,50,606,1
18401,33,50,606,1
5865,37,20,769,0
13775,37,20,769,0
13858,37,20,769,0
19248,37,20,769,1
5878,39,78,895,0
6531,39,78,895,0
8052,39,78,895,1
15683,39,78,895,1
5885,20,61,91,0
6586,20,61,91,0
11403,20,61,91,1
19614,20,61,91,0
5889,50,53,1231,0
6556,50,53,1231,1
12098,50,53,1231,1
17907,50,53,1231,0
5905,23,84,224,1
6073,23,84,224,1
7194,23,84,224,1
9746,23,84,224,1
5922,56,84,1403,0
11043,56,84,1403,1
14767,56,84,1403,0
16245,56,84,1403,0
5934,59,70,1458,0
6482,59,70,1458,1
12602,59,70,1458,0
18039,59,70,1458,0
5951,76,64,1611,0
6407,76,64,1611,0
10692,76,64,1611,0
14625,76,64,1611,1
5988,28,49,390,1
11819,28,49,390,0
19386,28,49,390,1
20749,28,49,390,1
5994,56,90,1405,0
6852,56,90,1405,1
11913,56,90,1405,0
12332,56,90,1405,0
6002,64,55,1494,0
8158,64,55,1494,1
10450,64,55,1494,0
17827,64,55,1494,1
6020,25,77,294,1
7685,25,77,294,1
9355,25,77,294,0
10548,25,77,294,1
6022,37,32,778,1
6415,37,32,778,1
12305,37,32,778,1
17802,37,32,778,0
6038,53,69,1310,0
14987,53,69,1310,1
15379,53,69,1310,0
18686,53,69,1310,1
6043,52,90,1286,1
8210,52,90,1286,1
11744,52,90,1286,1
14804,52,90,1286,1
6050,82,76,1640,1
8439,82,76,1640,0
19005,82,76,1640,0
20273,82,76,1640,0
6069,72,56,1561,1
10258,72,56,1561,0
18074,72,56,1561,0
18920,72,56,1561,0
6075,74,68,1590,1
12021,74,68,1590,1
12163,74,68,1590,1
14712,74,68,1590,0
6092,52,65,1281,1
9267,52,65,1281,0
11976,52,65,1281,1
14081,52,65,1281,0
6093,56,7,1379,0
10864,56,7,1379,1
11410,56,7,1379,1
13028,56,7,1379,0
6099,40,49,915,1
7787,40,49,915,1
15629,40,49,915,1
17441,40,49,915,1
6102,46,42,1103,0
12355,46,42,1103,1
15531,46,42,1103,0
19943,46,42,1103,0
6105,21,82,142,1
6678,21,82,142,0
11147,21,82,142,1
13084,21,82,142,0
6106,55,64,1364,0
12848,55,64,1364,0
17623,55,64,1364,1
17841,55,64,1364,0
6117,54,91,1343,0
8395,54,91,1343,1
13005,54,91,1343,1
14895,54,91,1343,0
6119,62,59,1485,0
8838,62,59,1485,1
14680,62,59,1485,0
16947,62,59,1485,0
6140,23,68,210,0
6960,23,68,210,0
13105,23,68,210,1
17331,23,68,210,0
6144,34,73,675,1
10790,34,73,675,0
16494,34,73,675,1
17427,34,73,675,0
6153,23,55,197,1
7936,23,55,197,1
17719,23,55,197,1
18934,23,55,197,1
6182,35,71,723,1
6644,35,71,723,1
17431,35,71,723,1
19273,35,71,723,1
6183,71,65,1555,1
8047,71,65,1555,0
13332,71,65,1555,0
16617,71,65,1555,0
6193,32,54,563,1
6943,32,54,563,1
15864,32,54,563,1
20298,32,54,563,1
6196,36,40,741,1
13511,36,40,741,1
17306,36,40,741,1
19602,36,40,741,1
6211,48,52,1172,1
14295,48,52,1172,1
15126,48,52,1172,1
18888,48,52,1172,1
6213,75,74,1607,0
6294,75,74,1607,1
8937,75,74,1607,0
14180,75,74,1607,0
6223,71,77,1557,0
9576,71,77,1557,0
11049,71,77,1557,1
20682,71,77,1557,0
6224,19,72,72,0
9193,19,72,72,1
14554,19,72,72,0
15875,19,72,72,0
6228,32,64,572,0
7325,32,64,572,1
9184,32,64,572,1
16381,32,64,572,1
6249,37,96,809,0
12204,37,96,809,0
13121,37,96,809,1
14526,37,96,809,0
6252,30,26,455,0
9503,30,26,455,0
14240,30,26,455,0
15792,30,26,455,1
20256,30,26,455,0
6254,33,42,599,1
15098,33,42,599,0
16097,33,42,599,1
16728,33,42,599,0
6257,45,81,1086,0
13725,45,81,1086,1
18404,45,81,1086,0
18554,45,81,1086,1
6259,25,50,271,1
7577,25,50,271,1
18187,25,50,271,1
18592,25,50,271,1
6262,23,72,214,1
10761,23,72,214,0
17566,23,72,214,0
20700,23,72,214,0
6267,18,78,59,1
8707,18,78,59,1
12337,18,78,59,1
13063,18,78,59,0
6269,37,102,812,0
6508,37,102,812,0
10418,37,102,812,0
16710,37,102,812,1
6272,25,46,267,1
16696,25,46,267,0
17318,25,46,267,1
18900,25,46,267,0
6290,35,38,696,1
12169,35,38,696,0
13567,35,38,696,1
19447,35,38,696,0
6297,52,12,1269,0
11874,52,12,1269,1
13946,52,12,1269,0
20747,52,12,1269,0
6303,55,51,1354,1
12666,55,51,1354,1
16671,55,51,1354,1
20625,55,51,1354,1
6319,54,18,1319,1
6416,54,18,1319,0
12748,54,18,1319,0
19492,54,18,1319,0
6337,53,66,1308,0
6765,53,66,1308,0
13478,53,66,1308,0
18033,53,66,1308,1
6339,26,77,332,0
8473,26,77,332,1
11064,26,77,332,0
14476,26,77,332,0
6352,31,80,533,0
6775,31,80,533,0
14634,31,80,533,1
18971,31,80,533,0
6377,46,93,1119,0
8665,46,93,1119,0
12520,46,93,1119,1
14847,46,93,1119,0
6379,33,60,615,1
8528,33,60,615,0
16481,33,60,615,0
16490,33,60,615,1
6380,36,57,756,0
7068,36,57,756,1
20134,36,57,756,1
20225,36,57,756,1
6401,34,67,669,1
6630,34,67,669,1
19519,34,67,669,1
20376,34,67,669,1
6404,52,87,1284,1
7230,52,87,1284,0
10586,52,87,1284,0
13025,52,87,1284,1
6411,37,35,781,1
7845,37,35,781,1
8324,37,35,781,1
16058,37,35,781,1
6422,46,49,1105,0
7433,46,49,1105,1
15177,46,49,1105,0
19702,46,49,1105,0
6464,34,71,673,1
11217,34,71,673,1
14383,34,71,673,0
20322,34,71,673,1
6465,26,68,324,0
10632,26,68,324,0
12447,26,68,324,1
19640,26,68,324,0
6469,33,36,593,1
11897,33,36,593,1
12619,33,36,593,1
17068,33,36,593,0
6477,31,49,511,1
6627,31,49,511,1
15669,31,49,511,0
20709,31,49,511,0
6491,33,41,598,0
7270,33,41,598,1
7663,33,41,598,1
10004,33,41,598,1
6493,24,47,229,1
10970,24,47,229,1
13808,24,47,229,1
17119,24,47,229,1
6517,24,56,238,1
7995,24,56,238,1
8593,24,56,238,1
17230,24,56,238,1
6524,55,57,1359,1
6754,55,57,1359,1
12492,55,57,1359,0
15411,55,57,1359,0
6526,49,19,1188,1
8851,49,19,1188,1
18810,49,19,1188,0
20607,49,19,1188,0
6536,32,25,537,0
10147,32,25,537,1
20446,32,25,537,0
20653,32,25,537,0
6544,32,61,570,1
6772,32,61,570,0
7583,32,61,570,1
9515,32,61,570,0
6573,26,38,298,1
15002,26,38,298,0
15532,26,38,298,0
17630,26,38,298,0
6584,23,52,194,1
9816,23,52,194,1
16668,23,52,194,1
18528,23,52,194,1
6596,39,44,872,1
7119,39,44,872,0
14839,39,44,872,1
18690,39,44,872,0
6609,34,69,671,1
9230,34,69,671,1
12505,34,69,671,1
19279,34,69,671,1
6611,56,74,1402,0
12423,56,74,1402,0
16037,56,74,1402,1
20085,56,74,1402,0
6613,78,56,1629,0
8193,78,56,1629,0
16213,78,56,1629,0
18145,78,56,1629,1
6623,44,77,1051,0
18112,44,77,1051,0
18245,44,77,1051,1
19268,44,77,1051,1
6635,46,81,1118,1
13973,46,81,1118,0
17576,46,81,1118,1
18701,46,81,1118,0
6673,25,71,288,1
13623,25,71,288,0
19515,25,71,288,0
20133,25,71,288,1
6675,59,52,1452,0
8716,59,52,1452,1
11505,59,52,1452,1
16013,59,52,1452,1
6676,83,115,1643,1
8763,83,115,1643,0
10712,83,115,1643,0
12817,83,115,1643,0
6680,40,55,921,0
7447,40,55,921,0
17812,40,55,921,1
20422,40,55,921,0
6720,53,53,1300,0
6750,53,53,1300,1
12754,53,53,1300,0
16064,53,53,1300,0
6729,35,37,695,1
14449,35,37,695,1
16793,35,37,695,1
18803,35,37,695,1
6742,54,16,1318,1
9299,54,16,1318,1
11187,54,16,1318,1
20484,54,16,1318,1
6753,29,75,452,0
10185,29,75,452,0
18596,29,75,452,1
20502,29,75,452,0
6756,42,77,989,0
7837,42,77,989,1
9588,42,77,989,1
19184,42,77,989,1
6758,28,43,384,1
10521,28,43,384,1
14122,28,43,384,1
20729,28,43,384,1
6769,58,64,1434,0
7955,58,64,1434,0
8038,58,64,1434,0
12966,58,64,1434,1
6806,28,45,386,1
14230,28,45,386,1
18840,28,45,386,1
19575,28,45,386,1
6809,30,44,466,1
16146,30,44,466,0
16541,30,44,466,1
19691,30,44,466,0
6815,24,66,248,0
17012,24,66,248,1
18982,24,66,248,0
19118,24,66,248,1
6821,34,62,664,1
10568,34,62,664,1
16216,34,62,664,1
17118,34,62,664,1
6826,47,16,1121,1
9793,47,16,1121,1
14550,47,16,1121,0
19555,47,16,1121,1
6830,49,55,1203,1
10653,49,55,1203,0
10917,49,55,1203,0
20041,49,55,1203,1
6833,50,19,1220,1
8903,50,19,1220,0
15396,50,19,1220,0
17615,50,19,1220,0
6841,31,55,517,1
9010,31,55,517,1
9542,31,55,517,1
19339,31,55,517,1
6842,37,100,811,0
13935,37,100,811,0
14690,37,100,811,0
14853,37,100,811,1
6851,68,102,1529,0
7482,68,102,1529,0
10948,68,102,1529,0
11082,68,102,1529,1
6858,21,49,115,0
6972,21,49,115,1
7228,21,49,115,0
7483,21,49,115,0
6865,53,86,1312,0
10946,53,86,1312,1
12710,53,86,1312,0
13518,53,86,1312,0
6866,17,77,47,1
8248,17,77,47,0
10023,17,77,47,1
15717,17,77,47,0
6884,20,46,86,0
17202,20,46,86,0
17258,20,46,86,0
20155,20,46,86,1
6911,23,78,220,1
8018,23,78,220,1
8879,23,78,220,1
8887,23,78,220,1
6919,31,57,519,1
15630,31,57,519,1
17534,31,57,519,1
18634,31,57,519,1
6920,45,61,1077,0
7734,45,61,1077,0
17789,45,61,1077,0
18790,45,61,1077,1
6957,29,66,445,1
7301,29,66,445,1
7539,29,66,445,1
9137,29,66,445,1
6977,38,28,820,0
7790,38,28,820,0
14857,38,28,820,1
17701,38,28,820,1
6984,30,48,470,1
14692,30,48,470,1
17429,30,48,470,1
19106,30,48,470,1
6987,58,53,1429,1
7479,58,53,1429,1
12573,58,53,1429,1
12915,58,53,1429,1
7002,39,20,856,0
13716,39,20,856,0
17063,39,20,856,1
19712,39,20,856,1
7003,22,68,169,1
8562,22,68,169,0
9313,22,68,169,0
18311,22,68,169,0
7017,54,19,1320,1
14324,54,19,1320,0
15147,54,19,1320,0
16355,54,19,1320,0
7027,38,56,841,1
8786,38,56,841,0
10396,38,56,841,0
15081,38,56,841,0
7049,46,15,1089,1
9599,46,15,1089,0
9694,46,15,1089,1
20481,46,15,1089,1
7062,34,46,650,0
12989,34,46,650,1
15295,34,46,650,0
17197,34,46,650,0
7095,28,50,391,1
7507,28,50,391,1
17765,28,50,391,1
18176,28,50,391,1
7098,43,63,1015,0
14569,43,63,1015,1
15915,43,63,1015,1
18161,43,63,1015,0
7101,50,78,1239,1
14444,50,78,1239,0
16704,50,78,1239,0
17425,50,78,1239,0
7114,61,79,1481,0
10312,61,79,1481,1
12947,61,79,1481,0
20524,61,79,1481,0
7118,46,54,1109,0
8633,46,54,1109,1
19865,46,54,1109,0
19984,46,54,1109,1
7120,49,25,1192,1
8769,49,25,1192,0
10019,49,25,1192,1
13920,49,25,1192,0
7123,74,67,1589,1
9483,74,67,1589,1
14500,74,67,1589,1
15503,74,67,1589,1
7124,25,75,292,0
8444,25,75,292,1
10535,25,75,292,0
18580,25,75,292,1
7125,77,62,1623,1
14256,77,62,1623,1
17299,77,62,1623,0
19952,77,62,1623,0
7127,42,44,974,0
10520,42,44,974,1
14381,42,44,974,0
17642,42,44,974,0
7156,33,27,585,0
12320,33,27,585,1
18080,33,27,585,1
19711,33,27,585,0
7162,38,38,828,1
11681,38,38,828,1
17795,38,38,828,1
18848,38,38,828,1
7166,75,66,1603,1
11151,75,66,1603,1
14541,75,66,1603,1
15187,75,66,1603,1
7171,74,69,1591,0
7505,74,69,1591,0
14899,74,69,1591,1
18437,74,69,1591,0
7177,57,51,1409,1
7328,57,51,1409,1
15287,57,51,1409,1
20409,57,51,1409,1
7183,38,64,844,0
16054,38,64,844,0
18269,38,64,844,1
19949,38,64,844,0
7185,58,66,1436,1
11373,58,66,1436,1
17861,58,66,1436,0
18526,58,66,1436,0
7202,28,59,396,1
16028,28,59,396,1
16374,28,59,396,1
18829,28,59,396,1
7207,52,16,1270,0
10670,52,16,1270,0
15467,52,16,1270,0
19261,52,16,1270,1
7215,43,55,1014,1
9850,43,55,1014,0
12576,43,55,1014,1
12886,43,55,1014,0
7223,36,55,755,0
19342,36,55,755,0
19465,36,55,755,1
19639,36,55,755,1
7257,25,72,289,0
11703,25,72,289,0
18433,25,72,289,1
19769,25,72,289,0
7268,52,51,1277,1
12408,52,51,1277,1
16117,52,51,1277,1
19771,52,51,1277,0
7281,21,48,114,1
7292,36,48,748,0
7436,36,48,748,1
10989,36,48,748,1
11576,36,48,748,0
7317,45,36,1065,1
11923,45,36,1065,1
14428,45,36,1065,0
18294,45,36,1065,1
7342,43,53,1012,1
7819,43,53,1012,0
8500,43,53,1012,0
15742,43,53,1012,1
7356,50,22,1223,0
14602,50,22,1223,1
14968,50,22,1223,0
17826,50,22,1223,0
7361,26,51,309,1
13390,26,51,309,1
16755,26,51,309,1
20491,26,51,309,1
7381,88,122,1647,0
7772,88,122,1647,0
11541,88,122,1647,1
16007,88,122,1647,0
7382,41,63,953,1
16398,41,63,953,0
18330,41,63,953,0
20496,41,63,953,0
7383,22,78,178,0
14244,22,78,178,0
15956,22,78,178,1
18875,22,78,178,1
7385,43,28,998,1
8553,43,28,998,1
17584,43,28,998,0
17866,43,28,998,0
7393,23,46,188,1
18446,23,46,188,1
18564,23,46,188,1
20637,23,46,188,0
7394,51,26,1249,1
9668,51,26,1249,0
9826,51,26,1249,0
12471,51,26,1249,0
7440,34,55,658,1
16204,34,55,658,1
16428,34,55,658,1
20344,34,55,658,1
7444,12,69,14,1
8019,12,69,14,1
18322,12,69,14,0
19954,12,69,14,0
7457,37,72,805,1
10640,37,72,805,0
18553,37,72,805,1
19833,37,72,805,1
7473,42,50,977,0
15769,42,50,977,0
15846,42,50,977,1
16907,42,50,977,1
7485,33,37,594,1
7924,33,37,594,1
16678,33,37,594,1
19869,33,37,594,1
7488,38,51,836,1
11984,38,51,836,1
14803,38,51,836,1
18512,38,51,836,1
7510,49,86,1212,1
7626,49,86,1212,0
14358,49,86,1212,0
20400,49,86,1212,0
7526,28,68,405,0
13088,28,68,405,0
13590,28,68,405,0
15782,28,68,405,1
7530,23,58,200,1
11365,23,58,200,1
12962,23,58,200,1
19355,23,58,200,1
7540,29,47,429,1
8062,29,47,429,1
14494,29,47,429,1
19358,29,47,429,1
7542,48,48,1169,0
13235,48,48,1169,1
15595,48,48,1169,0
19735,48,48,1169,0
7558,22,54,156,1
14339,22,54,156,1
15121,22,54,156,1
20113,22,54,156,1
7575,48,69,1179,0
11296,48,69,1179,0
12879,48,69,1179,0
15348,48,69,1179,1
7588,76,73,1616,0
11032,76,73,1616,1
11869,76,73,1616,0
16700,76,73,1616,0
7589,31,44,506,0
8388,31,44,506,1
13668,31,44,506,0
20241,31,44,506,0
7591,36,20,729,0
16137,36,20,729,0
19964,36,20,729,1
20178,36,20,729,0
7610,44,36,1034,0
16286,44,36,1034,0
17249,44,36,1034,1
18088,44,36,1034,1
7621,50,20,1221,1
9398,50,20,1221,0
19416,50,20,1221,1
20005,50,20,1221,1
7622,53,60,1305,0
9334,53,60,1305,1
10618,53,60,1305,0
15916,53,60,1305,0
7629,76,67,1614,0
9386,76,67,1614,1
9854,76,67,1614,0
19021,76,67,1614,1
7642,23,77,219,1
11095,23,77,219,1
14998,23,77,219,1
19265,23,77,219,1
7651,11,76,11,1
11970,11,76,11,0
12036,11,76,11,1
20148,11,76,11,0
7667,22,47,149,1
11657,22,47,149,0
14014,22,47,149,1
16346,22,47,149,0
17048,22,47,149,0
7672,17,73,43,0
9681,17,73,43,1
17771,17,73,43,1
17999,17,73,43,0
7704,50,67,1234,1
15436,50,67,1234,0
17723,50,67,1234,0
20318,50,67,1234,0
7708,71,55,1551,1
18513,71,55,1551,0
19329,71,55,1551,1
20102,71,55,1551,0
7710,32,26,538,0
7971,32,26,538,0
14777,32,26,538,0
17125,32,26,538,1
7720,35,58,715,1
10377,35,58,715,1
13443,35,58,715,1
14688,35,58,715,1
7744,35,73,725,0
8195,35,73,725,1
17887,35,73,725,1
18113,35,73,725,1
7750,34,59,662,0
7947,34,59,662,0
17648,34,59,662,1
17960,34,59,662,1
7757,41,57,951,0
15432,41,57,951,1
15812,41,57,951,1
16248,41,57,951,1
7763,25,45,266,1
12101,25,45,266,1
14555,25,45,266,0
15985,25,45,266,1
7838,24,60,242,0
12112,24,60,242,1
16279,24,60,242,1
19653,24,60,242,0
7843,41,22,930,0
15787,41,22,930,0
16608,41,22,930,0
19210,41,22,930,1
7844,33,62,617,1
11000,33,62,617,1
13349,33,62,617,1
15341,33,62,617,1
7866,26,86,337,0
16688,26,86,337,0
20412,26,86,337,0
20710,26,86,337,1
7876,30,39,461,0
14590,30,39,461,0
16437,30,39,461,1
18901,30,39,461,1
7877,38,49,834,1
12775,38,49,834,1
16482,38,49,834,0
16807,38,49,834,0
7894,39,34,864,1
7976,39,34,864,0
16072,39,34,864,1
20497,39,34,864,1
7912,49,73,1209,0
10665,49,73,1209,0
12794,49,73,1209,1
18997,49,73,1209,0
7938,20,82,106,1
11267,20,82,106,1
14071,20,82,106,0
14996,20,82,106,0
7941,28,67,404,0
12344,28,67,404,0
13420,28,67,404,1
19797,28,67,404,0
7954,32,33,543,1
15427,32,33,543,1
17111,32,33,543,0
19315,32,33,543,1
7963,32,81,581,1
8885,32,81,581,0
9759,32,81,581,0
18663,32,81,581,0
7974,26,66,322,1
9028,26,66,322,0
15777,26,66,322,1
17896,26,66,322,0
8034,22,56,158,1
9620,22,56,158,1
15001,22,56,158,0
20353,22,56,158,1
8048,47,96,1150,0
9412,47,96,1150,1
10527,47,96,1150,0
13718,47,96,1150,0
8050,50,49,1227,1
14502,50,49,1227,1
16941,50,49,1227,1
19098,50,49,1227,1
8077,57,88,1424,1
9861,57,88,1424,0
10181,57,88,1424,0
12846,57,88,1424,0
8091,35,39,697,0
13489,35,39,697,1
16722,35,39,697,0
19915,35,39,697,1
8138,31,56,518,1
8379,31,56,518,1
8978,31,56,518,1
15163,31,56,518,1
8147,72,58,1563,1
11790,72,58,1563,0
17712,72,58,1563,0
18542,72,58,1563,1
8170,40,34,906,1
9823,40,34,906,1
19195,40,34,906,0
19483,40,34,906,1
8182,67,93,1519,0
11614,67,93,1519,0
12077,67,93,1519,1
12555,67,93,1519,0
8198,32,82,582,0
8632,32,82,582,0
14673,32,82,582,1
20720,32,82,582,0
8201,61,53,1477,0
15220,61,53,1477,0
16095,61,53,1477,0
17869,61,53,1477,1
8206,49,20,1189,1
12899,49,20,1189,0
18237,49,20,1189,1
18755,49,20,1189,1
8219,37,81,808,0
16959,37,81,808,1
19155,37,81,808,0
20210,37,81,808,0
8228,70,64,1543,1
11137,70,64,1543,0
17222,70,64,1543,1
19321,70,64,1543,0
8273,55,19,1351,0
14189,55,19,1351,1
19648,55,19,1351,1
20462,55,19,1351,0
8306,30,64,485,1
9371,30,64,485,1
13268,30,64,485,1
20754,30,64,485,1
8330,49,50,1198,0
12825,49,50,1198,0
16580,49,50,1198,1
19752,49,50,1198,0
8336,52,11,1268,0
12590,52,11,1268,1
19015,52,11,1268,0
19478,52,11,1268,0
8341,82,77,1641,0
9567,82,77,1641,0
13711,82,77,1641,1
20532,82,77,1641,0
8351,68,58,1522,1
10600,68,58,1522,0
14780,68,58,1522,0
20151,68,58,1522,0
8380,39,22,858,0
10585,39,22,858,0
19269,39,22,858,1
19946,39,22,858,0
8387,40,27,904,0
10259,40,27,904,0
11531,40,27,904,1
18618,40,27,904,0
8390,43,68,1017,0
18624,43,68,1017,1
18970,43,68,1017,0
20508,43,68,1017,0
8393,11,70,10,0
14929,11,70,10,0
15658,11,70,10,0
20577,11,70,10,1
8434,39,43,871,0
12931,39,43,871,0
14927,39,43,871,1
17961,39,43,871,0
8445,47,54,1138,1
12350,47,54,1138,0
13113,47,54,1138,1
18698,47,54,1138,1
8447,57,77,1423,0
8968,57,77,1423,1
14835,57,77,1423,0
14924,57,77,1423,0
8478,59,95,1459,0
10403,59,95,1459,0
11444,59,95,1459,1
12095,59,95,1459,0
8483,35,26,686,0
17050,35,26,686,1
20032,35,26,686,0
20099,35,26,686,0
8488,37,38,784,0
14074,37,38,784,0
16935,37,38,784,0
20561,37,38,784,1
8504,33,63,618,0
9050,33,63,618,0
11003,33,63,618,1
16754,33,63,618,1
8571,44,28,1029,1
17310,44,28,1029,0
19308,44,28,1029,1
19646,44,28,1029,0
8619,22,84,184,0
10544,22,84,184,1
11568,22,84,184,1
20001,22,84,184,0
8628,29,61,440,1
9549,29,61,440,0
10133,29,61,440,1
14046,29,61,440,1
8630,43,26,996,0
9664,43,26,996,1
11107,43,26,996,0
17919,43,26,996,0
8646,23,70,212,0
11529,23,70,212,1
12104,23,70,212,0
15610,23,70,212,0
8649,11,77,12,1
9940,11,77,12,0
10170,11,77,12,0
19524,11,77,12,1
8651,53,56,1302,0
18024,53,56,1302,1
18472,53,56,1302,1
20645,53,56,1302,1
8661,33,69,624,1
9072,33,69,624,0
14309,33,69,624,0
17705,33,69,624,0
8682,54,51,1325,1
13870,54,51,1325,1
20274,54,51,1325,1
20382,54,51,1325,1
8684,43,54,1013,0
13731,43,54,1013,1
14474,43,54,1013,1
16911,43,54,1013,0
8706,55,58,1360,0
12663,55,58,1360,0
16290,55,58,1360,1
16987,55,58,1360,0
8717,14,81,26,1
12995,14,81,26,0
17390,14,81,26,1
18876,14,81,26,1
8723,22,75,175,1
13744,22,75,175,1
15443,22,75,175,1
19093,22,75,175,1
8725,36,31,732,0
9201,36,31,732,0
16274,36,31,732,0
16585,36,31,732,1
8745,25,64,285,0
9820,25,64,285,0
12869,25,64,285,0
15343,25,64,285,1
8749,40,76,929,0
9316,40,76,929,1
19177,40,76,929,0
20646,40,76,929,1
8772,45,74,1080,0
16161,45,74,1080,0
16826,45,74,1080,0
17770,45,74,1080,1
8790,32,56,565,1
10153,32,56,565,1
17511,32,56,565,1
20305,32,56,565,1
8811,36,37,738,0
9212,36,37,738,1
12275,36,37,738,1
12979,36,37,738,1
8818,55,87,1371,0
9982,55,87,1371,0
13776,55,87,1371,1
14067,55,87,1371,1
8827,24,54,236,1
14355,24,54,236,1
16436,24,54,236,1
18029,24,54,236,1
8832,42,78,990,0
12037,42,78,990,0
16314,42,78,990,0
18673,42,78,990,1
8837,33,24,583,1
9139,33,24,583,1
10495,33,24,583,1
14394,33,24,583,1
8861,39,93,897,1
11545,39,93,897,0
13045,39,93,897,0
14441,39,93,897,0
8868,32,59,568,1
10037,32,59,568,0
12865,32,59,568,1
16853,32,59,568,0
8884,55,18,1350,1
11183,55,18,1350,0
14892,55,18,1350,0
17809,55,18,1350,0
8939,30,81,493,0
13984,30,81,493,0
15067,30,81,493,0
18456,30,81,493,1
8957,50,51,1229,0
13747,50,51,1229,1
14223,50,51,1229,1
17325,50,51,1229,1
8961,31,70,530,0
12056,31,70,530,0
17032,31,70,530,1
18367,31,70,530,0
8973,36,70,761,0
10564,36,70,761,1
12168,36,70,761,0
20616,36,70,761,1
8995,27,63,365,1
9639,27,63,365,1
15123,27,63,365,1
19934,27,63,365,1
9019,51,58,1256,0
12223,51,58,1256,1
13540,51,58,1256,1
18890,51,58,1256,1
9034,60,64,1473,0
12745,60,64,1473,0
13000,60,64,1473,1
18000,60,64,1473,0
9042,55,72,1368,0
11302,55,72,1368,1
12615,55,72,1368,0
18402,55,72,1368,0
9057,34,49,653,0
11139,34,49,653,0
11453,34,49,653,1
16357,34,49,653,1
9062,40,37,909,0
9698,40,37,909,0
16047,40,37,909,1
16980,40,37,909,1
9065,27,53,355,1
9892,27,53,355,1
15110,27,53,355,1
15589,27,53,355,0
9066,53,9,1291,1
12715,53,9,1291,0
13814,53,9,1291,0
19389,53,9,1291,0
9075,24,69,251,0
11941,24,69,251,1
13402,24,69,251,0
14572,24,69,251,0
9090,41,67,955,0
11381,41,67,955,1
14917,41,67,955,0
19229,41,67,955,0
9092,42,69,987,0
12354,42,69,987,0
14521,42,69,987,1
20371,42,69,987,0
9104,18,81,62,1
11185,18,81,62,1
12647,18,81,62,1
17618,18,81,62,1
9113,42,43,973,1
15415,42,43,973,1
15797,42,43,973,1
20738,42,43,973,1
9124,47,47,1134,0
15473,47,47,1134,1
18293,47,47,1134,1
19362,47,47,1134,0
9128,74,63,1585,1
10226,74,63,1585,0
17138,74,63,1585,0
20750,74,63,1585,0
9133,37,75,807,1
15774,37,75,807,1
18584,37,75,807,0
19495,37,75,807,1
9136,19,81,81,1
12523,19,81,81,1
14635,19,81,81,0
18826,19,81,81,1
9163,67,65,1517,1
9554,67,65,1517,0
11325,67,65,1517,0
13328,67,65,1517,1
9220,10,74,7,0
13447,10,74,7,1
16857,10,74,7,1
20598,10,74,7,0
9231,45,76,1082,1
11707,45,76,1082,0
16077,45,76,1082,0
20048,45,76,1082,1
9234,40,35,907,1
10169,40,35,907,1
11056,40,35,907,1
20533,40,35,907,1
9251,52,57,1279,1
13446,52,57,1279,1
13527,52,57,1279,1
17579,52,57,1279,0
9259,19,73,73,1
12122,19,73,73,1
12225,19,73,73,0
19072,19,73,73,1
9262,41,23,931,0
18906,41,23,931,1
19060,41,23,931,0
19966,41,23,931,0
9269,49,21,1190,1
13700,49,21,1190,1
17433,49,21,1190,1
19034,49,21,1190,1
9287,20,60,90,1
10056,20,60,90,1
19686,20,60,90,0
20202,20,60,90,0
9289,40,18,900,0
11619,40,18,900,0
13537,40,18,900,1
13582,40,18,900,0
9310,18,69,54,0
16565,18,69,54,0
16670,18,69,54,1
17207,18,69,54,0
9377,32,40,550,0
10397,32,40,550,1
11964,32,40,550,1
16174,32,40,550,1
9406,57,62,1415,1
11029,57,62,1415,0
11044,57,62,1415,0
15927,57,62,1415,0
9407,45,22,1058,0
12790,45,22,1058,0
17288,45,22,1058,1
19644,45,22,1058,0
9427,33,74,629,0
12196,33,74,629,1
16645,33,74,629,0
16876,33,74,629,0
9431,57,67,1418,1
13704,57,67,1418,0
14321,57,67,1418,1
20762,57,67,1418,0
9479,49,79,1210,1
10378,49,79,1210,0
17846,49,79,1210,0
19115,49,79,1210,1
9508,30,54,476,1
10357,30,54,476,0
16830,30,54,476,1
17062,30,54,476,1
9514,27,64,366,0
12199,27,64,366,1
16209,27,64,366,1
19980,27,64,366,0
9538,59,105,1462,1
14186,59,105,1462,0
16082,59,105,1462,0
16655,59,105,1462,0
9550,29,67,446,0
17120,29,67,446,1
17140,29,67,446,0
18313,29,67,446,1
9568,36,76,767,0
14484,36,76,767,0
15088,36,76,767,1
19323,36,76,767,0
9571,68,81,1525,0
11084,68,81,1525,1
14007,68,81,1525,0
16923,68,81,1525,0
9578,39,28,861,0
11189,39,28,861,0
16904,39,28,861,1
19870,39,28,861,0
9605,34,52,656,1
13628,34,52,656,1
14481,34,52,656,1
19070,34,52,656,1
9606,48,32,1162,0
14392,48,32,1162,0
17844,48,32,1162,1
18721,48,32,1162,0
9633,48,85,1183,0
11413,48,85,1183,0
19451,48,85,1183,0
19775,48,85,1183,1
9635,42,48,975,1
12052,42,48,975,1
13787,42,48,975,0
14611,42,48,975,1
9703,24,50,232,1
11939,24,50,232,1
12941,24,50,232,1
20692,24,50,232,1
9723,76,71,1615,1
10465,76,71,1615,0
11388,76,71,1615,0
19991,76,71,1615,0
9740,28,40,381,1
13653,28,40,381,1
16613,28,40,381,1
16644,28,40,381,1
9748,21,47,113,0
20695,21,47,113,1
9783,45,64,1078,1
14118,45,64,1078,0
18056,45,64,1078,0
18222,45,64,1078,0
9788,58,73,1439,1
12400,58,73,1439,0
19172,58,73,1439,0
19878,58,73,1439,0
9789,44,57,1045,1
13149,44,57,1045,0
15271,44,57,1045,0
19993,44,57,1045,1
9796,42,35,969,1
17440,42,35,969,1
18267,42,35,969,1
20135,42,35,969,0
9811,14,69,21,1
13815,14,69,21,1
15912,14,69,21,0
20055,14,69,21,0
9840,36,33,734,1
11144,36,33,734,1
15101,36,33,734,1
16236,36,33,734,1
9859,58,56,1432,0
13957,58,56,1432,0
14989,58,56,1432,0
17004,58,56,1432,1
9868,22,69,170,0
11604,22,69,170,0
14594,22,69,170,1
18643,22,69,170,0
9875,45,57,1076,1
10886,45,57,1076,0
16546,45,57,1076,0
19343,45,57,1076,1
9969,21,57,120,0
18899,21,57,120,1
19822,21,57,120,0
20707,21,57,120,0
9971,36,74,765,0
11656,36,74,765,1
15933,36,74,765,0
19981,36,74,765,0
9989,49,56,1204,1
15626,49,56,1204,0
19542,49,56,1204,0
20396,49,56,1204,0
10026,18,70,55,1
10086,18,70,55,0
13827,18,70,55,0
15336,18,70,55,0
10033,47,39,1131,0
19069,47,39,1131,0
19990,47,39,1131,0
20172,47,39,1131,1
10041,46,22,1092,1
10774,46,22,1092,0
18044,46,22,1092,0
19317,46,22,1092,0
10050,28,79,411,0
19037,28,79,411,1
19099,28,79,411,0
20552,28,79,411,0
10072,32,39,549,0
12385,32,39,549,0
17349,32,39,549,1
18807,32,39,549,0
10076,33,55,611,1
14961,33,55,611,1
15809,33,55,611,1
18884,33,55,611,1
10077,47,23,1125,1
14319,47,23,1125,0
14732,47,23,1125,1
18163,47,23,1125,1
10080,46,79,1117,0
11321,46,79,1117,0
13491,46,79,1117,0
17422,46,79,1117,1
10082,41,35,938,1
14385,41,35,938,1
17246,41,35,938,1
17257,41,35,938,1
10097,34,81,681,0
10963,34,81,681,0
11122,34,81,681,0
17888,34,81,681,1
10102,14,73,23,0
13553,14,73,23,0
17573,14,73,23,0
19373,14,73,23,1
10103,46,71,1114,0
13732,46,71,1114,1
14812,46,71,1114,0
16443,46,71,1114,0
10121,47,22,1124,0
12617,47,22,1124,1
15561,47,22,1124,0
18995,47,22,1124,0
10139,66,58,1509,0
11652,66,58,1509,1
18845,66,58,1509,1
19957,66,58,1509,0
10178,24,53,235,1
10260,24,53,235,1
11777,24,53,235,1
16968,24,53,235,1
10207,23,45,187,0
15481,23,45,187,1
19042,23,45,187,1
19858,23,45,187,1
10218,66,60,1510,0
14962,66,60,1510,1
16926,66,60,1510,0
17221,66,60,1510,0
10230,33,44,601,0
15004,33,44,601,1
16106,33,44,601,0
17920,33,44,601,0
10261,58,71,1438,0
11166,58,71,1438,1
17380,58,71,1438,0
20089,58,71,1438,1
10319,42,80,992,1
11308,42,80,992,0
14372,42,80,992,0
20719,42,80,992,0
10337,30,59,480,1
13735,30,59,480,1
18812,30,59,480,0
20191,30,59,480,1
10361,44,63,1047,0
15647,44,63,1047,0
17336,44,63,1047,1
19848,44,63,1047,0
10389,19,80,80,1
11627,19,80,80,1
20642,19,80,80,1
20765,19,80,80,1
10395,44,22,1024,1
11908,44,22,1024,1
15676,44,22,1024,0
18288,44,22,1024,0
10411,35,48,706,1
14734,35,48,706,0
19331,35,48,706,1
20295,35,48,706,1
10431,49,54,1202,1
15557,49,54,1202,0
18962,49,54,1202,1
20404,49,54,1202,1
10480,39,46,873,1
15738,39,46,873,0
15800,39,46,873,1
20271,39,46,873,1
10492,53,17,1293,0
16488,53,17,1293,0
18248,53,17,1293,1
20405,53,17,1293,1
10518,47,15,1120,0
11520,47,15,1120,1
11648,47,15,1120,0
12747,47,15,1120,0
10529,30,49,471,1
13904,30,49,471,0
15010,30,49,471,1
18396,30,49,471,0
10542,67,83,1518,0
10749,67,83,1518,0
13515,67,83,1518,0
19253,67,83,1518,1
10553,21,54,118,1
12312,21,54,118,1
14737,21,54,118,1
20414,21,54,118,1
10571,30,45,467,1
13592,30,45,467,1
15218,30,45,467,1
17934,30,45,467,1
10599,62,65,1486,1
14754,62,65,1486,0
16649,62,65,1486,0
19975,62,65,1486,0
10628,21,65,128,1
13879,21,65,128,0
18049,21,65,128,1
18305,21,65,128,1
10711,26,56,314,1
16429,26,56,314,1
16509,26,56,314,1
19867,26,56,314,1
10743,34,82,682,0
11115,34,82,682,0
14237,34,82,682,1
20538,34,82,682,0
10776,22,76,176,1
12327,22,76,176,1
17079,22,76,176,1
17845,22,76,176,1
10797,44,41,1036,1
13929,44,41,1036,0
15080,44,41,1036,0
18343,44,41,1036,0
10827,45,33,1062,0
15585,45,33,1062,1
15760,45,33,1062,0
17326,45,33,1062,0
10847,31,36,499,1
11247,31,36,499,1
12932,31,36,499,1
19988,31,36,499,0
10855,28,82,414,0
11426,28,82,414,1
18531,28,82,414,0
18604,28,82,414,0
10883,65,106,1506,1
15465,65,106,1506,0
16418,65,106,1506,0
16891,65,106,1506,1
10941,19,76,76,1
14535,19,76,76,0
18032,19,76,76,0
20343,19,76,76,0
10971,34,72,674,0
17262,34,72,674,1
18239,34,72,674,1
18832,34,72,674,1
11015,66,74,1512,0
16605,66,74,1512,0
17915,66,74,1512,0
20179,66,74,1512,1
11036,46,27,1095,0
13306,46,27,1095,0
18031,46,27,1095,1
18758,46,27,1095,0
11092,33,47,604,0
17278,33,47,604,1
19055,33,47,604,1
19973,33,47,604,1
11101,79,79,1635,0
11116,79,79,1635,0
18213,79,79,1635,1
20147,79,79,1635,0
11178,20,69,95,1
13863,20,69,95,0
14086,20,69,95,0
19095,20,69,95,0
11186,56,62,1394,0
17583,56,62,1394,0
18902,56,62,1394,1
19925,56,62,1394,0
11229,38,31,822,1
16383,38,31,822,0
19192,38,31,822,0
20619,38,31,822,1
11238,29,44,426,1
13061,29,44,426,1
16827,29,44,426,1
18391,29,44,426,1
11257,52,49,1275,1
15804,52,49,1275,1
17679,52,49,1275,1
20136,52,49,1275,1
11279,32,63,571,0
14568,32,63,571,0
15261,32,63,571,1
15901,32,63,571,0
11307,31,62,522,0
14433,31,62,522,0
16395,31,62,522,0
17811,31,62,522,1
11361,76,89,1619,0
11552,76,89,1619,1
11864,76,89,1619,0
12501,76,89,1619,0
11384,28,63,400,1
17590,28,63,400,1
20479,28,63,400,1
20755,28,63,400,1
11461,19,79,79,0
16629,19,79,79,0
17280,19,79,79,0
18683,19,79,79,1
11470,71,78,1558,0
11933,71,78,1558,0
12370,71,78,1558,0
17638,71,78,1558,1
11503,39,54,879,0
17043,39,54,879,1
18892,39,54,879,1
20613,39,54,879,1
11547,17,81,49,1
15900,17,81,49,1
16583,17,81,49,1
17676,17,81,49,1
11638,75,67,1604,1
12597,75,67,1604,1
15795,75,67,1604,1
19673,75,67,1604,1
11675,61,55,1478,1
16202,61,55,1478,0
16375,61,55,1478,1
17147,61,55,1478,0
11728,43,44,1006,1
16307,43,44,1006,0
16695,43,44,1006,0
16817,43,44,1006,0
11743,44,52,1041,1
14779,44,52,1041,0
18702,44,52,1041,0
19262,44,52,1041,1
11775,60,52,1465,0
13499,60,52,1465,0
14994,60,52,1465,1
15108,60,52,1465,1
11776,74,81,1595,0
12875,74,81,1595,0
18726,74,81,1595,0
18861,74,81,1595,1
11791,42,49,976,1
13575,42,49,976,1
15563,42,49,976,1
20168,42,49,976,1
11794,76,66,1613,1
16288,76,66,1613,1
16359,76,66,1613,0
19820,76,66,1613,1
11881,64,56,1495,0
14166,64,56,1495,0
18332,64,56,1495,1
19159,64,56,1495,1
11931,27,71,372,0
11958,27,71,372,0
12065,27,71,372,1
18413,27,71,372,1
11938,28,72,409,0
13179,28,72,409,0
20026,28,72,409,1
20235,28,72,409,1
12015,34,78,679,1
12749,34,78,679,0
18843,34,78,679,0
20062,34,78,679,0
12048,21,63,126,1
17110,21,63,126,1
18569,21,63,126,0
18658,21,63,126,0
12093,44,34,1032,1
13933,44,34,1032,0
18296,44,34,1032,0
18713,44,34,1032,1
12139,58,75,1440,0
12895,58,75,1440,1
17272,58,75,1440,0
17805,58,75,1440,0
12161,29,41,423,0
14420,29,41,423,1
14831,29,41,423,1
19084,29,41,423,1
12165,56,53,1386,1
14212,56,53,1386,0
19237,56,53,1386,1
19504,56,53,1386,1
12200,35,49,707,1
16382,35,49,707,0
16929,35,49,707,1
20420,35,49,707,1
12288,26,81,336,0
15448,26,81,336,1
16151,26,81,336,0
18932,26,81,336,1
12364,39,74,892,0
14657,39,74,892,1
15549,39,74,892,1
19666,39,74,892,1
12397,31,38,501,1
13096,31,38,501,1
18319,31,38,501,0
18908,31,38,501,1
12435,28,80,412,0
13287,28,80,412,1
13733,28,80,412,0
19031,28,80,412,0
12439,33,71,626,0
12705,33,71,626,1
17870,33,71,626,0
19424,33,71,626,0
12480,26,42,300,0
16433,26,42,300,1
19379,26,42,300,0
20053,26,42,300,0
12509,50,70,1236,0
15849,50,70,1236,0
17383,50,70,1236,1
18789,50,70,1236,0
12525,26,75,331,0
19160,26,75,331,1
20451,26,75,331,1
20659,26,75,331,0
12540,37,31,777,0
16394,37,31,777,0
20181,37,31,777,1
20567,37,31,777,1
12577,37,57,800,1
14334,37,57,800,1
17958,37,57,800,1
19121,37,57,800,1
12639,21,55,119,0
17619,21,55,119,1
18162,21,55,119,1
20299,21,55,119,0
20680,21,55,119,0
12753,22,46,148,1
17311,22,46,148,1
17401,22,46,148,0
18761,22,46,148,0
12859,55,56,1358,0
13830,55,56,1358,0
15884,55,56,1358,0
17132,55,56,1358,1
12956,20,76,102,1
13951,20,76,102,1
18859,20,76,102,1
20253,20,76,102,1
12981,41,49,943,1
14983,41,49,943,1
16301,41,49,943,1
16880,41,49,943,1
13039,64,60,1497,0
16572,64,60,1497,0
16657,64,60,1497,0
16748,64,60,1497,1
13078,30,46,468,1
13193,30,46,468,0
19104,30,46,468,1
20691,30,46,468,1
13089,32,30,540,1
16567,32,30,540,1
17598,32,30,540,0
18133,32,30,540,1
13114,47,34,1128,1
14113,47,34,1128,0
14722,47,34,1128,0
19916,47,34,1128,0
13125,36,46,746,0
18337,36,46,746,0
19670,36,46,746,0
19951,36,46,746,1
13157,66,76,1514,1
13265,66,76,1514,0
13896,66,76,1514,0
14496,66,76,1514,0
13184,39,71,890,0
18478,39,71,890,0
19814,39,71,890,1
20073,39,71,890,0
13246,23,66,208,1
15311,23,66,208,0
17316,23,66,208,0
19708,23,66,208,1
13325,24,70,252,0
13603,24,70,252,0
16066,24,70,252,0
16999,24,70,252,1
13372,42,63,984,0
17113,42,63,984,0
17523,42,63,984,0
20701,42,63,984,1
13386,21,77,138,1
13434,21,77,138,1
13737,21,77,138,1
16656,21,77,138,1
13387,83,77,1642,0
16619,83,77,1642,0
19900,83,77,1642,1
20320,83,77,1642,0
13439,40,53,919,0
13482,40,53,919,0
14948,40,53,919,1
16714,40,53,919,1
13465,26,44,302,0
16832,26,44,302,1
16924,26,44,302,1
19012,26,44,302,0
13468,27,52,354,1
16036,27,52,354,1
19835,27,52,354,1
20399,27,52,354,1
13566,37,74,806,0
15622,37,74,806,1
16945,37,74,806,1
20698,37,74,806,1
13578,27,68,369,1
16892,27,68,369,0
17458,27,68,369,0
18462,27,68,369,0
13579,42,64,985,0
15017,42,64,985,1
19378,42,64,985,0
20066,42,64,985,1
13602,36,54,754,1
15578,36,54,754,1
16833,36,54,754,1
19746,36,54,754,1
13730,44,78,1052,0
14654,44,78,1052,1
19381,44,78,1052,0
19997,44,78,1052,1
13774,29,63,442,0
13898,29,63,442,1
15724,29,63,442,1
19366,29,63,442,1
13845,60,10,1463,0
15704,60,10,1463,1
19213,60,10,1463,0
19415,60,10,1463,0
14044,51,52,1254,1
15743,51,52,1254,1
16909,51,52,1254,0
20266,51,52,1254,0
14097,42,65,986,0
14653,42,65,986,1
14979,42,65,986,0
18655,42,65,986,0
14202,32,35,545,0
15050,32,35,545,1
15212,32,35,545,0
18568,32,35,545,0
14261,23,43,185,1
16371,23,43,185,1
14370,53,64,1306,1
17746,53,64,1306,0
20291,53,64,1306,1
20526,53,64,1306,0
14418,28,38,380,0
15627,28,38,380,0
17652,28,38,380,0
17740,28,38,380,1
14461,60,58,1470,1
15102,60,58,1470,0
18651,60,58,1470,0
19313,60,58,1470,0
14592,41,55,949,1
17975,41,55,949,0
18344,41,55,949,0
18382,41,55,949,0
14661,45,47,1068,0
16660,45,47,1068,1
17183,45,47,1068,0
18457,45,47,1068,0
14720,27,59,361,1
16881,27,59,361,1
19548,27,59,361,1
19738,27,59,361,1
14733,34,25,633,0
16071,34,25,633,1
16105,34,25,633,0
19153,34,25,633,0
14897,19,69,69,1
16108,19,69,69,0
17665,19,69,69,1
20234,19,69,69,0
14988,12,78,16,1
16264,12,78,16,0
18362,12,78,16,0
19808,12,78,16,0
15032,46,28,1096,0
15145,46,28,1096,1
15600,46,28,1096,0
20171,46,28,1096,0
15082,74,64,1586,0
19719,74,64,1586,0
19804,74,64,1586,0
20668,74,64,1586,1
15122,49,48,1196,1
16693,49,48,1196,1
19347,49,48,1196,1
20311,49,48,1196,1
15144,21,59,122,1
19205,21,59,122,1
20525,21,59,122,1
20696,21,59,122,0
15509,21,73,134,1
17793,21,73,134,1
18108,21,73,134,1
20326,21,73,134,0
15542,56,57,1389,0
15899,56,57,1389,0
17659,56,57,1389,1
20021,56,57,1389,0
15601,41,52,946,1
16073,41,52,946,0
18947,41,52,946,1
20773,41,52,946,1
15745,35,78,728,1
18081,35,78,728,1
18098,35,78,728,0
20529,35,78,728,0
15805,50,52,1230,0
18565,50,52,1230,1
18894,50,52,1230,1
20426,50,52,1230,0
15850,54,69,1338,0
17071,54,69,1338,1
17136,54,69,1338,0
18911,54,69,1338,0
16125,70,66,1545,0
18306,70,66,1545,1
19571,70,66,1545,1
20139,70,66,1545,1
16525,35,61,717,0
18461,35,61,717,0
19800,35,61,717,1
19861,35,61,717,0
16820,34,74,676,1
17014,34,74,676,0
19469,34,74,676,0
20019,34,74,676,1
17398,50,58,1233,1
18414,50,58,1233,0
18481,50,58,1233,0
19950,50,58,1233,0
17450,35,57,714,1
18169,35,57,714,1
19628,35,57,714,1
20550,35,57,714,0
17465,27,35,339,0
19549,27,35,339,1
17729,45,68,1079,1
18160,45,68,1079,0
19180,45,68,1079,1
19784,45,68,1079,0
19091,40,75,928,0
19152,40,75,928,0
19534,40,75,928,1
20448,40,75,928,1
19146,21,43,109,1
19499,28,70,407,1
19663,28,70,407,1
19749,28,70,407,1
20310,28,70,407,1
