FID,Y1,Y2,Y3,Y4,center_x,center_y,blk3000,fold3000,blk5000,fold5000
2,0,2,0,0,724447.7476000004,2599235.9079,6030,4,4018,2
6,0,1,0,0,752647.7476000004,2565035.9079,16019,4,9011,5
8,0,0,0,0,738847.7476000004,2559035.9079,11017,5,6010,4
14,0,1,0,0,774247.7476000004,2506835.9079,23000,1,14000,3
16,1,1,0,0,761047.7476000004,2524835.9079,19006,5,11003,3
26,1,2,0,0,763447.7476000004,2604635.9079,19032,2,11019,4
29,3,7,1,2,732847.7476000004,2570435.9079,9021,4,5012,2
36,0,2,0,0,732247.7476000004,2545235.9079,9012,5,5007,1
40,0,0,0,0,788647.7476000004,2589035.9079,28027,5,16016,3
46,2,1,0,1,755647.7476000004,2527235.9079,17006,4,10004,1
49,7,5,0,0,734647.7476000004,2575235.9079,10022,3,6013,5
58,0,0,0,0,741247.7476000004,2544635.9079,12012,4,7007,1
59,1,2,0,0,728047.7476000004,2590235.9079,8027,3,4016,1
64,0,0,0,0,735247.7476000004,2583635.9079,10025,1,6015,4
80,0,4,1,1,722047.7476000004,2595035.9079,6029,3,3017,5
85,3,3,7,1,735847.7476000004,2570435.9079,10021,1,6012,2
88,1,4,4,0,727447.7476000004,2593235.9079,7028,2,4017,4
90,8,10,3,2,735847.7476000004,2559035.9079,10017,3,6010,4
92,0,0,0,0,731647.7476000004,2578835.9079,9024,4,5014,3
96,1,5,0,1,735247.7476000004,2560835.9079,10018,5,6010,4
99,0,0,0,0,743647.7476000004,2532635.9079,13008,4,7005,4
101,0,2,0,1,737047.7476000004,2563235.9079,11018,3,6011,1
116,1,0,1,1,731647.7476000004,2574635.9079,9022,1,5013,3
122,1,2,2,1,729847.7476000004,2562635.9079,8018,5,5011,2
139,0,0,0,0,752647.7476000004,2538035.9079,16010,2,9006,1
142,0,3,0,0,728047.7476000004,2578835.9079,8024,4,4014,3
144,2,8,3,3,746647.7476000004,2560235.9079,14017,1,8010,2
146,3,0,0,0,728047.7476000004,2573435.9079,8022,2,4013,4
151,1,4,10,1,731647.7476000004,2558435.9079,9017,1,5010,5
157,0,3,7,1,728047.7476000004,2559635.9079,8017,5,4010,4
170,3,5,1,4,737047.7476000004,2548835.9079,11014,1,6008,4
173,4,7,3,0,734647.7476000004,2571035.9079,10021,1,6012,2
175,0,6,0,0,727447.7476000004,2554835.9079,7016,2,4009,5
185,3,19,1,1,739447.7476000004,2559635.9079,11017,5,7010,4
193,1,0,0,0,729247.7476000004,2577035.9079,8023,2,5014,3
198,0,0,0,0,752047.7476000004,2610635.9079,16034,1,9020,5
199,2,0,0,0,756847.7476000004,2601035.9079,17031,4,10018,3
221,1,0,0,0,766447.7476000004,2611235.9079,20034,5,12020,2
223,0,0,0,0,787447.7476000004,2584235.9079,27025,4,16015,5
228,1,4,0,0,726247.7476000004,2598635.9079,7030,5,4018,2
237,0,1,0,0,725047.7476000004,2568035.9079,7020,4,4012,2
241,0,0,0,0,793447.7476000004,2572235.9079,29021,4,17013,2
242,0,3,1,0,743647.7476000004,2544035.9079,13012,3,7007,1
251,5,4,3,1,741847.7476000004,2547635.9079,12013,2,7008,3
271,0,0,0,0,731647.7476000004,2545235.9079,9012,5,5007,1
283,1,0,0,0,771847.7476000004,2613035.9079,22035,5,13021,2
288,0,3,0,0,749647.7476000004,2563835.9079,15019,2,9011,5
297,0,0,0,0,787447.7476000004,2598635.9079,27030,3,16018,2
299,1,4,0,7,746647.7476000004,2557235.9079,14016,4,8010,2
307,9,3,0,1,733447.7476000004,2556035.9079,9016,3,5009,3
312,0,5,1,0,726847.7476000004,2597435.9079,7030,5,4018,2
313,1,2,0,1,750847.7476000004,2593235.9079,15028,1,9017,2
314,0,1,0,0,743047.7476000004,2536835.9079,13010,2,7006,3
320,0,0,0,0,737047.7476000004,2568635.9079,11020,3,6012,2
329,0,5,1,1,764047.7476000004,2557835.9079,20017,1,12010,5
335,0,2,1,1,726247.7476000004,2552435.9079,7015,2,4009,5
339,0,11,1,2,748447.7476000004,2563835.9079,14019,3,8011,2
350,4,7,1,0,725047.7476000004,2589635.9079,7027,1,4016,1
356,1,2,0,0,762847.7476000004,2558435.9079,19017,4,11010,3
365,0,1,0,0,767647.7476000004,2604035.9079,21032,1,12019,3
369,0,1,0,0,741247.7476000004,2582435.9079,12025,4,7015,5
377,1,0,1,0,761647.7476000004,2566835.9079,19020,3,11012,4
386,1,2,0,0,731647.7476000004,2550035.9079,9014,3,5008,5
395,3,2,0,1,741847.7476000004,2535635.9079,12009,4,7005,4
403,0,0,0,1,728647.7476000004,2589635.9079,8027,3,4016,1
410,0,2,0,0,783247.7476000004,2577035.9079,26023,2,15014,2
419,0,0,0,0,762847.7476000004,2559035.9079,19017,4,11010,3
424,4,8,15,2,729847.7476000004,2569235.9079,8020,5,5012,2
430,0,1,0,0,751447.7476000004,2527835.9079,15007,2,9004,3
432,0,5,3,10,724447.7476000004,2588435.9079,6027,3,4016,1
442,0,0,0,0,765247.7476000004,2607035.9079,20033,4,12020,2
443,0,1,0,0,742447.7476000004,2581235.9079,12024,2,7014,2
447,1,3,1,2,734647.7476000004,2554235.9079,10015,2,6009,1
451,0,5,0,0,759847.7476000004,2556635.9079,18016,5,11009,5
452,0,2,0,0,766447.7476000004,2578235.9079,20023,1,12014,3
453,0,0,0,1,740047.7476000004,2528435.9079,12007,5,7004,4
456,0,1,0,1,719047.7476000004,2596835.9079,5030,3,3018,1
458,0,0,0,0,738847.7476000004,2535635.9079,11009,1,6005,1
470,4,7,1,3,734647.7476000004,2560235.9079,10017,3,6010,4
478,3,1,0,0,744247.7476000004,2580035.9079,13024,5,8014,3
487,0,2,0,0,751447.7476000004,2558435.9079,15017,2,9010,5
489,2,1,0,1,726847.7476000004,2556035.9079,7016,2,4009,5
494,1,0,1,0,750247.7476000004,2541635.9079,15011,5,9006,1
501,6,6,0,0,741247.7476000004,2538035.9079,12010,2,7006,3
503,0,2,0,0,731047.7476000004,2571635.9079,9021,4,5012,2
523,1,4,13,0,728047.7476000004,2569235.9079,8020,5,4012,2
529,0,0,0,0,758047.7476000004,2551235.9079,18014,3,10008,2
544,0,3,1,0,744847.7476000004,2562635.9079,13018,5,8011,2
549,0,0,0,0,757447.7476000004,2551835.9079,17015,1,10009,2
558,0,0,0,0,728047.7476000004,2551835.9079,8015,1,4009,5
564,3,3,1,0,725647.7476000004,2575235.9079,7022,2,4013,4
571,16,18,5,2,732847.7476000004,2554835.9079,9016,3,5009,3
574,0,3,0,0,788047.7476000004,2571635.9079,28021,5,16012,1
584,0,0,0,0,791047.7476000004,2577035.9079,29023,4,17014,2
585,1,2,0,0,744247.7476000004,2549435.9079,13014,4,8008,5
592,0,8,2,0,761047.7476000004,2558435.9079,19017,4,11010,3
596,0,0,0,0,734047.7476000004,2577635.9079,10023,5,6014,3
599,0,2,0,2,765247.7476000004,2563235.9079,20018,5,12011,2
607,6,5,1,3,735247.7476000004,2550035.9079,10014,2,6008,4
608,0,3,2,0,737647.7476000004,2560835.9079,11018,3,6010,4
616,1,2,0,0,744247.7476000004,2539835.9079,13011,2,8006,1
617,0,0,0,0,764647.7476000004,2605235.9079,20032,3,12019,3
632,2,5,3,2,741247.7476000004,2537435.9079,12010,2,7006,3
640,0,2,1,0,738247.7476000004,2564435.9079,11019,2,6011,1
644,1,9,1,0,753847.7476000004,2556635.9079,16016,5,9009,5
647,0,0,0,0,731047.7476000004,2587235.9079,9026,1,5016,1
648,25,22,2,5,734647.7476000004,2569835.9079,10021,1,6012,2
650,1,5,0,1,743647.7476000004,2539235.9079,13010,2,7006,3
653,0,1,0,0,757447.7476000004,2555435.9079,17016,5,10009,2
659,0,0,0,0,749047.7476000004,2571035.9079,15021,1,9012,1
660,2,4,2,10,725647.7476000004,2587835.9079,7027,1,4016,1
662,0,0,0,0,753247.7476000004,2530835.9079,16008,4,9004,3
678,0,1,0,1,738847.7476000004,2568635.9079,11020,3,6012,2
687,2,5,0,1,732247.7476000004,2567435.9079,9020,4,5012,2
689,0,1,0,0,794647.7476000004,2590835.9079,30028,3,18016,4
693,6,85,3,39,732247.7476000004,2555435.9079,9016,3,5009,3
694,0,2,0,0,783247.7476000004,2568635.9079,26020,4,15012,3
695,1,4,0,0,737047.7476000004,2562635.9079,11018,3,6011,1
696,0,2,0,0,727447.7476000004,2556035.9079,7016,2,4009,5
698,0,0,0,0,764647.7476000004,2563235.9079,20018,5,12011,2
709,0,0,0,0,728047.7476000004,2587235.9079,8026,4,4016,1
713,3,1,1,0,734647.7476000004,2562635.9079,10018,5,6011,1
716,2,3,0,1,755047.7476000004,2565635.9079,17019,5,10011,3
723,2,3,0,0,735847.7476000004,2542835.9079,10012,2,6007,1
724,1,3,0,1,758647.7476000004,2552435.9079,18015,2,10009,2
734,4,7,0,0,738247.7476000004,2568035.9079,11020,3,6012,2
735,0,5,3,0,732847.7476000004,2550635.9079,9014,3,5008,5
737,0,0,0,0,732247.7476000004,2583035.9079,9025,2,5015,3
747,0,1,0,0,777847.7476000004,2565635.9079,24019,5,14011,2
752,0,0,0,0,756247.7476000004,2566235.9079,17019,5,10011,3
754,0,0,0,0,795847.7476000004,2632235.9079,30041,2,18025,3
761,0,2,0,0,734647.7476000004,2536835.9079,10010,1,6006,5
763,7,7,3,0,729247.7476000004,2569835.9079,8021,4,5012,2
764,0,1,0,0,746647.7476000004,2562035.9079,14018,4,8011,2
774,2,3,0,0,742447.7476000004,2550635.9079,12014,2,7008,3
775,0,0,0,0,770647.7476000004,2614235.9079,22035,5,13021,2
776,0,0,0,0,772447.7476000004,2564435.9079,22019,4,13011,4
792,0,8,0,1,765247.7476000004,2567435.9079,20020,3,12012,2
799,0,0,0,0,720847.7476000004,2595035.9079,5029,4,3017,5
800,0,1,0,0,743647.7476000004,2586635.9079,13026,1,7015,5
804,0,1,0,0,733447.7476000004,2586035.9079,9026,1,5015,3
805,0,0,2,0,767647.7476000004,2557926.85255,21017,2,12010,5
808,0,0,0,0,759847.7476000004,2555435.9079,18016,5,11009,5
816,0,0,0,0,791047.7476000004,2567435.9079,29020,5,17012,3
825,0,0,0,0,729247.7476000004,2575235.9079,8022,2,5013,3
829,0,2,1,0,735247.7476000004,2581835.9079,10025,1,6015,4
831,0,1,1,0,741247.7476000004,2554835.9079,12016,4,7009,4
837,0,0,0,0,723247.7476000004,2582435.9079,6025,1,3015,1
849,1,4,1,1,740047.7476000004,2579435.9079,12024,2,7014,2
866,1,3,0,0,729247.7476000004,2561435.9079,8018,5,5010,5
873,0,1,0,0,791647.7476000004,2572235.9079,29021,4,17013,2
880,0,1,0,0,757447.7476000004,2552435.9079,17015,1,10009,2
883,0,1,2,4,752047.7476000004,2533235.9079,16008,4,9005,3
884,11,10,0,0,732247.7476000004,2553635.9079,9015,1,5009,3
886,36,32,3,3,732247.7476000004,2571635.9079,9021,4,5012,2
887,0,0,0,0,762247.7476000004,2560835.9079,19018,2,11010,3
894,0,1,0,0,735847.7476000004,2581835.9079,10025,1,6015,4
902,1,7,0,0,734647.7476000004,2549435.9079,10014,2,6008,4
903,0,1,0,0,759847.7476000004,2524235.9079,18005,4,11003,3
906,0,1,0,0,754447.7476000004,2540435.9079,16011,2,10006,1
909,0,1,0,0,734047.7476000004,2548835.9079,10014,2,6008,4
911,1,0,0,0,791647.7476000004,2604635.9079,29032,2,17019,3
924,0,1,0,1,740647.7476000004,2545835.9079,12013,2,7007,1
926,1,2,0,0,744847.7476000004,2533835.9079,13009,1,8005,4
928,0,3,0,0,750847.7476000004,2560835.9079,15018,4,9010,5
929,0,0,0,0,749047.7476000004,2531435.9079,15008,3,9004,3
931,0,0,1,1,762247.7476000004,2524235.9079,19005,3,11003,3
936,1,6,0,0,783247.7476000004,2600435.9079,26031,4,15018,2
937,0,1,1,1,737647.7476000004,2574635.9079,11022,2,6013,5
943,0,1,0,0,767047.7476000004,2604635.9079,21032,1,12019,3
945,0,2,1,0,765247.7476000004,2557235.9079,20016,2,12010,5
949,0,0,0,0,793447.7476000004,2587835.9079,29027,2,17016,5
955,0,4,3,3,754447.7476000004,2565635.9079,16019,4,10011,3
962,1,7,0,3,754447.7476000004,2542835.9079,16012,2,10007,3
964,1,1,0,0,743047.7476000004,2550635.9079,13014,4,7008,3
970,0,3,0,0,749647.7476000004,2566235.9079,15019,2,9011,5
973,0,0,0,0,782047.7476000004,2563835.9079,26019,5,15011,2
983,0,2,0,0,764647.7476000004,2604635.9079,20032,3,12019,3
984,0,16,4,2,722647.7476000004,2597435.9079,6030,4,3018,1
988,1,2,13,0,736447.7476000004,2562635.9079,10018,5,6011,1
990,1,4,0,3,742447.7476000004,2540435.9079,12011,3,7006,3
995,0,3,0,0,785047.7476000004,2575235.9079,27022,5,16013,5
997,0,0,1,0,758047.7476000004,2535635.9079,18009,4,10005,4
999,4,5,8,4,741847.7476000004,2539235.9079,12010,2,7006,3
1019,1,11,0,3,738247.7476000004,2559035.9079,11017,5,6010,4
1034,2,4,0,1,729247.7476000004,2568035.9079,8020,5,5012,2
1035,0,0,0,0,733447.7476000004,2541035.9079,9011,3,5006,2
1043,0,1,0,0,770047.7476000004,2571635.9079,22021,3,13012,4
1064,4,9,0,1,737647.7476000004,2554835.9079,11016,3,6009,1
1070,1,1,1,0,726247.7476000004,2583635.9079,7025,1,4015,1
1071,4,2,1,1,733447.7476000004,2553635.9079,9015,1,5009,3
1074,0,4,0,0,738247.7476000004,2549435.9079,11014,1,6008,4
1077,0,4,0,1,725647.7476000004,2598635.9079,7030,5,4018,2
1079,3,9,2,1,728047.7476000004,2565635.9079,8019,4,4011,4
1090,0,0,0,0,766447.7476000004,2518235.9079,20003,3,12002,1
1091,0,1,0,0,782047.7476000004,2565635.9079,26019,5,15011,2
1093,1,0,0,0,711847.7476000004,2586635.9079,2026,4,1015,5
1097,4,7,1,0,734647.7476000004,2550635.9079,10014,2,6008,4
1103,5,7,4,4,728047.7476000004,2562635.9079,8018,5,4011,4
1117,0,1,0,0,749647.7476000004,2589635.9079,15027,2,9016,2
1128,0,0,0,0,797047.7476000004,2632835.9079,31042,5,18025,3
1133,0,15,6,2,720247.7476000004,2597435.9079,5030,3,3018,1
1134,0,3,6,1,768247.7476000004,2561435.9079,21018,4,12010,5
1135,1,3,0,0,728647.7476000004,2574635.9079,8022,2,4013,4
1140,0,0,0,1,746647.7476000004,2549435.9079,14014,5,8008,5
1142,0,1,1,1,770047.7476000004,2563835.9079,22019,4,13011,4
1144,1,0,0,0,749047.7476000004,2586035.9079,15026,1,9015,2
1149,0,1,0,0,732847.7476000004,2563235.9079,9018,4,5011,2
1153,0,1,0,0,776047.7476000004,2565035.9079,24019,5,14011,2
1167,0,0,1,0,719047.7476000004,2595635.9079,5029,4,3017,5
1171,0,1,0,0,789847.7476000004,2571635.9079,28021,5,17012,3
1176,8,20,2,5,730447.7476000004,2567435.9079,8020,5,5012,2
1180,2,2,0,0,740047.7476000004,2577635.9079,12023,4,7014,2
1187,0,1,1,0,725647.7476000004,2572835.9079,7022,2,4013,4
1197,0,0,0,0,759247.7476000004,2607035.9079,18033,5,11020,1
1198,0,0,0,0,725647.7476000004,2593235.9079,7028,2,4017,4
1221,0,1,0,0,733447.7476000004,2572235.9079,9021,4,5013,3
1222,0,1,0,0,726847.7476000004,2570435.9079,7021,1,4012,2
1224,1,1,0,0,742447.7476000004,2562035.9079,12018,3,7011,4
1231,1,0,1,0,743647.7476000004,2528435.9079,13007,5,7004,4
1238,0,0,0,0,735247.7476000004,2585435.9079,10026,4,6015,4
1243,0,0,0,0,746047.7476000004,2589635.9079,14027,5,8016,2
1244,1,3,4,0,737647.7476000004,2546435.9079,11013,1,6007,1
1247,0,0,0,0,753847.7476000004,2563235.9079,16018,5,9011,5
1250,1,0,0,0,729247.7476000004,2584835.9079,8026,4,5015,3
1251,2,4,0,0,758647.7476000004,2553035.9079,18015,2,10009,2
1258,0,4,0,0,740047.7476000004,2562635.9079,12018,3,7011,4
1263,0,0,0,0,735247.7476000004,2563235.9079,10018,5,6011,1
1277,0,0,0,0,741847.7476000004,2554835.9079,12016,4,7009,4
1281,0,0,0,0,767047.7476000004,2563235.9079,21018,4,12011,2
1285,0,3,0,0,786847.7476000004,2577635.9079,27023,2,16014,1
1286,1,2,0,0,731047.7476000004,2553635.9079,9015,1,5009,3
1287,0,1,0,0,788047.7476000004,2579435.9079,28024,3,16014,1
1304,0,0,0,0,736447.7476000004,2534435.9079,10009,4,6005,1
1306,2,0,0,0,726847.7476000004,2579435.9079,7024,5,4014,3
1308,0,0,0,0,782647.7476000004,2566835.9079,26020,4,15012,3
1312,0,1,0,0,756247.7476000004,2562635.9079,17018,4,10011,3
1314,0,3,0,1,729247.7476000004,2557235.9079,8016,5,5010,5
1332,0,1,0,1,740647.7476000004,2544635.9079,12012,4,7007,1
1340,2,13,1,3,738247.7476000004,2558435.9079,11017,5,6010,4
1357,0,1,0,0,722647.7476000004,2592635.9079,6028,5,3017,5
1364,4,1,0,0,731047.7476000004,2554835.9079,9016,3,5009,3
1371,2,12,0,0,725647.7476000004,2589635.9079,7027,1,4016,1
1372,1,16,1,1,788647.7476000004,2577635.9079,28023,2,16014,1
1373,0,0,0,0,745447.7476000004,2619635.9079,13037,2,8022,4
1384,0,0,0,0,749047.7476000004,2533235.9079,15008,3,9005,3
1392,0,0,0,0,761047.7476000004,2559635.9079,19017,4,11010,3
1394,3,3,2,0,731047.7476000004,2559035.9079,9017,1,5010,5
1409,1,1,0,0,740647.7476000004,2571635.9079,12021,3,7012,5
1415,0,0,0,0,792247.7476000004,2576435.9079,29023,4,17013,2
1419,0,0,0,0,787447.7476000004,2580035.9079,27024,5,16014,1
1422,4,12,0,4,737647.7476000004,2559035.9079,11017,5,6010,4
1437,0,0,0,0,743647.7476000004,2569835.9079,13021,2,7012,5
1438,0,1,5,0,767047.7476000004,2560835.9079,21018,4,12010,5
1455,1,0,1,0,768847.7476000004,2563235.9079,21018,4,12011,2
1460,1,1,0,0,740047.7476000004,2556635.9079,12016,4,7009,4
1462,0,0,0,0,726247.7476000004,2596835.9079,7030,5,4018,2
1463,0,0,0,0,758647.7476000004,2554835.9079,18016,5,10009,2
1490,0,0,0,0,777847.7476000004,2615435.9079,24036,5,14021,5
1495,0,0,0,0,770047.7476000004,2605235.9079,22032,5,13019,3
1506,3,7,6,3,767647.7476000004,2560235.9079,21017,2,12010,5
1507,3,5,3,3,737047.7476000004,2576435.9079,11023,5,6013,5
1510,0,0,0,0,745447.7476000004,2586635.9079,13026,1,8015,3
1522,0,1,0,0,765247.7476000004,2608835.9079,20034,5,12020,2
1525,0,13,2,1,723247.7476000004,2597435.9079,6030,4,3018,1
1526,0,1,0,0,712447.7476000004,2586035.9079,2026,4,1015,5
1530,0,0,0,0,789247.7476000004,2600435.9079,28031,1,17018,4
1533,0,0,1,0,789247.7476000004,2562635.9079,28018,3,17011,4
1540,1,0,0,0,746647.7476000004,2531435.9079,14008,5,8004,5
1560,0,0,0,0,757447.7476000004,2560235.9079,17017,5,10010,2
1572,0,0,1,0,749647.7476000004,2528435.9079,15007,2,9004,3
1582,0,1,0,0,758047.7476000004,2570435.9079,18021,2,10012,4
1597,11,11,1,0,731647.7476000004,2572835.9079,9022,1,5013,3
1599,0,1,0,0,757447.7476000004,2585435.9079,17026,2,10015,5
1605,0,0,0,0,734647.7476000004,2558435.9079,10017,3,6010,4
1609,0,5,0,0,770047.7476000004,2617835.9079,22037,3,13022,4
1615,0,0,0,1,758647.7476000004,2553635.9079,18015,2,10009,2
1627,2,3,0,1,737647.7476000004,2542835.9079,11012,5,6007,1
1640,0,1,3,0,768247.7476000004,2559035.9079,21017,2,12010,5
1647,2,2,0,1,742447.7476000004,2536835.9079,12010,2,7006,3
1652,0,0,0,0,743047.7476000004,2562035.9079,13018,5,7011,4
1655,2,4,1,1,788647.7476000004,2571035.9079,28021,5,16012,1
1658,0,0,0,0,741247.7476000004,2542235.9079,12011,3,7007,1
1661,1,5,1,0,765847.7476000004,2562635.9079,20018,5,12011,2
1677,0,1,0,0,723847.7476000004,2595635.9079,6029,3,3017,5
1681,0,0,0,0,734647.7476000004,2580635.9079,10024,5,6014,3
1690,2,18,5,2,739447.7476000004,2561435.9079,11018,3,7010,4
1691,0,3,0,0,735247.7476000004,2554235.9079,10015,2,6009,1
1695,0,4,1,0,733447.7476000004,2583635.9079,9025,2,5015,3
1697,3,7,9,2,728047.7476000004,2575835.9079,8023,2,4013,4
1702,1,0,0,0,746047.7476000004,2614835.9079,14036,5,8021,3
1706,3,3,0,0,736447.7476000004,2549435.9079,10014,2,6008,4
1713,0,0,0,0,779047.7476000004,2600435.9079,25031,3,15018,2
1722,0,0,0,0,765847.7476000004,2593235.9079,20028,1,12017,2
1734,0,1,0,0,758647.7476000004,2555435.9079,18016,5,10009,2
1741,0,0,0,0,767647.7476000004,2613635.9079,21035,2,12021,5
1751,1,1,0,0,745447.7476000004,2538035.9079,13010,2,8006,1
1752,12,14,4,3,729247.7476000004,2559635.9079,8017,5,5010,5
1762,4,9,1,0,734047.7476000004,2554835.9079,10016,3,6009,1
1766,2,2,0,3,729247.7476000004,2556035.9079,8016,5,5009,3
1769,3,21,3,40,732247.7476000004,2557235.9079,9016,3,5010,5
1771,1,0,0,0,757447.7476000004,2518235.9079,17003,4,10002,1
1774,0,0,0,0,717247.7476000004,2593235.9079,4028,1,2017,3
1777,0,1,0,0,763447.7476000004,2557835.9079,19017,4,11010,3
1798,1,1,0,0,729847.7476000004,2573435.9079,8022,2,5013,3
1801,0,1,0,0,733447.7476000004,2540529.1111500002,9011,3,5006,2
1817,0,0,0,0,758647.7476000004,2560235.9079,18017,1,10010,2
1820,0,0,0,0,744247.7476000004,2614835.9079,13036,2,8021,3
1824,1,2,1,0,722647.7476000004,2591435.9079,6028,5,3016,5
1826,0,3,0,0,743647.7476000004,2584235.9079,13025,2,7015,5
1836,0,2,0,0,743647.7476000004,2568035.9079,13020,3,7012,5
1837,0,0,0,0,731047.7476000004,2610635.9079,9034,1,5020,1
1845,1,0,0,0,739447.7476000004,2528435.9079,11007,4,7004,4
1852,1,2,2,1,741247.7476000004,2538635.9079,12010,2,7006,3
1855,0,0,0,0,725647.7476000004,2580035.9079,7024,5,4014,3
1856,0,0,0,0,762847.7476000004,2608835.9079,19034,2,11020,1
1884,0,0,1,0,786247.7476000004,2580635.9079,27024,5,16014,1
1886,10,7,4,2,740047.7476000004,2544635.9079,12012,4,7007,1
1888,1,0,0,0,740647.7476000004,2542835.9079,12012,4,7007,1
1895,1,2,0,0,756847.7476000004,2527835.9079,17007,3,10004,1
1899,0,4,1,0,771847.7476000004,2563235.9079,22018,2,13011,4
1900,2,5,0,2,734647.7476000004,2553635.9079,10015,2,6009,1
1911,3,12,1,1,723847.7476000004,2587235.9079,6026,2,3016,5
1915,0,0,1,0,741847.7476000004,2574635.9079,12022,1,7013,1
1918,5,6,2,2,726847.7476000004,2559035.9079,7017,1,4010,4
1921,0,1,0,0,734047.7476000004,2533835.9079,10009,4,6005,1
1932,1,7,1,0,738247.7476000004,2555435.9079,11016,3,6009,1
1944,0,0,0,0,729247.7476000004,2590835.9079,8028,1,5016,1
1946,0,0,0,0,767047.7476000004,2580035.9079,21024,5,12014,3
1954,1,2,0,2,744247.7476000004,2538035.9079,13010,2,8006,1
1958,0,0,0,0,723847.7476000004,2552435.9079,6015,4,3009,1
1965,2,8,15,2,768247.7476000004,2560835.9079,21018,4,12010,5
1966,0,1,0,0,736447.7476000004,2538635.9079,10010,1,6006,5
1967,0,1,0,0,764047.7476000004,2561435.9079,20018,5,12010,5
1968,1,14,1,1,730447.7476000004,2563835.9079,8019,4,5011,2
1973,0,6,0,1,729847.7476000004,2557835.9079,8017,5,5010,5
1979,0,3,0,0,744847.7476000004,2555435.9079,13016,5,8009,5
1989,0,0,0,2,744847.7476000004,2526635.9079,13006,3,8003,4
1992,0,0,0,0,745447.7476000004,2624435.9079,13039,2,8023,5
1994,0,0,0,0,748447.7476000004,2555435.9079,14016,4,8009,5
2001,0,1,0,0,732847.7476000004,2581835.9079,9025,2,5015,3
2007,0,2,0,0,758047.7476000004,2564435.9079,18019,1,10011,3
2019,7,9,1,1,731647.7476000004,2570435.9079,9021,4,5012,2
2020,1,1,0,0,737047.7476000004,2568035.9079,11020,3,6012,2
2024,0,1,0,0,758647.7476000004,2582435.9079,18025,4,10015,5
2027,0,0,0,1,732247.7476000004,2550035.9079,9014,3,5008,5
2028,1,1,0,0,724447.7476000004,2598635.9079,6030,4,4018,2
2030,0,3,1,1,743047.7476000004,2559035.9079,13017,3,7010,4
2038,1,0,0,0,765847.7476000004,2605235.9079,20032,3,12019,3
2045,0,2,0,0,747247.7476000004,2538035.9079,14010,1,8006,1
2051,0,0,0,0,741847.7476000004,2563235.9079,12018,3,7011,4
2056,15,19,12,3,732847.7476000004,2568635.9079,9020,4,5012,2
2059,0,0,1,0,740647.7476000004,2543435.9079,12012,4,7007,1
2061,1,3,1,1,749647.7476000004,2556635.9079,15016,3,9009,5
2062,0,3,2,0,740647.7476000004,2552435.9079,12015,2,7009,4
2063,0,0,0,0,727447.7476000004,2598635.9079,7030,5,4018,2
2069,0,5,0,0,758647.7476000004,2560835.9079,18018,3,10010,2
2075,3,4,2,0,738847.7476000004,2571035.9079,11021,4,6012,2
2084,3,15,0,0,775447.7476000004,2577035.9079,23023,5,14014,5
2085,0,0,0,0,765847.7476000004,2518235.9079,20003,3,12002,1
2088,0,0,0,0,743047.7476000004,2532035.9079,13008,4,7005,4
2089,0,1,0,0,745447.7476000004,2587235.9079,13026,1,8016,2
2094,0,0,0,0,725047.7476000004,2579435.9079,7024,5,4014,3
2097,0,0,0,0,758647.7476000004,2557235.9079,18016,5,10010,2
2107,0,0,0,0,766447.7476000004,2579435.9079,20024,2,12014,3
2110,0,0,0,0,731047.7476000004,2594435.9079,9029,4,5017,4
2113,0,1,0,0,729247.7476000004,2566835.9079,8020,5,5012,2
2120,0,5,1,1,744847.7476000004,2560235.9079,13017,3,8010,2
2124,3,6,2,2,742447.7476000004,2538635.9079,12010,2,7006,3
2128,0,0,2,2,738847.7476000004,2564435.9079,11019,2,6011,1
2130,0,0,0,1,740047.7476000004,2561435.9079,12018,3,7010,4
2136,1,5,9,1,766447.7476000004,2559035.9079,20017,1,12010,5
2137,0,1,0,0,732847.7476000004,2577035.9079,9023,5,5014,3
2143,0,0,0,0,766447.7476000004,2509835.9079,20001,5,12000,1
2148,0,2,0,0,724447.7476000004,2586635.9079,6026,2,4015,1
2156,1,2,0,0,738247.7476000004,2557235.9079,11016,3,6010,4
2162,9,13,1,9,728647.7476000004,2559635.9079,8017,5,4010,4
2172,0,0,0,0,789247.7476000004,2576435.9079,28023,2,17013,2
2179,1,7,3,1,746047.7476000004,2559035.9079,14017,1,8010,2
2186,7,11,1,2,727447.7476000004,2590235.9079,7027,1,4016,1
2187,0,0,0,0,725047.7476000004,2582435.9079,7025,1,4015,1
2188,0,2,0,0,752047.7476000004,2592035.9079,16028,1,9017,2
2199,4,15,26,13,753247.7476000004,2557835.9079,16017,4,9010,5
2200,1,2,0,0,740047.7476000004,2571635.9079,12021,3,7012,5
2201,0,1,0,0,761047.7476000004,2604635.9079,19032,2,11019,4
2203,0,1,0,0,788647.7476000004,2571635.9079,28021,5,16012,1
2212,1,5,0,0,738247.7476000004,2578235.9079,11023,5,6014,3
2216,0,1,1,0,779647.7476000004,2566835.9079,25020,3,15012,3
2231,1,0,0,1,740047.7476000004,2539835.9079,12011,3,7006,3
2241,0,1,0,0,728647.7476000004,2571635.9079,8021,4,4012,2
2253,3,6,4,0,740047.7476000004,2572235.9079,12021,3,7013,1
2260,0,3,1,1,729847.7476000004,2571035.9079,8021,4,5012,2
2263,15,14,4,0,729847.7476000004,2565635.9079,8019,4,5011,2
2274,1,0,0,0,744247.7476000004,2553035.9079,13015,3,8009,5
2283,1,1,1,0,755647.7476000004,2518835.9079,17004,5,10002,1
2285,0,0,0,0,767047.7476000004,2569235.9079,21020,2,12012,2
2287,0,3,0,0,748447.7476000004,2565635.9079,14019,3,8011,2
2288,8,11,0,2,732247.7476000004,2554835.9079,9016,3,5009,3
2293,1,2,1,0,772447.7476000004,2559635.9079,22017,3,13010,3
2295,1,0,0,0,707647.7476000004,2593835.9079,1029,3,17,3
2297,3,6,1,4,736447.7476000004,2547635.9079,10013,5,6008,4
2300,1,1,3,0,734047.7476000004,2575835.9079,10023,5,6013,5
2309,0,0,0,0,755647.7476000004,2543435.9079,17012,5,10007,3
2312,0,5,0,0,751447.7476000004,2557235.9079,15016,3,9010,5
2314,0,2,0,1,753847.7476000004,2565035.9079,16019,4,9011,5
2328,1,3,0,0,723887.5169999996,2551940.4568499997,6015,4,3009,1
2351,2,10,0,0,741247.7476000004,2559035.9079,12017,1,7010,4
2359,4,9,1,1,735847.7476000004,2560235.9079,10017,3,6010,4
2366,0,0,1,1,732247.7476000004,2552435.9079,9015,1,5009,3
2370,1,0,0,0,764047.7476000004,2563835.9079,20019,3,12011,2
2383,1,0,0,0,782047.7476000004,2610635.9079,26034,5,15020,1
2385,1,6,1,0,731047.7476000004,2560835.9079,9018,4,5010,5
2394,3,18,1,1,734047.7476000004,2573435.9079,10022,3,6013,5
2402,0,1,0,0,748447.7476000004,2544035.9079,14012,1,8007,4
2436,1,1,0,0,762847.7476000004,2556635.9079,19016,1,11009,5
2444,0,0,1,0,766447.7476000004,2562035.9079,20018,5,12011,2
2449,1,1,1,1,734047.7476000004,2576435.9079,10023,5,6013,5
2453,3,11,5,2,725647.7476000004,2562635.9079,7018,2,4011,4
2454,0,1,0,0,725047.7476000004,2551235.9079,7014,3,4008,3
2456,0,4,0,0,760447.7476000004,2558435.9079,18017,1,11010,3
2458,4,5,0,0,737047.7476000004,2552435.9079,11015,1,6009,1
2479,0,1,0,0,759247.7476000004,2608235.9079,18033,5,11020,1
2485,0,3,0,0,762247.7476000004,2519435.9079,19004,1,11002,2
2488,3,3,4,0,727447.7476000004,2566835.9079,7020,4,4012,2
2494,1,0,0,0,727447.7476000004,2578835.9079,7024,5,4014,3
2499,1,2,0,0,735247.7476000004,2557235.9079,10016,3,6010,4
2504,0,0,2,0,726247.7476000004,2569235.9079,7020,4,4012,2
2506,0,0,0,0,741247.7476000004,2574635.9079,12022,1,7013,1
2514,0,1,0,0,730447.7476000004,2574035.9079,8022,2,5013,3
2527,2,3,1,0,732847.7476000004,2556635.9079,9016,3,5009,3
2536,2,3,0,1,742447.7476000004,2547035.9079,12013,2,7008,3
2538,0,2,0,1,738247.7476000004,2539235.9079,11010,1,6006,5
2550,3,6,1,0,726247.7476000004,2559635.9079,7017,1,4010,4
2556,0,1,0,0,752647.7476000004,2544635.9079,16012,2,9007,1
2557,0,0,0,0,768847.7476000004,2616035.9079,21036,4,12021,5
2558,0,0,0,0,745447.7476000004,2543435.9079,13012,3,8007,4
2563,1,0,0,0,735247.7476000004,2541635.9079,10011,3,6006,5
2565,2,1,0,0,740047.7476000004,2560235.9079,12017,1,7010,4
2569,0,0,0,0,751447.7476000004,2539235.9079,15010,1,9006,1
2574,1,2,0,0,744247.7476000004,2548235.9079,13013,1,8008,5
2583,0,2,0,0,745447.7476000004,2539835.9079,13011,2,8006,1
2587,0,1,0,0,738247.7476000004,2593235.9079,11028,2,6017,5
2598,0,0,0,0,752047.7476000004,2545835.9079,16013,1,9007,1
2599,0,3,0,0,770647.7476000004,2617235.9079,22036,3,13022,4
2608,1,0,0,1,723247.7476000004,2592635.9079,6028,5,3017,5
2621,7,5,5,0,736447.7476000004,2543435.9079,10012,2,6007,1
2626,10,9,0,0,740647.7476000004,2538635.9079,12010,2,7006,3
2638,0,2,0,0,738247.7476000004,2551835.9079,11015,1,6009,1
2649,0,0,0,0,725047.7476000004,2583035.9079,7025,1,4015,1
2651,0,2,0,0,752647.7476000004,2527835.9079,16007,3,9004,3
2652,3,13,0,1,737047.7476000004,2559035.9079,11017,5,6010,4
2661,0,0,0,0,732247.7476000004,2577035.9079,9023,5,5014,3
2665,0,1,0,0,739447.7476000004,2562035.9079,11018,3,7011,4
2668,0,0,0,0,728647.7476000004,2572835.9079,8022,2,4013,4
2671,0,0,2,0,741247.7476000004,2566235.9079,12019,5,7011,4
2674,1,7,4,5,738247.7476000004,2560835.9079,11018,3,6010,4
2680,2,0,0,0,711847.7476000004,2588435.9079,2027,3,1016,1
2682,0,1,0,0,728047.7476000004,2551235.9079,8014,3,4008,3
2695,2,0,0,1,726247.7476000004,2586035.9079,7026,2,4015,1
2703,7,8,23,2,748447.7476000004,2559635.9079,14017,1,8010,2
2704,0,0,0,0,736447.7476000004,2595035.9079,10029,5,6017,5
2705,5,4,0,6,758047.7476000004,2523635.9079,18005,4,10003,5
2710,0,0,0,0,773047.7476000004,2602835.9079,23032,1,13019,3
2726,4,4,0,0,741247.7476000004,2540435.9079,12011,3,7006,3
2748,2,5,0,0,741247.7476000004,2541035.9079,12011,3,7006,3
2760,1,1,1,2,735247.7476000004,2546435.9079,10013,5,6007,1
2764,1,0,1,0,770047.7476000004,2561435.9079,22018,2,13010,3
2767,1,0,0,0,748447.7476000004,2567435.9079,14020,5,8012,5
2774,0,0,0,0,767047.7476000004,2561435.9079,21018,4,12010,5
2782,0,0,0,0,718447.7476000004,2584235.9079,4025,1,2015,4
2786,0,0,0,0,751447.7476000004,2556035.9079,15016,3,9009,5
2791,0,0,0,0,752047.7476000004,2529035.9079,16007,3,9004,3
2811,0,0,0,0,743047.7476000004,2547635.9079,13013,1,7008,3
2812,1,6,1,1,740047.7476000004,2545835.9079,12013,2,7007,1
2822,0,0,0,0,750247.7476000004,2590235.9079,15027,2,9016,2
2823,0,1,0,0,747247.7476000004,2567435.9079,14020,5,8012,5
2833,2,13,2,2,737647.7476000004,2575235.9079,11022,2,6013,5
2834,0,8,0,0,730447.7476000004,2587235.9079,8026,4,5016,1
2844,1,0,0,0,745447.7476000004,2529635.9079,13007,5,8004,5
2846,0,4,1,1,737647.7476000004,2575835.9079,11023,5,6013,5
2851,0,3,1,0,722047.7476000004,2597435.9079,6030,4,3018,1
2852,0,1,0,0,753247.7476000004,2580635.9079,16024,1,9014,5
2857,3,4,0,0,738847.7476000004,2562035.9079,11018,3,6011,1
2861,0,0,0,0,758047.7476000004,2560235.9079,18017,1,10010,2
2868,1,1,0,1,749647.7476000004,2582435.9079,15025,1,9015,2
2873,0,3,0,0,787447.7476000004,2577635.9079,27023,2,16014,1
2877,0,0,0,0,739447.7476000004,2595035.9079,11029,3,7017,1
2881,3,1,0,0,744247.7476000004,2558435.9079,13017,3,8010,2
2885,0,0,0,0,721447.7476000004,2598635.9079,5030,3,3018,1
2887,0,0,0,0,733447.7476000004,2578235.9079,9023,5,5014,3
2890,0,5,0,1,764647.7476000004,2605835.9079,20033,4,12019,3
2893,1,0,0,0,749047.7476000004,2550035.9079,15014,2,9008,4
2896,0,0,0,0,792847.7476000004,2567435.9079,29020,5,17012,3
2900,0,0,0,0,723247.7476000004,2580035.9079,6024,2,3014,4
2912,2,1,2,0,726247.7476000004,2566835.9079,7020,4,4012,2
2914,0,0,0,0,710647.7476000004,2573435.9079,2022,2,1013,2
2925,0,2,0,0,771847.7476000004,2569835.9079,22021,3,13012,4
2930,6,7,3,0,734647.7476000004,2569235.9079,10020,5,6012,2
2935,1,0,0,0,725047.7476000004,2575835.9079,7023,2,4013,4
2936,0,3,0,2,729847.7476000004,2551835.9079,8015,1,5009,3
2951,0,7,0,1,746647.7476000004,2541635.9079,14011,1,8006,1
2952,3,14,3,3,743047.7476000004,2560235.9079,13017,3,7010,4
2977,0,1,0,0,720247.7476000004,2595035.9079,5029,4,3017,5
2978,0,0,0,0,727447.7476000004,2598035.9079,7030,5,4018,2
2979,0,4,0,0,762247.7476000004,2568035.9079,19020,3,11012,4
3003,10,9,4,0,738247.7476000004,2566835.9079,11020,3,6012,2
3004,0,4,0,0,764647.7476000004,2565635.9079,20019,3,12011,2
3018,0,0,0,0,727447.7476000004,2601635.9079,7031,2,4018,2
3030,0,0,0,0,752047.7476000004,2541035.9079,16011,2,9006,1
3036,0,2,0,0,739447.7476000004,2563835.9079,11019,2,7011,4
3046,0,3,0,1,729247.7476000004,2589035.9079,8027,3,5016,1
3053,0,1,1,0,726247.7476000004,2569835.9079,7021,1,4012,2
3055,1,2,0,0,767047.7476000004,2575235.9079,21022,5,12013,3
3056,0,4,0,2,768247.7476000004,2563835.9079,21019,5,12011,2
3066,6,8,1,0,730447.7476000004,2556635.9079,8016,5,5009,3
3082,8,8,1,5,743647.7476000004,2559635.9079,13017,3,7010,4
3091,0,1,0,0,735847.7476000004,2574035.9079,10022,3,6013,5
3101,0,1,0,0,732847.7476000004,2568035.9079,9020,4,5012,2
3103,0,0,0,0,765847.7476000004,2606435.9079,20033,4,12019,3
3107,0,2,0,1,764647.7476000004,2566835.9079,20020,3,12012,2
3119,0,0,0,0,750247.7476000004,2539235.9079,15010,1,9006,1
3122,0,0,0,0,728047.7476000004,2602235.9079,8031,2,4019,1
3127,0,3,0,0,741247.7476000004,2580035.9079,12024,2,7014,2
3130,1,4,2,4,736447.7476000004,2548835.9079,10014,2,6008,4
3141,1,1,0,0,737647.7476000004,2580635.9079,11024,4,6014,3
3142,0,0,1,0,771247.7476000004,2511635.9079,22001,4,13000,4
3146,0,2,0,0,729247.7476000004,2554235.9079,8015,1,5009,3
3155,0,2,0,1,749047.7476000004,2556635.9079,15016,3,9009,5
3156,3,5,0,1,732847.7476000004,2559635.9079,9017,1,5010,5
3165,0,1,0,0,741247.7476000004,2580635.9079,12024,2,7014,2
3170,7,4,0,0,726847.7476000004,2551235.9079,7014,3,4008,3
3173,0,1,0,1,762847.7476000004,2607635.9079,19033,2,11020,1
3175,0,1,0,0,729247.7476000004,2574635.9079,8022,2,5013,3
3181,1,0,0,0,749647.7476000004,2576435.9079,15023,4,9013,5
3183,0,1,2,0,749047.7476000004,2539235.9079,15010,1,9006,1
3186,0,10,0,0,742447.7476000004,2559635.9079,12017,1,7010,4
3195,0,0,0,0,800647.7476000004,2636435.9079,32043,2,19025,5
3198,0,0,1,0,763447.7476000004,2560835.9079,19018,2,11010,3
3201,0,3,0,0,765247.7476000004,2568635.9079,20020,3,12012,2
3206,0,0,0,1,758047.7476000004,2528435.9079,18007,4,10004,1
3218,5,0,0,0,747847.7476000004,2527235.9079,14006,3,8004,5
3226,0,4,0,0,768847.7476000004,2563835.9079,21019,5,12011,2
3229,1,0,0,0,731647.7476000004,2562035.9079,9018,4,5011,2
3231,0,0,0,0,750247.7476000004,2563235.9079,15018,4,9011,5
3236,0,2,0,0,763447.7476000004,2559035.9079,19017,4,11010,3
3239,1,2,0,0,767647.7476000004,2577035.9079,21023,5,12014,3
3242,0,2,0,0,746047.7476000004,2533835.9079,14009,4,8005,4
3248,0,3,0,0,768847.7476000004,2565035.9079,21019,5,12011,2
3249,3,2,0,2,736447.7476000004,2542235.9079,10011,3,6007,1
3252,0,0,0,0,738247.7476000004,2542835.9079,11012,5,6007,1
3261,2,16,20,4,741247.7476000004,2559635.9079,12017,1,7010,4
3265,0,3,0,0,741847.7476000004,2532635.9079,12008,1,7005,4
3266,0,1,0,0,733447.7476000004,2600435.9079,9031,2,5018,4
3270,1,1,0,0,734647.7476000004,2552435.9079,10015,2,6009,1
3274,0,1,0,0,744847.7476000004,2545835.9079,13013,1,8007,4
3278,4,5,1,0,733447.7476000004,2561435.9079,9018,4,5010,5
3284,3,6,0,0,734047.7476000004,2560235.9079,10017,3,6010,4
3290,1,0,0,0,741247.7476000004,2529635.9079,12007,5,7004,4
3291,9,2,3,2,734647.7476000004,2559035.9079,10017,3,6010,4
3292,0,1,1,0,746047.7476000004,2562035.9079,14018,4,8011,2
3293,11,9,2,1,731047.7476000004,2562635.9079,9018,4,5011,2
3296,1,3,5,0,728647.7476000004,2561435.9079,8018,5,4010,4
3310,0,0,0,0,744247.7476000004,2623235.9079,13038,3,8023,5
3312,1,4,3,0,761047.7476000004,2557835.9079,19017,4,11010,3
3316,2,1,0,0,752047.7476000004,2575235.9079,16022,4,9013,5
3320,2,6,0,0,746647.7476000004,2557835.9079,14017,1,8010,2
3336,0,0,1,0,724447.7476000004,2590835.9079,6028,5,4016,1
3342,0,2,0,0,726847.7476000004,2591435.9079,7028,2,4016,1
3344,3,11,4,0,733447.7476000004,2568635.9079,9020,4,5012,2
3351,1,1,0,0,738847.7476000004,2579435.9079,11024,4,6014,3
3354,1,1,0,0,747847.7476000004,2561435.9079,14018,4,8010,2
3358,0,2,0,0,745447.7476000004,2563235.9079,13018,5,8011,2
3364,1,4,2,1,736447.7476000004,2560235.9079,10017,3,6010,4
3366,0,1,0,0,732847.7476000004,2595635.9079,9029,4,5017,4
3370,0,2,0,1,788647.7476000004,2561435.9079,28018,3,16010,5
3377,0,1,0,0,737647.7476000004,2579435.9079,11024,4,6014,3
3382,0,1,0,1,729247.7476000004,2573435.9079,8022,2,5013,3
3384,6,6,5,0,729847.7476000004,2568635.9079,8020,5,5012,2
3387,0,1,0,1,752647.7476000004,2563835.9079,16019,4,9011,5
3389,0,0,0,0,759247.7476000004,2601035.9079,18031,5,11018,3
3393,1,2,0,0,747247.7476000004,2526035.9079,14006,3,8003,4
3404,0,2,0,0,749647.7476000004,2588435.9079,15027,2,9016,2
3412,0,0,0,0,724447.7476000004,2575235.9079,6022,3,4013,4
3417,0,0,0,0,758047.7476000004,2514035.9079,18002,5,10001,1
3436,0,0,0,0,782647.7476000004,2607635.9079,26033,1,15020,1
3443,0,0,0,0,741247.7476000004,2611835.9079,12035,1,7021,4
3445,0,1,0,0,728647.7476000004,2573435.9079,8022,2,4013,4
3448,0,0,0,0,743047.7476000004,2555435.9079,13016,5,7009,4
3454,3,12,0,3,734047.7476000004,2556635.9079,10016,3,6009,1
3458,1,0,0,0,738847.7476000004,2594435.9079,11029,3,6017,5
3459,0,1,0,0,749047.7476000004,2533835.9079,15009,4,9005,3
3463,1,6,41,0,770647.7476000004,2559635.9079,22017,3,13010,3
3469,0,0,0,0,720847.7476000004,2598635.9079,5030,3,3018,1
3475,0,0,0,0,732847.7476000004,2577635.9079,9023,5,5014,3
3476,0,0,0,0,747247.7476000004,2565635.9079,14019,3,8011,2
3479,4,5,0,0,723847.7476000004,2592035.9079,6028,5,3017,5
3499,0,2,0,0,768247.7476000004,2586035.9079,21026,1,12015,2
3504,0,6,0,0,747247.7476000004,2557235.9079,14016,4,8010,2
3510,1,7,0,0,744247.7476000004,2539235.9079,13010,2,8006,1
3518,1,0,0,0,750847.7476000004,2545835.9079,15013,1,9007,1
3541,1,2,0,0,739447.7476000004,2538035.9079,11010,1,7006,3
3542,2,0,0,0,722047.7476000004,2584235.9079,6025,1,3015,1
3546,0,1,0,0,742447.7476000004,2580635.9079,12024,2,7014,2
3551,0,11,3,3,761047.7476000004,2523035.9079,19005,3,11003,3
3553,1,11,1,1,732847.7476000004,2553035.9079,9015,1,5009,3
3568,0,1,0,3,735247.7476000004,2542235.9079,10011,3,6007,1
3580,0,0,3,0,770647.7476000004,2563235.9079,22018,2,13011,4
3582,1,2,1,0,743647.7476000004,2541635.9079,13011,2,7006,3
3594,0,1,0,0,752047.7476000004,2549435.9079,16014,4,9008,4
3603,0,2,23,1,770047.7476000004,2559635.9079,22017,3,13010,3
3605,0,0,0,0,779647.7476000004,2577035.9079,25023,1,15014,2
3616,0,3,5,1,726847.7476000004,2562035.9079,7018,2,4011,4
3617,0,1,1,0,767647.7476000004,2576435.9079,21023,5,12013,3
3619,0,1,0,0,756247.7476000004,2523035.9079,17005,1,10003,5
3620,0,2,0,0,735847.7476000004,2577635.9079,10023,5,6014,3
3628,0,0,1,0,743647.7476000004,2586035.9079,13026,1,7015,5
3630,0,0,0,0,754447.7476000004,2532635.9079,16008,4,10005,4
3634,7,2,1,1,744847.7476000004,2538635.9079,13010,2,8006,1
3635,0,0,0,1,744847.7476000004,2550635.9079,13014,4,8008,5
3637,1,7,2,0,725047.7476000004,2589035.9079,7027,1,4016,1
3638,1,4,0,0,746047.7476000004,2563835.9079,14019,3,8011,2
3644,0,0,0,0,732247.7476000004,2565635.9079,9019,5,5011,2
3670,2,1,0,0,744247.7476000004,2556635.9079,13016,5,8009,5
3673,0,1,0,0,729247.7476000004,2560835.9079,8018,5,5010,5
3674,0,0,0,0,782647.7476000004,2567435.9079,26020,4,15012,3
3675,8,4,1,0,731047.7476000004,2556035.9079,9016,3,5009,3
3680,0,0,0,0,755047.7476000004,2558435.9079,17017,5,10010,2
3685,1,0,0,0,784447.7476000004,2607635.9079,26033,1,16020,4
3694,2,6,0,1,728047.7476000004,2593235.9079,8028,1,4017,4
3708,4,5,1,2,728047.7476000004,2566835.9079,8020,5,4012,2
3711,1,1,6,0,735847.7476000004,2562635.9079,10018,5,6011,1
3716,1,6,1,2,761047.7476000004,2523635.9079,19005,3,11003,3
3718,0,1,0,0,735847.7476000004,2578835.9079,10024,5,6014,3
3721,1,3,1,0,738847.7476000004,2556635.9079,11016,3,6009,1
3722,0,2,0,0,753247.7476000004,2556635.9079,16016,5,9009,5
3723,0,1,0,0,731647.7476000004,2583035.9079,9025,2,5015,3
3730,1,0,0,0,771847.7476000004,2571035.9079,22021,3,13012,4
3733,0,0,0,0,715447.7476000004,2595635.9079,3029,5,2017,3
3735,0,0,0,0,728647.7476000004,2599235.9079,8030,3,4018,2
3739,0,1,1,1,764047.7476000004,2524235.9079,20005,1,12003,5
3742,1,2,1,0,734047.7476000004,2581235.9079,10024,5,6014,3
3755,0,1,0,0,725647.7476000004,2571635.9079,7021,1,4012,2
3756,0,0,0,0,725047.7476000004,2584235.9079,7025,1,4015,1
3769,10,10,4,3,731647.7476000004,2563835.9079,9019,5,5011,2
3774,0,0,0,0,739447.7476000004,2582435.9079,11025,4,7015,5
3778,0,3,0,0,726847.7476000004,2551835.9079,7015,2,4009,5
3787,2,14,0,3,738247.7476000004,2559635.9079,11017,5,6010,4
3788,0,4,0,1,736447.7476000004,2561435.9079,10018,5,6010,4
3791,7,27,5,48,737047.7476000004,2548235.9079,11013,1,6008,4
3799,0,1,0,0,740647.7476000004,2577035.9079,12023,4,7014,2
3800,1,3,2,0,732847.7476000004,2544635.9079,9012,5,5007,1
3804,18,12,7,1,730447.7476000004,2565035.9079,8019,4,5011,2
3805,26,13,6,2,731647.7476000004,2566835.9079,9020,4,5012,2
3816,0,0,0,0,760447.7476000004,2512235.9079,18001,5,11001,2
3822,0,7,1,1,738847.7476000004,2548235.9079,11013,1,6008,4
3823,0,0,0,0,726847.7476000004,2584235.9079,7025,1,4015,1
3825,1,3,0,0,729247.7476000004,2587235.9079,8026,4,5016,1
3826,1,3,0,0,742447.7476000004,2584835.9079,12026,5,7015,5
3828,1,3,1,0,737647.7476000004,2548835.9079,11014,1,6008,4
3832,0,0,1,0,738847.7476000004,2526635.9079,11006,4,6003,4
3837,7,9,1,0,732247.7476000004,2563835.9079,9019,5,5011,2
3840,2,5,0,1,741847.7476000004,2559035.9079,12017,1,7010,4
3866,0,1,18,0,726247.7476000004,2568035.9079,7020,4,4012,2
3867,1,0,0,0,740047.7476000004,2538635.9079,12010,2,7006,3
3868,0,3,14,0,740647.7476000004,2574635.9079,12022,1,7013,1
3870,0,1,0,0,724447.7476000004,2577035.9079,6023,4,4014,3
3875,0,1,0,0,739447.7476000004,2537435.9079,11010,1,7006,3
3879,1,1,1,0,748447.7476000004,2541635.9079,14011,1,8006,1
3880,0,7,2,1,738847.7476000004,2565035.9079,11019,2,6011,1
3891,0,0,0,0,723847.7476000004,2580035.9079,6024,2,3014,4
3894,0,1,0,0,739447.7476000004,2580035.9079,11024,4,7014,2
3903,1,1,0,0,748447.7476000004,2560835.9079,14018,4,8010,2
3906,0,2,0,0,795247.7476000004,2592635.9079,30028,3,18017,4
3917,0,4,14,0,769447.7476000004,2559035.9079,21017,2,13010,3
3932,0,1,0,0,756847.7476000004,2553635.9079,17015,1,10009,2
3935,0,6,0,2,726247.7476000004,2557835.9079,7017,1,4010,4
3936,4,8,3,3,725647.7476000004,2587235.9079,7026,2,4016,1
3937,7,7,1,1,738847.7476000004,2561435.9079,11018,3,6010,4
3939,0,1,6,2,767647.7476000004,2558435.9079,21017,2,12010,5
3940,1,5,8,1,719647.7476000004,2596835.9079,5030,3,3018,1
3942,0,2,0,0,747847.7476000004,2554235.9079,14015,2,8009,5
3944,3,9,0,3,741247.7476000004,2578235.9079,12023,4,7014,2
3948,0,1,0,1,728047.7476000004,2583635.9079,8025,3,4015,1
3952,0,1,0,0,738247.7476000004,2542235.9079,11011,1,6007,1
3956,0,5,0,1,737047.7476000004,2562035.9079,11018,3,6011,1
3958,5,23,67,16,742447.7476000004,2560835.9079,12018,3,7010,4
3960,0,6,15,0,771847.7476000004,2560235.9079,22017,3,13010,3
3961,0,0,0,0,723247.7476000004,2577635.9079,6023,4,3014,4
3966,0,2,0,0,758647.7476000004,2584235.9079,18025,4,10015,5
3974,2,4,0,2,764047.7476000004,2606435.9079,20033,4,12019,3
3980,3,14,3,0,731647.7476000004,2569235.9079,9020,4,5012,2
3987,0,1,0,0,755647.7476000004,2569835.9079,17021,1,10012,4
4002,2,2,0,0,732247.7476000004,2572835.9079,9022,1,5013,3
4003,0,2,0,1,742447.7476000004,2548235.9079,12013,2,7008,3
4004,0,0,1,0,790447.7476000004,2583635.9079,28025,5,17015,1
4007,0,2,0,0,750847.7476000004,2563235.9079,15018,4,9011,5
4009,0,3,0,0,732847.7476000004,2557835.9079,9017,1,5010,5
4012,0,1,0,0,745447.7476000004,2623835.9079,13039,2,8023,5
4017,6,10,4,3,731647.7476000004,2564435.9079,9019,5,5011,2
4028,0,0,0,0,753247.7476000004,2548835.9079,16014,4,9008,4
4034,1,2,0,1,727447.7476000004,2576435.9079,7023,2,4013,4
4044,0,2,0,0,737047.7476000004,2587235.9079,11026,3,6016,5
4048,0,5,0,0,762247.7476000004,2607635.9079,19033,2,11020,1
4049,0,1,0,0,751447.7476000004,2545235.9079,15012,3,9007,1
4050,0,0,0,0,759247.7476000004,2560235.9079,18017,1,11010,3
4058,0,1,0,0,750847.7476000004,2567435.9079,15020,2,9012,1
4063,1,0,14,1,727447.7476000004,2563235.9079,7018,2,4011,4
4065,0,5,0,0,725647.7476000004,2551235.9079,7014,3,4008,3
4071,0,0,0,0,749647.7476000004,2562035.9079,15018,4,9011,5
4072,4,2,1,1,735847.7476000004,2550635.9079,10014,2,6008,4
4078,0,1,1,0,757447.7476000004,2542235.9079,17011,2,10007,3
4082,2,1,0,0,726847.7476000004,2559635.9079,7017,1,4010,4
4086,0,0,0,0,728047.7476000004,2587835.9079,8027,3,4016,1
4087,0,0,0,0,755647.7476000004,2518235.9079,17003,4,10002,1
4093,0,2,0,0,741847.7476000004,2561435.9079,12018,3,7010,4
4111,13,78,1,0,737647.7476000004,2556035.9079,11016,3,6009,1
4115,0,0,0,0,752647.7476000004,2618435.9079,16037,5,9022,3
4116,0,0,0,0,766447.7476000004,2607035.9079,20033,4,12020,2
4123,0,0,0,0,753847.7476000004,2591435.9079,16028,1,9016,2
4127,0,0,0,0,749647.7476000004,2563235.9079,15018,4,9011,5
4130,4,2,1,1,740647.7476000004,2539235.9079,12010,2,7006,3
4131,0,1,0,0,784447.7476000004,2577035.9079,26023,2,16014,1
4135,8,5,2,1,731647.7476000004,2568035.9079,9020,4,5012,2
4140,0,0,0,0,744247.7476000004,2521835.9079,13005,3,8003,4
4142,0,2,0,1,752047.7476000004,2593835.9079,16029,3,9017,2
4146,0,0,1,0,720247.7476000004,2585435.9079,5026,1,3015,1
4159,0,1,0,0,734647.7476000004,2536235.9079,10009,4,6005,1
4160,0,8,1,0,740647.7476000004,2546435.9079,12013,2,7007,1
4171,0,0,1,0,734647.7476000004,2581835.9079,10025,1,6015,4
4173,1,0,3,1,729247.7476000004,2584235.9079,8025,3,5015,3
4182,0,2,5,0,736447.7476000004,2564435.9079,10019,3,6011,1
4184,0,1,0,0,725047.7476000004,2592035.9079,7028,2,4017,4
4185,1,3,0,0,761047.7476000004,2557235.9079,19016,1,11010,3
4201,1,2,1,1,746047.7476000004,2524235.9079,14005,1,8003,4
4204,0,0,0,0,731047.7476000004,2571035.9079,9021,4,5012,2
4206,1,8,0,0,788047.7476000004,2577035.9079,28023,2,16014,1
4208,0,0,0,0,732847.7476000004,2583035.9079,9025,2,5015,3
4211,1,0,0,0,774247.7476000004,2563835.9079,23019,1,14011,2
4227,1,1,0,0,770047.7476000004,2577035.9079,22023,4,13014,3
4229,2,2,0,0,740647.7476000004,2556035.9079,12016,4,7009,4
4234,0,1,0,0,776647.7476000004,2566835.9079,24020,4,14012,2
4236,2,3,0,0,729247.7476000004,2571635.9079,8021,4,5012,2
4246,0,2,0,0,737647.7476000004,2593835.9079,11029,3,6017,5
4256,6,3,0,1,732247.7476000004,2564435.9079,9019,5,5011,2
4266,0,3,0,1,746047.7476000004,2566835.9079,14020,5,8012,5
4267,0,0,0,0,735247.7476000004,2573435.9079,10022,3,6013,5
4268,0,2,0,1,730447.7476000004,2586035.9079,8026,4,5015,3
4270,0,1,0,0,787447.7476000004,2567435.9079,27020,1,16012,1
4274,0,1,0,0,763447.7476000004,2559635.9079,19017,4,11010,3
4275,0,0,0,0,791047.7476000004,2565035.9079,29019,5,17011,4
4276,1,0,0,0,744847.7476000004,2547035.9079,13013,1,8008,5
4283,0,1,0,0,731047.7476000004,2543435.9079,9012,5,5007,1
4287,0,3,0,0,747247.7476000004,2568635.9079,14020,5,8012,5
4291,7,10,5,2,732247.7476000004,2563235.9079,9018,4,5011,2
4298,4,7,1,1,725047.7476000004,2590235.9079,7027,1,4016,1
4299,0,0,0,0,728647.7476000004,2584835.9079,8026,4,4015,1
4300,0,1,0,0,789247.7476000004,2573435.9079,28022,3,17013,2
4301,0,7,4,1,740047.7476000004,2553635.9079,12015,2,7009,4
4302,0,2,0,0,736447.7476000004,2565635.9079,10019,3,6011,1
4308,0,1,1,0,767647.7476000004,2561435.9079,21018,4,12010,5
4311,0,0,1,0,758047.7476000004,2612435.9079,18035,1,10021,2
4333,0,1,1,0,746647.7476000004,2614835.9079,14036,5,8021,3
4339,0,0,0,0,726847.7476000004,2587235.9079,7026,2,4016,1
4357,1,2,0,0,738247.7476000004,2581835.9079,11025,4,6015,4
4358,0,0,1,0,725047.7476000004,2553635.9079,7015,2,4009,5
4361,0,2,0,1,765847.7476000004,2558435.9079,20017,1,12010,5
4365,0,1,1,1,763447.7476000004,2615435.9079,19036,4,11021,2
4378,3,5,1,0,729247.7476000004,2553635.9079,8015,1,5009,3
4380,0,0,2,0,725047.7476000004,2573435.9079,7022,2,4013,4
4404,6,12,2,0,740647.7476000004,2559035.9079,12017,1,7010,4
4406,0,2,0,0,734047.7476000004,2551835.9079,10015,2,6009,1
4421,0,2,0,0,737047.7476000004,2577035.9079,11023,5,6014,3
4426,1,5,0,0,731647.7476000004,2554235.9079,9015,1,5009,3
4429,0,0,0,0,724447.7476000004,2584835.9079,6026,2,4015,1
4431,0,3,0,0,732247.7476000004,2550635.9079,9014,3,5008,5
4433,0,3,0,2,735847.7476000004,2547035.9079,10013,5,6008,4
4439,0,0,0,0,735847.7476000004,2579435.9079,10024,5,6014,3
4444,1,6,0,2,731647.7476000004,2555435.9079,9016,3,5009,3
4446,0,0,0,0,737647.7476000004,2581835.9079,11025,4,6015,4
4451,2,3,1,0,719047.7476000004,2596235.9079,5029,4,3017,5
4456,1,1,0,0,762247.7476000004,2523635.9079,19005,3,11003,3
4458,0,4,0,0,765247.7476000004,2606435.9079,20033,4,12019,3
4464,1,8,2,2,725647.7476000004,2589035.9079,7027,1,4016,1
4466,0,4,25,0,768847.7476000004,2559035.9079,21017,2,12010,5
4469,0,1,0,0,751447.7476000004,2550035.9079,15014,2,9008,4
4470,0,1,1,0,722647.7476000004,2587835.9079,6027,3,3016,5
4475,0,0,0,1,751447.7476000004,2533835.9079,15009,4,9005,3
4476,0,0,0,0,739447.7476000004,2536235.9079,11009,1,7005,4
4486,0,0,0,0,755047.7476000004,2545235.9079,17012,5,10007,3
4500,0,1,0,0,721447.7476000004,2588435.9079,5027,1,3016,5
4502,0,0,0,0,739447.7476000004,2540435.9079,11011,1,7006,3
4505,0,1,1,0,761647.7476000004,2513435.9079,19002,3,11001,2
4508,0,2,2,1,727447.7476000004,2558435.9079,7017,1,4010,4
4516,0,0,2,0,771247.7476000004,2564435.9079,22019,4,13011,4
4517,0,0,0,0,725047.7476000004,2568635.9079,7020,4,4012,2
4520,2,4,0,0,729247.7476000004,2564435.9079,8019,4,5011,2
4523,0,0,0,0,731647.7476000004,2584235.9079,9025,2,5015,3
4529,8,14,9,6,787447.7476000004,2577035.9079,27023,2,16014,1
4541,1,5,1,1,737047.7476000004,2554235.9079,11015,1,6009,1
4542,0,1,0,0,738847.7476000004,2539235.9079,11010,1,6006,5
4553,16,13,9,11,737047.7476000004,2560235.9079,11017,5,6010,4
4556,0,0,0,0,755047.7476000004,2555435.9079,17016,5,10009,2
4559,0,0,0,0,732847.7476000004,2551235.9079,9014,3,5008,5
4560,0,0,0,0,766447.7476000004,2600435.9079,20031,4,12018,4
4571,3,10,0,6,731047.7476000004,2557235.9079,9016,3,5010,5
4577,0,4,3,1,730447.7476000004,2610635.9079,8034,4,5020,1
4579,0,1,0,0,751447.7476000004,2559635.9079,15017,2,9010,5
4583,0,0,12,0,727447.7476000004,2562635.9079,7018,2,4011,4
4590,8,12,5,7,740047.7476000004,2578235.9079,12023,4,7014,2
4591,0,0,0,0,726247.7476000004,2584835.9079,7026,2,4015,1
4592,0,0,0,0,749047.7476000004,2532635.9079,15008,3,9005,3
4594,0,1,0,0,748447.7476000004,2556035.9079,14016,4,8009,5
4597,0,0,0,0,731647.7476000004,2585435.9079,9026,1,5015,3
4603,0,0,1,0,731647.7476000004,2553035.9079,9015,1,5009,3
4607,0,0,1,0,732247.7476000004,2597435.9079,9030,1,5018,4
4619,0,2,4,0,731647.7476000004,2557835.9079,9017,1,5010,5
4632,1,0,0,0,766447.7476000004,2569235.9079,20020,3,12012,2
4633,2,4,0,0,723847.7476000004,2586635.9079,6026,2,3015,1
4637,0,0,0,0,744847.7476000004,2584235.9079,13025,2,8015,3
4653,0,3,0,1,754447.7476000004,2539835.9079,16011,2,10006,1
4660,0,0,0,0,722047.7476000004,2580635.9079,6024,2,3014,4
4666,0,0,1,0,754447.7476000004,2562035.9079,16018,5,10011,3
4683,0,2,0,0,765847.7476000004,2560835.9079,20018,5,12010,5
4687,0,0,0,0,762247.7476000004,2509235.9079,19000,5,11000,4
4705,1,1,0,1,735847.7476000004,2541635.9079,10011,3,6006,5
4716,2,2,0,0,738247.7476000004,2544635.9079,11012,5,6007,1
4730,3,21,5,6,736447.7476000004,2555435.9079,10016,3,6009,1
4746,0,1,4,0,764047.7476000004,2557235.9079,20016,2,12010,5
4753,0,0,0,0,764047.7476000004,2604035.9079,20032,3,12019,3
4754,1,0,0,0,782047.7476000004,2609435.9079,26034,5,15020,1
4756,0,0,4,0,769960.1154000004,2558517.579800001,21017,2,13010,3
4759,9,6,2,1,732847.7476000004,2582435.9079,9025,2,5015,3
4766,4,7,0,0,742447.7476000004,2585435.9079,12026,5,7015,5
4769,2,7,6,5,746647.7476000004,2559635.9079,14017,1,8010,2
4773,1,11,31,4,743647.7476000004,2560835.9079,13018,5,7010,4
4774,0,2,0,0,783847.7476000004,2600435.9079,26031,4,15018,2
4778,0,0,0,0,743047.7476000004,2585435.9079,13026,1,7015,5
4782,0,1,0,0,763447.7476000004,2577035.9079,19023,4,11014,5
4783,0,0,0,0,744847.7476000004,2542835.9079,13012,3,8007,4
4784,0,1,0,0,729247.7476000004,2600435.9079,8031,2,5018,4
4790,1,4,0,2,726847.7476000004,2560835.9079,7018,2,4010,4
4793,0,0,0,0,759247.7476000004,2583635.9079,18025,4,11015,5
4794,0,0,0,0,752647.7476000004,2529035.9079,16007,3,9004,3
4809,2,6,3,2,746647.7476000004,2524235.9079,14005,1,8003,4
4819,0,0,0,1,731047.7476000004,2593235.9079,9028,5,5017,4
4837,0,0,1,0,778447.7476000004,2592035.9079,24028,4,14017,5
4843,1,2,0,0,731647.7476000004,2572235.9079,9021,4,5013,3
4850,0,0,0,0,746047.7476000004,2542235.9079,14011,1,8007,4
4851,0,0,1,0,737647.7476000004,2578235.9079,11023,5,6014,3
4858,0,0,0,0,748447.7476000004,2566835.9079,14020,5,8012,5
4880,0,1,0,0,729847.7476000004,2572235.9079,8021,4,5013,3
4883,0,1,0,0,763447.7476000004,2523635.9079,19005,3,11003,3
4886,1,16,0,0,764647.7476000004,2606435.9079,20033,4,12019,3
4907,1,0,0,1,758047.7476000004,2558435.9079,18017,1,10010,2
4911,0,2,0,0,738247.7476000004,2581235.9079,11024,4,6014,3
4912,2,0,0,0,747247.7476000004,2537435.9079,14010,1,8006,1
4924,7,6,0,1,729847.7476000004,2560235.9079,8017,5,5010,5
4926,0,0,0,0,761047.7476000004,2575235.9079,19022,1,11013,5
4930,2,3,1,1,729247.7476000004,2567435.9079,8020,5,5012,2
4935,0,0,1,0,718447.7476000004,2580035.9079,4024,3,2014,1
4939,3,10,2,7,727447.7476000004,2589635.9079,7027,1,4016,1
4942,1,0,0,0,730447.7476000004,2571635.9079,8021,4,5012,2
4951,0,3,0,0,751447.7476000004,2545835.9079,15013,1,9007,1
4953,3,9,0,3,728047.7476000004,2556035.9079,8016,5,4009,5
4957,1,2,0,0,735247.7476000004,2576435.9079,10023,5,6013,5
4960,0,3,2,2,718447.7476000004,2596835.9079,4030,5,2018,1
4961,7,4,10,0,726847.7476000004,2567435.9079,7020,4,4012,2
4964,0,2,0,0,744847.7476000004,2553035.9079,13015,3,8009,5
4976,2,8,0,2,764047.7476000004,2605235.9079,20032,3,12019,3
5002,0,0,0,1,731047.7476000004,2565035.9079,9019,5,5011,2
5012,1,1,0,1,734047.7476000004,2570435.9079,10021,1,6012,2
5019,2,2,0,0,750247.7476000004,2566835.9079,15020,2,9012,1
5026,0,0,0,0,756847.7476000004,2571035.9079,17021,1,10012,4
5033,0,6,0,3,759847.7476000004,2581835.9079,18025,4,11015,5
5038,1,1,1,1,728047.7476000004,2559035.9079,8017,5,4010,4
5043,0,1,0,0,747247.7476000004,2568035.9079,14020,5,8012,5
5047,0,0,0,0,746647.7476000004,2593235.9079,14028,3,8017,1
5056,5,3,1,3,735247.7476000004,2559635.9079,10017,3,6010,4
5058,0,0,0,0,737047.7476000004,2580035.9079,11024,4,6014,3
5082,1,3,0,0,762847.7476000004,2605835.9079,19033,2,11019,4
5098,0,1,0,0,747247.7476000004,2574635.9079,14022,5,8013,1
5112,1,2,0,0,786847.7476000004,2567435.9079,27020,1,16012,1
5117,0,1,0,1,743647.7476000004,2545835.9079,13013,1,7007,1
5137,0,0,0,0,716647.7476000004,2595035.9079,4029,4,2017,3
5138,1,2,0,0,737047.7476000004,2578835.9079,11024,4,6014,3
5162,0,0,0,1,741847.7476000004,2542235.9079,12011,3,7007,1
5166,1,0,1,0,735847.7476000004,2572835.9079,10022,3,6013,5
5183,0,2,0,0,739447.7476000004,2545235.9079,11012,5,7007,1
5187,1,3,1,0,765247.7476000004,2559035.9079,20017,1,12010,5
5190,2,3,1,1,734047.7476000004,2559635.9079,10017,3,6010,4
5191,0,0,0,0,753847.7476000004,2593235.9079,16028,1,9017,2
5194,0,0,0,0,737647.7476000004,2577635.9079,11023,5,6014,3
5201,0,0,0,0,729847.7476000004,2589635.9079,8027,3,5016,1
5205,0,1,0,0,765247.7476000004,2565035.9079,20019,3,12011,2
5210,0,0,0,0,733447.7476000004,2607035.9079,9033,2,5020,1
5225,0,1,0,0,726247.7476000004,2575835.9079,7023,2,4013,4
5227,1,0,0,0,736447.7476000004,2576435.9079,10023,5,6013,5
5231,1,2,0,0,731047.7476000004,2554235.9079,9015,1,5009,3
5238,0,1,0,0,741247.7476000004,2547035.9079,12013,2,7008,3
5246,0,1,0,0,783247.7476000004,2599835.9079,26031,4,15018,2
5248,0,1,0,0,753847.7476000004,2551835.9079,16015,1,9009,5
5255,3,3,0,1,734647.7476000004,2556635.9079,10016,3,6009,1
5259,1,0,0,0,724447.7476000004,2583035.9079,6025,1,4015,1
5261,0,2,0,0,726247.7476000004,2574035.9079,7022,2,4013,4
5266,0,3,0,0,764047.7476000004,2607635.9079,20033,4,12020,2
5271,0,3,0,0,786847.7476000004,2578235.9079,27023,2,16014,1
5288,1,3,0,0,745447.7476000004,2546435.9079,13013,1,8007,4
5289,3,11,4,1,731647.7476000004,2568635.9079,9020,4,5012,2
5291,1,0,0,0,747847.7476000004,2579435.9079,14024,5,8014,3
5292,4,4,0,1,731647.7476000004,2556635.9079,9016,3,5009,3
5298,2,6,0,0,737047.7476000004,2555435.9079,11016,3,6009,1
5321,0,2,1,0,764647.7476000004,2558435.9079,20017,1,12010,5
5328,0,0,0,0,769447.7476000004,2623235.9079,21038,3,13023,5
5330,0,0,1,1,754447.7476000004,2523635.9079,16005,3,10003,5
5352,0,2,1,1,728047.7476000004,2557235.9079,8016,5,4010,4
5353,1,4,0,0,770647.7476000004,2577035.9079,22023,4,13014,3
5364,3,10,2,1,739447.7476000004,2560835.9079,11018,3,7010,4
5367,0,1,0,0,720847.7476000004,2587235.9079,5026,1,3016,5
5388,11,15,3,1,732247.7476000004,2559635.9079,9017,1,5010,5
5395,0,0,0,0,761647.7476000004,2602235.9079,19031,2,11019,4
5396,0,1,0,0,738847.7476000004,2547635.9079,11013,1,6008,4
5397,0,0,2,0,730447.7476000004,2589635.9079,8027,3,5016,1
5399,1,0,0,0,779647.7476000004,2565035.9079,25019,4,15011,2
5400,0,2,0,0,728647.7476000004,2576435.9079,8023,2,4013,4
5401,0,3,0,0,784447.7476000004,2592635.9079,26028,4,16017,3
5405,0,0,0,0,795847.7476000004,2590235.9079,30027,3,18016,4
5407,5,11,0,2,740647.7476000004,2547035.9079,12013,2,7008,3
5416,0,1,0,0,752047.7476000004,2593235.9079,16028,1,9017,2
5417,0,2,2,0,743647.7476000004,2569235.9079,13020,3,7012,5
5423,1,1,0,0,756247.7476000004,2543435.9079,17012,5,10007,3
5431,1,0,0,0,755647.7476000004,2569235.9079,17020,1,10012,4
5438,0,3,3,1,746647.7476000004,2564435.9079,14019,3,8011,2
5441,2,1,0,0,738247.7476000004,2539835.9079,11011,1,6006,5
5452,48,72,27,3,731047.7476000004,2567435.9079,9020,4,5012,2
5461,0,0,0,0,761047.7476000004,2577035.9079,19023,4,11014,5
5463,2,0,0,0,727447.7476000004,2574035.9079,7022,2,4013,4
5474,3,6,0,1,746647.7476000004,2559035.9079,14017,1,8010,2
5482,0,0,0,0,741847.7476000004,2577635.9079,12023,4,7014,2
5484,1,0,0,0,740647.7476000004,2589035.9079,12027,4,7016,2
5485,0,1,0,0,737647.7476000004,2550035.9079,11014,1,6008,4
5501,0,1,0,0,726847.7476000004,2550640.692099999,7014,3,4008,3
5507,1,0,1,0,728647.7476000004,2575835.9079,8023,2,4013,4
5509,0,2,0,0,732847.7476000004,2546435.9079,9013,4,5007,1
5512,0,0,0,0,782047.7476000004,2600435.9079,26031,4,15018,2
5536,1,1,0,0,741247.7476000004,2536835.9079,12010,2,7006,3
5537,0,2,0,0,767047.7476000004,2578835.9079,21024,5,12014,3
5540,15,15,0,1,730447.7476000004,2572835.9079,8022,2,5013,3
5557,0,1,0,0,758647.7476000004,2520035.9079,18004,1,10002,1
5558,0,4,0,0,738247.7476000004,2578835.9079,11024,4,6014,3
5559,6,11,2,0,732247.7476000004,2559035.9079,9017,1,5010,5
5573,1,0,0,0,786247.7476000004,2590835.9079,27028,2,16016,3
5579,2,3,0,2,743647.7476000004,2559035.9079,13017,3,7010,4
5580,0,4,1,1,722047.7476000004,2596835.9079,6030,4,3018,1
5581,0,1,0,0,723247.7476000004,2598035.9079,6030,4,3018,1
5586,0,0,0,0,750847.7476000004,2533835.9079,15009,4,9005,3
5589,3,8,1,0,732247.7476000004,2558435.9079,9017,1,5010,5
5594,1,0,0,0,758047.7476000004,2604035.9079,18032,2,10019,5
5596,0,0,0,0,767047.7476000004,2569835.9079,21021,2,12012,2
5597,0,4,2,1,768247.7476000004,2562635.9079,21018,4,12011,2
5603,0,0,0,0,745447.7476000004,2528435.9079,13007,5,8004,5
5612,1,2,0,0,786847.7476000004,2579435.9079,27024,5,16014,1
5616,11,29,6,1,732247.7476000004,2568635.9079,9020,4,5012,2
5618,0,2,0,0,790447.7476000004,2577035.9079,28023,2,17014,2
5631,0,0,0,0,740647.7476000004,2562035.9079,12018,3,7011,4
5632,0,3,0,0,753847.7476000004,2556035.9079,16016,5,9009,5
5637,1,8,0,5,737047.7476000004,2561435.9079,11018,3,6010,4
5647,0,0,0,0,740047.7476000004,2585435.9079,12026,5,7015,5
5649,3,14,33,3,729847.7476000004,2562035.9079,8018,5,5011,2
5656,1,4,1,2,734047.7476000004,2554235.9079,10015,2,6009,1
5665,1,0,0,0,740047.7476000004,2560835.9079,12018,3,7010,4
5674,1,0,0,0,750247.7476000004,2545235.9079,15012,3,9007,1
5677,0,0,0,0,741847.7476000004,2569835.9079,12021,3,7012,5
5684,0,0,1,0,753247.7476000004,2528435.9079,16007,3,9004,3
5686,0,9,9,1,729847.7476000004,2561435.9079,8018,5,5010,5
5687,2,14,8,1,767047.7476000004,2558435.9079,21017,2,12010,5
5704,0,0,0,0,741247.7476000004,2553035.9079,12015,2,7009,4
5716,0,1,0,0,750847.7476000004,2527835.9079,15007,2,9004,3
5717,3,3,0,3,735247.7476000004,2553635.9079,10015,2,6009,1
5724,4,1,1,0,749047.7476000004,2558435.9079,15017,2,9010,5
5726,5,10,1,1,767647.7476000004,2578235.9079,21023,5,12014,3
5732,0,0,0,0,769447.7476000004,2599835.9079,21031,3,13018,4
5739,0,0,0,0,761047.7476000004,2556035.9079,19016,1,11009,5
5761,0,1,0,0,770647.7476000004,2581235.9079,22024,1,13014,3
5765,0,0,0,1,728047.7476000004,2574035.9079,8022,2,4013,4
5766,3,3,0,0,740047.7476000004,2547035.9079,12013,2,7008,3
5773,1,0,0,0,752047.7476000004,2538635.9079,16010,2,9006,1
5778,0,0,0,0,753247.7476000004,2531435.9079,16008,4,9004,3
5794,0,0,0,1,743047.7476000004,2581235.9079,13024,5,7014,2
5797,0,2,1,1,748447.7476000004,2554835.9079,14016,4,8009,5
5799,3,4,0,1,740047.7476000004,2535635.9079,12009,4,7005,4
5803,0,5,1,0,744247.7476000004,2552435.9079,13015,3,8009,5
5807,1,2,0,0,747247.7476000004,2544635.9079,14012,1,8007,4
5832,2,6,0,1,732847.7476000004,2560235.9079,9017,1,5010,5
5838,1,7,0,0,756247.7476000004,2565035.9079,17019,5,10011,3
5842,16,11,4,2,732247.7476000004,2571035.9079,9021,4,5012,2
5844,1,2,0,0,746047.7476000004,2541635.9079,14011,1,8006,1
5848,0,2,0,0,741247.7476000004,2545235.9079,12012,4,7007,1
5855,2,5,1,0,739447.7476000004,2558435.9079,11017,5,7010,4
5858,0,1,0,0,784447.7476000004,2593235.9079,26028,4,16017,3
5859,3,4,0,2,726847.7476000004,2562635.9079,7018,2,4011,4
5861,1,5,0,0,764647.7476000004,2557835.9079,20017,1,12010,5
5862,0,0,0,0,758047.7476000004,2559635.9079,18017,1,10010,2
5867,1,1,0,0,761047.7476000004,2525435.9079,19006,5,11003,3
5881,0,2,0,1,754447.7476000004,2539235.9079,16010,2,10006,1
5894,0,0,0,1,745447.7476000004,2533835.9079,13009,1,8005,4
5905,1,0,0,0,728047.7476000004,2599835.9079,8031,2,4018,2
5915,7,14,1,1,732247.7476000004,2570435.9079,9021,4,5012,2
5919,0,5,3,2,753247.7476000004,2593835.9079,16029,3,9017,2
5932,3,3,0,0,744247.7476000004,2563235.9079,13018,5,8011,2
5968,0,2,1,0,743647.7476000004,2584835.9079,13026,1,7015,5
5988,1,2,1,0,734047.7476000004,2557235.9079,10016,3,6010,4
5989,0,1,0,0,765847.7476000004,2562035.9079,20018,5,12011,2
6008,1,2,0,0,767047.7476000004,2563835.9079,21019,5,12011,2
6017,0,0,0,0,764647.7476000004,2580635.9079,20024,2,12014,3
6020,1,0,0,0,730447.7476000004,2591435.9079,8028,1,5016,1
6022,0,0,0,0,744247.7476000004,2537435.9079,13010,2,8006,1
6029,0,0,0,0,747847.7476000004,2537435.9079,14010,1,8006,1
6030,0,0,0,0,767047.7476000004,2571035.9079,21021,2,12012,2
6037,4,2,0,0,743047.7476000004,2540435.9079,13011,2,7006,3
6043,0,1,0,0,762847.7476000004,2607035.9079,19033,2,11020,1
6050,0,0,0,0,798847.7476000004,2589635.9079,31027,1,18016,4
6056,18,29,7,2,732247.7476000004,2572235.9079,9021,4,5013,3
6058,1,2,0,0,751447.7476000004,2560835.9079,15018,4,9010,5
6061,1,0,0,0,788047.7476000004,2605235.9079,28032,5,16019,4
6069,0,0,0,0,786247.7476000004,2565635.9079,27019,3,16011,3
6073,0,4,0,0,727447.7476000004,2599835.9079,7031,2,4018,2
6075,2,5,0,2,788647.7476000004,2580635.9079,28024,3,16014,1
6081,6,12,4,0,730447.7476000004,2566235.9079,8019,4,5011,2
6092,0,0,0,0,762247.7476000004,2577035.9079,19023,4,11014,5
6097,2,0,0,0,758047.7476000004,2559035.9079,18017,1,10010,2
6099,0,4,1,0,747847.7476000004,2557835.9079,14017,1,8010,2
6104,0,4,1,0,728647.7476000004,2589035.9079,8027,3,4016,1
6105,1,7,1,15,725047.7476000004,2597435.9079,7030,5,4018,2
6118,0,6,1,0,739447.7476000004,2579435.9079,11024,4,7014,2
6125,0,3,0,0,730447.7476000004,2554835.9079,8016,5,5009,3
6131,0,2,0,2,725647.7476000004,2558435.9079,7017,1,4010,4
6133,0,0,0,0,777847.7476000004,2624435.9079,24039,2,14023,4
6144,1,0,0,0,741247.7476000004,2586035.9079,12026,5,7015,5
6153,1,3,0,0,728047.7476000004,2565035.9079,8019,4,4011,4
6163,1,5,1,1,745447.7476000004,2538635.9079,13010,2,8006,1
6175,1,0,0,0,736447.7476000004,2546435.9079,10013,5,6007,1
6182,0,2,0,0,742447.7476000004,2583635.9079,12025,4,7015,5
6183,0,1,1,0,785647.7476000004,2577035.9079,27023,2,16014,1
6193,2,2,1,1,738247.7476000004,2563235.9079,11018,3,6011,1
6196,4,9,6,2,743647.7476000004,2546435.9079,13013,1,7007,1
6209,0,0,0,0,766447.7476000004,2610035.9079,20034,5,12020,2
6211,0,0,0,0,757447.7476000004,2560835.9079,17018,4,10010,2
6226,0,1,0,0,741847.7476000004,2555435.9079,12016,4,7009,4
6254,1,1,1,0,740047.7476000004,2549435.9079,12014,2,7008,3
6255,0,0,0,0,774247.7476000004,2622035.9079,23038,3,14023,4
6259,8,16,2,3,729847.7476000004,2558435.9079,8017,5,5010,5
6262,0,0,0,0,728047.7476000004,2584835.9079,8026,4,4015,1
6267,1,0,0,0,721447.7476000004,2592635.9079,5028,2,3017,5
6272,1,1,0,0,729847.7476000004,2554235.9079,8015,1,5009,3
6273,0,0,0,0,779647.7476000004,2589035.9079,25027,5,15016,3
6283,0,5,1,0,766447.7476000004,2577635.9079,20023,1,12014,3
6287,0,0,1,0,769447.7476000004,2558435.9079,21017,2,13010,3
6290,0,0,0,0,741847.7476000004,2544635.9079,12012,4,7007,1
6291,0,1,0,0,740047.7476000004,2536235.9079,12009,4,7005,4
6294,0,1,0,0,789847.7476000004,2587835.9079,28027,5,17016,5
6298,0,0,4,0,768847.7476000004,2561435.9079,21018,4,12010,5
6299,1,6,0,0,729247.7476000004,2557835.9079,8017,5,5010,5
6303,1,8,0,0,765847.7476000004,2559635.9079,20017,1,12010,5
6307,1,0,0,0,757447.7476000004,2541035.9079,17011,2,10006,1
6315,0,1,0,0,746047.7476000004,2551235.9079,14014,5,8008,5
6319,0,0,0,0,764647.7476000004,2520035.9079,20004,3,12002,1
6328,0,1,0,0,764647.7476000004,2559035.9079,20017,1,12010,5
6343,6,12,2,1,731647.7476000004,2569835.9079,9021,4,5012,2
6347,0,0,0,0,739447.7476000004,2612435.9079,11035,3,7021,4
6353,0,1,0,0,743047.7476000004,2589035.9079,13027,3,7016,2
6357,1,3,0,1,749047.7476000004,2541635.9079,15011,5,9006,1
6362,0,1,0,0,756847.7476000004,2604635.9079,17032,1,10019,5
6366,1,5,2,1,741847.7476000004,2541635.9079,12011,3,7006,3
6378,0,2,2,1,764047.7476000004,2558435.9079,20017,1,12010,5
6379,0,0,0,0,739447.7476000004,2571035.9079,11021,4,7012,5
6385,0,2,0,0,747847.7476000004,2545235.9079,14012,1,8007,4
6389,0,1,0,0,717247.7476000004,2584835.9079,4026,1,2015,4
6394,4,11,2,12,733447.7476000004,2559635.9079,9017,1,5010,5
6396,0,1,0,0,741847.7476000004,2551835.9079,12015,2,7009,4
6401,7,15,5,0,740647.7476000004,2579435.9079,12024,2,7014,2
6404,0,0,0,0,762847.7476000004,2603435.9079,19032,2,11019,4
6411,1,0,0,1,744847.7476000004,2540435.9079,13011,2,8006,1
6415,0,1,1,0,744847.7476000004,2537435.9079,13010,2,8006,1
6437,14,21,7,0,740047.7476000004,2578835.9079,12024,2,7014,2
6446,3,0,0,4,740047.7476000004,2586035.9079,12026,5,7015,5
6448,0,1,0,0,758647.7476000004,2581835.9079,18025,4,10015,5
6460,0,1,0,1,732247.7476000004,2543435.9079,9012,5,5007,1
6464,0,0,0,0,740647.7476000004,2584235.9079,12025,4,7015,5
6469,1,7,3,0,739447.7476000004,2542235.9079,11011,1,7007,1
6474,0,1,0,0,788647.7476000004,2560835.9079,28018,3,16010,5
6477,3,1,0,0,737047.7476000004,2557235.9079,11016,3,6010,4
6480,3,3,0,0,729247.7476000004,2568635.9079,8020,5,5012,2
6482,0,0,0,0,770647.7476000004,2582435.9079,22025,3,13015,3
6487,0,0,0,0,768847.7476000004,2580635.9079,21024,5,12014,3
6490,1,2,0,0,741847.7476000004,2535035.9079,12009,4,7005,4
6493,0,4,1,1,729247.7476000004,2554835.9079,8016,5,5009,3
6501,0,2,0,1,785047.7476000004,2566235.9079,27019,3,16011,3
6503,0,0,0,0,729247.7476000004,2574035.9079,8022,2,5013,3
6517,0,8,4,1,728647.7476000004,2566235.9079,8019,4,4011,4
6524,1,6,0,0,766447.7476000004,2566835.9079,20020,3,12012,2
6526,0,0,0,0,759247.7476000004,2521235.9079,18004,1,11002,2
6544,1,0,0,1,738847.7476000004,2572235.9079,11021,4,6013,5
6547,1,1,0,0,747247.7476000004,2586635.9079,14026,2,8015,3
6550,1,9,0,1,733447.7476000004,2573435.9079,9022,1,5013,3
6551,0,1,0,0,765247.7476000004,2577035.9079,20023,1,12014,3
6556,2,1,0,0,760447.7476000004,2562035.9079,18018,3,11011,4
6558,0,3,12,10,730447.7476000004,2557835.9079,8017,5,5010,5
6561,2,4,4,0,727447.7476000004,2573435.9079,7022,2,4013,4
6565,2,2,0,0,731047.7476000004,2550635.9079,9014,3,5008,5
6573,0,1,0,0,731047.7476000004,2544035.9079,9012,5,5007,1
6584,0,0,0,1,727447.7476000004,2560835.9079,7018,2,4010,4
6596,0,0,0,1,746647.7476000004,2551835.9079,14015,2,8009,5
6600,1,0,0,0,741247.7476000004,2574035.9079,12022,1,7013,1
6609,0,2,0,1,740647.7476000004,2581235.9079,12024,2,7014,2
6618,6,1,1,3,725047.7476000004,2562035.9079,7018,2,4011,4
6621,0,2,0,0,738847.7476000004,2550635.9079,11014,1,6008,4
6627,1,2,0,0,737647.7476000004,2557235.9079,11016,3,6010,4
6630,0,1,0,0,741247.7476000004,2579435.9079,12024,2,7014,2
6635,1,0,0,0,755647.7476000004,2596235.9079,17029,1,10017,2
6644,0,0,0,0,741847.7476000004,2584235.9079,12025,4,7015,5
6671,0,1,0,0,724447.7476000004,2592635.9079,6028,5,4017,4
6673,0,0,0,0,729847.7476000004,2584235.9079,8025,3,5015,3
6676,0,0,0,0,800047.7476000004,2636435.9079,32043,2,19025,5
6715,2,5,1,0,752647.7476000004,2557835.9079,16017,4,9010,5
6729,0,1,0,0,741847.7476000004,2543435.9079,12012,4,7007,1
6737,0,3,1,0,738247.7476000004,2554235.9079,11015,1,6009,1
6741,0,2,1,0,744247.7476000004,2568035.9079,13020,3,8012,5
6742,0,2,0,0,764647.7476000004,2517635.9079,20003,3,12002,1
6750,2,1,0,0,763447.7476000004,2562635.9079,19018,2,11011,4
6754,0,1,0,0,765847.7476000004,2567435.9079,20020,3,12012,2
6758,1,5,0,1,733447.7476000004,2550035.9079,9014,3,5008,5
6777,0,0,0,0,765247.7476000004,2563835.9079,20019,3,12011,2
6784,6,4,0,1,732847.7476000004,2556035.9079,9016,3,5009,3
6789,0,0,0,0,731047.7476000004,2585435.9079,9026,1,5015,3
6790,0,0,0,0,751447.7476000004,2550635.9079,15014,2,9008,4
6798,0,2,0,0,765847.7476000004,2604635.9079,20032,3,12019,3
6799,0,2,0,0,725647.7476000004,2570435.9079,7021,1,4012,2
6800,0,0,0,0,761647.7476000004,2607635.9079,19033,2,11020,1
6806,0,1,0,0,734047.7476000004,2552435.9079,10015,2,6009,1
6808,2,0,0,0,763447.7476000004,2556635.9079,19016,1,11009,5
6809,0,0,0,0,735847.7476000004,2551835.9079,10015,2,6009,1
6814,0,3,0,0,727447.7476000004,2588435.9079,7027,1,4016,1
6819,0,3,0,0,726247.7476000004,2586635.9079,7026,2,4015,1
6821,0,0,0,0,741247.7476000004,2572835.9079,12022,1,7013,1
6825,1,2,0,0,739447.7476000004,2547035.9079,11013,1,7008,3
6826,0,1,1,0,756247.7476000004,2518235.9079,17003,4,10002,1
6830,0,0,0,0,758647.7476000004,2565035.9079,18019,1,10011,3
6833,0,0,0,1,760447.7476000004,2521235.9079,18004,1,11002,2
6841,0,7,2,2,737047.7476000004,2564435.9079,11019,2,6011,1
6849,0,0,0,0,768847.7476000004,2582435.9079,21025,3,12015,2
6852,0,1,0,0,767647.7476000004,2607035.9079,21033,5,12020,2
6853,0,0,0,0,742447.7476000004,2564435.9079,12019,5,7011,4
6866,0,2,0,0,720247.7476000004,2590835.9079,5028,2,3016,5
6875,0,0,1,0,745447.7476000004,2524235.9079,13005,3,8003,4
6900,0,1,0,0,767647.7476000004,2566235.9079,21019,5,12011,2
6904,0,0,0,0,753847.7476000004,2551235.9079,16014,4,9008,4
6909,0,0,0,0,744847.7476000004,2563235.9079,13018,5,8011,2
6911,0,0,0,1,728047.7476000004,2592035.9079,8028,1,4017,4
6918,0,0,0,0,739447.7476000004,2586035.9079,11026,3,7015,5
6919,17,10,3,4,737647.7476000004,2567435.9079,11020,3,6012,2
6923,2,7,1,1,734647.7476000004,2575835.9079,10023,5,6013,5
6925,0,0,6,0,719647.7476000004,2596235.9079,5029,4,3017,5
6933,0,1,1,0,763447.7476000004,2524235.9079,19005,3,11003,3
6943,0,1,0,0,738847.7476000004,2563835.9079,11019,2,6011,1
6953,0,3,0,0,766447.7476000004,2560835.9079,20018,5,12010,5
6957,6,14,13,3,734647.7476000004,2577635.9079,10023,5,6014,3
6972,1,5,1,0,725647.7476000004,2557835.9079,7017,1,4010,4
6984,7,12,1,3,736447.7476000004,2556635.9079,10016,3,6009,1
6987,0,1,1,0,769447.7476000004,2562635.9079,21018,4,13011,4
6990,0,0,0,0,746647.7476000004,2579435.9079,14024,5,8014,3
6996,0,0,0,0,758047.7476000004,2574035.9079,18022,4,10013,4
7003,0,1,0,0,726247.7476000004,2580035.9079,7024,5,4014,3
7011,1,0,0,0,736447.7476000004,2550635.9079,10014,2,6008,4
7012,4,12,0,1,736447.7476000004,2559635.9079,10017,3,6010,4
7017,0,0,0,0,765247.7476000004,2521235.9079,20004,3,12002,1
7026,0,4,0,0,725647.7476000004,2598035.9079,7030,5,4018,2
7027,0,1,0,0,746047.7476000004,2566235.9079,14019,3,8011,2
7049,0,0,0,0,755047.7476000004,2517035.9079,17003,4,10002,1
7057,1,3,1,5,747247.7476000004,2558435.9079,14017,1,8010,2
7065,4,17,21,5,743647.7476000004,2560235.9079,13017,3,7010,4
7067,2,0,1,0,728647.7476000004,2591435.9079,8028,1,4016,1
7068,0,2,1,1,743647.7476000004,2567435.9079,13020,3,7012,5
7082,0,0,0,0,732247.7476000004,2542835.9079,9012,5,5007,1
7095,8,7,3,11,733447.7476000004,2558435.9079,9017,1,5010,5
7101,0,0,0,0,759847.7476000004,2592035.9079,18028,5,11017,3
7117,0,6,1,1,741247.7476000004,2567435.9079,12020,1,7012,5
7120,0,0,0,0,759247.7476000004,2529035.9079,18007,4,11004,5
7123,2,14,0,2,788647.7476000004,2578835.9079,28024,3,16014,1
7125,1,1,0,0,792247.7476000004,2573435.9079,29022,1,17013,2
7138,1,4,2,0,734047.7476000004,2555435.9079,10016,3,6009,1
7141,0,1,0,0,795247.7476000004,2592035.9079,30028,3,18017,4
7154,1,0,0,0,750847.7476000004,2542835.9079,15012,3,9007,1
7158,1,6,19,1,735847.7476000004,2562035.9079,10018,5,6011,1
7162,0,5,0,0,745447.7476000004,2544035.9079,13012,3,8007,4
7166,2,3,1,0,789847.7476000004,2578235.9079,28023,2,17014,2
7177,0,1,10,0,768247.7476000004,2560235.9079,21017,2,12010,5
7185,0,2,0,0,770047.7476000004,2578235.9079,22023,4,13014,3
7191,1,0,0,0,768847.7476000004,2566835.9079,21020,2,12012,2
7193,0,0,0,0,776047.7476000004,2576435.9079,24023,1,14013,2
7194,0,3,0,0,727447.7476000004,2599235.9079,7030,5,4018,2
7200,3,6,0,3,725647.7476000004,2588435.9079,7027,1,4016,1
7202,2,2,0,0,734047.7476000004,2569235.9079,10020,5,6012,2
7215,2,11,9,8,752047.7476000004,2564435.9079,16019,4,9011,5
7219,1,1,0,0,735247.7476000004,2548835.9079,10014,2,6008,4
7232,5,8,8,3,745447.7476000004,2558435.9079,13017,3,8010,2
7237,5,10,1,1,745447.7476000004,2587835.9079,13027,3,8016,2
7239,0,1,0,0,754447.7476000004,2565035.9079,16019,4,10011,3
7268,0,0,0,0,762247.7476000004,2559635.9079,19017,4,11010,3
7270,4,13,4,3,739447.7476000004,2547635.9079,11013,1,7008,3
7272,0,0,0,0,759847.7476000004,2554235.9079,18015,2,11009,5
7281,3,2,0,0,725660.7007000004,2556745.6542499997,7016,2,4009,5
7298,0,1,0,0,759247.7476000004,2553635.9079,18015,2,11009,5
7301,0,2,0,1,734647.7476000004,2578235.9079,10023,5,6014,3
7305,0,1,0,0,744847.7476000004,2564435.9079,13019,4,8011,2
7312,2,3,0,0,728647.7476000004,2554235.9079,8015,1,4009,5
7317,0,3,0,0,753847.7476000004,2542235.9079,16011,2,9007,1
7325,1,3,1,1,738247.7476000004,2575835.9079,11023,5,6013,5
7327,0,0,0,0,759247.7476000004,2562635.9079,18018,3,11011,4
7328,0,8,87,3,768847.7476000004,2559635.9079,21017,2,12010,5
7333,2,6,2,3,744247.7476000004,2559635.9079,13017,3,8010,2
7340,0,3,11,0,770047.7476000004,2560235.9079,22017,3,13010,3
7342,1,1,0,1,751447.7476000004,2562035.9079,15018,4,9011,5
7345,3,5,2,2,737047.7476000004,2542835.9079,11012,5,6007,1
7351,0,0,0,0,741847.7476000004,2584835.9079,12026,5,7015,5
7359,0,0,1,0,755047.7476000004,2566235.9079,17019,5,10011,3
7361,1,7,2,0,731047.7476000004,2559635.9079,9017,1,5010,5
7364,0,1,0,0,753247.7476000004,2541035.9079,16011,2,9006,1
7367,0,1,0,0,744247.7476000004,2584235.9079,13025,2,8015,3
7375,3,12,5,0,728047.7476000004,2566235.9079,8019,4,4011,4
7379,3,4,0,1,734047.7476000004,2541635.9079,10011,3,6006,5
7382,0,0,0,0,749047.7476000004,2574635.9079,15022,2,9013,5
7384,0,0,0,0,726247.7476000004,2573435.9079,7022,2,4013,4
7385,0,0,0,0,752047.7476000004,2532635.9079,16008,4,9005,3
7390,0,0,0,0,767047.7476000004,2607635.9079,21033,5,12020,2
7393,1,5,0,3,728047.7476000004,2554235.9079,8015,1,4009,5
7394,0,0,0,0,761047.7476000004,2530235.9079,19007,4,11004,5
7400,0,2,0,0,736447.7476000004,2578235.9079,10023,5,6014,3
7421,0,0,0,0,732247.7476000004,2595035.9079,9029,4,5017,4
7427,0,0,0,0,779047.7476000004,2594435.9079,25029,2,15017,2
7428,3,4,1,2,788047.7476000004,2577635.9079,28023,2,16014,1
7433,0,0,0,0,755647.7476000004,2557835.9079,17017,5,10010,2
7436,0,1,1,0,743047.7476000004,2556635.9079,13016,5,7009,4
7440,0,1,0,0,740647.7476000004,2565035.9079,12019,5,7011,4
7441,0,0,0,0,769447.7476000004,2612435.9079,21035,2,13021,2
7444,0,0,0,0,714847.7476000004,2581835.9079,3025,3,2015,4
7455,0,0,0,1,740647.7476000004,2544035.9079,12012,4,7007,1
7457,0,0,0,0,744847.7476000004,2585435.9079,13026,1,8015,3
7469,0,1,0,0,723847.7476000004,2598635.9079,6030,4,3018,1
7471,0,0,0,0,753847.7476000004,2530835.9079,16008,4,9004,3
7478,1,10,1,4,725047.7476000004,2598035.9079,7030,5,4018,2
7479,0,3,1,0,769447.7476000004,2562035.9079,21018,4,13011,4
7485,0,1,0,0,740047.7476000004,2542835.9079,12012,4,7007,1
7488,1,2,0,1,746047.7476000004,2560235.9079,14017,1,8010,2
7490,0,0,0,0,750847.7476000004,2528435.9079,15007,2,9004,3
7492,0,0,0,4,759247.7476000004,2609435.9079,18034,1,11020,1
7507,4,12,5,0,733447.7476000004,2559035.9079,9017,1,5010,5
7510,0,0,0,0,759247.7476000004,2601635.9079,18031,5,11018,3
7512,0,0,0,0,739447.7476000004,2576435.9079,11023,5,7013,1
7518,2,1,0,0,726847.7476000004,2568635.9079,7020,4,4012,2
7519,0,0,0,1,755647.7476000004,2559635.9079,17017,5,10010,2
7530,0,1,1,1,727447.7476000004,2568635.9079,7020,4,4012,2
7531,1,3,0,0,741247.7476000004,2539835.9079,12011,3,7006,3
7539,5,8,0,0,735247.7476000004,2577635.9079,10023,5,6014,3
7540,0,2,4,1,734647.7476000004,2554835.9079,10016,3,6009,1
7544,0,0,0,0,745447.7476000004,2556035.9079,13016,5,8009,5
7551,0,0,0,0,765247.7476000004,2569235.9079,20020,3,12012,2
7554,0,4,3,0,743047.7476000004,2569235.9079,13020,3,7012,5
7558,0,1,0,0,726247.7476000004,2563835.9079,7019,3,4011,4
7559,0,4,4,2,730447.7476000004,2561435.9079,8018,5,5010,5
7568,7,11,16,5,747847.7476000004,2560235.9079,14017,1,8010,2
7572,1,1,0,3,764047.7476000004,2605835.9079,20033,4,12019,3
7577,4,13,3,1,730447.7476000004,2559035.9079,8017,5,5010,5
7583,4,17,8,0,738847.7476000004,2571635.9079,11021,4,6012,2
7585,1,0,2,0,745447.7476000004,2568035.9079,13020,3,8012,5
7599,9,20,4,2,737647.7476000004,2547035.9079,11013,1,6008,4
7601,0,1,0,0,734647.7476000004,2542835.9079,10012,2,6007,1
7604,0,3,0,0,735847.7476000004,2577035.9079,10023,5,6014,3
7609,0,1,0,0,754447.7476000004,2562635.9079,16018,5,10011,3
7620,0,4,0,0,726847.7476000004,2557235.9079,7016,2,4010,4
7621,1,4,0,0,760447.7476000004,2523035.9079,18005,4,11003,3
7638,0,5,0,1,755047.7476000004,2565035.9079,17019,5,10011,3
7642,2,0,0,1,728047.7476000004,2591435.9079,8028,1,4016,1
7647,3,7,6,0,738847.7476000004,2566835.9079,11020,3,6012,2
7648,0,4,0,0,726847.7476000004,2560235.9079,7017,1,4010,4
7651,0,2,0,0,713047.7476000004,2590235.9079,3027,1,1016,1
7652,0,1,0,0,755647.7476000004,2555435.9079,17016,5,10009,2
7656,1,0,0,0,744847.7476000004,2543435.9079,13012,3,8007,4
7663,1,0,0,0,740047.7476000004,2548235.9079,12013,2,7008,3
7667,0,2,0,0,726847.7476000004,2555435.9079,7016,2,4009,5
7673,0,5,0,0,735847.7476000004,2574635.9079,10022,3,6013,5
7678,0,0,0,0,726247.7476000004,2559035.9079,7017,1,4010,4
7684,7,16,4,0,730447.7476000004,2565635.9079,8019,4,5011,2
7685,0,1,0,0,729847.7476000004,2591435.9079,8028,1,5016,1
7689,0,0,0,2,747847.7476000004,2563835.9079,14019,3,8011,2
7690,0,1,0,1,738847.7476000004,2549435.9079,11014,1,6008,4
7704,0,0,0,0,760447.7476000004,2578835.9079,18024,5,11014,5
7708,6,13,0,2,785647.7476000004,2565035.9079,27019,3,16011,3
7709,1,1,0,0,729247.7476000004,2585435.9079,8026,4,5015,3
7718,1,3,1,0,740647.7476000004,2538035.9079,12010,2,7006,3
7720,0,1,0,0,742447.7476000004,2568035.9079,12020,1,7012,5
7723,2,1,0,0,738847.7476000004,2578235.9079,11023,5,6014,3
7748,0,0,0,0,724447.7476000004,2585435.9079,6026,2,4015,1
7760,0,2,0,0,727447.7476000004,2559635.9079,7017,1,4010,4
7763,0,5,0,1,730447.7476000004,2552435.9079,8015,1,5009,3
7775,2,9,10,0,728647.7476000004,2565035.9079,8019,4,4011,4
7778,0,0,0,0,723247.7476000004,2598635.9079,6030,4,3018,1
7782,1,1,0,0,768247.7476000004,2563235.9079,21018,4,12011,2
7787,0,0,2,1,748447.7476000004,2557235.9079,14016,4,8010,2
7788,7,8,4,0,739447.7476000004,2571635.9079,11021,4,7012,5
7830,7,5,1,0,733447.7476000004,2571635.9079,9021,4,5012,2
7837,0,1,0,0,750847.7476000004,2591435.9079,15028,1,9016,2
7844,5,10,6,0,739447.7476000004,2572835.9079,11022,2,7013,1
7845,0,0,0,0,744247.7476000004,2540435.9079,13011,2,8006,1
7855,4,3,1,0,734047.7476000004,2556035.9079,10016,3,6009,1
7857,0,0,0,0,776647.7476000004,2610635.9079,24034,1,14020,1
7859,2,9,1,2,732247.7476000004,2557835.9079,9017,1,5010,5
7871,9,15,10,4,730447.7476000004,2564435.9079,8019,4,5011,2
7872,0,0,0,0,730447.7476000004,2571035.9079,8021,4,5012,2
7877,0,0,0,0,745447.7476000004,2557835.9079,13017,3,8010,2
7888,0,1,0,0,766447.7476000004,2519435.9079,20004,3,12002,1
7890,0,1,0,1,729847.7476000004,2571635.9079,8021,4,5012,2
7894,0,0,0,0,747247.7476000004,2539235.9079,14010,1,8006,1
7900,0,0,3,0,756247.7476000004,2542235.9079,17011,2,10007,3
7903,0,0,0,0,782647.7476000004,2577635.9079,26023,2,15014,2
7917,0,1,0,0,741847.7476000004,2562635.9079,12018,3,7011,4
7924,0,0,0,0,740047.7476000004,2543435.9079,12012,4,7007,1
7926,3,4,0,1,732847.7476000004,2557235.9079,9016,3,5010,5
7928,0,3,0,1,747247.7476000004,2560235.9079,14017,1,8010,2
7936,0,4,0,1,728047.7476000004,2564435.9079,8019,4,4011,4
7938,0,0,0,0,723847.7476000004,2597435.9079,6030,4,3018,1
7944,4,7,2,2,731647.7476000004,2574035.9079,9022,1,5013,3
7952,0,1,0,0,727447.7476000004,2587835.9079,7027,1,4016,1
7954,1,1,0,1,738847.7476000004,2538635.9079,11010,1,6006,5
7963,0,0,0,0,738247.7476000004,2595635.9079,11029,3,6017,5
7964,1,2,0,0,739447.7476000004,2566235.9079,11019,2,7011,4
7969,1,0,0,0,767047.7476000004,2571635.9079,21021,2,12012,2
7970,2,5,1,1,734647.7476000004,2584235.9079,10025,1,6015,4
7974,1,0,0,0,731047.7476000004,2577635.9079,9023,5,5014,3
7995,3,17,18,2,728647.7476000004,2565635.9079,8019,4,4011,4
8001,1,4,1,0,739447.7476000004,2572235.9079,11021,4,7013,1
8003,4,11,1,2,733447.7476000004,2560235.9079,9017,1,5010,5
8018,0,3,0,0,728047.7476000004,2592635.9079,8028,1,4017,4
8019,0,0,0,0,714247.7476000004,2581835.9079,3025,3,2015,4
8021,2,8,0,1,723247.7476000004,2591435.9079,6028,5,3016,5
8034,2,0,0,0,726847.7476000004,2565635.9079,7019,3,4011,4
8043,1,0,0,0,749647.7476000004,2541635.9079,15011,5,9006,1
8044,0,0,0,0,737647.7476000004,2598635.9079,11030,5,6018,1
8050,0,2,0,0,759847.7476000004,2557835.9079,18017,1,11010,3
8052,0,0,0,0,746647.7476000004,2592035.9079,14028,3,8017,1
8055,0,7,1,0,741847.7476000004,2558435.9079,12017,1,7010,4
8062,0,3,6,2,735247.7476000004,2554835.9079,10016,3,6009,1
8073,3,3,1,0,739447.7476000004,2535035.9079,11009,1,7005,4
8076,0,0,0,0,751447.7476000004,2561435.9079,15018,4,9010,5
8077,0,0,0,0,768247.7476000004,2604035.9079,21032,1,12019,3
8093,0,0,1,0,728047.7476000004,2567435.9079,8020,5,4012,2
8108,0,0,1,0,748447.7476000004,2542235.9079,14011,1,8007,4
8113,0,3,1,0,734047.7476000004,2577035.9079,10023,5,6014,3
8116,0,0,0,0,765847.7476000004,2570435.9079,20021,3,12012,2
8117,0,3,11,0,730447.7476000004,2562035.9079,8018,5,5011,2
8118,0,1,0,0,739447.7476000004,2550635.9079,11014,1,7008,3
8120,2,3,2,3,727447.7476000004,2559035.9079,7017,1,4010,4
8124,0,3,2,1,770047.7476000004,2563235.9079,22018,2,13011,4
8134,0,0,0,0,752047.7476000004,2538035.9079,16010,2,9006,1
8135,1,0,1,0,766447.7476000004,2608835.9079,20034,5,12020,2
8138,15,14,9,4,737647.7476000004,2566235.9079,11019,2,6011,1
8143,2,3,0,2,733447.7476000004,2554835.9079,9016,3,5009,3
8147,0,2,0,0,786247.7476000004,2568635.9079,27020,1,16012,1
8148,0,1,0,0,731047.7476000004,2586635.9079,9026,1,5015,3
8150,0,1,0,0,740647.7476000004,2583035.9079,12025,4,7015,5
8153,0,0,1,0,762847.7476000004,2580035.9079,19024,3,11014,5
8157,0,1,0,0,723247.7476000004,2583635.9079,6025,1,3015,1
8158,0,0,0,0,777247.7476000004,2564435.9079,24019,5,14011,2
8159,0,0,0,0,782047.7476000004,2592035.9079,26028,4,15017,2
8160,0,2,1,0,746047.7476000004,2523035.9079,14005,1,8003,4
8166,3,1,0,0,726247.7476000004,2577035.9079,7023,2,4014,3
8170,0,0,1,0,748447.7476000004,2539235.9079,14010,1,8006,1
8185,0,3,0,0,747847.7476000004,2567435.9079,14020,5,8012,5
8186,1,1,1,0,768847.7476000004,2585435.9079,21026,1,12015,2
8187,4,9,1,0,767647.7476000004,2577635.9079,21023,5,12014,3
8195,0,2,0,0,741847.7476000004,2586635.9079,12026,5,7015,5
8206,0,2,0,3,759247.7476000004,2522435.9079,18005,4,11003,3
8210,0,0,0,1,762247.7476000004,2606435.9079,19033,2,11019,4
8220,0,0,1,0,718447.7476000004,2584835.9079,4026,1,2015,4
8228,0,0,0,0,784447.7476000004,2575235.9079,26022,3,16013,5
8233,0,0,7,0,783847.7476000004,2566835.9079,26020,4,15012,3
8237,0,1,0,0,758647.7476000004,2561435.9079,18018,3,10010,2
8238,2,3,0,0,740047.7476000004,2535035.9079,12009,4,7005,4
8261,0,0,0,0,717847.7476000004,2593835.9079,4029,4,2017,3
8266,0,3,0,2,741847.7476000004,2538035.9079,12010,2,7006,3
8269,0,0,0,0,733447.7476000004,2581235.9079,9024,4,5014,3
8274,0,2,0,0,729847.7476000004,2593235.9079,8028,1,5017,4
8276,12,22,4,4,744847.7476000004,2559635.9079,13017,3,8010,2
8277,15,78,88,101,738847.7476000004,2560235.9079,11017,5,6010,4
8279,0,0,0,0,739447.7476000004,2536835.9079,11010,1,7006,3
8297,0,1,0,1,731047.7476000004,2552435.9079,9015,1,5009,3
8306,2,6,0,1,736447.7476000004,2575235.9079,10022,3,6013,5
8319,1,2,2,0,738247.7476000004,2548835.9079,11014,1,6008,4
8324,0,2,0,0,744847.7476000004,2541035.9079,13011,2,8006,1
8342,0,0,0,0,782647.7476000004,2577035.9079,26023,2,15014,2
8349,4,8,0,0,726847.7476000004,2571635.9079,7021,1,4012,2
8351,0,1,0,0,782047.7476000004,2568035.9079,26020,4,15012,3
8362,0,0,1,0,744247.7476000004,2530835.9079,13008,4,8004,5
8364,4,9,0,2,789247.7476000004,2578235.9079,28023,2,17014,2
8372,0,0,0,0,758647.7476000004,2562035.9079,18018,3,10011,3
8374,4,3,1,3,728047.7476000004,2563235.9079,8018,5,4011,4
8379,13,23,8,4,737047.7476000004,2565635.9079,11019,2,6011,1
8384,0,0,0,0,782647.7476000004,2600435.9079,26031,4,15018,2
8386,0,0,0,0,744247.7476000004,2545235.9079,13012,3,8007,4
8388,0,2,0,0,737047.7476000004,2551835.9079,11015,1,6009,1
8394,3,3,1,0,734647.7476000004,2573435.9079,10022,3,6013,5
8395,0,3,0,0,764647.7476000004,2607635.9079,20033,4,12020,2
8403,0,1,0,0,757447.7476000004,2522435.9079,17005,1,10003,5
8417,2,3,2,0,734647.7476000004,2561435.9079,10018,5,6010,4
8428,0,0,0,0,741247.7476000004,2551835.9079,12015,2,7009,4
8435,1,3,1,0,726247.7476000004,2585435.9079,7026,2,4015,1
8438,2,3,1,2,741847.7476000004,2562035.9079,12018,3,7011,4
8444,0,0,4,0,730447.7476000004,2588435.9079,8027,3,5016,1
8445,3,2,0,0,756247.7476000004,2563235.9079,17018,4,10011,3
8448,0,1,1,0,757447.7476000004,2584835.9079,17026,2,10015,5
8450,0,1,0,0,728047.7476000004,2554835.9079,8016,5,4009,5
8452,0,1,0,0,758647.7476000004,2611235.9079,18034,1,10020,3
8457,19,18,4,0,731647.7476000004,2563235.9079,9018,4,5011,2
8461,1,0,0,0,755047.7476000004,2542835.9079,17012,5,10007,3
8463,4,0,0,0,729247.7476000004,2572235.9079,8021,4,5013,3
8466,0,0,0,0,716647.7476000004,2584835.9079,4026,1,2015,4
8469,2,3,0,0,740047.7476000004,2539235.9079,12010,2,7006,3
8473,1,0,0,0,731047.7476000004,2591435.9079,9028,5,5016,1
8479,0,4,2,1,719647.7476000004,2597435.9079,5030,3,3018,1
8492,0,0,0,0,752647.7476000004,2541035.9079,16011,2,9006,1
8494,0,0,0,2,728647.7476000004,2584235.9079,8025,3,4015,1
8497,0,2,0,0,750247.7476000004,2565635.9079,15019,2,9011,5
8520,0,1,0,0,752047.7476000004,2595035.9079,16029,3,9017,2
8532,26,15,2,1,735247.7476000004,2571035.9079,10021,1,6012,2
8537,0,0,0,0,750847.7476000004,2562635.9079,15018,4,9011,5
8540,0,0,0,0,756847.7476000004,2570435.9079,17021,1,10012,4
8543,3,3,0,2,742447.7476000004,2542235.9079,12011,3,7007,1
8544,1,1,0,1,728047.7476000004,2575235.9079,8022,2,4013,4
8545,0,0,0,0,737047.7476000004,2577635.9079,11023,5,6014,3
8553,0,2,0,0,751447.7476000004,2532635.9079,15008,3,9005,3
8565,5,19,4,6,736447.7476000004,2574035.9079,10022,3,6013,5
8571,0,1,1,0,752647.7476000004,2532635.9079,16008,4,9005,3
8579,1,2,3,0,741847.7476000004,2560235.9079,12017,1,7010,4
8593,7,3,2,0,729247.7476000004,2565635.9079,8019,4,5011,2
8601,0,1,0,0,722769.0390000003,2553035.9079,6015,4,3009,1
8625,0,1,0,0,744847.7476000004,2560835.9079,13018,5,8010,2
8627,5,6,0,0,730447.7476000004,2555435.9079,8016,5,5009,3
8628,2,2,1,0,734647.7476000004,2571635.9079,10021,1,6012,2
8629,0,0,0,0,762247.7476000004,2610035.9079,19034,2,11020,1
8633,0,1,0,0,755047.7476000004,2563835.9079,17019,5,10011,3
8649,0,1,0,0,713647.7476000004,2590835.9079,3028,3,1016,1
8652,0,1,0,0,726847.7476000004,2593835.9079,7029,5,4017,4
8661,0,1,0,0,740047.7476000004,2581835.9079,12025,4,7015,5
8682,1,9,3,2,765247.7476000004,2559635.9079,20017,1,12010,5
8683,0,0,0,0,756847.7476000004,2583035.9079,17025,3,10015,5
8685,4,2,0,1,740047.7476000004,2537435.9079,12010,2,7006,3
8702,0,1,0,0,717247.7476000004,2594435.9079,4029,4,2017,3
8705,3,10,2,1,736447.7476000004,2558435.9079,10017,3,6010,4
8707,1,1,0,0,722047.7476000004,2592635.9079,6028,5,3017,5
8716,0,0,4,0,771247.7476000004,2561435.9079,22018,2,13010,3
8717,0,0,0,0,717247.7476000004,2596235.9079,4029,4,2017,3
8719,0,0,0,0,764647.7476000004,2561435.9079,20018,5,12010,5
8723,0,4,0,2,726247.7476000004,2588435.9079,7027,1,4016,1
8732,0,0,0,0,764647.7476000004,2604035.9079,20032,3,12019,3
8750,1,2,0,0,786247.7476000004,2580035.9079,27024,5,16014,1
8760,0,1,0,1,730447.7476000004,2578235.9079,8023,2,5014,3
8766,0,2,0,0,721447.7476000004,2593235.9079,5028,2,3017,5
8770,5,3,1,0,728647.7476000004,2556035.9079,8016,5,4009,5
8788,2,10,2,9,736447.7476000004,2554835.9079,10016,3,6009,1
8790,3,5,14,2,738247.7476000004,2565635.9079,11019,2,6011,1
8795,0,0,0,0,765247.7476000004,2565635.9079,20019,3,12011,2
8799,2,3,0,2,760447.7476000004,2523635.9079,18005,4,11003,3
8808,2,4,0,0,737047.7476000004,2538635.9079,11010,1,6006,5
8813,0,0,0,0,761647.7476000004,2576435.9079,19023,4,11013,5
8817,0,7,0,8,725047.7476000004,2587835.9079,7027,1,4016,1
8827,1,1,0,0,729247.7476000004,2563835.9079,8019,4,5011,2
8837,0,1,0,1,739447.7476000004,2527235.9079,11006,4,7004,4
8838,0,1,0,0,774247.7476000004,2569235.9079,23020,4,14012,2
8847,0,2,0,0,755647.7476000004,2564435.9079,17019,5,10011,3
8851,2,1,0,0,759247.7476000004,2521835.9079,18005,4,11003,3
8860,1,4,0,0,735247.7476000004,2584235.9079,10025,1,6015,4
8861,0,0,0,0,746647.7476000004,2610635.9079,14034,4,8020,1
8864,0,0,0,0,735847.7476000004,2544035.9079,10012,2,6007,1
8865,0,2,0,0,788047.7476000004,2580635.9079,28024,3,16014,1
8868,0,0,0,0,738247.7476000004,2569835.9079,11021,4,6012,2
8879,0,2,2,5,727447.7476000004,2592635.9079,7028,2,4017,4
8884,0,0,0,1,765847.7476000004,2520635.9079,20004,3,12002,1
8887,0,1,0,0,727447.7476000004,2592035.9079,7028,2,4017,4
8892,1,1,1,0,737647.7476000004,2552435.9079,11015,1,6009,1
8895,0,0,0,0,736447.7476000004,2572835.9079,10022,3,6013,5
8899,1,0,0,0,735847.7476000004,2538635.9079,10010,1,6006,5
8904,2,0,0,0,739447.7476000004,2535635.9079,11009,1,7005,4
8918,0,4,3,0,728047.7476000004,2588435.9079,8027,3,4016,1
8929,0,0,0,0,737647.7476000004,2587835.9079,11027,3,6016,5
8930,11,17,0,3,735247.7476000004,2550635.9079,10014,2,6008,4
8941,2,11,0,4,736447.7476000004,2550035.9079,10014,2,6008,4
8943,0,5,0,0,737047.7476000004,2558435.9079,11017,5,6010,4
8948,0,2,0,0,741247.7476000004,2548235.9079,12013,2,7008,3
8963,1,5,0,1,735847.7476000004,2542235.9079,10011,3,6007,1
8968,0,0,0,0,768247.7476000004,2590835.9079,21028,5,12016,1
8978,5,11,11,2,737047.7476000004,2566235.9079,11019,2,6011,1
8995,0,4,0,0,732847.7476000004,2574035.9079,9022,1,5013,3
9010,3,7,1,0,737647.7476000004,2565035.9079,11019,2,6011,1
9020,6,14,0,5,731047.7476000004,2555435.9079,9016,3,5009,3
9024,1,0,0,0,740647.7476000004,2575835.9079,12023,4,7013,1
9025,0,0,0,0,718447.7476000004,2596235.9079,4029,4,2017,3
9031,0,10,1,4,737647.7476000004,2559635.9079,11017,5,6010,4
9044,0,5,0,0,763447.7476000004,2607635.9079,19033,2,11020,1
9048,0,2,1,0,744247.7476000004,2545835.9079,13013,1,8007,4
9049,0,0,0,0,757447.7476000004,2584235.9079,17025,3,10015,5
9065,0,0,0,0,732847.7476000004,2562035.9079,9018,4,5011,2
9066,0,1,0,1,763447.7476000004,2509835.9079,19001,1,11000,4
9069,1,2,1,1,738247.7476000004,2565035.9079,11019,2,6011,1
9071,1,2,0,0,746047.7476000004,2523635.9079,14005,1,8003,4
9076,0,0,0,0,741247.7476000004,2594435.9079,12029,5,7017,1
9093,0,1,3,0,740647.7476000004,2565635.9079,12019,5,7011,4
9099,0,0,0,0,744247.7476000004,2528435.9079,13007,5,8004,5
9104,1,12,0,1,721447.7476000004,2596235.9079,5029,4,3017,5
9109,0,1,0,0,720847.7476000004,2598035.9079,5030,3,3018,1
9113,1,3,0,0,750247.7476000004,2550035.9079,15014,2,9008,4
9128,0,0,0,0,788647.7476000004,2574035.9079,28022,3,16013,5
9133,0,0,0,0,744247.7476000004,2588435.9079,13027,3,8016,2
9136,0,1,0,1,723247.7476000004,2596235.9079,6029,3,3017,5
9137,0,1,0,0,735247.7476000004,2578235.9079,10023,5,6014,3
9139,0,1,1,1,740047.7476000004,2527835.9079,12007,5,7004,4
9140,3,2,0,3,732847.7476000004,2572835.9079,9022,1,5013,3
9142,0,1,0,0,767647.7476000004,2581235.9079,21024,5,12014,3
9151,0,3,0,1,761047.7476000004,2522435.9079,19005,3,11003,3
9153,0,0,0,0,724447.7476000004,2582435.9079,6025,1,4015,1
9157,0,0,0,0,747847.7476000004,2560835.9079,14018,4,8010,2
9159,0,0,0,0,760447.7476000004,2589035.9079,18027,4,11016,1
9163,0,1,0,0,780847.7476000004,2577035.9079,25023,1,15014,2
9170,1,2,0,0,744847.7476000004,2541635.9079,13011,2,8006,1
9175,0,0,0,0,731647.7476000004,2586635.9079,9026,1,5015,3
9178,0,2,2,3,744247.7476000004,2538635.9079,13010,2,8006,1
9184,0,1,1,0,738847.7476000004,2575835.9079,11023,5,6013,5
9193,0,0,1,0,723247.7476000004,2585435.9079,6026,2,3015,1
9212,0,1,0,0,743647.7476000004,2542835.9079,13012,3,7007,1
9213,0,0,0,0,783847.7476000004,2607035.9079,26033,1,15020,1
9230,0,0,0,0,741247.7476000004,2581235.9079,12024,2,7014,2
9231,4,5,0,1,753847.7476000004,2589635.9079,16027,4,9016,2
9234,3,5,1,1,748447.7476000004,2540435.9079,14011,1,8006,1
9248,0,2,0,0,763447.7476000004,2605235.9079,19032,2,11019,4
9251,0,2,0,0,762247.7476000004,2567435.9079,19020,3,11012,4
9259,0,2,0,0,723247.7476000004,2586635.9079,6026,2,3015,1
9269,0,5,3,0,759247.7476000004,2523635.9079,18005,4,11003,3
9287,0,1,0,0,723847.7476000004,2571035.9079,6021,2,3012,1
9299,2,5,1,0,764647.7476000004,2518235.9079,20003,3,12002,1
9302,0,0,0,0,755047.7476000004,2514635.9079,17002,4,10001,1
9307,0,0,0,0,755047.7476000004,2592635.9079,17028,5,10017,2
9315,0,0,1,0,717847.7476000004,2586035.9079,4026,1,2015,4
9316,0,1,0,0,748447.7476000004,2590235.9079,14027,5,8016,2
9327,3,6,3,6,725047.7476000004,2588435.9079,7027,1,4016,1
9334,0,0,1,0,763447.7476000004,2570435.9079,19021,2,11012,4
9349,6,4,0,1,725647.7476000004,2562035.9079,7018,2,4011,4
9369,0,1,0,0,769447.7476000004,2563235.9079,21018,4,13011,4
9371,1,1,0,0,735847.7476000004,2575235.9079,10022,3,6013,5
9386,0,0,0,0,791047.7476000004,2578835.9079,29024,1,17014,2
9399,1,1,0,0,747847.7476000004,2566235.9079,14019,3,8011,2
9405,0,1,0,0,744847.7476000004,2538035.9079,13010,2,8006,1
9406,0,1,0,0,768247.7476000004,2573435.9079,21022,5,12013,3
9412,0,1,0,0,756847.7476000004,2614235.9079,17035,2,10021,2
9426,1,2,1,0,737647.7476000004,2547635.9079,11013,1,6008,4
9431,0,0,0,0,768247.7476000004,2578835.9079,21024,5,12014,3
9432,1,2,0,0,777847.7476000004,2564435.9079,24019,5,14011,2
9447,2,0,0,0,744847.7476000004,2548235.9079,13013,1,8008,5
9479,0,0,0,0,759247.7476000004,2593835.9079,18029,3,11017,3
9483,3,11,9,9,789247.7476000004,2578835.9079,28024,3,17014,2
9499,0,0,0,0,784447.7476000004,2566835.9079,26020,4,16012,1
9508,0,2,0,0,735847.7476000004,2563235.9079,10018,5,6011,1
9509,0,1,0,0,782647.7476000004,2568635.9079,26020,4,15012,3
9526,0,1,0,0,734047.7476000004,2586035.9079,10026,4,6015,4
9528,0,0,0,0,764647.7476000004,2523635.9079,20005,1,12003,5
9536,0,0,0,0,794047.7476000004,2631635.9079,30041,2,18024,4
9538,0,0,0,0,771247.7476000004,2625035.9079,22039,2,13023,5
9542,0,3,6,2,737647.7476000004,2564435.9079,11019,2,6011,1
9556,0,2,0,0,765847.7476000004,2607035.9079,20033,4,12020,2
9561,0,1,0,0,772447.7476000004,2565035.9079,22019,4,13011,4
9564,0,1,0,0,755047.7476000004,2567435.9079,17020,1,10012,4
9588,2,3,0,0,750847.7476000004,2590835.9079,15028,1,9016,2
9589,4,2,1,0,742447.7476000004,2554235.9079,12015,2,7009,4
9605,1,0,0,0,740647.7476000004,2561435.9079,12018,3,7010,4
9613,5,6,2,1,732247.7476000004,2573435.9079,9022,1,5013,3
9620,0,0,0,0,726247.7476000004,2566235.9079,7019,3,4011,4
9635,1,6,7,1,750247.7476000004,2556635.9079,15016,3,9009,5
9639,0,0,1,0,732847.7476000004,2574635.9079,9022,1,5013,3
9643,1,1,0,1,741847.7476000004,2541035.9079,12011,3,7006,3
9655,0,10,0,0,788047.7476000004,2580035.9079,28024,3,16014,1
9664,5,1,0,0,752047.7476000004,2529635.9079,16007,3,9004,3
9675,0,4,2,0,746047.7476000004,2539835.9079,14011,1,8006,1
9681,0,2,0,0,720247.7476000004,2586635.9079,5026,1,3015,1
9692,3,3,2,0,729847.7476000004,2567435.9079,8020,5,5012,2
9693,0,6,5,0,728047.7476000004,2569835.9079,8021,4,4012,2
9694,0,3,0,0,755047.7476000004,2516435.9079,17003,4,10001,1
9703,6,15,1,2,729247.7476000004,2558435.9079,8017,5,5010,5
9704,3,10,5,6,734047.7476000004,2575235.9079,10022,3,6013,5
9711,2,3,0,0,729847.7476000004,2587835.9079,8027,3,5016,1
9723,0,0,0,0,791047.7476000004,2583635.9079,29025,3,17015,1
9740,1,3,0,0,734047.7476000004,2547035.9079,10013,5,6008,4
9746,0,0,0,0,728047.7476000004,2599235.9079,8030,3,4018,2
9752,0,0,0,0,763447.7476000004,2590235.9079,19027,4,11016,1
9762,1,0,0,0,741847.7476000004,2569235.9079,12020,1,7012,5
9773,0,2,1,0,731047.7476000004,2574035.9079,9022,1,5013,3
9778,0,0,0,0,753247.7476000004,2526035.9079,16006,2,9003,5
9783,0,0,0,0,753847.7476000004,2575835.9079,16023,4,9013,5
9788,0,0,0,0,769447.7476000004,2586035.9079,21026,1,13015,3
9789,6,5,0,1,753247.7476000004,2566835.9079,16020,4,9012,1
9793,0,1,0,0,756247.7476000004,2517635.9079,17003,4,10002,1
9796,3,3,0,0,750247.7476000004,2541035.9079,15011,5,9006,1
9801,0,0,0,0,740047.7476000004,2580635.9079,12024,2,7014,2
9802,3,4,0,1,738847.7476000004,2562635.9079,11018,3,6011,1
9811,0,0,1,0,717247.7476000004,2581835.9079,4025,1,2015,4
9816,11,6,6,3,727447.7476000004,2561435.9079,7018,2,4010,4
9818,2,4,0,0,726847.7476000004,2558435.9079,7017,1,4010,4
9822,0,0,1,0,718447.7476000004,2597435.9079,4030,5,2018,1
9823,0,0,0,0,747847.7476000004,2539835.9079,14011,1,8006,1
9830,2,5,0,3,742447.7476000004,2541035.9079,12011,3,7006,3
9832,0,0,0,0,752047.7476000004,2526035.9079,16006,2,9003,5
9840,2,0,0,0,743047.7476000004,2538035.9079,13010,2,7006,3
9845,0,0,0,0,758647.7476000004,2615435.9079,18036,5,10021,2
9864,1,2,0,0,742447.7476000004,2550035.9079,12014,2,7008,3
9865,1,0,1,0,738247.7476000004,2580635.9079,11024,4,6014,3
9869,0,0,0,0,792847.7476000004,2592035.9079,29028,1,17017,5
9875,1,2,0,0,753847.7476000004,2567435.9079,16020,4,9012,1
9888,0,0,1,0,719047.7476000004,2583635.9079,5025,1,3015,1
9889,1,7,51,1,769447.7476000004,2559635.9079,21017,2,13010,3
9892,0,0,1,0,732247.7476000004,2562035.9079,9018,4,5011,2
9908,0,0,0,0,765247.7476000004,2564435.9079,20019,3,12011,2
9926,0,0,0,0,735247.7476000004,2533235.9079,10008,2,6005,1
9938,0,2,0,0,765847.7476000004,2578835.9079,20024,2,12014,3
9943,0,0,0,0,732847.7476000004,2545835.9079,9013,4,5007,1
9944,7,13,5,2,734047.7476000004,2553635.9079,10015,2,6009,1
9956,0,1,0,0,760447.7476000004,2556635.9079,18016,5,11009,5
9966,0,1,0,0,729847.7476000004,2574035.9079,8022,2,5013,3
9981,1,3,0,0,767047.7476000004,2578235.9079,21023,5,12014,3
9984,0,0,1,1,729847.7476000004,2554835.9079,8016,5,5009,3
9989,0,0,0,0,759247.7476000004,2565635.9079,18019,1,11011,4
10004,6,8,1,1,740047.7476000004,2547635.9079,12013,2,7008,3
10006,0,1,0,0,788647.7476000004,2573435.9079,28022,3,16013,5
10019,0,1,0,0,759247.7476000004,2528435.9079,18007,4,11004,5
10021,0,0,0,0,748447.7476000004,2523035.9079,14005,1,8003,4
10023,0,1,0,0,720847.7476000004,2591435.9079,5028,2,3016,5
10025,0,0,0,0,739447.7476000004,2568635.9079,11020,3,7012,5
10026,0,3,0,0,722047.7476000004,2582435.9079,6025,1,3015,1
10040,2,7,1,4,729847.7476000004,2559635.9079,8017,5,5010,5
10041,0,1,0,0,755047.7476000004,2525435.9079,17006,4,10003,5
10049,1,2,0,0,735247.7476000004,2572835.9079,10022,3,6013,5
10056,1,3,2,0,724447.7476000004,2571035.9079,6021,2,4012,2
10060,0,1,0,0,732847.7476000004,2597435.9079,9030,1,5018,4
10066,1,8,2,0,740647.7476000004,2559635.9079,12017,1,7010,4
10076,1,9,1,1,740047.7476000004,2564435.9079,12019,5,7011,4
10077,2,7,5,0,756847.7476000004,2526635.9079,17006,4,10003,5
10082,1,5,2,0,749647.7476000004,2541035.9079,15011,5,9006,1
10093,0,0,0,0,754447.7476000004,2593835.9079,16029,3,10017,2
10107,0,1,0,0,731047.7476000004,2581835.9079,9025,2,5015,3
10114,0,2,0,0,762247.7476000004,2608235.9079,19033,2,11020,1
10116,0,0,0,0,747247.7476000004,2571635.9079,14021,4,8012,5
10133,1,4,0,0,735247.7476000004,2571635.9079,10021,1,6012,2
10142,0,0,0,0,761647.7476000004,2608235.9079,19033,2,11020,1
10144,0,0,0,0,756847.7476000004,2609435.9079,17034,4,10020,3
10145,0,1,0,0,737647.7476000004,2536235.9079,11009,1,6005,1
10146,1,3,0,1,746047.7476000004,2555435.9079,14016,4,8009,5
10147,3,0,0,0,738247.7476000004,2529035.9079,11007,4,6004,2
10153,6,6,5,0,738847.7476000004,2566235.9079,11019,2,6011,1
10156,0,1,1,0,722647.7476000004,2598635.9079,6030,4,3018,1
10161,0,1,0,1,759847.7476000004,2511635.9079,18001,5,11000,4
10165,0,2,0,0,730447.7476000004,2562635.9079,8018,5,5011,2
10169,4,4,1,1,748447.7476000004,2541035.9079,14011,1,8006,1
10174,5,7,1,4,763447.7476000004,2560235.9079,19017,4,11010,3
10178,0,0,4,0,728647.7476000004,2562635.9079,8018,5,4011,4
10186,2,3,0,0,739447.7476000004,2578235.9079,11023,5,7014,2
10187,1,6,0,0,758047.7476000004,2521835.9079,18005,4,10003,5
10192,2,5,2,1,747847.7476000004,2558435.9079,14017,1,8010,2
10200,0,2,0,0,785647.7476000004,2568635.9079,27020,1,16012,1
10206,4,22,1,4,747247.7476000004,2559035.9079,14017,1,8010,2
10208,0,3,0,0,788647.7476000004,2570435.9079,28021,5,16012,1
10212,0,0,0,0,759247.7476000004,2554235.9079,18015,2,11009,5
10215,3,2,0,0,727447.7476000004,2575835.9079,7023,2,4013,4
10216,0,0,0,1,732847.7476000004,2594435.9079,9029,4,5017,4
10239,0,0,0,0,753847.7476000004,2558435.9079,16017,4,9010,5
10247,1,0,0,0,728647.7476000004,2567435.9079,8020,5,4012,2
10260,1,3,0,0,729247.7476000004,2562635.9079,8018,5,5011,2
10263,0,0,0,0,735847.7476000004,2534435.9079,10009,4,6005,1
10312,0,0,0,0,773647.7476000004,2593235.9079,23028,5,13017,5
10319,0,0,0,0,750847.7476000004,2594435.9079,15029,4,9017,2
10332,0,0,0,0,770047.7476000004,2610035.9079,22034,4,13020,3
10337,0,0,0,0,736447.7476000004,2569235.9079,10020,5,6012,2
10341,4,6,3,2,737647.7476000004,2568035.9079,11020,3,6012,2
10346,0,0,1,0,765247.7476000004,2604035.9079,20032,3,12019,3
10351,0,0,0,0,757447.7476000004,2564435.9079,17019,5,10011,3
10370,0,0,0,0,717847.7476000004,2580035.9079,4024,3,2014,1
10371,0,1,0,0,740047.7476000004,2577035.9079,12023,4,7014,2
10377,0,14,2,1,741847.7476000004,2568035.9079,12020,1,7012,5
10387,0,1,0,0,740647.7476000004,2588435.9079,12027,4,7016,2
10389,0,5,7,1,722647.7476000004,2595035.9079,6029,3,3017,5
10395,0,0,0,1,753247.7476000004,2524835.9079,16006,2,9003,5
10397,2,19,0,1,738247.7476000004,2546435.9079,11013,1,6007,1
10404,0,2,0,0,728647.7476000004,2590235.9079,8027,3,4016,1
10408,0,2,1,0,746047.7476000004,2553635.9079,14015,2,8009,5
10410,0,6,0,1,762247.7476000004,2558435.9079,19017,4,11010,3
10411,0,0,0,0,742447.7476000004,2556035.9079,12016,4,7009,4
10431,2,2,1,0,758647.7476000004,2563835.9079,18019,1,10011,3
10440,0,4,0,0,785047.7476000004,2568635.9079,27020,1,16012,1
10455,3,0,1,2,744847.7476000004,2542235.9079,13011,2,8007,4
10461,0,4,1,1,762847.7476000004,2518835.9079,19004,1,11002,2
10463,0,1,0,0,744847.7476000004,2526035.9079,13006,3,8003,4
10467,1,4,0,1,744247.7476000004,2547635.9079,13013,1,8008,5
10472,8,11,3,3,730447.7476000004,2568635.9079,8020,5,5012,2
10475,0,0,1,0,757447.7476000004,2517635.9079,17003,4,10002,1
10476,0,0,0,0,766447.7476000004,2517635.9079,20003,3,12002,1
10478,0,1,0,0,759847.7476000004,2515835.9079,18003,2,11001,2
10480,0,0,0,0,746647.7476000004,2554235.9079,14015,2,8009,5
10483,2,2,0,0,730447.7476000004,2557235.9079,8016,5,5010,5
10487,1,6,0,0,731647.7476000004,2562635.9079,9018,4,5011,2
10495,0,2,0,0,739447.7476000004,2527835.9079,11007,4,7004,4
10496,1,3,0,0,720247.7476000004,2587235.9079,5026,1,3016,5
10504,1,1,0,0,726247.7476000004,2575235.9079,7022,2,4013,4
10508,0,2,0,1,735847.7476000004,2558435.9079,10017,3,6010,4
10517,0,0,0,0,771247.7476000004,2512235.9079,22001,4,13001,1
10520,0,0,0,0,750847.7476000004,2551235.9079,15014,2,9008,4
10521,1,1,0,0,734047.7476000004,2550035.9079,10014,2,6008,4
10523,0,3,1,1,743647.7476000004,2547635.9079,13013,1,7008,3
10529,0,4,0,0,735847.7476000004,2557235.9079,10016,3,6010,4
10532,1,1,1,0,725647.7476000004,2553635.9079,7015,2,4009,5
10534,0,1,0,0,738847.7476000004,2570435.9079,11021,4,6012,2
10540,1,2,0,0,732247.7476000004,2545835.9079,9013,4,5007,1
10544,0,1,0,0,726847.7476000004,2599235.9079,7030,5,4018,2
10548,0,2,0,1,729847.7476000004,2590835.9079,8028,1,5016,1
10549,1,0,0,1,738847.7476000004,2577035.9079,11023,5,6014,3
10553,0,2,0,0,725647.7476000004,2563835.9079,7019,3,4011,4
10564,0,0,0,0,743647.7476000004,2583035.9079,13025,2,7015,5
10568,2,2,2,0,741247.7476000004,2573435.9079,12022,1,7013,1
10571,2,2,0,1,736447.7476000004,2553035.9079,10015,2,6009,1
10576,0,1,0,0,745447.7476000004,2593235.9079,13028,4,8017,1
10589,0,0,0,0,743647.7476000004,2588435.9079,13027,3,7016,2
10591,0,0,1,0,770047.7476000004,2565035.9079,22019,4,13011,4
10597,11,17,4,3,731647.7476000004,2556035.9079,9016,3,5009,3
10599,0,1,0,0,774847.7476000004,2576435.9079,23023,5,14013,2
10604,0,1,0,0,735247.7476000004,2565635.9079,10019,3,6011,1
10610,1,5,1,0,721447.7476000004,2596835.9079,5030,3,3018,1
10628,0,0,0,0,725047.7476000004,2577035.9079,7023,2,4014,3
10634,0,1,0,0,752647.7476000004,2557235.9079,16016,5,9010,5
10659,0,3,0,0,744247.7476000004,2583035.9079,13025,2,8015,3
10671,0,0,0,0,712447.7476000004,2593835.9079,2029,5,1017,1
10686,0,1,0,0,738247.7476000004,2577035.9079,11023,5,6014,3
10698,0,9,1,0,765247.7476000004,2604635.9079,20032,3,12019,3
10711,12,5,2,2,731647.7476000004,2566235.9079,9019,5,5011,2
10721,0,4,0,0,771247.7476000004,2565035.9079,22019,4,13011,4
10723,0,0,1,0,753247.7476000004,2590235.9079,16027,4,9016,2
10740,8,12,7,6,737647.7476000004,2548235.9079,11013,1,6008,4
10753,1,19,8,1,720847.7476000004,2596835.9079,5030,3,3018,1
10756,0,7,3,0,742447.7476000004,2547635.9079,12013,2,7008,3
10776,0,16,0,7,726847.7476000004,2589635.9079,7027,1,4016,1
10783,0,0,0,1,762247.7476000004,2609435.9079,19034,2,11020,1
10789,0,0,0,0,721447.7476000004,2577035.9079,5023,3,3014,4
10797,1,0,0,0,752647.7476000004,2548235.9079,16013,1,9008,4
10806,1,1,0,0,767047.7476000004,2577635.9079,21023,5,12014,3
10812,0,1,0,0,774847.7476000004,2563235.9079,23018,2,14011,2
10823,2,11,6,0,728647.7476000004,2568635.9079,8020,5,4012,2
10825,0,0,0,0,741247.7476000004,2535035.9079,12009,4,7005,4
10830,1,2,0,0,732847.7476000004,2566835.9079,9020,4,5012,2
10844,0,1,0,0,725647.7476000004,2578235.9079,7023,2,4014,3
10847,1,6,0,1,737047.7476000004,2542235.9079,11011,1,6007,1
10852,5,11,1,0,731047.7476000004,2556635.9079,9016,3,5009,3
10854,1,3,1,0,749647.7476000004,2558435.9079,15017,2,9010,5
10856,0,1,0,0,725047.7476000004,2572835.9079,7022,2,4013,4
10861,0,0,2,0,747847.7476000004,2556635.9079,14016,4,8009,5
10864,0,0,0,0,767047.7476000004,2507435.9079,21000,1,12000,1
10869,2,2,0,0,755047.7476000004,2540435.9079,17011,2,10006,1
10876,0,0,0,0,761647.7476000004,2556635.9079,19016,1,11009,5
10883,0,0,0,0,778447.7476000004,2625635.9079,24039,2,14023,4
10888,0,2,0,0,758047.7476000004,2552435.9079,18015,2,10009,2
10918,3,12,15,0,769447.7476000004,2560235.9079,21017,2,13010,3
10928,0,0,0,0,762247.7476000004,2520035.9079,19004,1,11002,2
10929,0,2,3,0,738247.7476000004,2571035.9079,11021,4,6012,2
10941,0,1,0,0,723247.7476000004,2590235.9079,6027,3,3016,5
10946,0,0,0,0,764047.7476000004,2601635.9079,20031,4,12018,4
10952,1,6,0,0,756247.7476000004,2565635.9079,17019,5,10011,3
10961,3,5,0,0,742447.7476000004,2539235.9079,12010,2,7006,3
10970,0,2,0,0,728647.7476000004,2554835.9079,8016,5,4009,5
10977,0,0,0,0,746047.7476000004,2621435.9079,14038,2,8022,4
10989,3,5,1,2,743647.7476000004,2556635.9079,13016,5,7009,4
11000,4,8,16,0,740047.7476000004,2572835.9079,12022,1,7013,1
11003,0,7,1,0,740047.7476000004,2574035.9079,12022,1,7013,1
11005,0,1,0,0,734647.7476000004,2584835.9079,10026,4,6015,4
11019,1,1,0,0,767047.7476000004,2520035.9079,21004,4,12002,1
11032,0,1,0,0,791647.7476000004,2586035.9079,29026,2,17015,1
11038,0,0,0,0,756247.7476000004,2520035.9079,17004,5,10002,1
11040,1,4,2,0,729247.7476000004,2565035.9079,8019,4,5011,2
11041,0,3,0,0,753847.7476000004,2595035.9079,16029,3,9017,2
11043,1,0,0,0,767047.7476000004,2599235.9079,21030,4,12018,4
11049,0,1,0,0,785647.7476000004,2590835.9079,27028,2,16016,3
11051,0,0,0,0,753247.7476000004,2597435.9079,16030,3,9018,2
11054,0,0,0,0,720247.7476000004,2598035.9079,5030,3,3018,1
11056,0,0,1,0,747847.7476000004,2541035.9079,14011,1,8006,1
11058,1,6,1,0,738247.7476000004,2556035.9079,11016,3,6009,1
11065,0,0,0,0,791647.7476000004,2625635.9079,29039,5,17023,1
11070,0,7,3,1,720247.7476000004,2596835.9079,5030,3,3018,1
11074,0,0,0,0,792247.7476000004,2574035.9079,29022,1,17013,2
11077,0,0,3,0,739447.7476000004,2566835.9079,11020,3,7012,5
11082,0,0,0,0,782047.7476000004,2621435.9079,26038,4,15022,3
11084,0,0,0,0,782047.7476000004,2596235.9079,26029,1,15017,2
11095,3,3,0,0,728047.7476000004,2590835.9079,8028,1,4016,1
11102,0,0,0,0,764047.7476000004,2506835.9079,20000,1,12000,1
11110,2,6,0,1,759247.7476000004,2582435.9079,18025,4,11015,5
11114,0,0,0,0,746047.7476000004,2556035.9079,14016,4,8009,5
11118,1,1,0,0,734047.7476000004,2581835.9079,10025,1,6015,4
11128,1,1,0,0,758047.7476000004,2551835.9079,18015,2,10009,2
11132,0,1,0,0,737647.7476000004,2587235.9079,11026,3,6016,5
11134,0,0,0,0,759247.7476000004,2555435.9079,18016,5,11009,5
11144,3,5,0,1,743647.7476000004,2538035.9079,13010,2,7006,3
11147,0,3,0,0,725647.7476000004,2597435.9079,7030,5,4018,2
11149,1,2,1,0,764047.7476000004,2604635.9079,20032,3,12019,3
11151,1,5,0,2,790447.7476000004,2577635.9079,28023,2,17014,2
11154,2,5,1,1,731047.7476000004,2572835.9079,9022,1,5013,3
11166,0,2,0,0,769447.7476000004,2584235.9079,21025,3,13015,3
11167,0,0,1,0,728047.7476000004,2586635.9079,8026,4,4015,1
11169,0,3,0,0,770047.7476000004,2616635.9079,22036,3,13021,2
11178,0,0,0,0,724447.7476000004,2581835.9079,6025,1,4015,1
11179,0,0,0,0,749647.7476000004,2534435.9079,15009,4,9005,3
11180,0,0,0,0,737647.7476000004,2558435.9079,11017,5,6010,4
11185,1,7,5,1,722047.7476000004,2596235.9079,6029,3,3017,5
11187,0,1,0,0,765247.7476000004,2517635.9079,20003,3,12002,1
11193,0,0,0,0,723847.7476000004,2583035.9079,6025,1,3015,1
11194,0,1,0,0,753247.7476000004,2565635.9079,16019,4,9011,5
11196,1,3,1,0,787447.7476000004,2579435.9079,27024,5,16014,1
11217,2,4,0,1,741247.7476000004,2583635.9079,12025,4,7015,5
11219,0,5,0,0,746647.7476000004,2566835.9079,14020,5,8012,5
11229,1,0,0,0,746047.7476000004,2536235.9079,14009,4,8005,4
11231,1,9,2,0,732247.7476000004,2568035.9079,9020,4,5012,2
11238,0,1,1,0,734647.7476000004,2551835.9079,10015,2,6009,1
11244,0,0,0,0,769447.7476000004,2610035.9079,21034,2,13020,3
11247,4,1,0,0,737647.7476000004,2541635.9079,11011,1,6006,5
11252,0,2,5,0,730447.7476000004,2569835.9079,8021,4,5012,2
11257,0,0,0,0,762247.7476000004,2557235.9079,19016,1,11010,3
11267,0,3,0,0,724447.7476000004,2597435.9079,6030,4,4018,2
11286,8,14,4,8,740047.7476000004,2546435.9079,12013,2,7007,1
11294,0,0,0,0,759247.7476000004,2559635.9079,18017,1,11010,3
11299,0,4,1,0,765247.7476000004,2558435.9079,20017,1,12010,5
11302,0,1,0,0,766447.7476000004,2584835.9079,20026,3,12015,2
11303,1,2,0,0,731047.7476000004,2572235.9079,9021,4,5013,3
11305,2,13,1,1,742447.7476000004,2559035.9079,12017,1,7010,4
11312,0,0,1,0,726847.7476000004,2552435.9079,7015,2,4009,5
11332,1,0,0,0,726249.2169500001,2560235.9079,7017,1,4010,4
11340,0,1,0,0,753847.7476000004,2539835.9079,16011,2,9006,1
11348,0,3,1,0,771847.7476000004,2565035.9079,22019,4,13011,4
11362,6,4,1,0,735247.7476000004,2559035.9079,10017,3,6010,4
11365,1,12,4,3,728047.7476000004,2568635.9079,8020,5,4012,2
11366,1,9,1,2,737047.7476000004,2575235.9079,11022,2,6013,5
11370,0,0,1,0,738247.7476000004,2570435.9079,11021,4,6012,2
11371,2,9,3,4,771847.7476000004,2570435.9079,22021,3,13012,4
11373,0,2,0,0,769447.7476000004,2578235.9079,21023,5,13014,3
11379,0,2,0,0,782647.7476000004,2582435.9079,26025,3,15015,4
11381,0,1,0,0,749047.7476000004,2578835.9079,15024,5,9014,5
11383,1,1,0,0,729247.7476000004,2572835.9079,8022,2,5013,3
11384,3,6,0,2,734047.7476000004,2574035.9079,10022,3,6013,5
11391,0,1,0,0,758047.7476000004,2512235.9079,18001,5,10001,1
11393,0,1,0,0,732247.7476000004,2584835.9079,9026,1,5015,3
11396,0,1,0,0,740047.7476000004,2583035.9079,12025,4,7015,5
11403,0,0,0,0,724447.7476000004,2571635.9079,6021,2,4012,2
11408,0,1,0,2,747847.7476000004,2559635.9079,14017,1,8010,2
11410,0,2,0,1,767647.7476000004,2506835.9079,21000,1,12000,1
11426,0,1,0,0,733447.7476000004,2596835.9079,9030,1,5018,4
11443,2,1,1,1,744847.7476000004,2546435.9079,13013,1,8007,4
11444,1,0,0,0,771247.7476000004,2612435.9079,22035,5,13021,2
11451,1,6,0,0,733447.7476000004,2554235.9079,9015,1,5009,3
11453,0,1,0,1,740647.7476000004,2557835.9079,12017,1,7010,4
11454,6,22,27,2,727447.7476000004,2569835.9079,7021,1,4012,2
11462,0,1,0,0,761047.7476000004,2512835.9079,19002,3,11001,2
11466,0,1,0,0,732847.7476000004,2549435.9079,9014,3,5008,5
11484,11,15,16,5,736447.7476000004,2548235.9079,10013,5,6008,4
11485,2,2,0,0,735847.7476000004,2550035.9079,10014,2,6008,4
11486,0,7,0,2,736447.7476000004,2547035.9079,10013,5,6008,4
11505,0,1,2,0,770647.7476000004,2561435.9079,22018,2,13010,3
11512,0,0,0,0,756847.7476000004,2556035.9079,17016,5,10009,2
11520,0,0,0,0,756247.7476000004,2516435.9079,17003,4,10001,1
11525,0,1,0,0,741847.7476000004,2587235.9079,12026,5,7016,2
11529,0,4,0,0,727447.7476000004,2583035.9079,7025,1,4015,1
11531,0,0,0,0,748447.7476000004,2530835.9079,14008,5,8004,5
11541,0,0,0,0,805447.7476000004,2645435.9079,33046,2,20027,5
11547,0,3,1,1,720247.7476000004,2595635.9079,5029,4,3017,5
11552,0,0,0,0,791647.7476000004,2605235.9079,29032,2,17019,3
11559,0,2,0,0,770647.7476000004,2563835.9079,22019,4,13011,4
11568,0,0,0,0,726247.7476000004,2599835.9079,7031,2,4018,2
11569,1,8,0,0,763447.7476000004,2605835.9079,19033,2,11019,4
11597,0,1,0,0,725647.7476000004,2592635.9079,7028,2,4017,4
11605,0,1,0,0,769447.7476000004,2607035.9079,21033,5,13020,3
11607,0,2,2,0,729847.7476000004,2590235.9079,8027,3,5016,1
11616,1,1,0,0,744847.7476000004,2556635.9079,13016,5,8009,5
11621,1,2,0,0,738847.7476000004,2554235.9079,11015,1,6009,1
11627,2,5,0,1,723247.7476000004,2594435.9079,6029,3,3017,5
11638,0,1,0,0,790447.7476000004,2579435.9079,28024,3,17014,2
11652,0,1,0,0,779047.7476000004,2568635.9079,25020,3,15012,3
11656,0,0,0,0,743047.7476000004,2587835.9079,13027,3,7016,2
11664,0,4,0,1,761047.7476000004,2513435.9079,19002,3,11001,2
11667,0,0,0,0,751447.7476000004,2541035.9079,15011,5,9006,1
11675,0,1,0,0,773047.7476000004,2565035.9079,23019,1,13011,4
11681,1,1,0,1,746047.7476000004,2544035.9079,14012,1,8007,4
11690,0,0,0,1,747247.7476000004,2566835.9079,14020,5,8012,5
11694,0,10,1,0,758047.7476000004,2554235.9079,18015,2,10009,2
11695,1,6,0,0,738247.7476000004,2562635.9079,11018,3,6011,1
11701,1,2,0,0,726247.7476000004,2553035.9079,7015,2,4009,5
11702,1,0,0,0,758047.7476000004,2599835.9079,18031,5,10018,3
11710,0,1,0,0,767047.7476000004,2574635.9079,21022,5,12013,3
11718,0,0,0,1,725047.7476000004,2593235.9079,7028,2,4017,4
11723,1,3,0,0,721447.7476000004,2597435.9079,5030,3,3018,1
11728,1,2,0,0,752047.7476000004,2551235.9079,16014,4,9008,4
11730,0,0,1,0,738247.7476000004,2580035.9079,11024,4,6014,3
11734,0,0,0,0,722647.7476000004,2580035.9079,6024,2,3014,4
11743,0,0,0,0,752647.7476000004,2560835.9079,16018,5,9010,5
11744,0,0,0,0,762247.7476000004,2607035.9079,19033,2,11020,1
11745,1,1,0,0,765847.7476000004,2557235.9079,20016,2,12010,5
11753,0,1,0,0,737647.7476000004,2598035.9079,11030,5,6018,1
11774,0,4,0,0,741247.7476000004,2577035.9079,12023,4,7014,2
11777,3,7,3,9,729247.7476000004,2562035.9079,8018,5,5011,2
11789,2,6,0,0,727447.7476000004,2565635.9079,7019,3,4011,4
11791,2,2,0,0,750247.7476000004,2557835.9079,15017,2,9010,5
11793,0,4,3,5,754447.7476000004,2589035.9079,16027,4,10016,3
11794,0,0,0,0,791647.7476000004,2578235.9079,29023,4,17014,2
11796,0,2,0,0,735247.7476000004,2592635.9079,10028,2,6017,5
11800,0,2,1,2,765247.7476000004,2561435.9079,20018,5,12010,5
11809,1,18,2,3,741847.7476000004,2560835.9079,12018,3,7010,4
11818,3,0,1,0,737647.7476000004,2578835.9079,11024,4,6014,3
11823,7,4,2,2,726247.7476000004,2587235.9079,7026,2,4016,1
11835,0,6,0,3,764047.7476000004,2607035.9079,20033,4,12020,2
11863,0,1,0,0,734047.7476000004,2606435.9079,10033,1,6019,3
11870,0,9,0,5,763447.7476000004,2606435.9079,19033,2,11019,4
11874,0,0,0,0,762847.7476000004,2513435.9079,19002,3,11001,2
11875,3,12,2,0,735847.7476000004,2559635.9079,10017,3,6010,4
11897,1,2,0,1,740047.7476000004,2542235.9079,12011,3,7007,1
11900,0,0,0,0,745447.7476000004,2527835.9079,13007,5,8004,5
11906,0,0,0,0,728647.7476000004,2577035.9079,8023,2,4014,3
11908,0,1,1,0,753247.7476000004,2525435.9079,16006,2,9003,5
11917,2,8,1,2,766447.7476000004,2558435.9079,20017,1,12010,5
11923,0,3,0,0,754447.7476000004,2541635.9079,16011,2,10006,1
11926,17,21,2,2,728647.7476000004,2568035.9079,8020,5,4012,2
11939,7,3,2,2,728647.7476000004,2559035.9079,8017,5,4010,4
11941,0,1,0,0,729247.7476000004,2581835.9079,8025,3,5015,3
11945,0,0,0,2,749647.7476000004,2533235.9079,15008,3,9005,3
11964,3,11,2,0,738247.7476000004,2547035.9079,11013,1,6008,4
11972,0,0,0,0,756847.7476000004,2532635.9079,17008,3,10005,4
11975,0,1,0,0,714847.7476000004,2583035.9079,3025,3,2015,4
11976,1,2,0,0,762847.7476000004,2577035.9079,19023,4,11014,5
11977,0,1,0,0,748447.7476000004,2556635.9079,14016,4,8009,5
11979,3,10,2,1,737047.7476000004,2547035.9079,11013,1,6008,4
11984,1,3,0,1,745447.7476000004,2560235.9079,13017,3,8010,2
11994,0,0,0,1,766447.7476000004,2613035.9079,20035,5,12021,5
12008,0,1,2,0,740047.7476000004,2575835.9079,12023,4,7013,1
12015,0,0,0,0,741247.7476000004,2592035.9079,12028,1,7017,1
12021,1,11,0,2,788647.7476000004,2580035.9079,28024,3,16014,1
12022,0,1,0,0,755047.7476000004,2539235.9079,17010,4,10006,1
12036,0,1,0,0,713647.7476000004,2590235.9079,3027,1,1016,1
12048,0,0,0,0,725647.7476000004,2574635.9079,7022,2,4013,4
12052,3,6,0,0,750847.7476000004,2556635.9079,15016,3,9009,5
12065,1,0,0,0,732847.7476000004,2583635.9079,9025,2,5015,3
12077,0,0,0,0,780247.7476000004,2610035.9079,25034,1,15020,1
12078,1,6,0,0,744847.7476000004,2552435.9079,13015,3,8009,5
12080,0,0,0,0,747847.7476000004,2544635.9079,14012,1,8007,4
12093,1,1,0,1,753247.7476000004,2539235.9079,16010,2,9006,1
12098,0,0,1,0,759847.7476000004,2562635.9079,18018,3,11011,4
12101,3,1,0,0,729847.7476000004,2552435.9079,8015,1,5009,3
12103,1,2,0,0,741247.7476000004,2536235.9079,12009,4,7005,4
12106,0,0,0,0,766447.7476000004,2561435.9079,20018,5,12010,5
12111,1,2,0,0,746047.7476000004,2539235.9079,14010,1,8006,1
12112,0,0,1,0,729247.7476000004,2570435.9079,8021,4,5012,2
12114,6,3,1,0,738847.7476000004,2555435.9079,11016,3,6009,1
12122,0,0,0,0,723247.7476000004,2586035.9079,6026,2,3015,1
12142,0,4,1,2,740047.7476000004,2532035.9079,12008,1,7005,4
12143,0,0,0,0,756247.7476000004,2598635.9079,17030,2,10018,3
12144,0,7,0,0,761647.7476000004,2524235.9079,19005,3,11003,3
12145,0,0,0,0,725647.7476000004,2578835.9079,7024,5,4014,3
12151,1,0,0,1,751447.7476000004,2591435.9079,15028,1,9016,2
12163,0,2,0,2,789247.7476000004,2580035.9079,28024,3,17014,2
12164,0,0,0,0,723847.7476000004,2591435.9079,6028,5,3016,5
12165,1,7,4,0,767647.7476000004,2562635.9079,21018,4,12011,2
12167,0,0,0,0,750847.7476000004,2533235.9079,15008,3,9005,3
12182,1,2,0,1,704047.7476000004,2586035.9079,26,5,15,4
12191,0,0,1,0,767647.7476000004,2563835.9079,21019,5,12011,2
12196,0,0,0,0,740047.7476000004,2587835.9079,12027,4,7016,2
12199,3,3,0,0,732847.7476000004,2575235.9079,9022,1,5013,3
12200,0,4,0,0,741847.7476000004,2557835.9079,12017,1,7010,4
12202,0,1,4,0,771847.7476000004,2562035.9079,22018,2,13011,4
12203,1,5,3,3,763447.7476000004,2607035.9079,19033,2,11020,1
12206,0,3,25,3,768247.7476000004,2558435.9079,21017,2,12010,5
12221,1,8,0,3,734047.7476000004,2584235.9079,10025,1,6015,4
12223,0,2,0,0,761047.7476000004,2568035.9079,19020,3,11012,4
12236,0,0,0,0,770047.7476000004,2578835.9079,22024,1,13014,3
12243,3,14,3,3,745447.7476000004,2564435.9079,13019,4,8011,2
12248,4,3,0,0,756847.7476000004,2527235.9079,17006,4,10004,1
12257,1,0,0,0,774847.7476000004,2581235.9079,23024,2,14014,5
12270,0,2,0,0,747247.7476000004,2614235.9079,14035,3,8021,3
12275,0,0,0,0,743647.7476000004,2543435.9079,13012,3,7007,1
12276,0,3,0,1,786247.7476000004,2578235.9079,27023,2,16014,1
12277,0,1,0,0,745447.7476000004,2547035.9079,13013,1,8008,5
12299,0,2,0,1,737647.7476000004,2581235.9079,11024,4,6014,3
12305,0,0,0,0,744847.7476000004,2536835.9079,13010,2,8006,1
12312,1,1,1,0,725047.7476000004,2563835.9079,7019,3,4011,4
12320,0,0,0,0,740047.7476000004,2530835.9079,12008,1,7004,4
12327,3,4,1,3,726847.7476000004,2590235.9079,7027,1,4016,1
12329,0,3,1,0,727447.7476000004,2557235.9079,7016,2,4010,4
12337,0,1,0,0,722047.7476000004,2592035.9079,6028,5,3017,5
12355,1,0,0,0,755647.7476000004,2548835.9079,17014,1,10008,2
12358,0,0,0,0,757447.7476000004,2554235.9079,17015,1,10009,2
12367,1,0,0,0,744847.7476000004,2530235.9079,13007,5,8004,5
12369,0,0,0,0,745447.7476000004,2540435.9079,13011,2,8006,1
12374,1,1,0,0,740647.7476000004,2560235.9079,12017,1,7010,4
12377,0,4,0,2,733447.7476000004,2572835.9079,9022,1,5013,3
12378,0,3,0,1,765247.7476000004,2568035.9079,20020,3,12012,2
12380,4,18,2,7,732247.7476000004,2556035.9079,9016,3,5009,3
12386,0,5,1,1,732847.7476000004,2563835.9079,9019,5,5011,2
12388,3,1,0,0,728047.7476000004,2577035.9079,8023,2,4014,3
12389,0,0,0,0,756247.7476000004,2554235.9079,17015,1,10009,2
12394,1,4,3,1,741847.7476000004,2538635.9079,12010,2,7006,3
12397,1,2,0,0,737647.7476000004,2544635.9079,11012,5,6007,1
12402,2,11,1,0,755647.7476000004,2565035.9079,17019,5,10011,3
12405,0,1,0,0,789247.7476000004,2597435.9079,28030,3,17018,4
12408,0,1,0,0,762847.7476000004,2559635.9079,19017,4,11010,3
12418,0,2,1,0,740647.7476000004,2545235.9079,12012,4,7007,1
12428,2,4,0,0,758047.7476000004,2569235.9079,18020,3,10012,4
12442,0,0,0,0,761647.7476000004,2506835.9079,19000,5,11000,4
12447,0,0,0,0,731647.7476000004,2580035.9079,9024,4,5014,3
12505,0,1,0,0,741247.7476000004,2581835.9079,12025,4,7015,5
12508,7,21,0,5,741847.7476000004,2539835.9079,12011,3,7006,3
12516,2,7,1,1,726847.7476000004,2593235.9079,7028,2,4017,4
12518,0,0,0,0,759847.7476000004,2512235.9079,18001,5,11001,2
12520,0,0,0,1,755047.7476000004,2610035.9079,17034,4,10020,3
12523,0,4,0,0,722647.7476000004,2596235.9079,6029,3,3017,5
12543,4,12,22,0,738247.7476000004,2561435.9079,11018,3,6010,4
12559,1,9,2,0,735247.7476000004,2560235.9079,10017,3,6010,4
12564,0,1,0,1,736447.7476000004,2544635.9079,10012,2,6007,1
12573,0,1,2,0,770047.7476000004,2562635.9079,22018,2,13011,4
12574,27,63,3,8,738847.7476000004,2557235.9079,11016,3,6010,4
12576,0,1,0,0,752047.7476000004,2565035.9079,16019,4,9011,5
12577,1,3,2,0,744247.7476000004,2566835.9079,13020,3,8012,5
12581,4,13,2,1,735247.7476000004,2553035.9079,10015,2,6009,1
12583,0,0,0,0,804247.7476000004,2636435.9079,33043,4,20025,2
12587,5,2,0,0,740647.7476000004,2555435.9079,12016,4,7009,4
12588,0,0,7,0,726847.7476000004,2566835.9079,7020,4,4012,2
12590,0,1,0,0,762847.7476000004,2511635.9079,19001,1,11000,4
12591,0,0,0,0,791647.7476000004,2588435.9079,29027,2,17016,5
12595,14,15,13,3,735247.7476000004,2569835.9079,10021,1,6012,2
12597,1,3,0,1,790447.7476000004,2578835.9079,28024,3,17014,2
12599,0,0,1,1,761647.7476000004,2523035.9079,19005,3,11003,3
12604,0,0,0,0,743047.7476000004,2586035.9079,13026,1,7015,5
12617,1,1,0,0,756247.7476000004,2524835.9079,17006,4,10003,5
12619,1,2,1,0,740047.7476000004,2541635.9079,12011,3,7006,3
12623,0,0,0,0,736447.7476000004,2568035.9079,10020,5,6012,2
12630,0,1,0,0,756847.7476000004,2565635.9079,17019,5,10011,3
12647,1,6,3,4,721447.7476000004,2595635.9079,5029,4,3017,5
12651,0,2,3,1,737047.7476000004,2593835.9079,11029,3,6017,5
12659,0,1,0,0,746647.7476000004,2541035.9079,14011,1,8006,1
12665,0,5,0,0,727447.7476000004,2556635.9079,7016,2,4009,5
12666,1,7,6,6,766447.7476000004,2560235.9079,20017,1,12010,5
12705,0,0,0,0,740047.7476000004,2584235.9079,12025,4,7015,5
12709,0,4,3,6,767647.7476000004,2563235.9079,21018,4,12011,2
12724,0,1,0,2,737047.7476000004,2549435.9079,11014,1,6008,4
12726,1,4,0,0,734647.7476000004,2541635.9079,10011,3,6006,5
12732,0,0,0,0,761647.7476000004,2602835.9079,19032,2,11019,4
12740,1,2,0,0,729847.7476000004,2556635.9079,8016,5,5009,3
12742,6,6,2,2,730447.7476000004,2573435.9079,8022,2,5013,3
12743,8,7,14,2,725047.7476000004,2587235.9079,7026,2,4016,1
12746,0,1,2,0,771247.7476000004,2563835.9079,22019,4,13011,4
12753,1,1,0,1,726247.7476000004,2553635.9079,7015,2,4009,5
12757,0,2,2,0,761647.7476000004,2559035.9079,19017,4,11010,3
12761,0,4,1,2,764047.7476000004,2518235.9079,20003,3,12002,1
12775,1,2,0,0,746047.7476000004,2557835.9079,14017,1,8010,2
12777,0,2,0,0,736447.7476000004,2568635.9079,10020,5,6012,2
12779,0,0,0,0,764647.7476000004,2579435.9079,20024,2,12014,3
12794,0,0,0,0,758647.7476000004,2586635.9079,18026,4,10015,5
12826,3,0,0,0,754447.7476000004,2543435.9079,16012,2,10007,3
12827,6,5,9,3,746047.7476000004,2562635.9079,14018,4,8011,2
12837,0,0,0,0,743047.7476000004,2537435.9079,13010,2,7006,3
12847,1,1,0,0,739447.7476000004,2539235.9079,11010,1,7006,3
12865,1,1,0,0,738247.7476000004,2569235.9079,11020,3,6012,2
12867,0,2,0,0,758047.7476000004,2554835.9079,18016,5,10009,2
12872,0,0,0,0,720847.7476000004,2589035.9079,5027,1,3016,5
12880,0,5,1,0,738247.7476000004,2568635.9079,11020,3,6012,2
12887,0,0,0,0,753847.7476000004,2557835.9079,16017,4,9010,5
12895,0,0,0,0,769447.7476000004,2588435.9079,21027,3,13016,2
12903,2,4,0,1,740047.7476000004,2565635.9079,12019,5,7011,4
12909,3,4,0,0,743047.7476000004,2541635.9079,13011,2,7006,3
12915,0,0,3,0,770047.7476000004,2562035.9079,22018,2,13011,4
12918,0,0,0,0,742447.7476000004,2532635.9079,12008,1,7005,4
12919,1,1,0,0,742447.7476000004,2581835.9079,12025,4,7015,5
12926,3,6,0,2,723847.7476000004,2587835.9079,6027,3,3016,5
12932,4,7,0,0,737647.7476000004,2542235.9079,11011,1,6007,1
12938,0,0,0,1,732247.7476000004,2566235.9079,9019,5,5011,2
12941,5,7,0,3,729247.7476000004,2559035.9079,8017,5,5010,5
12954,0,2,0,0,740647.7476000004,2537435.9079,12010,2,7006,3
12956,10,5,0,0,724447.7476000004,2590235.9079,6027,3,4016,1
12962,4,5,5,0,727447.7476000004,2568035.9079,7020,4,4012,2
12964,29,35,4,6,732847.7476000004,2571635.9079,9021,4,5012,2
12966,0,0,0,0,769447.7476000004,2575835.9079,21023,5,13013,4
12970,1,1,0,0,731047.7476000004,2570435.9079,9021,4,5012,2
12972,0,0,0,0,781447.7476000004,2569235.9079,25020,3,15012,3
12979,0,1,0,1,743047.7476000004,2542835.9079,13012,3,7007,1
12981,2,3,0,1,749647.7476000004,2557835.9079,15017,2,9010,5
12989,1,3,0,1,740647.7476000004,2553635.9079,12015,2,7009,4
12992,1,2,0,1,740647.7476000004,2553035.9079,12015,2,7009,4
12993,0,1,0,0,743047.7476000004,2568035.9079,13020,3,7012,5
12996,2,15,38,10,734647.7476000004,2559635.9079,10017,3,6010,4
12997,1,0,0,0,731647.7476000004,2595035.9079,9029,4,5017,4
13000,0,2,0,0,772447.7476000004,2575835.9079,22023,4,13013,4
13005,0,0,0,0,765247.7476000004,2608235.9079,20033,4,12020,2
13006,0,1,2,0,773047.7476000004,2560835.9079,23018,2,13010,3
13009,2,2,0,0,738847.7476000004,2536835.9079,11010,1,6006,5
13025,0,0,0,0,762847.7476000004,2602835.9079,19032,2,11019,4
13038,1,0,0,0,740647.7476000004,2548835.9079,12014,2,7008,3
13047,0,0,0,0,728647.7476000004,2594435.9079,8029,5,4017,4
13061,0,1,0,0,735247.7476000004,2551835.9079,10015,2,6009,1
13067,2,2,1,0,743047.7476000004,2581835.9079,13025,2,7015,5
13078,2,1,1,0,736447.7476000004,2554235.9079,10015,2,6009,1
13087,0,0,1,0,764647.7476000004,2607035.9079,20033,4,12020,2
13089,0,0,0,0,738247.7476000004,2535035.9079,11009,1,6005,1
13096,0,1,0,0,737047.7476000004,2544035.9079,11012,5,6007,1
13103,0,1,0,0,765247.7476000004,2605235.9079,20032,3,12019,3
13105,0,1,0,0,728047.7476000004,2580035.9079,8024,4,4014,3
13113,0,1,0,0,756847.7476000004,2563835.9079,17019,5,10011,3
13114,0,0,0,0,756247.7476000004,2539835.9079,17011,2,10006,1
13121,0,0,0,0,744247.7476000004,2614235.9079,13035,3,8021,3
13157,0,0,0,0,779647.7476000004,2589635.9079,25027,5,15016,3
13166,0,0,0,0,766447.7476000004,2578835.9079,20024,2,12014,3
13167,0,0,0,0,747847.7476000004,2541635.9079,14011,1,8006,1
13170,5,8,5,3,744247.7476000004,2559035.9079,13017,3,8010,2
13187,1,1,0,0,728647.7476000004,2574035.9079,8022,2,4013,4
13192,0,1,1,0,732847.7476000004,2550035.9079,9014,3,5008,5
13203,1,6,2,2,771847.7476000004,2563835.9079,22019,4,13011,4
13210,13,4,2,0,729847.7476000004,2566235.9079,8019,4,5011,2
13230,0,0,0,0,756247.7476000004,2557835.9079,17017,5,10010,2
13235,0,0,0,0,758047.7476000004,2556035.9079,18016,5,10009,2
13241,0,1,0,1,758647.7476000004,2608835.9079,18034,1,10020,3
13246,0,3,0,0,728047.7476000004,2577635.9079,8023,2,4014,3
13263,0,1,0,0,732847.7476000004,2565035.9079,9019,5,5011,2
13268,0,0,0,0,736447.7476000004,2575835.9079,10023,5,6013,5
13279,0,0,0,0,763447.7476000004,2567435.9079,19020,3,11012,4
13287,0,1,0,0,734047.7476000004,2594435.9079,10029,5,6017,5
13292,4,2,2,0,731047.7476000004,2568035.9079,9020,4,5012,2
13293,0,1,0,1,787447.7476000004,2578235.9079,27023,2,16014,1
13294,0,0,0,0,723847.7476000004,2582435.9079,6025,1,3015,1
13302,4,6,2,3,734647.7476000004,2560835.9079,10018,5,6010,4
13303,1,0,0,0,732847.7476000004,2578235.9079,9023,5,5014,3
13315,1,12,15,5,767047.7476000004,2559035.9079,21017,2,12010,5
13328,0,0,0,0,780247.7476000004,2577035.9079,25023,1,15014,2
13331,3,7,3,19,728647.7476000004,2557835.9079,8017,5,4010,4
13337,0,0,0,2,729247.7476000004,2598035.9079,8030,3,5018,4
13342,4,7,0,1,744847.7476000004,2556035.9079,13016,5,8009,5
13349,3,1,2,0,739447.7476000004,2573435.9079,11022,2,7013,1
13358,2,4,2,0,726847.7476000004,2587835.9079,7027,1,4016,1
13365,0,1,0,0,755647.7476000004,2526635.9079,17006,4,10003,5
13368,0,0,0,0,754447.7476000004,2556635.9079,16016,5,10009,2
13369,3,6,3,1,785647.7476000004,2565635.9079,27019,3,16011,3
13371,0,1,0,0,734047.7476000004,2568035.9079,10020,5,6012,2
13374,0,0,0,0,761647.7476000004,2603435.9079,19032,2,11019,4
13375,0,0,0,1,765247.7476000004,2611235.9079,20034,5,12020,2
13382,4,9,0,0,728647.7476000004,2553635.9079,8015,1,4009,5
13386,0,0,0,0,725647.7476000004,2591435.9079,7028,2,4016,1
13390,2,5,1,2,731047.7476000004,2560235.9079,9017,1,5010,5
13406,3,2,0,0,740647.7476000004,2554835.9079,12016,4,7009,4
13414,1,1,0,1,732247.7476000004,2595635.9079,9029,4,5017,4
13420,0,0,0,0,734047.7476000004,2579435.9079,10024,5,6014,3
13424,2,9,3,0,731647.7476000004,2553635.9079,9015,1,5009,3
13432,1,9,4,0,737047.7476000004,2563835.9079,11019,2,6011,1
13434,3,0,4,0,725047.7476000004,2591435.9079,7028,2,4016,1
13435,3,7,4,3,748447.7476000004,2561435.9079,14018,4,8010,2
13440,0,2,1,0,757447.7476000004,2553035.9079,17015,1,10009,2
13442,0,7,1,4,759847.7476000004,2558435.9079,18017,1,11010,3
13443,0,0,2,1,741847.7476000004,2568635.9079,12020,1,7012,5
13444,0,0,0,0,789247.7476000004,2589035.9079,28027,5,17016,5
13446,0,3,0,1,762247.7476000004,2566835.9079,19020,3,11012,4
13447,0,1,2,0,712447.7476000004,2587835.9079,2027,3,1016,1
13451,0,1,2,2,737647.7476000004,2543435.9079,11012,5,6007,1
13453,2,2,0,0,734047.7476000004,2571035.9079,10021,1,6012,2
13468,3,5,1,1,732247.7476000004,2561435.9079,9018,4,5010,5
13489,1,3,0,1,741847.7476000004,2545235.9079,12012,4,7007,1
13501,0,0,0,0,743647.7476000004,2532035.9079,13008,4,7005,4
13502,0,4,0,0,752647.7476000004,2556635.9079,16016,5,9009,5
13508,0,0,0,1,731047.7476000004,2584835.9079,9026,1,5015,3
13511,1,4,4,0,743047.7476000004,2546435.9079,13013,1,7007,1
13524,0,0,0,0,734047.7476000004,2547635.9079,10013,5,6008,4
13525,1,0,0,0,727447.7476000004,2551235.9079,7014,3,4008,3
13527,0,4,0,0,762847.7476000004,2566835.9079,19020,3,11012,4
13532,0,2,0,1,751447.7476000004,2529035.9079,15007,2,9004,3
13535,0,0,2,0,761047.7476000004,2521235.9079,19004,1,11002,2
13537,0,0,0,2,747847.7476000004,2520635.9079,14004,1,8002,3
13540,0,0,0,0,761647.7476000004,2568635.9079,19020,3,11012,4
13542,0,0,0,0,782047.7476000004,2638835.9079,26044,2,15026,1
13546,4,8,3,1,731047.7476000004,2563835.9079,9019,5,5011,2
13561,0,0,0,0,735247.7476000004,2562035.9079,10018,5,6011,1
13567,1,1,0,0,742447.7476000004,2544635.9079,12012,4,7007,1
13575,8,6,4,4,750247.7476000004,2557235.9079,15016,3,9010,5
13576,2,6,1,1,737047.7476000004,2553035.9079,11015,1,6009,1
13578,0,1,0,0,732847.7476000004,2580635.9079,9024,4,5014,3
13589,7,20,6,3,743047.7476000004,2559635.9079,13017,3,7010,4
13592,0,3,0,1,736447.7476000004,2552435.9079,10015,2,6009,1
13602,2,3,2,1,743047.7476000004,2563235.9079,13018,5,7011,4
13606,1,3,0,1,765247.7476000004,2605835.9079,20033,4,12019,3
13612,1,1,0,0,753847.7476000004,2566235.9079,16019,4,9011,5
13613,0,2,1,1,747247.7476000004,2540435.9079,14011,1,8006,1
13621,0,2,2,1,763447.7476000004,2558435.9079,19017,4,11010,3
13628,1,4,0,0,740647.7476000004,2560835.9079,12018,3,7010,4
13634,0,0,0,0,759247.7476000004,2560835.9079,18018,3,11010,3
13637,0,1,0,1,732247.7476000004,2594435.9079,9029,4,5017,4
13640,0,1,0,0,732847.7476000004,2596235.9079,9029,4,5017,4
13642,0,8,2,0,741247.7476000004,2558435.9079,12017,1,7010,4
13649,0,3,0,0,748447.7476000004,2563235.9079,14018,4,8011,2
13653,0,0,1,0,734047.7476000004,2546435.9079,10013,5,6007,1
13656,0,2,0,0,749047.7476000004,2586635.9079,15026,1,9015,2
13675,0,4,0,0,722647.7476000004,2582435.9079,6025,1,3015,1
13678,8,7,3,0,731047.7476000004,2569235.9079,9020,4,5012,2
13681,3,3,0,0,756847.7476000004,2598635.9079,17030,2,10018,3
13698,0,0,0,0,761647.7476000004,2614835.9079,19036,4,11021,2
13700,0,6,0,0,758647.7476000004,2523635.9079,18005,4,10003,5
13706,2,9,4,0,732247.7476000004,2560235.9079,9017,1,5010,5
13711,0,0,0,0,798847.7476000004,2590835.9079,31028,5,18016,4
13725,0,1,0,0,754447.7476000004,2595635.9079,16029,3,10017,2
13731,0,0,1,0,751447.7476000004,2563235.9079,15018,4,9011,5
13732,0,0,0,0,755647.7476000004,2584235.9079,17025,3,10015,5
13735,0,1,0,0,735847.7476000004,2569835.9079,10021,1,6012,2
13737,0,5,0,0,725647.7476000004,2590835.9079,7028,2,4016,1
13744,0,5,1,1,726247.7476000004,2589035.9079,7027,1,4016,1
13747,0,0,0,0,759847.7476000004,2560235.9079,18017,1,11010,3
13764,1,0,1,0,764047.7476000004,2517635.9079,20003,3,12002,1
13776,0,1,0,0,766447.7476000004,2603435.9079,20032,3,12019,3
13780,0,1,0,0,753247.7476000004,2556035.9079,16016,5,9009,5
13798,1,4,2,1,722647.7476000004,2598035.9079,6030,4,3018,1
13808,3,2,0,2,728647.7476000004,2555435.9079,8016,5,4009,5
13809,2,0,0,0,743047.7476000004,2583635.9079,13025,2,7015,5
13815,0,0,0,0,716647.7476000004,2581835.9079,4025,1,2015,4
13835,0,0,0,0,765847.7476000004,2600435.9079,20031,4,12018,4
13849,8,26,41,36,738847.7476000004,2560835.9079,11018,3,6010,4
13850,0,0,0,1,759847.7476000004,2608835.9079,18034,1,11020,1
13870,0,0,1,0,764647.7476000004,2560235.9079,20017,1,12010,5
13878,0,0,0,0,729247.7476000004,2550690.840250001,8014,3,5008,5
13884,6,10,0,4,737047.7476000004,2547635.9079,11013,1,6008,4
13894,0,0,0,0,734047.7476000004,2568635.9079,10020,5,6012,2
13898,4,15,0,1,734647.7476000004,2574035.9079,10022,3,6013,5
13903,0,0,0,0,789847.7476000004,2560235.9079,28017,1,17010,2
13905,0,0,0,0,759847.7476000004,2584835.9079,18026,4,11015,5
13906,8,21,11,2,727447.7476000004,2569235.9079,7020,4,4012,2
13908,3,4,0,0,727447.7476000004,2560235.9079,7017,1,4010,4
13939,1,4,1,1,734647.7476000004,2547035.9079,10013,5,6008,4
13951,0,2,0,0,723847.7476000004,2589635.9079,6027,3,3016,5
13963,0,0,1,0,734047.7476000004,2540435.9079,10011,3,6006,5
13975,0,5,0,0,755047.7476000004,2539835.9079,17011,2,10006,1
13982,0,0,0,0,737647.7476000004,2527235.9079,11006,4,6004,2
13987,1,0,0,0,783247.7476000004,2628635.9079,26040,3,15024,2
13990,0,1,0,0,743647.7476000004,2548835.9079,13014,4,7008,3
13992,0,1,0,0,740047.7476000004,2562035.9079,12018,3,7011,4
14014,0,0,0,0,726247.7476000004,2555435.9079,7016,2,4009,5
14015,0,0,0,0,778447.7476000004,2624435.9079,24039,2,14023,4
14034,0,1,0,0,738247.7476000004,2536835.9079,11010,1,6006,5
14042,0,1,0,0,731647.7476000004,2561435.9079,9018,4,5010,5
14044,0,2,1,0,761647.7476000004,2561435.9079,19018,2,11010,3
14046,0,1,0,0,735247.7476000004,2572235.9079,10021,1,6013,5
14049,0,0,0,1,722047.7476000004,2598035.9079,6030,4,3018,1
14058,1,3,0,0,739447.7476000004,2556035.9079,11016,3,7009,4
14059,0,1,0,0,733447.7476000004,2547635.9079,9013,4,5008,5
14061,0,0,1,5,725647.7476000004,2599235.9079,7030,5,4018,2
14064,5,6,5,5,761047.7476000004,2524235.9079,19005,3,11003,3
14067,0,0,0,0,765847.7476000004,2603435.9079,20032,3,12019,3
14073,0,0,0,0,726247.7476000004,2594435.9079,7029,5,4017,4
14077,0,1,2,0,750847.7476000004,2561435.9079,15018,4,9010,5
14091,0,0,0,0,730447.7476000004,2551835.9079,8015,1,5009,3
14104,3,4,0,2,786247.7476000004,2578835.9079,27024,5,16014,1
14112,0,0,1,1,731647.7476000004,2587235.9079,9026,1,5016,1
14122,1,2,0,0,734047.7476000004,2550635.9079,10014,2,6008,4
14159,0,3,9,2,769447.7476000004,2561435.9079,21018,4,13010,3
14161,0,1,0,0,720247.7476000004,2590235.9079,5027,1,3016,5
14182,1,0,0,0,744247.7476000004,2583635.9079,13025,2,8015,3
14187,0,11,2,1,737647.7476000004,2563235.9079,11018,3,6011,1
14188,0,0,0,0,731647.7476000004,2592635.9079,9028,5,5017,4
14189,1,0,0,0,765847.7476000004,2521235.9079,20004,3,12002,1
14216,4,7,0,1,740647.7476000004,2541035.9079,12011,3,7006,3
14223,0,0,0,1,760447.7476000004,2560235.9079,18017,1,11010,3
14226,0,4,0,1,749047.7476000004,2588435.9079,15027,2,9016,2
14229,0,1,1,0,737047.7476000004,2546435.9079,11013,1,6007,1
14230,9,9,1,2,734047.7476000004,2553035.9079,10015,2,6009,1
14237,0,0,0,0,740647.7476000004,2597435.9079,12030,2,7018,2
14238,0,0,0,0,711847.7476000004,2589035.9079,2027,3,1016,1
14245,0,0,0,0,737647.7476000004,2577035.9079,11023,5,6014,3
14251,5,1,1,2,741247.7476000004,2555435.9079,12016,4,7009,4
14252,0,0,0,0,785647.7476000004,2608235.9079,27033,2,16020,4
14255,0,0,0,0,772447.7476000004,2563835.9079,22019,4,13011,4
14256,0,0,0,0,792847.7476000004,2572835.9079,29022,1,17013,2
14260,0,0,0,0,740047.7476000004,2558435.9079,12017,1,7010,4
14261,0,1,0,0,728047.7476000004,2550665.766149999,8014,3,4008,3
14262,0,3,4,1,756847.7476000004,2553035.9079,17015,1,10009,2
14268,1,2,0,1,726247.7476000004,2557235.9079,7016,2,4010,4
14282,1,0,0,0,745447.7476000004,2542835.9079,13012,3,8007,4
14283,1,4,0,1,738847.7476000004,2558435.9079,11017,5,6010,4
14295,0,0,0,0,757447.7476000004,2561435.9079,17018,4,10010,2
14305,0,1,4,0,770647.7476000004,2560235.9079,22017,3,13010,3
14312,1,0,0,0,738247.7476000004,2577635.9079,11023,5,6014,3
14321,0,0,0,0,768247.7476000004,2579435.9079,21024,5,12014,3
14322,0,1,0,0,732847.7476000004,2576435.9079,9023,5,5013,3
14328,0,0,0,0,767047.7476000004,2576435.9079,21023,5,12013,3
14334,1,7,0,1,744847.7476000004,2567435.9079,13020,3,8012,5
14339,0,4,0,0,726247.7476000004,2563235.9079,7018,2,4011,4
14355,0,3,1,2,728647.7476000004,2563235.9079,8018,5,4011,4
14370,0,0,0,0,763447.7476000004,2575835.9079,19023,4,11013,5
14385,5,4,0,3,749047.7476000004,2541035.9079,15011,5,9006,1
14394,0,0,0,0,740047.7476000004,2527235.9079,12006,5,7004,4
14395,0,0,0,0,734047.7476000004,2596235.9079,10029,5,6017,5
14403,1,0,0,0,788047.7476000004,2571035.9079,28021,5,16012,1
14410,0,0,0,0,757447.7476000004,2527235.9079,17006,4,10004,1
14412,0,6,0,2,775447.7476000004,2576435.9079,23023,5,14013,2
14414,1,4,0,0,740047.7476000004,2559635.9079,12017,1,7010,4
14420,3,0,0,1,735247.7476000004,2548235.9079,10013,5,6008,4
14424,0,4,0,0,733447.7476000004,2581835.9079,9025,2,5015,3
14446,2,4,0,0,761647.7476000004,2559635.9079,19017,4,11010,3
14449,0,4,0,1,742447.7476000004,2543435.9079,12012,4,7007,1
14452,0,0,0,0,749647.7476000004,2533835.9079,15009,4,9005,3
14455,0,1,0,1,741247.7476000004,2566835.9079,12020,1,7012,5
14461,0,0,0,0,772447.7476000004,2568035.9079,22020,2,13012,4
14472,4,11,1,2,726247.7476000004,2597435.9079,7030,5,4018,2
14474,0,1,0,0,752047.7476000004,2563835.9079,16019,4,9011,5
14479,0,0,0,0,772447.7476000004,2562635.9079,22018,2,13011,4
14481,4,6,0,0,741247.7476000004,2560835.9079,12018,3,7010,4
14494,0,9,2,0,734647.7476000004,2555435.9079,10016,3,6009,1
14497,1,0,0,0,743047.7476000004,2584835.9079,13026,1,7015,5
14500,1,14,2,3,788647.7476000004,2579435.9079,28024,3,16014,1
14502,7,5,1,3,760447.7476000004,2557835.9079,18017,1,11010,3
14503,0,1,0,0,765247.7476000004,2614835.9079,20036,4,12021,5
14504,2,3,0,0,731647.7476000004,2571635.9079,9021,4,5012,2
14506,2,10,2,0,732847.7476000004,2558435.9079,9017,1,5010,5
14520,3,13,4,1,737647.7476000004,2555435.9079,11016,3,6009,1
14521,1,0,0,0,750247.7476000004,2581235.9079,15024,5,9014,5
14524,2,4,2,1,746047.7476000004,2587835.9079,14027,5,8016,2
14525,0,7,0,0,726847.7476000004,2568035.9079,7020,4,4012,2
14528,1,8,11,3,742447.7476000004,2560235.9079,12017,1,7010,4
14541,0,1,0,0,789847.7476000004,2577635.9079,28023,2,17014,2
14546,0,0,0,0,756247.7476000004,2610035.9079,17034,4,10020,3
14569,2,0,0,0,752047.7476000004,2574035.9079,16022,4,9013,5
14570,1,1,0,0,741847.7476000004,2548835.9079,12014,2,7008,3
14582,3,4,0,0,740647.7476000004,2541635.9079,12011,3,7006,3
14584,0,3,3,0,738247.7476000004,2547635.9079,11013,1,6008,4
14592,2,5,3,3,749047.7476000004,2564435.9079,15019,2,9011,5
14594,0,1,0,0,726847.7476000004,2581235.9079,7024,5,4014,3
14601,8,7,0,3,733447.7476000004,2570435.9079,9021,4,5012,2
14602,0,0,1,0,760447.7476000004,2524835.9079,18006,2,11003,3
14611,0,0,1,0,750847.7476000004,2556035.9079,15016,3,9009,5
14622,0,2,2,0,726847.7476000004,2569835.9079,7021,1,4012,2
14624,7,13,1,1,731047.7476000004,2568635.9079,9020,4,5012,2
14625,1,0,0,0,791047.7476000004,2575235.9079,29022,1,17013,2
14634,0,2,0,1,737647.7476000004,2594435.9079,11029,3,6017,5
14636,1,1,1,1,740647.7476000004,2562635.9079,12018,3,7011,4
14641,0,5,1,0,728647.7476000004,2566835.9079,8020,5,4012,2
14648,1,7,1,0,734647.7476000004,2577035.9079,10023,5,6014,3
14652,1,0,0,0,784447.7476000004,2600435.9079,26031,4,16018,2
14653,1,0,0,0,750247.7476000004,2576435.9079,15023,4,9013,5
14654,0,1,0,0,752647.7476000004,2592635.9079,16028,1,9017,2
14656,0,0,0,0,744847.7476000004,2554835.9079,13016,5,8009,5
14657,0,1,0,0,746647.7476000004,2587235.9079,14026,2,8016,2
14658,1,0,0,0,774247.7476000004,2607635.9079,23033,4,14020,1
14660,0,0,0,0,724447.7476000004,2583635.9079,6025,1,4015,1
14673,0,0,0,0,738247.7476000004,2596835.9079,11030,5,6018,1
14684,0,2,0,0,746647.7476000004,2565035.9079,14019,3,8011,2
14688,0,0,0,0,742447.7476000004,2568635.9079,12020,1,7012,5
14692,2,6,2,1,735847.7476000004,2556035.9079,10016,3,6009,1
14700,0,0,0,0,750847.7476000004,2545235.9079,15012,3,9007,1
14703,0,1,0,0,726847.7476000004,2590835.9079,7028,2,4016,1
14716,0,2,2,0,759847.7476000004,2523635.9079,18005,4,11003,3
14720,30,27,5,2,732847.7476000004,2569235.9079,9020,4,5012,2
14732,0,0,0,0,756247.7476000004,2526035.9079,17006,4,10003,5
14736,0,0,0,0,734647.7476000004,2533835.9079,10009,4,6005,1
14737,0,2,0,0,725047.7476000004,2563235.9079,7018,2,4011,4
14738,0,0,0,1,757447.7476000004,2599835.9079,17031,4,10018,3
14744,0,1,0,0,720247.7476000004,2589635.9079,5027,1,3016,5
14748,0,0,0,0,792247.7476000004,2569235.9079,29020,5,17012,3
14749,0,0,0,0,743047.7476000004,2554835.9079,13016,5,7009,4
14753,0,1,0,0,725647.7476000004,2552435.9079,7015,2,4009,5
14758,0,0,0,0,740647.7476000004,2589635.9079,12027,4,7016,2
14760,1,0,1,0,747247.7476000004,2524235.9079,14005,1,8003,4
14771,0,1,1,0,738847.7476000004,2578835.9079,11024,4,6014,3
14776,0,2,0,0,726847.7476000004,2556635.9079,7016,2,4009,5
14784,12,14,25,1,730447.7476000004,2563235.9079,8018,5,5011,2
14786,4,9,44,3,744247.7476000004,2560835.9079,13018,5,8010,2
14795,0,1,0,0,745447.7476000004,2565035.9079,13019,4,8011,2
14796,0,1,0,1,758047.7476000004,2555435.9079,18016,5,10009,2
14803,5,8,8,5,746047.7476000004,2559635.9079,14017,1,8010,2
14804,0,1,0,1,762847.7476000004,2606435.9079,19033,2,11019,4
14814,2,4,0,0,737047.7476000004,2574635.9079,11022,2,6013,5
14825,1,4,0,1,728047.7476000004,2563835.9079,8019,4,4011,4
14827,8,5,1,1,732847.7476000004,2553635.9079,9015,1,5009,3
14831,0,2,0,0,735247.7476000004,2547635.9079,10013,5,6008,4
14833,1,0,1,0,738847.7476000004,2567435.9079,11020,3,6012,2
14838,0,2,0,0,745447.7476000004,2589035.9079,13027,3,8016,2
14839,1,4,0,0,746647.7476000004,2551235.9079,14014,5,8008,5
14841,0,0,0,0,749647.7476000004,2544035.9079,15012,3,9007,1
14850,22,9,3,2,730447.7476000004,2566835.9079,8020,5,5012,2
14851,1,4,3,2,751447.7476000004,2533235.9079,15008,3,9005,3
14853,0,0,0,0,744847.7476000004,2619035.9079,13037,2,8022,4
14857,0,0,0,0,746047.7476000004,2532035.9079,14008,5,8005,4
14860,0,0,1,0,759247.7476000004,2557835.9079,18017,1,11010,3
14862,0,0,0,0,719647.7476000004,2578235.9079,5023,3,3014,4
14866,2,3,0,0,741847.7476000004,2536835.9079,12010,2,7006,3
14872,1,0,0,0,764047.7476000004,2569235.9079,20020,3,12012,2
14890,1,0,0,0,746647.7476000004,2543435.9079,14012,1,8007,4
14893,1,0,0,0,749047.7476000004,2565635.9079,15019,2,9011,5
14897,0,0,0,0,723247.7476000004,2581835.9079,6025,1,3015,1
14899,0,0,0,0,789247.7476000004,2581235.9079,28024,3,17014,2
14906,0,0,0,0,739447.7476000004,2595635.9079,11029,3,7017,1
14916,0,0,1,0,725047.7476000004,2575235.9079,7022,2,4013,4
14923,7,8,4,1,729847.7476000004,2565035.9079,8019,4,5011,2
14926,0,0,0,0,789847.7476000004,2581235.9079,28024,3,17014,2
14927,1,0,0,1,747247.7476000004,2550035.9079,14014,5,8008,5
14938,0,1,0,0,731647.7476000004,2593835.9079,9029,4,5017,4
14947,0,1,0,0,725047.7476000004,2551835.9079,7015,2,4009,5
14948,7,3,0,0,748447.7476000004,2562035.9079,14018,4,8011,2
14953,0,0,0,0,749047.7476000004,2611835.9079,15035,5,9021,4
14961,9,17,5,4,739447.7476000004,2565035.9079,11019,2,7011,4
14962,0,2,0,0,779647.7476000004,2571035.9079,25021,3,15012,3
14969,1,0,0,0,726247.7476000004,2551835.9079,7015,2,4009,5
14972,0,0,0,0,782047.7476000004,2563235.9079,26018,1,15011,2
14974,0,0,1,0,740047.7476000004,2538035.9079,12010,2,7006,3
14980,4,7,5,0,734047.7476000004,2561435.9079,10018,5,6010,4
14983,0,1,3,0,749047.7476000004,2557835.9079,15017,2,9010,5
14986,0,1,0,0,757447.7476000004,2570435.9079,17021,1,10012,4
14987,0,0,0,0,763447.7476000004,2581835.9079,19025,5,11015,5
14988,0,0,0,0,714247.7476000004,2592635.9079,3028,3,2017,3
14993,0,1,0,0,746647.7476000004,2523635.9079,14005,1,8003,4
14994,0,0,1,0,771847.7476000004,2561435.9079,22018,2,13010,3
14998,0,0,0,0,727447.7476000004,2590835.9079,7028,2,4016,1
15004,0,1,0,0,739447.7476000004,2551235.9079,11014,1,7008,3
15007,0,1,0,0,750247.7476000004,2538035.9079,15010,1,9006,1
15010,0,4,0,0,736447.7476000004,2557235.9079,10016,3,6010,4
15013,0,1,0,0,725647.7476000004,2571035.9079,7021,1,4012,2
15014,2,5,1,2,732247.7476000004,2553035.9079,9015,1,5009,3
15017,0,0,0,0,750247.7476000004,2575235.9079,15022,2,9013,5
15021,1,3,0,0,734647.7476000004,2583635.9079,10025,1,6015,4
15039,1,0,0,0,739447.7476000004,2541035.9079,11011,1,7006,3
15050,0,1,1,0,738847.7476000004,2540435.9079,11011,1,6006,5
15051,0,0,2,0,734647.7476000004,2556035.9079,10016,3,6009,1
15058,1,0,0,0,738247.7476000004,2541635.9079,11011,1,6006,5
15072,0,0,0,0,792247.7476000004,2645435.9079,29046,4,17027,5
15088,1,0,0,0,743047.7476000004,2589635.9079,13027,3,7016,2
15089,1,0,0,0,747247.7476000004,2577035.9079,14023,1,8014,3
15090,0,7,0,0,738247.7476000004,2554835.9079,11016,3,6009,1
15091,0,0,0,1,757447.7476000004,2613035.9079,17035,2,10021,2
15096,0,1,0,0,743047.7476000004,2580635.9079,13024,5,7014,2
15097,6,7,0,0,740647.7476000004,2539835.9079,12011,3,7006,3
15101,1,5,0,0,743647.7476000004,2538635.9079,13010,2,7006,3
15105,2,8,2,0,745447.7476000004,2539235.9079,13010,2,8006,1
15106,0,0,0,0,726847.7476000004,2585435.9079,7026,2,4015,1
15108,0,1,0,0,772447.7476000004,2560835.9079,22018,2,13010,3
15110,0,2,0,0,732247.7476000004,2562635.9079,9018,4,5011,2
15120,0,0,0,0,747847.7476000004,2585435.9079,14026,2,8015,3
15121,10,4,3,1,726847.7476000004,2563235.9079,7018,2,4011,4
15122,0,0,1,0,759247.7476000004,2556635.9079,18016,5,11009,5
15123,2,7,0,1,732247.7476000004,2574035.9079,9022,1,5013,3
15125,6,9,5,4,732247.7476000004,2566835.9079,9020,4,5012,2
15126,0,3,1,0,758047.7476000004,2560835.9079,18018,3,10010,2
15133,0,1,0,0,724447.7476000004,2554659.7027000003,6015,4,4009,5
15135,2,13,6,1,767647.7476000004,2559635.9079,21017,2,12010,5
15136,2,7,0,0,764047.7476000004,2556635.9079,20016,2,12009,4
15144,0,0,1,0,725047.7476000004,2569235.9079,7020,4,4012,2
15145,0,0,0,1,755647.7476000004,2532035.9079,17008,3,10005,4
15155,0,0,3,0,740647.7476000004,2568035.9079,12020,1,7012,5
15158,3,6,1,0,741247.7476000004,2560235.9079,12017,1,7010,4
15159,1,2,1,1,761647.7476000004,2567435.9079,19020,3,11012,4
15163,17,15,5,1,737647.7476000004,2565635.9079,11019,2,6011,1
15172,0,0,0,0,788047.7476000004,2640635.9079,28044,4,16026,3
15173,23,15,16,9,731047.7476000004,2566835.9079,9020,4,5012,2
15184,0,0,0,0,789847.7476000004,2575835.9079,28023,2,17013,2
15187,0,2,1,0,790447.7476000004,2578235.9079,28023,2,17014,2
15204,1,2,1,0,735847.7476000004,2546435.9079,10013,5,6007,1
15213,18,14,5,1,731047.7476000004,2563235.9079,9018,4,5011,2
15218,0,1,0,0,735847.7476000004,2552435.9079,10015,2,6009,1
15226,0,0,0,0,787447.7476000004,2575835.9079,27023,2,16013,5
15231,0,0,1,0,723247.7476000004,2588435.9079,6027,3,3016,5
15249,3,7,1,0,728647.7476000004,2560235.9079,8017,5,4010,4
15253,11,7,3,9,732247.7476000004,2556635.9079,9016,3,5009,3
15261,0,1,0,0,738247.7476000004,2574635.9079,11022,2,6013,5
15262,0,0,0,0,729247.7476000004,2589635.9079,8027,3,5016,1
15266,3,10,3,3,737047.7476000004,2560835.9079,11018,3,6010,4
15276,0,3,0,0,737647.7476000004,2538035.9079,11010,1,6006,5
15284,7,2,2,0,730447.7476000004,2569235.9079,8020,5,5012,2
15287,0,2,16,1,768847.7476000004,2560235.9079,21017,2,12010,5
15292,0,0,3,1,723847.7476000004,2562035.9079,6018,2,3011,3
15293,18,24,25,4,740647.7476000004,2578235.9079,12023,4,7014,2
15309,0,0,0,0,755047.7476000004,2589035.9079,17027,4,10016,3
15314,0,0,0,0,786247.7476000004,2565035.9079,27019,3,16011,3
15319,0,0,0,0,755647.7476000004,2545835.9079,17013,2,10007,3
15322,3,1,0,0,727447.7476000004,2563835.9079,7019,3,4011,4
15327,8,10,0,3,741847.7476000004,2540435.9079,12011,3,7006,3
15328,4,8,2,3,723247.7476000004,2592035.9079,6028,5,3017,5
15341,16,31,29,5,740047.7476000004,2573435.9079,12022,1,7013,1
15343,0,1,0,0,729847.7476000004,2575235.9079,8022,2,5013,3
15348,0,0,0,0,758047.7476000004,2581835.9079,18025,4,10015,5
15375,0,1,0,0,722647.7476000004,2596835.9079,6030,4,3018,1
15380,0,0,0,0,765247.7476000004,2560835.9079,20018,5,12010,5
15382,0,1,0,0,742447.7476000004,2527235.9079,12006,5,7004,4
15387,0,5,9,1,727447.7476000004,2571635.9079,7021,1,4012,2
15399,2,4,0,8,728047.7476000004,2560235.9079,8017,5,4010,4
15404,3,7,0,1,731647.7476000004,2573435.9079,9022,1,5013,3
15415,1,0,0,0,750847.7476000004,2550035.9079,15014,2,9008,4
15427,0,0,0,0,738247.7476000004,2538635.9079,11010,1,6006,5
15430,0,2,0,0,756247.7476000004,2562035.9079,17018,4,10011,3
15432,0,1,0,0,749047.7476000004,2567435.9079,15020,2,9012,1
15433,0,0,0,0,750247.7476000004,2561435.9079,15018,4,9010,5
15443,0,3,0,0,726847.7476000004,2588435.9079,7027,1,4016,1
15444,0,0,0,0,758647.7476000004,2576435.9079,18023,1,10013,4
15448,0,0,1,1,731647.7476000004,2595635.9079,9029,4,5017,4
15454,2,3,0,1,730447.7476000004,2560235.9079,8017,5,5010,5
15458,1,2,1,0,740047.7476000004,2596235.9079,12029,5,7017,1
15459,0,1,0,0,732847.7476000004,2545235.9079,9012,5,5007,1
15460,0,3,0,0,735247.7476000004,2556635.9079,10016,3,6009,1
15462,1,0,1,0,736447.7476000004,2574635.9079,10022,3,6013,5
15469,4,4,0,0,743047.7476000004,2541035.9079,13011,2,7006,3
15471,1,4,0,0,728647.7476000004,2572235.9079,8021,4,4013,4
15473,0,1,0,0,756247.7476000004,2555435.9079,17016,5,10009,2
15481,0,2,1,1,728047.7476000004,2553035.9079,8015,1,4009,5
15486,0,0,0,0,728647.7476000004,2587835.9079,8027,3,4016,1
15500,2,4,3,1,728047.7476000004,2562035.9079,8018,5,4011,4
15503,5,3,2,1,789247.7476000004,2579435.9079,28024,3,17014,2
15507,0,5,0,0,742447.7476000004,2554835.9079,12016,4,7009,4
15509,2,7,2,1,725047.7476000004,2586635.9079,7026,2,4015,1
15514,0,0,0,0,765247.7476000004,2589035.9079,20027,2,12016,1
15519,3,5,0,1,728047.7476000004,2555435.9079,8016,5,4009,5
15520,0,0,0,0,776047.7476000004,2598035.9079,24030,2,14018,1
15529,1,0,0,0,737047.7476000004,2530235.9079,11007,4,6004,2
15549,0,1,0,0,747247.7476000004,2587835.9079,14027,5,8016,2
15563,1,5,3,4,750847.7476000004,2557835.9079,15017,2,9010,5
15573,0,2,0,1,767047.7476000004,2557896.901549999,21017,2,12010,5
15578,4,3,9,4,743047.7476000004,2563835.9079,13019,4,7011,4
15581,1,16,1,2,788647.7476000004,2578235.9079,28023,2,16014,1
15585,0,0,0,0,754447.7476000004,2538635.9079,16010,2,10006,1
15601,1,0,0,2,749647.7476000004,2561435.9079,15018,4,9010,5
15611,0,0,0,0,747247.7476000004,2557835.9079,14017,1,8010,2
15613,10,13,3,5,735847.7476000004,2548235.9079,10013,5,6008,4
15622,1,0,0,0,744247.7476000004,2587835.9079,13027,3,8016,2
15629,0,1,1,2,748447.7476000004,2557835.9079,14017,1,8010,2
15630,11,10,3,1,737647.7476000004,2566835.9079,11020,3,6012,2
15633,3,8,0,1,744247.7476000004,2547035.9079,13013,1,8008,5
15639,0,8,16,0,767047.7476000004,2560235.9079,21017,2,12010,5
15642,0,3,0,2,785647.7476000004,2568035.9079,27020,1,16012,1
15644,0,0,0,0,746647.7476000004,2567435.9079,14020,5,8012,5
15646,0,0,0,1,743647.7476000004,2542235.9079,13011,2,7007,1
15648,0,1,0,1,743047.7476000004,2560835.9079,13018,5,7010,4
15654,0,5,0,0,721447.7476000004,2595035.9079,5029,4,3017,5
15666,0,0,0,0,742447.7476000004,2552435.9079,12015,2,7009,4
15667,1,0,0,0,728047.7476000004,2557835.9079,8017,5,4010,4
15681,2,9,0,1,731647.7476000004,2554835.9079,9016,3,5009,3
15683,0,1,0,1,746647.7476000004,2592635.9079,14028,3,8017,1
15690,0,0,0,0,759847.7476000004,2553635.9079,18015,2,11009,5
15693,7,13,1,0,741247.7476000004,2577635.9079,12023,4,7014,2
15694,2,1,0,0,735247.7476000004,2547035.9079,10013,5,6008,4
15704,0,0,0,0,771847.7476000004,2511035.9079,22001,4,13000,4
15706,1,2,0,0,768847.7476000004,2586035.9079,21026,1,12015,2
15721,0,1,0,0,743047.7476000004,2561435.9079,13018,5,7010,4
15723,0,4,0,0,785047.7476000004,2565635.9079,27019,3,16011,3
15724,4,8,0,2,735247.7476000004,2574635.9079,10022,3,6013,5
15736,1,2,0,0,741847.7476000004,2537435.9079,12010,2,7006,3
15742,0,0,0,0,751447.7476000004,2562635.9079,15018,4,9011,5
15743,1,3,1,1,761647.7476000004,2560835.9079,19018,2,11010,3
15745,0,1,0,0,742447.7476000004,2592035.9079,12028,1,7017,1
15755,1,2,0,2,735247.7476000004,2556035.9079,10016,3,6009,1
15764,2,4,1,2,741247.7476000004,2539235.9079,12010,2,7006,3
15774,1,2,0,1,744847.7476000004,2588435.9079,13027,3,8016,2
15777,0,2,0,0,731047.7476000004,2578235.9079,9023,5,5014,3
15780,10,9,7,1,733447.7476000004,2571035.9079,9021,4,5012,2
15781,0,8,3,0,761647.7476000004,2557835.9079,19017,4,11010,3
15782,1,0,0,0,734047.7476000004,2580035.9079,10024,5,6014,3
15784,0,4,1,0,740647.7476000004,2577635.9079,12023,4,7014,2
15792,0,0,0,1,735847.7476000004,2530235.9079,10007,4,6004,2
15795,0,0,0,0,789847.7476000004,2579435.9079,28024,3,17014,2
15796,4,9,3,3,731647.7476000004,2557235.9079,9016,3,5010,5
15797,0,1,0,0,750247.7476000004,2550635.9079,15014,2,9008,4
15800,0,1,0,2,747247.7476000004,2554235.9079,14015,2,8009,5
15804,2,11,2,0,762247.7476000004,2557835.9079,19017,4,11010,3
15807,0,0,0,0,761647.7476000004,2581235.9079,19024,3,11014,5
15809,0,3,1,2,739447.7476000004,2564435.9079,11019,2,7011,4
15812,1,3,0,0,749647.7476000004,2566835.9079,15020,2,9012,1
15817,2,9,0,0,747247.7476000004,2559635.9079,14017,1,8010,2
15822,0,0,0,0,764647.7476000004,2562635.9079,20018,5,12011,2
15828,0,1,0,0,749647.7476000004,2587235.9079,15026,1,9016,2
15837,1,1,0,0,734047.7476000004,2541035.9079,10011,3,6006,5
15846,1,0,0,0,750247.7476000004,2558435.9079,15017,2,9010,5
15864,0,2,1,0,738247.7476000004,2563835.9079,11019,2,6011,1
15868,4,2,0,3,728047.7476000004,2558435.9079,8017,5,4010,4
15876,0,0,0,0,712447.7476000004,2583035.9079,2025,3,1015,5
15886,1,2,0,0,726847.7476000004,2572235.9079,7021,1,4013,4
15900,0,8,0,0,720847.7476000004,2595635.9079,5029,4,3017,5
15904,1,0,0,0,738247.7476000004,2536235.9079,11009,1,6005,1
15905,1,1,0,3,788047.7476000004,2578835.9079,28024,3,16014,1
15909,1,0,0,0,741247.7476000004,2589035.9079,12027,4,7016,2
15915,1,0,0,0,751447.7476000004,2574635.9079,15022,2,9013,5
15924,0,4,4,1,728047.7476000004,2570435.9079,8021,4,4012,2
15925,1,5,0,0,786247.7476000004,2579435.9079,27024,5,16014,1
15929,1,2,1,1,735247.7476000004,2561435.9079,10018,5,6010,4
15954,0,1,0,0,725271.9570500003,2558435.9079,7017,1,4010,4
15956,1,4,0,0,726847.7476000004,2592035.9079,7028,2,4017,4
15957,0,2,0,0,769447.7476000004,2564435.9079,21019,5,13011,4
15960,0,0,0,1,733447.7476000004,2541635.9079,9011,3,5006,2
15967,2,1,1,0,725647.7476000004,2568035.9079,7020,4,4012,2
15968,2,4,0,0,735247.7476000004,2562635.9079,10018,5,6011,1
15982,2,1,0,0,748447.7476000004,2558435.9079,14017,1,8010,2
15985,1,1,1,0,730447.7476000004,2553035.9079,8015,1,5009,3
15989,0,1,0,0,725647.7476000004,2554235.9079,7015,2,4009,5
15998,1,0,0,0,740647.7476000004,2542235.9079,12011,3,7007,1
16002,0,0,0,0,745447.7476000004,2620235.9079,13037,2,8022,4
16008,0,0,0,0,788647.7476000004,2562035.9079,28018,3,16011,3
16013,0,3,0,0,770647.7476000004,2560835.9079,22018,2,13010,3
16023,1,3,0,0,725647.7476000004,2592035.9079,7028,2,4017,4
16028,10,19,5,1,734047.7476000004,2569835.9079,10021,1,6012,2
16031,1,7,0,0,747847.7476000004,2568035.9079,14020,5,8012,5
16032,1,2,0,0,740047.7476000004,2544035.9079,12012,4,7007,1
16033,0,2,0,0,742447.7476000004,2569235.9079,12020,1,7012,5
16036,0,5,1,2,732247.7476000004,2560835.9079,9018,4,5010,5
16037,0,1,1,0,767047.7476000004,2587235.9079,21026,1,12016,1
16039,1,6,2,0,728047.7476000004,2589635.9079,8027,3,4016,1
16043,0,0,0,0,752647.7476000004,2533235.9079,16008,4,9005,3
16047,1,0,0,0,748447.7476000004,2543435.9079,14012,1,8007,4
16048,0,1,0,0,742447.7476000004,2536235.9079,12009,4,7005,4
16058,0,1,0,0,744247.7476000004,2541035.9079,13011,2,8006,1
16070,1,0,0,1,742447.7476000004,2535635.9079,12009,4,7005,4
16071,0,0,0,1,741247.7476000004,2528435.9079,12007,5,7004,4
16072,3,7,2,8,746647.7476000004,2539835.9079,14011,1,8006,1
16086,0,1,0,0,776047.7476000004,2577035.9079,24023,1,14014,5
16097,1,1,0,0,739447.7476000004,2549435.9079,11014,1,7008,3
16098,1,6,0,0,738247.7476000004,2556635.9079,11016,3,6009,1
16099,0,0,0,0,761047.7476000004,2560235.9079,19017,4,11010,3
16103,1,3,3,3,738847.7476000004,2542235.9079,11011,1,6007,1
16117,1,1,0,0,762847.7476000004,2560235.9079,19017,4,11010,3
16121,4,6,0,0,766447.7476000004,2557835.9079,20017,1,12010,5
16124,15,25,10,3,745447.7476000004,2559035.9079,13017,3,8010,2
16127,0,0,1,0,729847.7476000004,2568035.9079,8020,5,5012,2
16144,0,0,0,0,788647.7476000004,2589635.9079,28027,5,16016,3
16166,0,4,14,2,771247.7476000004,2559649.2708,22017,3,13010,3
16172,0,1,0,0,743047.7476000004,2584235.9079,13025,2,7015,5
16174,2,6,0,0,738847.7476000004,2547035.9079,11013,1,6008,4
16182,6,18,25,9,738847.7476000004,2559635.9079,11017,5,6010,4
16183,0,1,0,0,723847.7476000004,2599235.9079,6030,4,3018,1
16204,0,1,0,0,741247.7476000004,2564435.9079,12019,5,7011,4
16209,0,2,0,0,732247.7476000004,2575235.9079,9022,1,5013,3
16216,6,9,2,2,740647.7476000004,2572835.9079,12022,1,7013,1
16228,0,0,0,0,773047.7476000004,2574635.9079,23022,3,13013,4
16231,2,5,2,0,731647.7476000004,2567435.9079,9020,4,5012,2
16236,3,3,2,1,743047.7476000004,2538635.9079,13010,2,7006,3
16242,7,9,7,3,733447.7476000004,2560835.9079,9018,4,5010,5
16248,1,1,0,0,749047.7476000004,2566835.9079,15020,2,9012,1
16259,0,1,0,0,751447.7476000004,2581235.9079,15024,5,9014,5
16276,1,2,0,0,741847.7476000004,2559635.9079,12017,1,7010,4
16277,3,7,6,1,738247.7476000004,2548235.9079,11013,1,6008,4
16278,1,0,0,0,741847.7476000004,2590835.9079,12028,1,7016,2
16279,0,0,0,0,729247.7476000004,2571035.9079,8021,4,5012,2
16284,1,5,0,0,747247.7476000004,2588435.9079,14027,5,8016,2
16285,1,0,1,6,746647.7476000004,2560835.9079,14018,4,8010,2
16288,0,1,0,0,791647.7476000004,2577635.9079,29023,4,17014,2
16290,0,1,0,0,765847.7476000004,2568035.9079,20020,3,12012,2
16299,0,1,0,0,759247.7476000004,2600435.9079,18031,5,11018,3
16301,1,1,0,0,749647.7476000004,2557235.9079,15016,3,9010,5
16331,0,0,1,0,721447.7476000004,2598035.9079,5030,3,3018,1
16333,0,4,0,0,773647.7476000004,2577035.9079,23023,5,13014,3
16340,0,2,0,1,744847.7476000004,2565035.9079,13019,4,8011,2
16341,10,20,3,4,740647.7476000004,2558435.9079,12017,1,7010,4
16347,1,2,0,1,741247.7476000004,2541635.9079,12011,3,7006,3
16356,1,3,0,1,731047.7476000004,2564435.9079,9019,5,5011,2
16357,0,2,0,1,741247.7476000004,2557835.9079,12017,1,7010,4
16363,1,0,0,0,732847.7476000004,2552435.9079,9015,1,5009,3
16371,0,0,0,0,727447.7476000004,2550653.2291,7014,3,4008,3
16374,4,3,0,2,733447.7476000004,2569235.9079,9020,4,5012,2
16375,0,4,0,0,773047.7476000004,2564435.9079,23019,1,13011,4
16378,4,1,1,0,786847.7476000004,2578835.9079,27024,5,16014,1
16381,0,1,0,0,738247.7476000004,2575235.9079,11022,2,6013,5
16391,5,3,0,2,734647.7476000004,2583035.9079,10025,1,6015,4
16392,5,6,1,0,729247.7476000004,2569235.9079,8020,5,5012,2
16403,2,5,0,1,755647.7476000004,2565635.9079,17019,5,10011,3
16414,0,3,2,0,736447.7476000004,2577635.9079,10023,5,6014,3
16423,0,3,0,0,745447.7476000004,2563835.9079,13019,4,8011,2
16428,0,0,0,0,741247.7476000004,2565035.9079,12019,5,7011,4
16429,5,3,1,1,731047.7476000004,2566235.9079,9019,5,5011,2
16433,0,2,1,0,731647.7476000004,2549435.9079,9014,3,5008,5
16436,2,4,4,0,728647.7476000004,2563835.9079,8019,4,4011,4
16437,0,0,0,0,735847.7476000004,2545235.9079,10012,2,6007,1
16441,1,1,0,0,749047.7476000004,2560235.9079,15017,2,9010,5
16451,0,0,0,0,759847.7476000004,2565035.9079,18019,1,11011,4
16452,1,0,0,0,753247.7476000004,2579435.9079,16024,1,9014,5
16454,23,48,14,8,735247.7476000004,2570435.9079,10021,1,6012,2
16490,0,0,0,0,739447.7476000004,2570435.9079,11021,4,7012,5
16494,0,1,0,0,740647.7476000004,2586035.9079,12026,5,7015,5
16502,0,0,0,0,735847.7476000004,2595035.9079,10029,5,6017,5
16509,2,3,3,3,731047.7476000004,2565635.9079,9019,5,5011,2
16515,0,1,0,1,727447.7476000004,2584235.9079,7025,1,4015,1
16516,6,10,5,1,732847.7476000004,2559035.9079,9017,1,5010,5
16541,1,2,0,0,736447.7476000004,2551835.9079,10015,2,6009,1
16547,0,0,0,0,716047.7476000004,2584235.9079,4025,1,2015,4
16550,2,3,0,0,757447.7476000004,2558435.9079,17017,5,10010,2
16551,7,6,0,2,731047.7476000004,2557835.9079,9017,1,5010,5
16562,0,0,0,0,729847.7476000004,2556035.9079,8016,5,5009,3
16566,0,0,0,0,743047.7476000004,2528435.9079,13007,5,7004,4
16567,2,0,0,1,738847.7476000004,2535035.9079,11009,1,6005,1
16580,0,2,0,0,758647.7476000004,2558435.9079,18017,1,10010,2
16583,0,3,1,1,720247.7476000004,2596235.9079,5029,4,3017,5
16585,1,2,0,0,743047.7476000004,2536235.9079,13009,1,7005,4
16586,0,1,0,0,719047.7476000004,2597435.9079,5030,3,3018,1
16589,0,3,1,0,738247.7476000004,2567435.9079,11020,3,6012,2
16594,3,4,0,0,728047.7476000004,2576435.9079,8023,2,4013,4
16596,0,1,0,0,725047.7476000004,2598635.9079,7030,5,4018,2
16601,0,1,0,0,740647.7476000004,2580035.9079,12024,2,7014,2
16610,0,2,0,0,746047.7476000004,2587235.9079,14026,2,8016,2
16613,0,1,2,1,733447.7476000004,2547035.9079,9013,4,5008,5
16625,0,1,0,0,736447.7476000004,2566235.9079,10019,3,6011,1
16631,0,1,0,0,729247.7476000004,2586635.9079,8026,4,5015,3
16634,0,0,0,0,728047.7476000004,2593835.9079,8029,5,4017,4
16644,1,7,0,0,733447.7476000004,2546435.9079,9013,4,5007,1
16653,0,6,0,0,734647.7476000004,2570435.9079,10021,1,6012,2
16656,0,1,1,0,725047.7476000004,2590835.9079,7028,2,4016,1
16660,0,0,0,0,754447.7476000004,2555435.9079,16016,5,10009,2
16665,1,0,0,1,745447.7476000004,2542235.9079,13011,2,8007,4
16666,0,0,0,0,722047.7476000004,2590235.9079,6027,3,3016,5
16667,0,1,0,0,757447.7476000004,2569835.9079,17021,1,10012,4
16668,1,0,6,1,728047.7476000004,2561435.9079,8018,5,4010,4
16670,0,0,0,0,722047.7476000004,2581835.9079,6025,1,3015,1
16671,5,28,8,12,766447.7476000004,2559635.9079,20017,1,12010,5
16678,0,1,0,0,739447.7476000004,2543435.9079,11012,5,7007,1
16693,1,1,0,0,758647.7476000004,2556635.9079,18016,5,10009,2
16698,0,2,0,2,740047.7476000004,2536835.9079,12010,2,7006,3
16699,0,7,0,0,732247.7476000004,2565035.9079,9019,5,5011,2
16703,0,3,0,0,731047.7476000004,2573435.9079,9022,1,5013,3
16710,0,0,0,0,744247.7476000004,2621435.9079,13038,3,8022,4
16714,0,0,1,0,747847.7476000004,2562035.9079,14018,4,8011,2
16730,0,2,0,0,740647.7476000004,2582435.9079,12025,4,7015,5
16735,3,3,0,1,742447.7476000004,2537435.9079,12010,2,7006,3
16748,0,0,0,0,776647.7476000004,2570435.9079,24021,1,14012,2
16754,0,1,0,0,739447.7476000004,2574035.9079,11022,2,7013,1
16755,2,2,0,0,731647.7476000004,2560235.9079,9017,1,5010,5
16759,0,0,1,0,765847.7476000004,2518835.9079,20004,3,12002,1
16769,0,3,0,0,768247.7476000004,2577635.9079,21023,5,12014,3
16773,4,5,0,2,764647.7476000004,2566235.9079,20019,3,12011,2
16778,4,6,0,0,746047.7476000004,2558435.9079,14017,1,8010,2
16786,7,10,2,1,748447.7476000004,2560235.9079,14017,1,8010,2
16789,3,3,0,2,737047.7476000004,2556635.9079,11016,3,6009,1
16793,3,5,0,1,742447.7476000004,2542835.9079,12012,4,7007,1
16796,1,1,0,1,756847.7476000004,2585435.9079,17026,2,10015,5
16801,7,14,3,3,739447.7476000004,2560235.9079,11017,5,7010,4
16820,1,1,0,0,741247.7476000004,2587235.9079,12026,5,7016,2
16824,0,2,3,3,719047.7476000004,2584835.9079,5026,1,3015,1
16827,0,0,0,0,735247.7476000004,2551235.9079,10014,2,6008,4
16830,0,3,2,1,736447.7476000004,2563835.9079,10019,3,6011,1
16832,0,1,0,1,731047.7476000004,2551835.9079,9015,1,5009,3
16833,5,5,13,5,743647.7476000004,2563235.9079,13018,5,7011,4
16838,1,1,0,0,729847.7476000004,2570435.9079,8021,4,5012,2
16844,0,0,0,0,714247.7476000004,2580035.9079,3024,3,2014,1
16857,0,0,0,1,711847.7476000004,2587235.9079,2026,4,1016,1
16867,0,0,0,1,757447.7476000004,2551235.9079,17014,1,10008,2
16868,0,0,0,0,728647.7476000004,2596235.9079,8029,5,4017,4
16871,2,1,0,0,746047.7476000004,2538635.9079,14010,1,8006,1
16880,0,1,1,0,749047.7476000004,2557235.9079,15016,3,9010,5
16881,0,0,0,0,732847.7476000004,2569835.9079,9021,4,5012,2
16885,4,5,0,3,743047.7476000004,2539235.9079,13010,2,7006,3
16891,0,1,0,0,778447.7476000004,2626235.9079,24039,2,14023,4
16898,0,0,0,0,743047.7476000004,2544635.9079,13012,3,7007,1
16900,0,0,1,0,724447.7476000004,2599835.9079,6031,3,4018,2
16901,0,0,0,0,770047.7476000004,2589635.9079,22027,1,13016,2
16903,2,1,0,0,738847.7476000004,2551235.9079,11014,1,6008,4
16904,0,0,0,1,747247.7476000004,2532635.9079,14008,5,8005,4
16906,1,1,0,0,726847.7476000004,2564435.9079,7019,3,4011,4
16907,0,2,0,0,750847.7476000004,2558435.9079,15017,2,9010,5
16917,3,5,2,0,734647.7476000004,2548835.9079,10014,2,6008,4
16924,2,0,0,0,731647.7476000004,2551235.9079,9014,3,5008,5
16929,0,0,0,0,742447.7476000004,2557835.9079,12017,1,7010,4
16930,0,3,0,1,752047.7476000004,2557235.9079,16016,5,9010,5
16934,0,1,0,0,753247.7476000004,2558435.9079,16017,4,9010,5
16941,0,2,1,4,760447.7476000004,2557235.9079,18016,5,11010,3
16942,0,0,0,0,724447.7476000004,2580635.9079,6024,2,4014,3
16945,3,5,0,0,744847.7476000004,2587835.9079,13027,3,8016,2
16957,7,7,3,2,740047.7476000004,2545235.9079,12012,4,7007,1
16959,0,1,0,0,744247.7476000004,2595635.9079,13029,2,8017,1
16968,3,4,1,0,728647.7476000004,2562035.9079,8018,5,4011,4
16970,0,2,0,0,754447.7476000004,2564435.9079,16019,4,10011,3
16980,0,0,0,1,748447.7476000004,2542835.9079,14012,1,8007,4
16984,0,4,0,1,744247.7476000004,2542835.9079,13012,3,8007,4
16999,0,0,0,0,728647.7476000004,2582435.9079,8025,3,4015,1
17004,0,1,0,0,770047.7476000004,2566235.9079,22019,4,13011,4
17012,0,2,0,0,728647.7476000004,2578235.9079,8023,2,4014,3
17018,0,0,0,0,732847.7476000004,2584835.9079,9026,1,5015,3
17031,0,0,0,0,708247.7476000004,2580635.9079,1024,4,14,5
17032,0,1,0,1,737647.7476000004,2583035.9079,11025,4,6015,4
17035,0,1,0,0,731047.7476000004,2561435.9079,9018,4,5010,5
17037,0,2,0,0,753847.7476000004,2542835.9079,16012,2,9007,1
17043,1,0,0,0,746647.7476000004,2563235.9079,14018,4,8011,2
17050,0,0,0,0,742447.7476000004,2529635.9079,12007,5,7004,4
17052,10,12,0,0,744847.7476000004,2558435.9079,13017,3,8010,2
17059,0,0,1,0,747247.7476000004,2569235.9079,14020,5,8012,5
17062,2,2,1,0,736447.7476000004,2563235.9079,10018,5,6011,1
17063,0,0,0,0,747247.7476000004,2523035.9079,14005,1,8003,4
17071,0,0,0,0,765247.7476000004,2581235.9079,20024,2,12014,3
17073,12,11,4,2,728647.7476000004,2553035.9079,8015,1,4009,5
17079,0,7,0,0,726247.7476000004,2590235.9079,7027,1,4016,1
17085,0,0,0,0,742447.7476000004,2526635.9079,12006,5,7003,1
17110,0,0,1,0,725647.7476000004,2574035.9079,7022,2,4013,4
17114,2,0,0,0,741847.7476000004,2536235.9079,12009,4,7005,4
17115,8,9,2,7,737047.7476000004,2556035.9079,11016,3,6009,1
17118,1,3,9,1,740647.7476000004,2573435.9079,12022,1,7013,1
17119,0,3,0,0,729247.7476000004,2555435.9079,8016,5,5009,3
17120,1,0,0,0,734647.7476000004,2578835.9079,10024,5,6014,3
17125,1,0,0,0,738847.7476000004,2530235.9079,11007,4,6004,2
17128,0,0,0,0,761047.7476000004,2575835.9079,19023,4,11013,5
17132,0,1,0,0,765847.7476000004,2565635.9079,20019,3,12011,2
17146,0,1,0,0,741847.7476000004,2548235.9079,12013,2,7008,3
17148,0,0,0,0,756847.7476000004,2577635.9079,17023,1,10014,1
17151,0,0,0,0,723847.7476000004,2577035.9079,6023,4,3014,4
17159,1,1,0,1,740647.7476000004,2536835.9079,12010,2,7006,3
17161,3,7,2,0,746047.7476000004,2563235.9079,14018,4,8011,2
17162,1,3,1,0,745447.7476000004,2541635.9079,13011,2,8006,1
17167,0,1,0,0,767047.7476000004,2579435.9079,21024,5,12014,3
17184,1,4,0,0,734647.7476000004,2557235.9079,10016,3,6010,4
17210,0,1,0,1,738247.7476000004,2579435.9079,11024,4,6014,3
17211,0,1,0,0,783847.7476000004,2601035.9079,26031,4,15018,2
17214,0,0,0,0,760447.7476000004,2511635.9079,18001,5,11000,4
17216,1,3,0,0,728647.7476000004,2556635.9079,8016,5,4009,5
17222,1,0,0,1,783847.7476000004,2575235.9079,26022,3,15013,2
17224,3,3,1,0,731647.7476000004,2543435.9079,9012,5,5007,1
17225,9,14,5,9,731647.7476000004,2559035.9079,9017,1,5010,5
17230,3,0,1,0,729247.7476000004,2566235.9079,8019,4,5011,2
17231,0,0,0,0,772447.7476000004,2565635.9079,22019,4,13011,4
17235,0,1,0,0,769447.7476000004,2578835.9079,21024,5,13014,3
17246,0,0,0,0,749047.7476000004,2540435.9079,15011,5,9006,1
17249,0,0,0,0,753247.7476000004,2542235.9079,16011,2,9007,1
17251,0,1,0,0,764647.7476000004,2573435.9079,20022,1,12013,3
17257,1,6,1,1,749647.7476000004,2540435.9079,15011,5,9006,1
17262,0,0,0,1,741247.7476000004,2584835.9079,12026,5,7015,5
17270,6,10,5,3,744247.7476000004,2546435.9079,13013,1,8007,4
17275,0,1,0,0,749647.7476000004,2583035.9079,15025,1,9015,2
17278,3,3,2,0,739447.7476000004,2554835.9079,11016,3,7009,4
17284,0,1,0,0,755047.7476000004,2538635.9079,17010,4,10006,1
17288,0,0,0,0,753847.7476000004,2524835.9079,16006,2,9003,5
17293,1,2,1,0,747247.7476000004,2541635.9079,14011,1,8006,1
17296,2,1,1,1,746647.7476000004,2561435.9079,14018,4,8010,2
17304,0,0,0,0,733447.7476000004,2568035.9079,9020,4,5012,2
17305,0,2,2,0,765847.7476000004,2557835.9079,20017,1,12010,5
17306,1,7,2,1,743047.7476000004,2547035.9079,13013,1,7008,3
17311,3,8,0,0,726247.7476000004,2554235.9079,7015,2,4009,5
17314,3,7,1,4,734047.7476000004,2571635.9079,10021,1,6012,2
17315,0,0,0,0,746047.7476000004,2538035.9079,14010,1,8006,1
17317,4,11,15,1,727447.7476000004,2567435.9079,7020,4,4012,2
17318,0,0,0,0,729847.7476000004,2553635.9079,8015,1,5009,3
17323,1,2,0,0,737647.7476000004,2576435.9079,11023,5,6013,5
17325,0,1,0,0,760447.7476000004,2559635.9079,18017,1,11010,3
17329,2,0,1,0,742447.7476000004,2551235.9079,12014,2,7008,3
17332,0,2,0,0,723847.7476000004,2588435.9079,6027,3,3016,5
17335,0,0,0,0,764647.7476000004,2568635.9079,20020,3,12012,2
17336,0,1,0,0,752647.7476000004,2574035.9079,16022,4,9013,5
17339,0,1,1,0,745447.7476000004,2523635.9079,13005,3,8003,4
17347,11,17,4,1,734647.7476000004,2553035.9079,10015,2,6009,1
17348,1,0,0,0,725647.7476000004,2595035.9079,7029,5,4017,4
17349,3,15,1,0,738847.7476000004,2545235.9079,11012,5,6007,1
17350,0,1,0,0,724447.7476000004,2587835.9079,6027,3,4016,1
17356,4,6,0,0,741847.7476000004,2547035.9079,12013,2,7008,3
17358,0,0,0,0,739447.7476000004,2534435.9079,11009,1,7005,4
17361,2,3,0,0,765847.7476000004,2569835.9079,20021,3,12012,2
17363,0,0,0,0,735847.7476000004,2572235.9079,10021,1,6013,5
17367,0,1,0,0,727447.7476000004,2551835.9079,7015,2,4009,5
17373,3,4,0,2,736447.7476000004,2542835.9079,10012,2,6007,1
17383,0,11,0,0,760447.7476000004,2582435.9079,18025,4,11015,5
17384,0,3,0,1,736447.7476000004,2593835.9079,10029,5,6017,5
17390,0,0,0,0,716647.7476000004,2595635.9079,4029,4,2017,3
17398,0,0,0,0,760447.7476000004,2568035.9079,18020,3,11012,4
17419,0,0,1,0,726247.7476000004,2595635.9079,7029,5,4017,4
17422,0,0,0,1,755047.7476000004,2593835.9079,17029,1,10017,2
17429,6,6,0,1,735847.7476000004,2556635.9079,10016,3,6009,1
17431,0,0,0,0,742447.7476000004,2584235.9079,12025,4,7015,5
17433,1,4,1,2,759247.7476000004,2524235.9079,18005,4,11003,3
17440,0,0,0,0,750847.7476000004,2540435.9079,15011,5,9006,1
17441,1,1,0,0,747847.7476000004,2557235.9079,14016,4,8010,2
17450,4,9,8,4,741847.7476000004,2567435.9079,12020,1,7012,5
17452,0,1,0,0,730447.7476000004,2572235.9079,8021,4,5013,3
17462,0,0,0,0,727447.7476000004,2581835.9079,7025,1,4015,1
17471,1,21,11,7,767047.7476000004,2559635.9079,21017,2,12010,5
17472,1,2,0,0,726847.7476000004,2565035.9079,7019,3,4011,4
17474,0,4,0,0,731647.7476000004,2560835.9079,9018,4,5010,5
17478,2,0,0,0,767047.7476000004,2577035.9079,21023,5,12014,3
17483,0,7,7,0,767647.7476000004,2560835.9079,21018,4,12010,5
17489,0,3,0,0,740047.7476000004,2559035.9079,12017,1,7010,4
17491,2,6,3,0,730447.7476000004,2568035.9079,8020,5,5012,2
17499,0,0,0,1,744847.7476000004,2547635.9079,13013,1,8008,5
17502,0,0,1,0,738847.7476000004,2532035.9079,11008,5,6005,1
17505,0,0,0,0,731047.7476000004,2586035.9079,9026,1,5015,3
17511,1,2,0,0,738247.7476000004,2566235.9079,11019,2,6011,1
17524,1,1,0,1,743647.7476000004,2548235.9079,13013,1,7008,3
17527,0,0,0,0,756247.7476000004,2585435.9079,17026,2,10015,5
17528,0,1,0,0,737647.7476000004,2549435.9079,11014,1,6008,4
17529,0,0,0,0,719647.7476000004,2598035.9079,5030,3,3018,1
17534,0,0,1,0,737047.7476000004,2566835.9079,11020,3,6012,2
17538,1,1,1,0,791647.7476000004,2567435.9079,29020,5,17012,3
17542,23,5,0,0,740047.7476000004,2541035.9079,12011,3,7006,3
17543,1,4,0,1,714847.7476000004,2582435.9079,3025,3,2015,4
17548,1,0,0,0,765847.7476000004,2572235.9079,20021,3,12013,3
17549,3,0,0,0,739447.7476000004,2539835.9079,11011,1,7006,3
17560,1,1,0,0,728647.7476000004,2557235.9079,8016,5,4010,4
17570,2,14,0,4,737047.7476000004,2559635.9079,11017,5,6010,4
17576,0,0,0,0,755047.7476000004,2595635.9079,17029,1,10017,2
17581,3,5,4,0,728647.7476000004,2564435.9079,8019,4,4011,4
17586,0,0,0,0,781447.7476000004,2600435.9079,25031,3,15018,2
17590,0,9,0,0,734047.7476000004,2574635.9079,10022,3,6013,5
17601,17,7,4,3,729847.7476000004,2563235.9079,8018,5,5011,2
17604,4,5,3,3,737047.7476000004,2550035.9079,11014,1,6008,4
17613,0,0,0,0,777847.7476000004,2566235.9079,24019,5,14011,2
17618,3,9,10,3,722047.7476000004,2595635.9079,6029,3,3017,5
17619,1,6,0,0,725647.7476000004,2564435.9079,7019,3,4011,4
17623,0,1,1,0,766447.7476000004,2575235.9079,20022,1,12013,3
17634,1,1,0,0,728647.7476000004,2552435.9079,8015,1,4009,5
17635,4,0,0,1,739447.7476000004,2538635.9079,11010,1,7006,3
17636,0,0,0,0,747847.7476000004,2583035.9079,14025,4,8015,3
17638,1,1,0,0,785047.7476000004,2592635.9079,27028,2,16017,3
17648,1,0,0,0,741247.7476000004,2569835.9079,12021,3,7012,5
17649,1,4,0,0,737647.7476000004,2553035.9079,11015,1,6009,1
17653,0,2,3,1,724447.7476000004,2562035.9079,6018,2,4011,4
17656,0,0,1,0,716047.7476000004,2582435.9079,4025,1,2015,4
17659,0,4,0,0,767647.7476000004,2567435.9079,21020,2,12012,2
17663,0,0,0,0,753847.7476000004,2537435.9079,16010,2,9006,1
17665,0,1,0,1,723247.7476000004,2581235.9079,6024,2,3014,4
17670,0,2,6,0,773047.7476000004,2560235.9079,23017,5,13010,3
17672,1,3,0,0,728647.7476000004,2560835.9079,8018,5,4010,4
17673,2,4,1,1,736447.7476000004,2560835.9079,10018,5,6010,4
17676,1,10,1,2,720847.7476000004,2596235.9079,5029,4,3017,5
17679,1,3,1,1,762847.7476000004,2557235.9079,19016,1,11010,3
17691,0,0,0,0,769447.7476000004,2577035.9079,21023,5,13014,3
17693,1,5,0,0,724447.7476000004,2553035.9079,6015,4,4009,5
17701,0,0,0,2,746047.7476000004,2532635.9079,14008,5,8005,4
17711,0,0,0,0,734047.7476000004,2562035.9079,10018,5,6011,1
17719,16,0,0,0,727447.7476000004,2564435.9079,7019,3,4011,4
17725,0,0,1,0,761647.7476000004,2511635.9079,19001,1,11000,4
17726,3,5,0,2,725647.7476000004,2590235.9079,7027,1,4016,1
17729,1,0,0,0,753847.7476000004,2580635.9079,16024,1,9014,5
17733,0,0,0,1,735247.7476000004,2552435.9079,10015,2,6009,1
17740,0,0,0,0,734047.7476000004,2544635.9079,10012,2,6007,1
17745,0,1,0,2,722647.7476000004,2592035.9079,6028,5,3017,5
17757,1,8,2,0,746047.7476000004,2564435.9079,14019,3,8011,2
17763,1,1,0,0,758647.7476000004,2525435.9079,18006,2,10003,5
17765,2,3,3,1,734047.7476000004,2559035.9079,10017,3,6010,4
17766,0,0,0,1,750847.7476000004,2564435.9079,15019,2,9011,5
17770,0,0,1,0,753847.7476000004,2587235.9079,16026,3,9016,2
17771,0,0,0,0,720247.7476000004,2586035.9079,5026,1,3015,1
17772,0,1,2,1,724447.7476000004,2589035.9079,6027,3,4016,1
17775,0,1,0,0,751447.7476000004,2590835.9079,15028,1,9016,2
17780,1,2,0,0,723847.7476000004,2553035.9079,6015,4,3009,1
17781,0,0,0,0,750247.7476000004,2538635.9079,15010,1,9006,1
17786,0,0,0,0,723247.7476000004,2553635.9079,6015,4,3009,1
17787,1,1,0,0,765847.7476000004,2581235.9079,20024,2,12014,3
17793,1,4,0,0,725647.7476000004,2586635.9079,7026,2,4015,1
17795,0,1,1,0,745447.7476000004,2544635.9079,13012,3,8007,4
17806,1,1,0,0,745447.7476000004,2578835.9079,13024,5,8014,3
17811,2,0,0,0,737047.7476000004,2573435.9079,11022,2,6013,5
17812,0,0,0,0,748447.7476000004,2564435.9079,14019,3,8011,2
17816,7,5,4,0,732847.7476000004,2554235.9079,9015,1,5009,3
17821,1,3,0,1,757447.7476000004,2526035.9079,17006,4,10003,5
17824,0,1,0,0,720847.7476000004,2589635.9079,5027,1,3016,5
17827,0,0,0,0,776647.7476000004,2565035.9079,24019,5,14011,2
17829,4,14,23,0,726847.7476000004,2569235.9079,7020,4,4012,2
17831,1,1,0,0,744847.7476000004,2539235.9079,13010,2,8006,1
17837,0,1,0,0,785047.7476000004,2578835.9079,27024,5,16014,1
17843,0,0,0,0,724447.7476000004,2575835.9079,6023,4,4013,4
17844,0,0,0,0,757447.7476000004,2536835.9079,17010,4,10006,1
17845,1,7,1,1,726247.7476000004,2589635.9079,7027,1,4016,1
17854,0,0,0,0,764647.7476000004,2557235.9079,20016,2,12010,5
17868,0,7,2,0,737647.7476000004,2569235.9079,11020,3,6012,2
17869,0,0,2,0,773647.7476000004,2562035.9079,23018,2,13011,4
17887,0,1,0,0,741847.7476000004,2586035.9079,12026,5,7015,5
17888,1,1,0,0,740647.7476000004,2596235.9079,12029,5,7017,1
17892,4,6,1,1,740647.7476000004,2540435.9079,12011,3,7006,3
17906,1,3,1,0,722647.7476000004,2587235.9079,6026,2,3016,5
17910,5,7,1,0,738247.7476000004,2550035.9079,11014,1,6008,4
17931,2,6,5,1,734647.7476000004,2582435.9079,10025,1,6015,4
17934,1,0,0,0,735847.7476000004,2553035.9079,10015,2,6009,1
17945,0,0,0,1,760447.7476000004,2559035.9079,18017,1,11010,3
17949,0,0,0,0,712447.7476000004,2581835.9079,2025,3,1015,5
17954,4,5,1,2,737047.7476000004,2543435.9079,11012,5,6007,1
17955,0,3,1,0,734647.7476000004,2550035.9079,10014,2,6008,4
17958,0,1,1,0,744847.7476000004,2566835.9079,13020,3,8012,5
17960,1,0,0,0,741247.7476000004,2569235.9079,12020,1,7012,5
17978,0,0,0,0,782647.7476000004,2601035.9079,26031,4,15018,2
17989,1,5,1,1,738847.7476000004,2554835.9079,11016,3,6009,1
17995,0,0,0,0,726247.7476000004,2556635.9079,7016,2,4009,5
17997,2,0,0,0,729847.7476000004,2557235.9079,8016,5,5010,5
18002,2,0,1,0,768847.7476000004,2586635.9079,21026,1,12015,2
18024,0,0,0,0,764047.7476000004,2565635.9079,20019,3,12011,2
18025,0,1,0,0,750247.7476000004,2562035.9079,15018,4,9011,5
18029,0,0,1,0,729247.7476000004,2563235.9079,8018,5,5011,2
18031,0,0,0,0,755047.7476000004,2530835.9079,17008,3,10004,1
18033,0,0,0,0,764047.7476000004,2577635.9079,20023,1,12014,3
18037,1,3,1,0,767647.7476000004,2578835.9079,21024,5,12014,3
18041,1,6,4,0,728647.7476000004,2569835.9079,8021,4,4012,2
18049,0,0,1,0,725647.7476000004,2576435.9079,7023,2,4013,4
18058,1,2,0,0,723847.7476000004,2562635.9079,6018,2,3011,3
18067,1,0,0,0,738247.7476000004,2535635.9079,11009,1,6005,1
18069,0,0,0,0,730447.7476000004,2590235.9079,8027,3,5016,1
18071,3,4,0,0,733447.7476000004,2577035.9079,9023,5,5014,3
18076,0,2,0,0,725647.7476000004,2583635.9079,7025,1,4015,1
18080,0,0,0,0,740047.7476000004,2531435.9079,12008,1,7004,4
18081,0,1,0,0,741847.7476000004,2592035.9079,12028,1,7017,1
18086,5,10,7,3,729847.7476000004,2569835.9079,8021,4,5012,2
18088,1,1,0,0,752647.7476000004,2541635.9079,16011,2,9006,1
18091,0,0,0,0,738847.7476000004,2527235.9079,11006,4,6004,2
18108,0,2,1,0,725647.7476000004,2586035.9079,7026,2,4015,1
18113,0,1,0,0,742447.7476000004,2586035.9079,12026,5,7015,5
18115,0,2,0,0,739447.7476000004,2565635.9079,11019,2,7011,4
18129,0,1,1,0,753847.7476000004,2540435.9079,16011,2,9006,1
18133,0,2,0,0,738847.7476000004,2534435.9079,11009,1,6005,1
18134,0,3,0,0,741247.7476000004,2583035.9079,12025,4,7015,5
18145,0,0,0,0,793447.7476000004,2566235.9079,29019,5,17011,4
18156,1,0,0,0,740047.7476000004,2586635.9079,12026,5,7015,5
18162,0,1,0,0,725647.7476000004,2565035.9079,7019,3,4011,4
18163,1,4,4,1,756847.7476000004,2526035.9079,17006,4,10003,5
18169,1,0,0,0,742447.7476000004,2566835.9079,12020,1,7012,5
18172,0,1,0,0,761647.7476000004,2560235.9079,19017,4,11010,3
18173,0,4,0,0,764047.7476000004,2523635.9079,20005,1,12003,5
18176,1,1,1,0,734047.7476000004,2558435.9079,10017,3,6010,4
18185,0,1,0,0,743047.7476000004,2542235.9079,13011,2,7007,1
18187,3,12,1,1,729847.7476000004,2559035.9079,8017,5,5010,5
18200,2,1,1,1,738247.7476000004,2544035.9079,11012,5,6007,1
18202,0,4,0,0,720847.7476000004,2597435.9079,5030,3,3018,1
18213,0,0,0,0,795247.7476000004,2593835.9079,30029,2,18017,4
18219,0,0,1,0,761647.7476000004,2514035.9079,19002,3,11001,2
18223,0,1,0,0,736447.7476000004,2578835.9079,10024,5,6014,3
18226,13,18,1,6,738247.7476000004,2560235.9079,11017,5,6010,4
18237,2,5,2,6,759247.7476000004,2523035.9079,18005,4,11003,3
18239,0,1,0,0,741247.7476000004,2585435.9079,12026,5,7015,5
18241,1,0,0,2,792247.7476000004,2567435.9079,29020,5,17012,3
18245,1,10,0,1,752647.7476000004,2591435.9079,16028,1,9016,2
18248,0,0,0,0,763447.7476000004,2518835.9079,19004,1,11002,2
18249,0,1,2,0,765847.7476000004,2559035.9079,20017,1,12010,5
18266,0,0,0,0,748447.7476000004,2524835.9079,14006,3,8003,4
18267,0,3,0,0,750247.7476000004,2540435.9079,15011,5,9006,1
18269,0,0,1,0,746047.7476000004,2575835.9079,14023,1,8013,1
18277,6,0,2,1,741247.7476000004,2530235.9079,12007,5,7004,4
18278,0,0,0,0,765847.7476000004,2565035.9079,20019,3,12011,2
18287,13,15,8,15,737647.7476000004,2560235.9079,11017,5,6010,4
18289,1,0,0,0,728647.7476000004,2575235.9079,8022,2,4013,4
18291,2,3,4,1,725047.7476000004,2562635.9079,7018,2,4011,4
18293,0,0,0,0,756247.7476000004,2554835.9079,17016,5,10009,2
18294,2,6,1,2,754447.7476000004,2542235.9079,16011,2,10007,3
18299,0,0,0,0,720247.7476000004,2584835.9079,5026,1,3015,1
18305,2,0,0,0,725647.7476000004,2577035.9079,7023,2,4014,3
18306,0,2,0,0,784447.7476000004,2578235.9079,26023,2,16014,1
18313,0,1,0,0,735247.7476000004,2578835.9079,10024,5,6014,3
18314,0,0,0,0,742447.7476000004,2563835.9079,12019,5,7011,4
18320,0,1,0,0,731047.7476000004,2582435.9079,9025,2,5015,3
18323,0,0,0,0,776047.7476000004,2562635.9079,24018,2,14011,2
18324,0,0,0,0,726247.7476000004,2550635.9079,7014,3,4008,3
18329,0,0,0,0,764047.7476000004,2578835.9079,20024,2,12014,3
18332,0,0,0,0,777247.7476000004,2565635.9079,24019,5,14011,2
18336,0,1,1,0,739447.7476000004,2553635.9079,11015,1,7009,4
18342,0,0,0,0,715447.7476000004,2582435.9079,3025,3,2015,4
18350,0,3,0,0,742447.7476000004,2580035.9079,12024,2,7014,2
18360,0,0,0,0,761047.7476000004,2521835.9079,19005,3,11003,3
18363,0,0,0,0,755047.7476000004,2562035.9079,17018,4,10011,3
18365,3,9,0,0,737647.7476000004,2556635.9079,11016,3,6009,1
18372,1,0,0,1,750847.7476000004,2539835.9079,15011,5,9006,1
18379,1,0,0,0,731647.7476000004,2594435.9079,9029,4,5017,4
18384,0,1,0,0,734647.7476000004,2562035.9079,10018,5,6011,1
18388,2,3,6,0,728647.7476000004,2569235.9079,8020,5,4012,2
18391,0,1,1,0,734647.7476000004,2551235.9079,10014,2,6008,4
18401,0,7,0,1,739447.7476000004,2559035.9079,11017,5,7010,4
18413,0,0,0,0,732247.7476000004,2584235.9079,9025,2,5015,3
18431,0,0,0,0,747247.7476000004,2523635.9079,14005,1,8003,4
18433,0,2,0,0,729847.7476000004,2584835.9079,8026,4,5015,3
18445,0,1,0,0,731647.7476000004,2542835.9079,9012,5,5007,1
18446,2,3,0,0,727447.7476000004,2554235.9079,7015,2,4009,5
18456,0,1,0,0,736447.7476000004,2595635.9079,10029,5,6017,5
18467,2,2,0,0,744247.7476000004,2556035.9079,13016,5,8009,5
18468,1,0,0,0,731047.7476000004,2542835.9079,9012,5,5007,1
18472,0,1,0,0,763447.7476000004,2566235.9079,19019,3,11011,4
18485,0,0,0,0,759247.7476000004,2513435.9079,18002,5,11001,2
18486,0,0,1,2,761647.7476000004,2557235.9079,19016,1,11010,3
18489,0,0,0,0,753247.7476000004,2565035.9079,16019,4,9011,5
18512,4,3,2,0,745447.7476000004,2559635.9079,13017,3,8010,2
18523,0,0,0,0,746047.7476000004,2533235.9079,14008,5,8005,4
18527,1,0,0,0,758047.7476000004,2562035.9079,18018,3,10011,3
18528,2,4,0,0,728047.7476000004,2560835.9079,8018,5,4010,4
18532,2,1,0,0,739447.7476000004,2578835.9079,11024,4,7014,2
18542,0,0,0,0,786847.7476000004,2568035.9079,27020,1,16012,1
18546,0,0,0,0,785647.7476000004,2579435.9079,27024,5,16014,1
18547,0,0,0,0,806047.7476000004,2636435.9079,34043,4,20025,2
18549,1,0,0,0,736447.7476000004,2596835.9079,10030,5,6018,1
18553,0,0,0,0,744247.7476000004,2585435.9079,13026,1,8015,3
18554,0,2,0,0,753847.7476000004,2595635.9079,16029,3,9017,2
18561,1,0,1,0,731647.7476000004,2545835.9079,9013,4,5007,1
18564,1,4,1,0,728047.7476000004,2553635.9079,8015,1,4009,5
18565,0,0,0,0,760447.7476000004,2560835.9079,18018,3,11010,3
18575,0,3,0,0,729847.7476000004,2560835.9079,8018,5,5010,5
18580,1,0,0,0,729847.7476000004,2588435.9079,8027,3,5016,1
18582,4,4,0,0,740647.7476000004,2535635.9079,12009,4,7005,4
18592,3,8,2,1,730447.7476000004,2558435.9079,8017,5,5010,5
18596,0,0,0,0,734647.7476000004,2588435.9079,10027,5,6016,5
18600,0,3,1,2,736447.7476000004,2562035.9079,10018,5,6011,1
18608,1,0,0,0,777247.7476000004,2588435.9079,24027,5,14016,2
18624,1,0,0,0,752047.7476000004,2580635.9079,16024,1,9014,5
18628,0,1,0,0,788647.7476000004,2593235.9079,28028,4,16017,3
18632,1,8,2,0,740647.7476000004,2576435.9079,12023,4,7013,1
18634,9,16,2,1,737047.7476000004,2567435.9079,11020,3,6012,2
18639,6,20,5,4,730447.7476000004,2559635.9079,8017,5,5010,5
18640,0,0,0,0,747247.7476000004,2572235.9079,14021,4,8013,1
18641,0,1,1,0,729847.7476000004,2572835.9079,8022,2,5013,3
18653,0,0,0,0,751447.7476000004,2531435.9079,15008,3,9004,3
18657,0,1,0,0,727447.7476000004,2575235.9079,7022,2,4013,4
18670,0,1,0,0,782647.7476000004,2597435.9079,26030,5,15018,2
18671,0,0,0,0,762247.7476000004,2520635.9079,19004,1,11002,2
18672,0,2,0,0,736447.7476000004,2577035.9079,10023,5,6014,3
18673,0,1,0,0,750847.7476000004,2592035.9079,15028,1,9017,2
18681,0,2,0,0,743647.7476000004,2568635.9079,13020,3,7012,5
18683,0,0,0,0,723247.7476000004,2593835.9079,6029,3,3017,5
18686,0,0,0,0,763447.7476000004,2581235.9079,19024,3,11014,5
18689,0,2,7,0,771847.7476000004,2559635.9079,22017,3,13010,3
18696,0,0,0,0,747247.7476000004,2545235.9079,14012,1,8007,4
18698,0,1,0,0,756247.7476000004,2563835.9079,17019,5,10011,3
18704,0,4,0,0,773647.7476000004,2576435.9079,23023,5,13013,4
18713,2,2,0,0,753247.7476000004,2539835.9079,16011,2,9006,1
18724,0,2,0,0,735247.7476000004,2593835.9079,10029,5,6017,5
18732,0,1,0,0,766447.7476000004,2581835.9079,20025,4,12015,2
18743,0,1,0,0,744847.7476000004,2557835.9079,13017,3,8010,2
18745,6,9,0,0,744247.7476000004,2555435.9079,13016,5,8009,5
18755,1,10,0,0,758647.7476000004,2523035.9079,18005,4,10003,5
18756,1,3,0,0,755647.7476000004,2554835.9079,17016,5,10009,2
18768,0,1,0,0,735847.7476000004,2538035.9079,10010,1,6006,5
18770,0,0,0,0,737047.7476000004,2598635.9079,11030,5,6018,1
18781,1,0,1,5,743647.7476000004,2539835.9079,13011,2,7006,3
18783,0,0,6,3,747247.7476000004,2560835.9079,14018,4,8010,2
18785,1,2,1,0,727447.7476000004,2566235.9079,7019,3,4011,4
18787,0,1,0,1,777847.7476000004,2565035.9079,24019,5,14011,2
18790,0,1,0,0,754447.7476000004,2571635.9079,16021,5,10012,4
18793,0,0,1,0,750847.7476000004,2531435.9079,15008,3,9004,3
18795,1,1,0,1,726247.7476000004,2571035.9079,7021,1,4012,2
18797,1,5,2,1,741247.7476000004,2547635.9079,12013,2,7008,3
18799,0,0,0,0,761647.7476000004,2580035.9079,19024,3,11014,5
18803,0,1,0,1,741847.7476000004,2542835.9079,12012,4,7007,1
18805,1,2,1,0,743047.7476000004,2557235.9079,13016,5,7010,4
18806,0,3,2,3,717847.7476000004,2595635.9079,4029,4,2017,3
18808,0,0,0,0,726847.7476000004,2598035.9079,7030,5,4018,2
18811,24,16,2,0,732847.7476000004,2571035.9079,9021,4,5012,2
18814,0,4,1,0,740047.7476000004,2580035.9079,12024,2,7014,2
18817,10,8,0,0,731047.7476000004,2569835.9079,9021,4,5012,2
18820,1,4,0,0,729247.7476000004,2587835.9079,8027,3,5016,1
18821,0,1,0,0,790447.7476000004,2574635.9079,28022,3,17013,2
18822,1,1,1,0,740047.7476000004,2553035.9079,12015,2,7009,4
18826,0,4,3,3,722647.7476000004,2595635.9079,6029,3,3017,5
18828,0,0,0,0,789247.7476000004,2577035.9079,28023,2,17014,2
18829,3,2,1,0,733447.7476000004,2569835.9079,9021,4,5012,2
18832,0,1,0,0,740647.7476000004,2585435.9079,12026,5,7015,5
18840,1,5,2,0,733447.7476000004,2552435.9079,9015,1,5009,3
18845,0,1,0,0,779647.7476000004,2568635.9079,25020,3,15012,3
18848,0,1,0,0,746047.7476000004,2544635.9079,14012,1,8007,4
18851,3,1,0,0,743047.7476000004,2551235.9079,13014,4,7008,3
18854,0,0,0,0,787447.7476000004,2571635.9079,27021,1,16012,1
18859,0,1,0,0,723847.7476000004,2590235.9079,6027,3,3016,5
18861,0,0,0,0,789247.7476000004,2595635.9079,28029,2,17017,5
18863,0,0,4,0,770047.7476000004,2560835.9079,22018,2,13010,3
18864,4,13,3,3,735847.7476000004,2555435.9079,10016,3,6009,1
18870,6,2,3,4,745447.7476000004,2562635.9079,13018,5,8011,2
18875,0,2,0,0,726847.7476000004,2592635.9079,7028,2,4017,4
18876,0,0,2,0,717247.7476000004,2595635.9079,4029,4,2017,3
18884,0,1,3,0,740047.7476000004,2565035.9079,12019,5,7011,4
18888,0,0,0,0,758047.7476000004,2561435.9079,18018,3,10010,2
18890,0,6,0,0,761647.7476000004,2568035.9079,19020,3,11012,4
18892,1,6,0,1,746647.7476000004,2563835.9079,14019,3,8011,2
18894,0,0,0,0,759847.7476000004,2560835.9079,18018,3,11010,3
18899,0,1,1,0,725647.7476000004,2567435.9079,7020,4,4012,2
18901,1,3,1,0,735847.7476000004,2545835.9079,10013,5,6007,1
18902,0,0,0,0,767647.7476000004,2573435.9079,21022,5,12013,3
18903,0,0,0,0,796447.7476000004,2590835.9079,30028,3,18016,4
18906,0,0,0,0,749047.7476000004,2526035.9079,15006,4,9003,5
18908,2,3,0,1,737647.7476000004,2544035.9079,11012,5,6007,1
18910,0,2,0,0,768247.7476000004,2577035.9079,21023,5,12014,3
18914,0,1,0,0,768847.7476000004,2562635.9079,21018,4,12011,2
18922,0,1,1,0,743047.7476000004,2569835.9079,13021,2,7012,5
18924,0,1,0,0,731647.7476000004,2584835.9079,9026,1,5015,3
18932,0,0,0,0,731647.7476000004,2596235.9079,9029,4,5017,4
18934,4,4,3,0,727447.7476000004,2565035.9079,7019,3,4011,4
18947,2,4,0,0,749047.7476000004,2561435.9079,15018,4,9010,5
18954,3,14,4,2,735847.7476000004,2548835.9079,10014,2,6008,4
18958,0,2,2,0,766447.7476000004,2562635.9079,20018,5,12011,2
18960,1,0,0,1,726847.7476000004,2575235.9079,7022,2,4013,4
18962,0,1,0,0,758647.7476000004,2563235.9079,18018,3,10011,3
18966,0,0,0,0,768847.7476000004,2562035.9079,21018,4,12011,2
18968,1,0,0,0,783247.7476000004,2574635.9079,26022,3,15013,2
18972,2,3,0,0,767047.7476000004,2519435.9079,21004,4,12002,1
18990,1,0,0,0,745447.7476000004,2541035.9079,13011,2,8006,1
18991,0,1,1,0,744847.7476000004,2539835.9079,13011,2,8006,1
18994,0,0,0,0,754447.7476000004,2596835.9079,16030,3,10018,3
18999,1,6,5,7,744247.7476000004,2560235.9079,13017,3,8010,2
19001,0,1,0,0,749647.7476000004,2560235.9079,15017,2,9010,5
19008,8,10,5,2,737647.7476000004,2568635.9079,11020,3,6012,2
19014,0,1,0,0,750247.7476000004,2562635.9079,15018,4,9011,5
19017,0,0,0,0,744847.7476000004,2527835.9079,13007,5,8004,5
19021,0,0,0,0,791047.7476000004,2579435.9079,29024,1,17014,2
19034,1,9,3,1,758647.7476000004,2524235.9079,18005,4,10003,5
19037,0,1,0,0,733447.7476000004,2593235.9079,9028,5,5017,4
19038,4,8,9,0,732247.7476000004,2554235.9079,9015,1,5009,3
19042,7,5,1,3,728047.7476000004,2552435.9079,8015,1,4009,5
19050,0,3,0,0,761647.7476000004,2523635.9079,19005,3,11003,3
19051,1,4,1,4,735847.7476000004,2547635.9079,10013,5,6008,4
19055,1,3,0,0,739447.7476000004,2555435.9079,11016,3,7009,4
19056,1,5,3,0,737647.7476000004,2563835.9079,11019,2,6011,1
19057,0,1,1,1,761047.7476000004,2559035.9079,19017,4,11010,3
19062,0,1,0,0,764047.7476000004,2559635.9079,20017,1,12010,5
19070,6,6,0,1,741247.7476000004,2561435.9079,12018,3,7010,4
19071,1,0,0,0,726247.7476000004,2576435.9079,7023,2,4013,4
19072,1,4,0,0,722647.7476000004,2586635.9079,6026,2,3015,1
19081,0,1,0,1,779047.7476000004,2577035.9079,25023,1,15014,2
19084,0,0,0,1,734647.7476000004,2547635.9079,10013,5,6008,4
19085,0,1,0,0,749047.7476000004,2544035.9079,15012,3,9007,1
19086,1,1,0,0,733447.7476000004,2562035.9079,9018,4,5011,2
19087,1,1,0,0,743047.7476000004,2545835.9079,13013,1,7007,1
19093,0,6,0,2,726847.7476000004,2589035.9079,7027,1,4016,1
19098,0,1,0,0,759847.7476000004,2557235.9079,18016,5,11010,3
19104,1,3,0,0,736447.7476000004,2553635.9079,10015,2,6009,1
19106,5,9,2,1,736447.7476000004,2556035.9079,10016,3,6009,1
19115,0,0,0,0,759247.7476000004,2593235.9079,18028,5,11017,3
19117,4,3,1,0,730447.7476000004,2570435.9079,8021,4,5012,2
19118,1,0,0,0,729247.7476000004,2578235.9079,8023,2,5014,3
19119,0,0,1,0,740647.7476000004,2572235.9079,12021,3,7013,1
19120,7,2,1,1,735247.7476000004,2549435.9079,10014,2,6008,4
19121,0,3,5,1,744247.7476000004,2567435.9079,13020,3,8012,5
19134,0,1,0,0,757447.7476000004,2516435.9079,17003,4,10001,1
19141,3,4,0,1,719647.7476000004,2587235.9079,5026,1,3016,5
19146,0,0,0,0,725647.7476000004,2550664.495,7014,3,4008,3
19147,2,2,0,0,751447.7476000004,2575235.9079,15022,2,9013,5
19159,3,1,0,0,777247.7476000004,2566235.9079,24019,5,14011,2
19160,0,0,0,0,731647.7476000004,2588435.9079,9027,5,5016,1
19165,0,1,0,0,747247.7476000004,2542235.9079,14011,1,8007,4
19166,0,4,6,0,768847.7476000004,2560835.9079,21018,4,12010,5
19167,0,1,0,0,735847.7476000004,2581235.9079,10024,5,6014,3
19174,0,0,0,0,733447.7476000004,2584235.9079,9025,2,5015,3
19180,0,3,0,0,754447.7476000004,2580635.9079,16024,1,10014,1
19183,1,2,2,0,734047.7476000004,2560835.9079,10018,5,6010,4
19184,0,1,0,0,750247.7476000004,2591435.9079,15028,1,9016,2
19191,0,1,0,0,753247.7476000004,2568035.9079,16020,4,9012,1
19204,2,3,0,0,746647.7476000004,2586635.9079,14026,2,8015,3
19205,1,4,0,0,725047.7476000004,2569835.9079,7021,1,4012,2
19209,0,0,0,0,744847.7476000004,2568035.9079,13020,3,8012,5
19210,0,0,0,0,749047.7476000004,2525435.9079,15006,4,9003,5
19226,3,7,8,7,731047.7476000004,2558435.9079,9017,1,5010,5
19230,1,0,0,0,729847.7476000004,2551235.9079,8014,3,5008,5
19237,0,3,0,0,767647.7476000004,2562035.9079,21018,4,12011,2
19243,0,2,0,0,744247.7476000004,2543435.9079,13012,3,8007,4
19248,0,0,0,1,744247.7476000004,2522435.9079,13005,3,8003,4
19249,4,10,1,0,735247.7476000004,2577035.9079,10023,5,6014,3
19252,1,6,2,0,738847.7476000004,2544635.9079,11012,5,6007,1
19253,1,0,0,0,780247.7476000004,2598635.9079,25030,5,15018,2
19258,0,1,0,0,753847.7476000004,2536835.9079,16010,2,9006,1
19261,0,1,0,0,762847.7476000004,2518235.9079,19003,2,11002,2
19262,0,0,0,0,753247.7476000004,2561435.9079,16018,5,9010,5
19265,0,2,2,0,727447.7476000004,2591435.9079,7028,2,4016,1
19268,1,0,0,0,753247.7476000004,2590835.9079,16028,1,9016,2
19269,0,0,0,0,746647.7476000004,2524835.9079,14006,3,8003,4
19273,2,3,1,1,741847.7476000004,2583635.9079,12025,4,7015,5
19276,0,5,2,0,771847.7476000004,2564435.9079,22019,4,13011,4
19279,0,3,0,0,740647.7476000004,2581835.9079,12025,4,7015,5
19280,0,1,0,0,723847.7476000004,2598035.9079,6030,4,3018,1
19286,0,0,0,0,752647.7476000004,2565635.9079,16019,4,9011,5
19287,0,0,0,1,752647.7476000004,2528435.9079,16007,3,9004,3
19303,0,2,0,0,740647.7476000004,2536235.9079,12009,4,7005,4
19305,10,11,9,3,736447.7476000004,2573435.9079,10022,3,6013,5
19308,0,0,0,0,753247.7476000004,2532035.9079,16008,4,9005,3
19309,0,0,0,1,728647.7476000004,2578835.9079,8024,4,4014,3
19315,0,1,0,0,738847.7476000004,2538035.9079,11010,1,6006,5
19329,0,1,0,0,785047.7476000004,2565035.9079,27019,3,16011,3
19331,0,4,2,0,741847.7476000004,2556635.9079,12016,4,7009,4
19333,1,6,0,0,735247.7476000004,2569235.9079,10020,5,6012,2
19335,8,11,2,2,745447.7476000004,2588435.9079,13027,3,8016,2
19339,4,5,0,2,737047.7476000004,2565035.9079,11019,2,6011,1
19343,0,3,1,0,753847.7476000004,2566835.9079,16020,4,9012,1
19346,0,1,1,0,735247.7476000004,2557835.9079,10017,3,6010,4
19347,1,6,0,1,758647.7476000004,2556035.9079,18016,5,10009,2
19351,2,2,0,6,726247.7476000004,2587835.9079,7027,1,4016,1
19355,1,7,12,0,728047.7476000004,2568035.9079,8020,5,4012,2
19356,0,1,0,0,727447.7476000004,2572235.9079,7021,1,4013,4
19358,4,8,3,2,735247.7476000004,2555435.9079,10016,3,6009,1
19366,4,16,5,1,734647.7476000004,2574635.9079,10022,3,6013,5
19372,2,2,1,0,742447.7476000004,2555435.9079,12016,4,7009,4
19373,0,2,0,0,717247.7476000004,2586635.9079,4026,1,2015,4
19380,0,0,0,0,717247.7476000004,2595035.9079,4029,4,2017,3
19386,1,3,0,0,733447.7476000004,2557235.9079,9016,3,5010,5
19396,1,1,0,0,730447.7476000004,2574635.9079,8022,2,5013,3
19400,1,0,0,0,721447.7476000004,2590235.9079,5027,1,3016,5
19413,3,5,10,0,740647.7476000004,2574035.9079,12022,1,7013,1
19416,3,6,0,4,759847.7476000004,2523035.9079,18005,4,11003,3
19417,0,1,1,0,742447.7476000004,2569835.9079,12021,3,7012,5
19419,0,2,0,0,745447.7476000004,2567435.9079,13020,3,8012,5
19431,0,3,0,0,730447.7476000004,2578835.9079,8024,4,5014,3
19432,2,2,0,0,724447.7476000004,2586035.9079,6026,2,4015,1
19433,1,1,0,0,724447.7476000004,2562635.9079,6018,2,4011,4
19444,5,8,4,0,735847.7476000004,2576435.9079,10023,5,6013,5
19465,5,2,13,6,743647.7476000004,2564435.9079,13019,4,7011,4
19483,0,0,1,0,748447.7476000004,2539835.9079,14011,1,8006,1
19495,0,1,0,0,744247.7476000004,2589035.9079,13027,3,8016,2
19496,0,1,0,0,716647.7476000004,2585435.9079,4026,1,2015,4
19499,3,6,1,0,734047.7476000004,2583035.9079,10025,1,6015,4
19502,1,0,1,0,763447.7476000004,2518235.9079,19003,2,11002,2
19504,0,0,0,0,767047.7476000004,2562635.9079,21018,4,12011,2
19514,5,11,2,0,747847.7476000004,2559035.9079,14017,1,8010,2
19516,8,9,5,2,729847.7476000004,2563835.9079,8019,4,5011,2
19519,2,1,0,0,741247.7476000004,2578835.9079,12024,2,7014,2
19524,0,0,0,1,713047.7476000004,2590835.9079,3028,3,1016,1
19527,2,2,0,0,730604.0985999999,2550035.9079,8014,3,5008,5
19534,0,2,0,0,747847.7476000004,2588435.9079,14027,5,8016,2
19540,0,1,0,0,746647.7476000004,2583035.9079,14025,4,8015,3
19543,0,0,0,0,716047.7476000004,2593835.9079,4029,4,2017,3
19544,0,0,0,0,750247.7476000004,2563835.9079,15019,2,9011,5
19548,1,1,0,0,732247.7476000004,2569835.9079,9021,4,5012,2
19549,0,0,1,0,732847.7476000004,2541035.9079,9011,3,5006,2
19551,0,0,0,0,792847.7476000004,2588435.9079,29027,2,17016,5
19555,0,0,0,0,756847.7476000004,2517635.9079,17003,4,10002,1
19557,1,0,0,0,747247.7476000004,2541035.9079,14011,1,8006,1
19560,0,1,5,0,769447.7476000004,2565035.9079,21019,5,13011,4
19571,0,4,0,0,784447.7476000004,2577635.9079,26023,2,16014,1
19575,10,9,6,3,733447.7476000004,2553035.9079,9015,1,5009,3
19577,0,1,3,2,769447.7476000004,2563835.9079,21019,5,13011,4
19580,1,4,0,0,731047.7476000004,2550035.9079,9014,3,5008,5
19581,2,2,0,0,768847.7476000004,2558435.9079,21017,2,12010,5
19584,1,2,0,0,789247.7476000004,2577635.9079,28023,2,17014,2
19586,0,0,0,0,743647.7476000004,2583635.9079,13025,2,7015,5
19590,5,4,0,2,742447.7476000004,2538035.9079,12010,2,7006,3
19598,0,3,2,1,727447.7476000004,2555435.9079,7016,2,4009,5
19602,0,2,1,0,743647.7476000004,2547035.9079,13013,1,7008,3
19606,1,2,0,0,724447.7476000004,2592035.9079,6028,5,4017,4
19611,2,2,0,0,749647.7476000004,2586635.9079,15026,1,9015,2
19628,2,8,1,2,741847.7476000004,2566835.9079,12020,1,7012,5
19631,4,5,0,3,733447.7476000004,2556635.9079,9016,3,5009,3
19638,0,0,0,0,735847.7476000004,2543435.9079,10012,2,6007,1
19639,1,25,53,6,743047.7476000004,2564435.9079,13019,4,7011,4
19648,0,1,0,0,765847.7476000004,2521835.9079,20005,1,12003,5
19651,4,9,7,0,738847.7476000004,2550035.9079,11014,1,6008,4
19656,0,0,0,0,718447.7476000004,2598035.9079,4030,5,2018,1
19662,0,1,0,0,717847.7476000004,2596835.9079,4030,5,2018,1
19663,3,3,3,2,734047.7476000004,2582435.9079,10025,1,6015,4
19665,0,2,0,0,741847.7476000004,2579435.9079,12024,2,7014,2
19666,0,1,0,0,746647.7476000004,2587835.9079,14027,5,8016,2
19673,2,2,1,1,789847.7476000004,2578835.9079,28024,3,17014,2
19693,0,2,0,0,768247.7476000004,2562035.9079,21018,4,12011,2
19708,0,1,0,0,727447.7476000004,2577635.9079,7023,2,4014,3
19709,13,3,3,0,729847.7476000004,2566835.9079,8020,5,5012,2
19712,0,0,0,0,747247.7476000004,2522435.9079,14005,1,8003,4
19715,0,1,21,1,771247.7476000004,2560235.9079,22017,3,13010,3
19723,0,0,0,0,727447.7476000004,2583635.9079,7025,1,4015,1
19737,2,6,0,5,731647.7476000004,2565035.9079,9019,5,5011,2
19738,6,13,0,1,732247.7476000004,2569235.9079,9020,4,5012,2
19746,1,7,19,5,743647.7476000004,2563835.9079,13019,4,7011,4
19749,1,0,0,1,733447.7476000004,2583035.9079,9025,2,5015,3
19751,3,0,0,0,725047.7476000004,2561606.8175999997,7018,2,4010,4
19759,4,8,1,2,734047.7476000004,2583635.9079,10025,1,6015,4
19761,0,1,0,1,762247.7476000004,2559035.9079,19017,4,11010,3
19767,0,0,0,0,727447.7476000004,2597435.9079,7030,5,4018,2
19773,0,0,0,1,755647.7476000004,2542835.9079,17012,5,10007,3
19774,29,25,0,1,744847.7476000004,2559035.9079,13017,3,8010,2
19775,0,0,0,0,758047.7476000004,2600435.9079,18031,5,10018,3
19778,0,1,0,0,731047.7476000004,2587835.9079,9027,5,5016,1
19781,0,8,0,1,738247.7476000004,2562035.9079,11018,3,6011,1
19783,4,5,3,0,731047.7476000004,2562035.9079,9018,4,5011,2
19792,8,8,1,0,733447.7476000004,2555435.9079,9016,3,5009,3
19800,0,1,0,0,741847.7476000004,2572235.9079,12021,3,7013,1
19802,0,1,0,1,726247.7476000004,2595035.9079,7029,5,4017,4
19803,1,4,3,1,761647.7476000004,2558435.9079,19017,4,11010,3
19814,0,0,0,0,746647.7476000004,2583635.9079,14025,4,8015,3
19820,0,0,0,0,791047.7476000004,2577635.9079,29023,4,17014,2
19833,0,0,0,0,744247.7476000004,2584835.9079,13026,1,8015,3
19835,3,4,4,1,732847.7476000004,2561435.9079,9018,4,5010,5
19837,2,3,1,1,743047.7476000004,2539835.9079,13011,2,7006,3
19839,1,2,0,1,752047.7476000004,2556635.9079,16016,5,9009,5
19842,0,9,3,0,771247.7476000004,2563235.9079,22018,2,13011,4
19844,0,0,0,0,789847.7476000004,2577035.9079,28023,2,17014,2
19858,5,1,0,0,727447.7476000004,2552435.9079,7015,2,4009,5
19863,1,8,0,0,760447.7476000004,2524235.9079,18005,4,11003,3
19866,0,0,0,0,729247.7476000004,2583635.9079,8025,3,5015,3
19867,4,6,1,2,731647.7476000004,2565635.9079,9019,5,5011,2
19869,1,2,0,1,739447.7476000004,2542835.9079,11012,5,7007,1
19873,0,2,0,0,758047.7476000004,2563835.9079,18019,1,10011,3
19874,1,0,0,0,737647.7476000004,2538635.9079,11010,1,6006,5
19876,0,1,0,2,756247.7476000004,2542835.9079,17012,5,10007,3
19881,0,1,0,0,741847.7476000004,2585435.9079,12026,5,7015,5
19888,3,2,0,0,751447.7476000004,2592035.9079,15028,1,9017,2
19899,2,2,1,1,735847.7476000004,2561435.9079,10018,5,6010,4
19900,0,1,0,0,799447.7476000004,2590835.9079,31028,5,19016,3
19907,0,0,0,0,765847.7476000004,2569235.9079,20020,3,12012,2
19915,1,2,0,0,742447.7476000004,2545235.9079,12012,4,7007,1
19919,0,2,0,0,746647.7476000004,2558435.9079,14017,1,8010,2
19923,1,4,0,0,728647.7476000004,2590835.9079,8028,1,4016,1
19926,1,0,0,0,775447.7476000004,2562035.9079,23018,2,14011,2
19930,4,3,0,1,727447.7476000004,2589035.9079,7027,1,4016,1
19931,0,0,0,0,729247.7476000004,2591435.9079,8028,1,5016,1
19934,4,1,1,0,732247.7476000004,2574635.9079,9022,1,5013,3
19938,0,0,0,0,749047.7476000004,2563835.9079,15019,2,9011,5
19945,0,0,0,0,758047.7476000004,2574635.9079,18022,4,10013,4
19947,1,1,0,0,764047.7476000004,2577035.9079,20023,1,12014,3
19951,4,1,0,0,743047.7476000004,2554235.9079,13015,3,7009,4
19953,0,1,0,0,739447.7476000004,2585435.9079,11026,3,7015,5
19963,0,0,0,0,754447.7476000004,2563235.9079,16018,5,10011,3
19964,0,1,0,0,743647.7476000004,2522435.9079,13005,3,7003,1
19973,0,0,0,0,740047.7476000004,2554835.9079,12016,4,7009,4
19977,0,1,0,0,736447.7476000004,2580035.9079,10024,5,6014,3
19982,0,0,0,0,759247.7476000004,2583035.9079,18025,4,11015,5
19984,0,2,0,1,755647.7476000004,2563835.9079,17019,5,10011,3
19993,0,1,0,0,753247.7476000004,2567435.9079,16020,4,9012,1
19997,0,1,0,0,752647.7476000004,2592035.9079,16028,1,9017,2
20005,1,0,0,0,760447.7476000004,2522435.9079,18005,4,11003,3
20007,4,7,3,1,737647.7476000004,2561435.9079,11018,3,6010,4
20009,0,0,0,0,738247.7476000004,2582435.9079,11025,4,6015,4
20011,5,12,6,0,737047.7476000004,2554835.9079,11016,3,6009,1
20019,1,0,0,0,740647.7476000004,2587835.9079,12027,4,7016,2
20025,0,2,0,0,732247.7476000004,2551235.9079,9014,3,5008,5
20026,0,0,0,0,733447.7476000004,2584835.9079,9026,1,5015,3
20034,0,3,0,0,725647.7476000004,2575835.9079,7023,2,4013,4
20035,0,0,1,0,722047.7476000004,2588435.9079,6027,3,3016,5
20041,1,2,0,0,758647.7476000004,2564435.9079,18019,1,10011,3
20044,0,1,0,0,735247.7476000004,2580035.9079,10024,5,6014,3
20046,1,0,0,0,741247.7476000004,2589635.9079,12027,4,7016,2
20048,0,0,0,0,753847.7476000004,2590235.9079,16027,4,9016,2
20066,0,0,0,0,750847.7476000004,2575235.9079,15022,2,9013,5
20069,1,5,2,1,737647.7476000004,2554235.9079,11015,1,6009,1
20076,0,0,0,0,739447.7476000004,2577035.9079,11023,5,7014,2
20087,0,2,0,0,735247.7476000004,2581235.9079,10024,5,6014,3
20089,1,0,0,0,769447.7476000004,2583635.9079,21025,3,13015,3
20113,0,1,4,0,726847.7476000004,2563835.9079,7019,3,4011,4
20118,2,5,0,1,765847.7476000004,2561435.9079,20018,5,12010,5
20123,0,0,0,0,742447.7476000004,2541635.9079,12011,3,7006,3
20128,0,4,1,0,757447.7476000004,2526635.9079,17006,4,10003,5
20133,0,1,1,0,730447.7476000004,2584235.9079,8025,3,5015,3
20134,1,0,2,0,743647.7476000004,2566835.9079,13020,3,7012,5
20136,2,1,0,0,762847.7476000004,2557835.9079,19017,4,11010,3
20139,0,0,1,0,783847.7476000004,2577635.9079,26023,2,15014,2
20153,39,32,9,6,732847.7476000004,2572235.9079,9021,4,5013,3
20155,0,5,1,0,724447.7476000004,2553635.9079,6015,4,4009,5
20161,0,0,0,0,732847.7476000004,2581235.9079,9024,4,5014,3
20164,0,0,0,0,749047.7476000004,2562635.9079,15018,4,9011,5
20165,12,16,4,2,729847.7476000004,2564435.9079,8019,4,5011,2
20168,5,10,0,4,750847.7476000004,2557235.9079,15016,3,9010,5
20170,0,2,0,0,756247.7476000004,2527235.9079,17006,4,10004,1
20172,1,0,1,0,756247.7476000004,2545235.9079,17012,5,10007,3
20174,0,0,0,0,764647.7476000004,2556635.9079,20016,2,12009,4
20179,1,0,0,0,779047.7476000004,2587835.9079,25027,5,15016,3
20181,0,0,0,0,744247.7476000004,2536235.9079,13009,1,8005,4
20185,0,1,0,0,742447.7476000004,2562635.9079,12018,3,7011,4
20191,0,0,0,0,736447.7476000004,2569835.9079,10021,1,6012,2
20194,0,0,0,0,778447.7476000004,2594435.9079,24029,3,14017,5
20200,0,0,0,0,767047.7476000004,2568035.9079,21020,2,12012,2
20205,1,0,0,0,783247.7476000004,2568035.9079,26020,4,15012,3
20221,4,6,0,0,744247.7476000004,2550035.9079,13014,4,8008,5
20225,0,0,0,0,743047.7476000004,2566835.9079,13020,3,7012,5
20229,0,2,0,0,787447.7476000004,2578835.9079,27024,5,16014,1
20235,1,2,0,0,733447.7476000004,2585435.9079,9026,1,5015,3
20237,0,4,0,2,742447.7476000004,2539835.9079,12011,3,7006,3
20238,1,4,0,0,740647.7476000004,2547635.9079,12013,2,7008,3
20239,4,11,0,0,735847.7476000004,2560835.9079,10018,5,6010,4
20246,0,0,1,0,755647.7476000004,2562635.9079,17018,4,10011,3
20248,0,1,0,0,732247.7476000004,2544635.9079,9012,5,5007,1
20253,2,2,0,0,724447.7476000004,2589635.9079,6027,3,4016,1
20254,1,2,1,1,728047.7476000004,2556635.9079,8016,5,4009,5
20261,2,12,1,6,736447.7476000004,2559035.9079,10017,3,6010,4
20271,1,2,0,0,746647.7476000004,2553635.9079,14015,2,8009,5
20274,0,2,0,0,765247.7476000004,2560235.9079,20017,1,12010,5
20279,0,0,2,1,772447.7476000004,2560235.9079,22017,3,13010,3
20291,0,0,0,0,764047.7476000004,2575235.9079,20022,1,12013,3
20294,1,1,0,0,744847.7476000004,2561435.9079,13018,5,8010,2
20295,1,3,4,3,742447.7476000004,2556635.9079,12016,4,7009,4
20297,0,0,0,0,746647.7476000004,2588435.9079,14027,5,8016,2
20298,0,2,0,0,738847.7476000004,2563235.9079,11018,3,6011,1
20303,1,4,0,0,739447.7476000004,2556635.9079,11016,3,7009,4
20304,0,0,1,1,747247.7476000004,2583035.9079,14025,4,8015,3
20305,4,3,4,2,738847.7476000004,2565635.9079,11019,2,6011,1
20308,0,1,0,0,748447.7476000004,2554235.9079,14015,2,8009,5
20310,1,0,0,0,733447.7476000004,2582435.9079,9025,2,5015,3
20311,0,1,1,0,759247.7476000004,2556035.9079,18016,5,11009,5
20313,0,1,0,0,745447.7476000004,2520035.9079,13004,5,8002,3
20321,0,0,0,0,745447.7476000004,2593835.9079,13029,2,8017,1
20322,0,1,1,0,740647.7476000004,2583635.9079,12025,4,7015,5
20336,0,1,0,0,729847.7476000004,2586635.9079,8026,4,5015,3
20344,3,7,2,1,740647.7476000004,2564435.9079,12019,5,7011,4
20347,1,6,0,1,731647.7476000004,2571035.9079,9021,4,5012,2
20353,1,3,0,0,726847.7476000004,2566235.9079,7019,3,4011,4
20357,0,0,0,0,746647.7476000004,2589635.9079,14027,5,8016,2
20364,0,1,0,0,749047.7476000004,2593235.9079,15028,1,9017,2
20369,0,0,0,0,762847.7476000004,2594435.9079,19029,3,11017,3
20370,0,3,0,0,734647.7476000004,2576435.9079,10023,5,6013,5
20373,1,0,0,0,739447.7476000004,2577635.9079,11023,5,7014,2
20376,0,1,0,0,740647.7476000004,2578835.9079,12024,2,7014,2
20382,1,3,0,0,764647.7476000004,2559635.9079,20017,1,12010,5
20398,0,1,0,0,777247.7476000004,2566835.9079,24020,4,14012,2
20399,0,9,11,9,732847.7476000004,2560835.9079,9018,4,5010,5
20402,1,0,0,0,754447.7476000004,2556035.9079,16016,5,10009,2
20404,0,0,0,0,759247.7476000004,2563235.9079,18018,3,11011,4
20405,0,0,0,0,764047.7476000004,2518835.9079,20004,3,12002,1
20409,1,5,17,0,768247.7476000004,2559635.9079,21017,2,12010,5
20414,10,12,1,3,725647.7476000004,2563235.9079,7018,2,4011,4
20416,0,2,4,0,741247.7476000004,2568035.9079,12020,1,7012,5
20418,0,0,0,0,735847.7476000004,2549435.9079,10014,2,6008,4
20420,1,1,0,0,742447.7476000004,2557235.9079,12016,4,7010,4
20448,0,0,0,0,748447.7476000004,2588435.9079,14027,5,8016,2
20450,2,1,0,1,734047.7476000004,2572235.9079,10021,1,6013,5
20451,0,1,0,0,731047.7476000004,2588435.9079,9027,5,5016,1
20456,0,0,0,0,759247.7476000004,2554835.9079,18016,5,11009,5
20459,4,14,3,2,788047.7476000004,2578235.9079,28023,2,16014,1
20464,0,0,0,0,765847.7476000004,2579435.9079,20024,2,12014,3
20465,0,0,0,0,760447.7476000004,2556035.9079,18016,5,11009,5
20469,1,2,1,0,753847.7476000004,2565635.9079,16019,4,9011,5
20474,7,15,3,3,751447.7476000004,2557835.9079,15017,2,9010,5
20479,3,1,0,0,733447.7476000004,2574635.9079,9022,1,5013,3
20481,0,0,0,0,755647.7476000004,2517035.9079,17003,4,10002,1
20484,0,0,0,0,765247.7476000004,2518235.9079,20003,3,12002,1
20489,0,3,0,0,747247.7476000004,2589035.9079,14027,5,8016,2
20491,4,8,9,8,731647.7476000004,2559635.9079,9017,1,5010,5
20493,5,7,2,0,729247.7476000004,2560235.9079,8017,5,5010,5
20497,0,0,0,0,747247.7476000004,2539835.9079,14011,1,8006,1
20499,1,0,0,0,737047.7476000004,2587835.9079,11027,3,6016,5
20501,2,16,2,3,737647.7476000004,2562035.9079,11018,3,6011,1
20504,1,0,0,0,724447.7476000004,2563235.9079,6018,2,4011,4
20513,0,5,0,2,734647.7476000004,2546435.9079,10013,5,6007,1
20515,2,2,1,0,735847.7476000004,2554835.9079,10016,3,6009,1
20525,1,2,4,0,725647.7476000004,2569235.9079,7020,4,4012,2
20527,0,0,0,0,767647.7476000004,2575835.9079,21023,5,12013,3
20533,2,2,0,0,747847.7476000004,2540435.9079,14011,1,8006,1
20541,0,2,0,0,736447.7476000004,2544035.9079,10012,2,6007,1
20547,1,7,0,0,742447.7476000004,2558435.9079,12017,1,7010,4
20548,0,1,0,0,726847.7476000004,2596835.9079,7030,5,4018,2
20556,1,0,0,0,744847.7476000004,2523635.9079,13005,3,8003,4
20561,1,4,0,0,744847.7476000004,2544035.9079,13012,3,8007,4
20565,0,0,0,0,741247.7476000004,2552435.9079,12015,2,7009,4
20567,1,1,0,0,744847.7476000004,2536235.9079,13009,1,8005,4
20569,1,0,7,1,771247.7476000004,2562635.9079,22018,2,13011,4
20573,0,0,1,0,731047.7476000004,2579435.9079,9024,4,5014,3
20577,0,0,0,0,713047.7476000004,2583035.9079,3025,3,1015,5
20581,3,2,0,0,745447.7476000004,2560835.9079,13018,5,8010,2
20585,2,3,4,1,767647.7476000004,2559035.9079,21017,2,12010,5
20594,0,2,0,0,724447.7476000004,2591435.9079,6028,5,4016,1
20600,0,0,0,0,737047.7476000004,2575835.9079,11023,5,6013,5
20601,0,0,0,0,740647.7476000004,2580635.9079,12024,2,7014,2
20608,0,4,0,0,752047.7476000004,2557835.9079,16017,4,9010,5
20613,0,2,0,0,747247.7476000004,2563835.9079,14019,3,8011,2
20616,1,1,0,0,743047.7476000004,2582435.9079,13025,2,7015,5
20619,1,0,0,0,745447.7476000004,2536235.9079,13009,1,8005,4
20625,3,3,5,7,765847.7476000004,2560235.9079,20017,1,12010,5
20630,0,2,0,0,726847.7476000004,2575835.9079,7023,2,4013,4
20633,0,2,0,0,768847.7476000004,2580035.9079,21024,5,12014,3
20634,0,3,0,0,729247.7476000004,2588435.9079,8027,3,5016,1
20641,0,0,1,0,734047.7476000004,2549435.9079,10014,2,6008,4
20642,1,3,1,0,722647.7476000004,2594435.9079,6029,3,3017,5
20645,0,0,0,1,764047.7476000004,2566235.9079,20019,3,12011,2
20646,0,1,0,0,748447.7476000004,2589635.9079,14027,5,8016,2
20652,1,6,0,0,735247.7476000004,2575235.9079,10022,3,6013,5
20654,0,9,0,0,757447.7476000004,2554835.9079,17016,5,10009,2
20667,6,7,16,1,727447.7476000004,2562035.9079,7018,2,4011,4
20668,0,0,0,0,789247.7476000004,2575235.9079,28022,3,17013,2
20670,0,0,0,1,749047.7476000004,2559035.9079,15017,2,9010,5
20674,3,5,1,0,730447.7476000004,2556035.9079,8016,5,5009,3
20675,1,7,3,0,733447.7476000004,2575235.9079,9022,1,5013,3
20676,5,4,4,1,735847.7476000004,2573435.9079,10022,3,6013,5
20691,1,1,2,0,735847.7476000004,2553635.9079,10015,2,6009,1
20692,7,8,1,0,728647.7476000004,2558435.9079,8017,5,4010,4
20695,0,0,0,0,725047.7476000004,2554666.87435,7015,2,4009,5
20698,0,2,0,0,744847.7476000004,2587235.9079,13026,1,8016,2
20701,4,1,0,0,750847.7476000004,2574635.9079,15022,2,9013,5
20710,0,1,0,0,731647.7476000004,2602235.9079,9031,2,5019,2
20718,5,5,0,2,732847.7476000004,2555435.9079,9016,3,5009,3
20721,0,0,0,0,728647.7476000004,2585435.9079,8026,4,4015,1
20727,0,4,0,0,761047.7476000004,2569235.9079,19020,3,11012,4
20728,0,3,0,0,729847.7476000004,2574635.9079,8022,2,5013,3
20729,2,7,0,0,733447.7476000004,2550635.9079,9014,3,5008,5
20738,1,6,1,1,750847.7476000004,2550635.9079,15014,2,9008,4
20743,0,0,0,0,752647.7476000004,2601635.9079,16031,2,9018,2
20745,0,0,0,0,755647.7476000004,2542235.9079,17011,2,10007,3
20749,1,5,0,0,733447.7476000004,2557835.9079,9017,1,5010,5
20754,0,0,1,3,735847.7476000004,2575835.9079,10023,5,6013,5
20755,6,12,2,2,733447.7476000004,2574035.9079,9022,1,5013,3
20759,0,1,0,0,723847.7476000004,2586035.9079,6026,2,3015,1
20764,0,1,1,0,756847.7476000004,2554235.9079,17015,1,10009,2
20765,0,2,0,0,723247.7476000004,2595035.9079,6029,3,3017,5
20767,0,2,0,0,737047.7476000004,2574035.9079,11022,2,6013,5
20769,0,0,0,0,771247.7476000004,2581835.9079,22025,3,13015,3
20770,0,1,0,0,728647.7476000004,2580035.9079,8024,4,4014,3
20772,2,8,60,5,743647.7476000004,2561435.9079,13018,5,7010,4
20773,1,4,4,0,749647.7476000004,2560835.9079,15018,4,9010,5
