grid_id,gx,gy,Y1,Y2,Y3,Y4,center_x,center_y,area_m2
0,3,73,1.0,2.0,0.0,1.0,703747.7476000004,2586335.9079,1440000.0
1,6,79,1.0,0.0,0.0,0.0,707347.7476000004,2593535.9079,1440000.0
2,7,68,0.0,0.0,0.0,0.0,708547.7476000004,2580335.9079,1440000.0
3,9,62,0.0,0.0,0.0,0.0,710947.7476000004,2573135.9079,1100859.24
4,10,69,0.0,0.0,0.0,0.0,712147.7476000004,2581535.9079,1440000.0
5,10,70,0.0,0.0,0.0,0.0,712147.7476000004,2582735.9079,1440000.0
6,10,73,1.0,1.0,0.0,0.0,712147.7476000004,2586335.9079,1440000.0
7,10,74,0.0,1.0,2.0,1.0,712147.7476000004,2587535.9079,1440000.0
8,10,75,2.0,0.0,0.0,0.0,712147.7476000004,2588735.9079,1440000.0
9,10,79,0.0,0.0,0.0,0.0,712147.7476000004,2593535.9079,1440000.0
10,11,70,0.0,0.0,0.0,0.0,713347.7476000004,2582735.9079,1440000.0
11,11,76,0.0,3.0,0.0,0.0,713347.7476000004,2589935.9079,1440000.0
12,11,77,0.0,1.0,0.0,1.0,713347.7476000004,2591135.9079,1440000.0
13,12,68,0.0,0.0,0.0,0.0,714547.7476000004,2580335.9079,1440000.0
14,12,69,0.0,0.0,0.0,0.0,714547.7476000004,2581535.9079,1440000.0
15,12,70,1.0,5.0,0.0,1.0,714547.7476000004,2582735.9079,1440000.0
16,12,78,0.0,0.0,0.0,0.0,714547.7476000004,2592335.9079,1440000.0
17,13,70,0.0,0.0,1.0,0.0,715747.7476000004,2582735.9079,1440000.0
18,13,71,0.0,0.0,0.0,0.0,715747.7476000004,2583935.9079,1440000.0
19,13,79,0.0,0.0,0.0,0.0,715747.7476000004,2593535.9079,1440000.0
20,13,81,0.0,0.0,0.0,0.0,715747.7476000004,2595935.9079,1440000.0
21,14,69,0.0,0.0,1.0,0.0,716947.7476000004,2581535.9079,1440000.0
22,14,72,0.0,2.0,0.0,0.0,716947.7476000004,2585135.9079,1440000.0
23,14,73,0.0,2.0,0.0,0.0,716947.7476000004,2586335.9079,1440000.0
24,14,79,0.0,0.0,0.0,0.0,716947.7476000004,2593535.9079,1440000.0
25,14,80,0.0,1.0,0.0,0.0,716947.7476000004,2594735.9079,1440000.0
26,14,81,0.0,0.0,2.0,0.0,716947.7476000004,2595935.9079,1440000.0
27,15,68,0.0,0.0,1.0,0.0,718147.7476000004,2580335.9079,1443029.96769516
28,15,71,0.0,0.0,0.0,0.0,718147.7476000004,2583935.9079,1440000.0
29,15,72,0.0,0.0,1.0,0.0,718147.7476000004,2585135.9079,1440000.0
30,15,73,0.0,0.0,1.0,0.0,718147.7476000004,2586335.9079,1440000.0
31,15,79,0.0,0.0,0.0,0.0,718147.7476000004,2593535.9079,1440000.0
32,15,81,0.0,3.0,2.0,3.0,718147.7476000004,2595935.9079,1440000.0
33,15,82,0.0,4.0,3.0,2.0,718147.7476000004,2597135.9079,1440000.0
34,15,83,0.0,0.0,0.0,0.0,718147.7476000004,2598335.9079,1440000.0
35,16,66,0.0,0.0,0.0,0.0,719347.7476000004,2577935.9079,800215.140862
36,16,71,0.0,0.0,1.0,0.0,719347.7476000004,2583935.9079,1440000.0
37,16,72,0.0,2.0,3.0,3.0,719347.7476000004,2585135.9079,1440000.0
38,16,74,3.0,4.0,0.0,1.0,719347.7476000004,2587535.9079,1440000.0
39,16,81,2.0,3.0,8.0,0.0,719347.7476000004,2595935.9079,1440000.0
40,16,82,1.0,11.0,10.0,3.0,719347.7476000004,2597135.9079,1440000.0
41,16,83,0.0,0.0,0.0,0.0,719347.7476000004,2598335.9079,1440000.0
42,17,72,0.0,0.0,1.0,0.0,720547.7476000004,2585135.9079,1440000.0
43,17,73,0.0,2.0,0.0,0.0,720547.7476000004,2586335.9079,1440000.0
44,17,74,1.0,4.0,0.0,0.0,720547.7476000004,2587535.9079,1440000.0
45,17,75,0.0,0.0,0.0,0.0,720547.7476000004,2588735.9079,1440000.0
46,17,76,0.0,3.0,0.0,0.0,720547.7476000004,2589935.9079,1440000.0
47,17,77,0.0,3.0,0.0,0.0,720547.7476000004,2591135.9079,1440000.0
48,17,80,0.0,1.0,0.0,0.0,720547.7476000004,2594735.9079,1440000.0
49,17,81,1.0,24.0,3.0,4.0,720547.7476000004,2595935.9079,1440000.0
50,17,82,1.0,45.0,17.0,4.0,720547.7476000004,2597135.9079,1440000.0
51,17,83,0.0,1.0,0.0,0.0,720547.7476000004,2598335.9079,1440000.0
52,18,65,0.0,0.0,0.0,0.0,721747.7476000004,2576735.9079,1408723.9571174
53,18,68,0.0,0.0,0.0,0.0,721747.7476000004,2580335.9079,1440000.0
54,18,69,0.0,0.0,0.0,0.0,721747.7476000004,2581535.9079,1440000.0
55,18,70,0.0,3.0,0.0,0.0,721747.7476000004,2582735.9079,1440000.0
56,18,71,2.0,0.0,0.0,0.0,721747.7476000004,2583935.9079,1440000.0
57,18,75,0.0,1.0,1.0,0.0,721747.7476000004,2588735.9079,1440000.0
58,18,76,1.0,0.0,0.0,0.0,721747.7476000004,2589935.9079,1440000.0
59,18,78,2.0,2.0,0.0,0.0,721747.7476000004,2592335.9079,1440000.0
60,18,79,0.0,2.0,0.0,0.0,721747.7476000004,2593535.9079,1440000.0
61,18,80,0.0,9.0,1.0,1.0,721747.7476000004,2594735.9079,1440000.0
62,18,81,6.0,34.0,18.0,9.0,721747.7476000004,2595935.9079,1440000.0
63,18,82,2.0,15.0,3.0,1.0,721747.7476000004,2597135.9079,1440000.0
64,18,83,0.0,0.0,1.0,1.0,721747.7476000004,2598335.9079,1440000.0
65,19,45,0.0,1.0,0.0,0.0,722947.7476000004,2552735.9079,729229.60861555
66,19,46,0.0,0.0,0.0,0.0,722947.7476000004,2553935.9079,707897.5657825
67,19,66,0.0,0.0,0.0,0.0,722947.7476000004,2577935.9079,1440000.0
68,19,68,0.0,0.0,0.0,0.0,722947.7476000004,2580335.9079,1440000.0
69,19,69,0.0,1.0,0.0,1.0,722947.7476000004,2581535.9079,1440000.0
70,19,70,0.0,4.0,0.0,0.0,722947.7476000004,2582735.9079,1440000.0
71,19,71,0.0,1.0,0.0,0.0,722947.7476000004,2583935.9079,1440000.0
72,19,72,0.0,0.0,1.0,0.0,722947.7476000004,2585135.9079,1440000.0
73,19,73,1.0,6.0,0.0,0.0,722947.7476000004,2586335.9079,1440000.0
74,19,74,1.0,4.0,2.0,0.0,722947.7476000004,2587535.9079,1440000.0
75,19,75,0.0,0.0,1.0,0.0,722947.7476000004,2588735.9079,1440000.0
76,19,76,0.0,1.0,0.0,0.0,722947.7476000004,2589935.9079,1440000.0
77,19,77,3.0,10.0,1.0,1.0,722947.7476000004,2591135.9079,1440000.0
78,19,78,5.0,10.0,2.0,6.0,722947.7476000004,2592335.9079,1440000.0
79,19,79,0.0,0.0,0.0,0.0,722947.7476000004,2593535.9079,1440000.0
80,19,80,3.0,15.0,8.0,2.0,722947.7476000004,2594735.9079,1440000.0
81,19,81,0.0,9.0,3.0,4.0,722947.7476000004,2595935.9079,1440000.0
82,19,82,0.0,30.0,6.0,3.0,722947.7476000004,2597135.9079,1440000.0
83,19,83,1.0,6.0,3.0,1.0,722947.7476000004,2598335.9079,1440000.0
84,20,44,1.0,3.0,0.0,0.0,724147.7476000004,2551535.9079,471458.3103251
85,20,45,2.0,7.0,0.0,0.0,724147.7476000004,2552735.9079,1437624.211836
86,20,46,0.0,5.0,1.0,0.0,724147.7476000004,2553935.9079,1430322.901247
87,20,47,0.0,1.0,0.0,0.0,724147.7476000004,2555135.9079,188728.4764367
88,20,53,2.0,5.0,6.0,2.0,724147.7476000004,2562335.9079,1663083.11893024
89,20,54,1.0,0.0,0.0,0.0,724147.7476000004,2563535.9079,909621.3573513001
90,20,60,1.0,4.0,2.0,0.0,724147.7476000004,2570735.9079,1440000.0
91,20,61,0.0,0.0,0.0,0.0,724147.7476000004,2571935.9079,1440000.0
92,20,64,0.0,0.0,0.0,0.0,724147.7476000004,2575535.9079,1440000.0
93,20,65,0.0,1.0,0.0,0.0,724147.7476000004,2576735.9079,1440000.0
94,20,68,0.0,0.0,0.0,0.0,724147.7476000004,2580335.9079,1440000.0
95,20,69,0.0,0.0,0.0,0.0,724147.7476000004,2581535.9079,1440000.0
96,20,70,1.0,0.0,0.0,0.0,724147.7476000004,2582735.9079,1440000.0
97,20,71,0.0,0.0,0.0,0.0,724147.7476000004,2583935.9079,1440000.0
98,20,72,0.0,0.0,0.0,0.0,724147.7476000004,2585135.9079,1440000.0
99,20,73,4.0,9.0,0.0,0.0,724147.7476000004,2586335.9079,1440000.0
100,20,74,6.0,19.0,1.0,3.0,724147.7476000004,2587535.9079,1440000.0
101,20,75,0.0,8.0,5.0,11.0,724147.7476000004,2588735.9079,1440000.0
102,20,76,12.0,10.0,0.0,0.0,724147.7476000004,2589935.9079,1440000.0
103,20,77,0.0,2.0,1.0,0.0,724147.7476000004,2591135.9079,1440000.0
104,20,78,5.0,8.0,0.0,0.0,724147.7476000004,2592335.9079,1440000.0
105,20,81,0.0,1.0,0.0,0.0,724147.7476000004,2595935.9079,1440000.0
106,20,82,0.0,3.0,0.0,0.0,724147.7476000004,2597135.9079,1440000.0
107,20,83,1.0,3.0,0.0,0.0,724147.7476000004,2598335.9079,1440000.0
108,20,84,0.0,3.0,1.0,0.0,724147.7476000004,2599535.9079,1440000.0
109,21,43,0.0,0.0,0.0,0.0,725347.7476000004,2550335.9079,190503.12
110,21,44,0.0,7.0,0.0,0.0,725347.7476000004,2551535.9079,1360118.35548413
111,21,45,0.0,1.0,0.0,0.0,725347.7476000004,2552735.9079,1440000.0
112,21,46,1.0,2.0,2.0,0.0,725347.7476000004,2553935.9079,1440000.0
113,21,47,0.0,0.0,0.0,0.0,725347.7476000004,2555135.9079,405568.464883
114,21,48,3.0,2.0,0.0,0.0,725347.7476000004,2556335.9079,193073.781918
115,21,49,1.0,5.0,1.0,0.0,725347.7476000004,2557535.9079,827121.5919294001
116,21,50,0.0,3.0,0.0,2.0,725347.7476000004,2558735.9079,683221.7298485
117,21,53,20.0,19.0,10.0,7.0,725347.7476000004,2562335.9079,1526054.6646125
118,21,54,11.0,17.0,2.0,3.0,725347.7476000004,2563535.9079,1440000.0
119,21,55,1.0,7.0,0.0,0.0,725347.7476000004,2564735.9079,847822.42770563
120,21,57,0.0,1.0,1.0,0.0,725347.7476000004,2567135.9079,811632.11795392
121,21,58,2.0,2.0,1.0,0.0,725347.7476000004,2568335.9079,1437539.4093540001
122,21,59,2.0,6.0,5.0,0.0,725347.7476000004,2569535.9079,1440000.0
123,21,60,0.0,3.0,0.0,0.0,725347.7476000004,2570735.9079,1440000.0
124,21,61,0.0,1.0,0.0,0.0,725347.7476000004,2571935.9079,1440000.0
125,21,62,0.0,2.0,3.0,0.0,725347.7476000004,2573135.9079,1440000.0
126,21,63,0.0,0.0,1.0,0.0,725347.7476000004,2574335.9079,1440000.0
127,21,64,4.0,6.0,2.0,0.0,725347.7476000004,2575535.9079,1440000.0
128,21,65,2.0,0.0,1.0,0.0,725347.7476000004,2576735.9079,1440000.0
129,21,66,0.0,1.0,0.0,0.0,725347.7476000004,2577935.9079,1440000.0
130,21,67,0.0,0.0,0.0,0.0,725347.7476000004,2579135.9079,1440000.0
131,21,68,0.0,0.0,0.0,0.0,725347.7476000004,2580335.9079,1440000.0
132,21,70,0.0,0.0,0.0,0.0,725347.7476000004,2582735.9079,1440000.0
133,21,71,0.0,2.0,0.0,0.0,725347.7476000004,2583935.9079,1440000.0
134,21,73,3.0,13.0,3.0,1.0,725347.7476000004,2586335.9079,1440000.0
135,21,74,14.0,26.0,19.0,23.0,725347.7476000004,2587535.9079,1440000.0
136,21,75,8.0,27.0,7.0,11.0,725347.7476000004,2588735.9079,1440000.0
137,21,76,13.0,31.0,2.0,3.0,725347.7476000004,2589935.9079,1440000.0
138,21,77,3.0,6.0,5.0,0.0,725347.7476000004,2591135.9079,1440000.0
139,21,78,1.0,5.0,0.0,0.0,725347.7476000004,2592335.9079,1440000.0
140,21,79,0.0,0.0,0.0,1.0,725347.7476000004,2593535.9079,1440000.0
141,21,80,1.0,0.0,0.0,0.0,725347.7476000004,2594735.9079,1440000.0
142,21,82,1.0,10.0,1.0,15.0,725347.7476000004,2597135.9079,1440000.0
143,21,83,1.0,19.0,1.0,5.0,725347.7476000004,2598335.9079,1440000.0
144,21,84,0.0,0.0,1.0,5.0,725347.7476000004,2599535.9079,1440000.0
145,22,43,0.0,1.0,0.0,0.0,726547.7476000004,2550335.9079,705186.7171511798
146,22,44,8.0,7.0,0.0,0.0,726547.7476000004,2551535.9079,1440000.0
147,22,45,1.0,4.0,2.0,1.0,726547.7476000004,2552735.9079,1440000.0
148,22,46,4.0,9.0,0.0,1.0,726547.7476000004,2553935.9079,1440000.0
149,22,47,0.0,2.0,0.0,0.0,726547.7476000004,2555135.9079,1326929.59194257
150,22,48,2.0,3.0,0.0,1.0,726547.7476000004,2556335.9079,998161.8966071
151,22,49,1.0,12.0,0.0,3.0,726547.7476000004,2557535.9079,1440000.0
152,22,50,7.0,10.0,2.0,2.0,726547.7476000004,2558735.9079,1440000.0
153,22,51,6.0,11.0,1.0,0.0,726547.7476000004,2559935.9079,1436473.5505161998
154,22,52,1.0,4.0,0.0,2.0,726547.7476000004,2561135.9079,1357998.055983
155,22,53,3.0,7.0,5.0,3.0,726547.7476000004,2562335.9079,1440000.0
156,22,54,10.0,10.0,7.0,1.0,726547.7476000004,2563535.9079,1440000.0
157,22,55,2.0,3.0,0.0,0.0,726547.7476000004,2564735.9079,1440000.0
158,22,56,3.0,3.0,0.0,0.0,726547.7476000004,2565935.9079,1440000.0
159,22,57,9.0,5.0,19.0,0.0,726547.7476000004,2567135.9079,1440000.0
160,22,58,2.0,9.0,18.0,0.0,726547.7476000004,2568335.9079,1440000.0
161,22,59,4.0,17.0,28.0,0.0,726547.7476000004,2569535.9079,1440000.0
162,22,60,1.0,2.0,0.0,1.0,726547.7476000004,2570735.9079,1440000.0
163,22,61,5.0,10.0,0.0,0.0,726547.7476000004,2571935.9079,1440000.0
164,22,62,0.0,0.0,0.0,0.0,726547.7476000004,2573135.9079,1440000.0
165,22,63,0.0,2.0,0.0,0.0,726547.7476000004,2574335.9079,1440000.0
166,22,64,2.0,4.0,0.0,1.0,726547.7476000004,2575535.9079,1440000.0
167,22,65,4.0,1.0,0.0,0.0,726547.7476000004,2576735.9079,1440000.0
168,22,67,2.0,0.0,0.0,0.0,726547.7476000004,2579135.9079,1440000.0
169,22,68,0.0,1.0,0.0,0.0,726547.7476000004,2580335.9079,1440000.0
170,22,69,0.0,1.0,0.0,0.0,726547.7476000004,2581535.9079,1440000.0
171,22,71,1.0,1.0,1.0,0.0,726547.7476000004,2583935.9079,1440000.0
172,22,72,1.0,3.0,1.0,0.0,726547.7476000004,2585135.9079,1440000.0
173,22,73,2.0,3.0,0.0,1.0,726547.7476000004,2586335.9079,1440000.0
174,22,74,11.0,10.0,4.0,8.0,726547.7476000004,2587535.9079,1440000.0
175,22,75,0.0,18.0,1.0,5.0,726547.7476000004,2588735.9079,1440000.0
176,22,76,4.0,34.0,2.0,11.0,726547.7476000004,2589935.9079,1440000.0
177,22,77,0.0,3.0,0.0,0.0,726547.7476000004,2591135.9079,1440000.0
178,22,78,1.0,6.0,0.0,0.0,726547.7476000004,2592335.9079,1440000.0
179,22,79,2.0,8.0,1.0,1.0,726547.7476000004,2593535.9079,1440000.0
180,22,80,0.0,1.0,0.0,1.0,726547.7476000004,2594735.9079,1440000.0
181,22,81,0.0,0.0,1.0,0.0,726547.7476000004,2595935.9079,1440000.0
182,22,82,4.0,17.0,2.0,2.0,726547.7476000004,2597135.9079,1440000.0
183,22,83,1.0,4.0,0.0,0.0,726547.7476000004,2598335.9079,1440000.0
184,22,84,0.0,1.0,0.0,0.0,726547.7476000004,2599535.9079,1440000.0
185,23,43,0.0,1.0,0.0,0.0,727747.7476000004,2550335.9079,648340.2
186,23,44,1.0,2.0,0.0,0.0,727747.7476000004,2551535.9079,1440000.0
187,23,45,12.0,8.0,2.0,4.0,727747.7476000004,2552735.9079,1440000.0
188,23,46,4.0,12.0,1.0,3.0,727747.7476000004,2553935.9079,1440000.0
189,23,47,3.0,15.0,2.0,2.0,727747.7476000004,2555135.9079,1440000.0
190,23,48,4.0,18.0,1.0,4.0,727747.7476000004,2556335.9079,1440000.0
191,23,49,1.0,5.0,2.0,1.0,727747.7476000004,2557535.9079,1440000.0
192,23,50,7.0,8.0,5.0,8.0,727747.7476000004,2558735.9079,1440000.0
193,23,51,5.0,13.0,7.0,9.0,727747.7476000004,2559935.9079,1440000.0
194,23,52,14.0,10.0,12.0,5.0,727747.7476000004,2561135.9079,1440000.0
195,23,53,13.0,18.0,35.0,6.0,727747.7476000004,2562335.9079,1440000.0
196,23,54,9.0,8.0,15.0,5.0,727747.7476000004,2563535.9079,1440000.0
197,23,55,21.0,11.0,3.0,1.0,727747.7476000004,2564735.9079,1440000.0
198,23,56,9.0,29.0,8.0,1.0,727747.7476000004,2565935.9079,1440000.0
199,23,57,11.0,19.0,21.0,3.0,727747.7476000004,2567135.9079,1440000.0
200,23,58,6.0,25.0,22.0,4.0,727747.7476000004,2568335.9079,1440000.0
201,23,59,15.0,53.0,56.0,4.0,727747.7476000004,2569535.9079,1440000.0
202,23,60,0.0,4.0,4.0,1.0,727747.7476000004,2570735.9079,1440000.0
203,23,61,0.0,6.0,9.0,1.0,727747.7476000004,2571935.9079,1440000.0
204,23,62,5.0,4.0,4.0,0.0,727747.7476000004,2573135.9079,1440000.0
205,23,63,2.0,0.0,0.0,1.0,727747.7476000004,2574335.9079,1440000.0
206,23,64,7.0,11.0,9.0,3.0,727747.7476000004,2575535.9079,1440000.0
207,23,65,7.0,7.0,0.0,1.0,727747.7476000004,2576735.9079,1440000.0
208,23,66,0.0,4.0,0.0,0.0,727747.7476000004,2577935.9079,1440000.0
209,23,67,1.0,3.0,0.0,0.0,727747.7476000004,2579135.9079,1440000.0
210,23,68,0.0,1.0,0.0,0.0,727747.7476000004,2580335.9079,1440000.0
211,23,69,0.0,0.0,0.0,0.0,727747.7476000004,2581535.9079,1440000.0
212,23,70,0.0,4.0,0.0,0.0,727747.7476000004,2582735.9079,1440000.0
213,23,71,0.0,2.0,0.0,2.0,727747.7476000004,2583935.9079,1440000.0
214,23,72,0.0,0.0,0.0,0.0,727747.7476000004,2585135.9079,1440000.0
215,23,73,0.0,0.0,1.0,0.0,727747.7476000004,2586335.9079,1440000.0
216,23,74,0.0,1.0,0.0,0.0,727747.7476000004,2587535.9079,1440000.0
217,23,75,4.0,10.0,3.0,1.0,727747.7476000004,2588735.9079,1440000.0
218,23,76,12.0,29.0,5.0,9.0,727747.7476000004,2589935.9079,1440000.0
219,23,77,5.0,5.0,2.0,1.0,727747.7476000004,2591135.9079,1440000.0
220,23,78,0.0,6.0,2.0,6.0,727747.7476000004,2592335.9079,1440000.0
221,23,79,3.0,10.0,4.0,1.0,727747.7476000004,2593535.9079,1440000.0
222,23,82,0.0,0.0,0.0,0.0,727747.7476000004,2597135.9079,1440000.0
223,23,83,0.0,0.0,0.0,0.0,727747.7476000004,2598335.9079,1440000.0
224,23,84,1.0,7.0,0.0,0.0,727747.7476000004,2599535.9079,1440000.0
225,23,86,0.0,0.0,0.0,0.0,727747.7476000004,2601935.9079,1440000.0
226,24,43,0.0,0.0,0.0,0.0,728947.7476000004,2550335.9079,588162.36
227,24,45,13.0,12.0,4.0,2.0,728947.7476000004,2552735.9079,1440000.0
228,24,46,9.0,19.0,1.0,0.0,728947.7476000004,2553935.9079,1440000.0
229,24,47,3.0,11.0,1.0,3.0,728947.7476000004,2555135.9079,1440000.0
230,24,48,8.0,8.0,1.0,3.0,728947.7476000004,2556335.9079,1440000.0
231,24,49,5.0,17.0,3.0,20.0,728947.7476000004,2557535.9079,1440000.0
232,24,50,25.0,33.0,4.0,7.0,728947.7476000004,2558735.9079,1440000.0
233,24,51,29.0,41.0,8.0,12.0,728947.7476000004,2559935.9079,1440000.0
234,24,52,3.0,10.0,5.0,0.0,728947.7476000004,2561135.9079,1440000.0
235,24,53,7.0,14.0,8.0,9.0,728947.7476000004,2562335.9079,1440000.0
236,24,54,3.0,8.0,6.0,2.0,728947.7476000004,2563535.9079,1440000.0
237,24,55,8.0,22.0,16.0,0.0,728947.7476000004,2564735.9079,1440000.0
238,24,56,13.0,28.0,25.0,3.0,728947.7476000004,2565935.9079,1440000.0
239,24,57,3.0,9.0,2.0,1.0,728947.7476000004,2567135.9079,1440000.0
240,24,58,24.0,39.0,8.0,3.0,728947.7476000004,2568335.9079,1440000.0
241,24,59,15.0,22.0,14.0,0.0,728947.7476000004,2569535.9079,1440000.0
242,24,60,0.0,0.0,1.0,0.0,728947.7476000004,2570735.9079,1440000.0
243,24,61,7.0,8.0,0.0,0.0,728947.7476000004,2571935.9079,1440000.0
244,24,62,1.0,3.0,0.0,1.0,728947.7476000004,2573135.9079,1440000.0
245,24,63,2.0,5.0,0.0,0.0,728947.7476000004,2574335.9079,1440000.0
246,24,64,2.0,0.0,1.0,0.0,728947.7476000004,2575535.9079,1440000.0
247,24,65,1.0,2.0,0.0,0.0,728947.7476000004,2576735.9079,1440000.0
248,24,66,1.0,2.0,0.0,0.0,728947.7476000004,2577935.9079,1440000.0
249,24,67,0.0,0.0,0.0,1.0,728947.7476000004,2579135.9079,1440000.0
250,24,68,0.0,1.0,0.0,0.0,728947.7476000004,2580335.9079,1440000.0
251,24,69,0.0,1.0,0.0,0.0,728947.7476000004,2581535.9079,1440000.0
252,24,70,0.0,0.0,0.0,0.0,728947.7476000004,2582735.9079,1440000.0
253,24,71,1.0,0.0,3.0,3.0,728947.7476000004,2583935.9079,1440000.0
254,24,72,2.0,1.0,0.0,0.0,728947.7476000004,2585135.9079,1440000.0
255,24,73,0.0,1.0,0.0,0.0,728947.7476000004,2586335.9079,1440000.0
256,24,74,2.0,7.0,0.0,0.0,728947.7476000004,2587535.9079,1440000.0
257,24,75,0.0,10.0,1.0,1.0,728947.7476000004,2588735.9079,1440000.0
258,24,76,0.0,2.0,0.0,1.0,728947.7476000004,2589935.9079,1440000.0
259,24,77,3.0,4.0,1.0,0.0,728947.7476000004,2591135.9079,1440000.0
260,24,80,0.0,0.0,0.0,0.0,728947.7476000004,2594735.9079,1440000.0
261,24,81,0.0,0.0,0.0,0.0,728947.7476000004,2595935.9079,1440000.0
262,24,83,0.0,0.0,0.0,2.0,728947.7476000004,2598335.9079,1440000.0
263,24,84,0.0,0.0,0.0,0.0,728947.7476000004,2599535.9079,1440000.0
264,24,85,0.0,1.0,0.0,0.0,728947.7476000004,2600735.9079,1440000.0
265,25,44,1.0,3.0,0.0,2.0,730147.7476000004,2551535.9079,1440000.0
266,25,45,4.0,7.0,1.0,1.0,730147.7476000004,2552735.9079,1440000.0
267,25,46,1.0,1.0,0.0,0.0,730147.7476000004,2553935.9079,1440000.0
268,25,47,5.0,9.0,1.0,1.0,730147.7476000004,2555135.9079,1440000.0
269,25,48,10.0,15.0,2.0,0.0,730147.7476000004,2556335.9079,1440000.0
270,25,49,4.0,11.0,12.0,11.0,730147.7476000004,2557535.9079,1440000.0
271,25,50,18.0,49.0,8.0,6.0,730147.7476000004,2558735.9079,1440000.0
272,25,51,17.0,36.0,6.0,10.0,730147.7476000004,2559935.9079,1440000.0
273,25,52,0.0,16.0,13.0,3.0,730147.7476000004,2561135.9079,1440000.0
274,25,53,4.0,21.0,46.0,4.0,730147.7476000004,2562335.9079,1440000.0
275,25,54,38.0,44.0,35.0,7.0,730147.7476000004,2563535.9079,1440000.0
276,25,55,46.0,51.0,25.0,8.0,730147.7476000004,2564735.9079,1440000.0
277,25,56,41.0,46.0,14.0,0.0,730147.7476000004,2565935.9079,1440000.0
278,25,57,46.0,35.0,10.0,7.0,730147.7476000004,2567135.9079,1440000.0
279,25,58,16.0,23.0,12.0,3.0,730147.7476000004,2568335.9079,1440000.0
280,25,59,16.0,22.0,29.0,5.0,730147.7476000004,2569535.9079,1440000.0
281,25,60,5.0,7.0,2.0,1.0,730147.7476000004,2570735.9079,1440000.0
282,25,61,1.0,3.0,0.0,1.0,730147.7476000004,2571935.9079,1440000.0
283,25,62,22.0,23.0,3.0,3.0,730147.7476000004,2573135.9079,1440000.0
284,25,63,1.0,6.0,0.0,0.0,730147.7476000004,2574335.9079,1440000.0
285,25,64,0.0,1.0,0.0,0.0,730147.7476000004,2575535.9079,1440000.0
286,25,66,0.0,1.0,0.0,1.0,730147.7476000004,2577935.9079,1440000.0
287,25,67,0.0,3.0,0.0,0.0,730147.7476000004,2579135.9079,1440000.0
288,25,71,0.0,1.0,1.0,0.0,730147.7476000004,2583935.9079,1440000.0
289,25,72,0.0,2.0,0.0,0.0,730147.7476000004,2585135.9079,1440000.0
290,25,73,0.0,3.0,0.0,1.0,730147.7476000004,2586335.9079,1440000.0
291,25,74,2.0,11.0,0.0,0.0,730147.7476000004,2587535.9079,1440000.0
292,25,75,1.0,0.0,4.0,0.0,730147.7476000004,2588735.9079,1440000.0
293,25,76,0.0,2.0,4.0,0.0,730147.7476000004,2589935.9079,1440000.0
294,25,77,1.0,3.0,0.0,1.0,730147.7476000004,2591135.9079,1440000.0
295,25,79,0.0,2.0,0.0,0.0,730147.7476000004,2593535.9079,1440000.0
296,25,93,0.0,4.0,3.0,1.0,730147.7476000004,2610335.9079,1440000.0
297,26,37,4.0,5.0,1.0,0.0,731347.7476000004,2543135.9079,1440000.0
298,26,38,0.0,1.0,0.0,0.0,731347.7476000004,2544335.9079,1440000.0
299,26,39,1.0,0.0,1.0,0.0,731347.7476000004,2545535.9079,1440000.0
300,26,42,0.0,2.0,1.0,0.0,731347.7476000004,2549135.9079,1440000.0
301,26,43,6.0,10.0,0.0,0.0,731347.7476000004,2550335.9079,1590998.58
302,26,44,2.0,1.0,0.0,1.0,731347.7476000004,2551535.9079,1440000.0
303,26,45,0.0,1.0,1.0,1.0,731347.7476000004,2552735.9079,1440000.0
304,26,46,5.0,18.0,3.0,0.0,731347.7476000004,2553935.9079,1440000.0
305,26,47,13.0,30.0,0.0,8.0,731347.7476000004,2555135.9079,1440000.0
306,26,48,28.0,36.0,6.0,4.0,731347.7476000004,2556335.9079,1440000.0
307,26,49,14.0,27.0,7.0,11.0,731347.7476000004,2557535.9079,1440000.0
308,26,50,16.0,28.0,25.0,17.0,731347.7476000004,2558735.9079,1440000.0
309,26,51,9.0,22.0,12.0,10.0,731347.7476000004,2559935.9079,1440000.0
310,26,52,1.0,12.0,1.0,0.0,731347.7476000004,2561135.9079,1440000.0
311,26,53,17.0,20.0,5.0,1.0,731347.7476000004,2562335.9079,1440000.0
312,26,54,51.0,50.0,16.0,5.0,731347.7476000004,2563535.9079,1440000.0
313,26,55,9.0,19.0,4.0,10.0,731347.7476000004,2564735.9079,1440000.0
314,26,56,23.0,17.0,7.0,8.0,731347.7476000004,2565935.9079,1440000.0
315,26,57,99.0,105.0,51.0,14.0,731347.7476000004,2567135.9079,1440000.0
316,26,58,22.0,31.0,9.0,3.0,731347.7476000004,2568335.9079,1440000.0
317,26,59,27.0,41.0,8.0,1.0,731347.7476000004,2569535.9079,1440000.0
318,26,60,9.0,16.0,1.0,2.0,731347.7476000004,2570735.9079,1440000.0
319,26,61,4.0,9.0,0.0,0.0,731347.7476000004,2571935.9079,1440000.0
320,26,62,16.0,26.0,2.0,2.0,731347.7476000004,2573135.9079,1440000.0
321,26,63,5.0,9.0,4.0,3.0,731347.7476000004,2574335.9079,1440000.0
322,26,66,1.0,2.0,0.0,0.0,731347.7476000004,2577935.9079,1440000.0
323,26,67,0.0,0.0,1.0,0.0,731347.7476000004,2579135.9079,1440000.0
324,26,68,0.0,0.0,0.0,0.0,731347.7476000004,2580335.9079,1440000.0
325,26,69,0.0,1.0,0.0,0.0,731347.7476000004,2581535.9079,1440000.0
326,26,70,0.0,2.0,0.0,0.0,731347.7476000004,2582735.9079,1440000.0
327,26,71,0.0,0.0,0.0,0.0,731347.7476000004,2583935.9079,1440000.0
328,26,72,0.0,1.0,0.0,1.0,731347.7476000004,2585135.9079,1440000.0
329,26,73,0.0,1.0,0.0,0.0,731347.7476000004,2586335.9079,1440000.0
330,26,74,0.0,1.0,1.0,1.0,731347.7476000004,2587535.9079,1440000.0
331,26,75,0.0,1.0,0.0,0.0,731347.7476000004,2588735.9079,1440000.0
332,26,77,1.0,0.0,0.0,0.0,731347.7476000004,2591135.9079,1440000.0
333,26,78,0.0,0.0,0.0,0.0,731347.7476000004,2592335.9079,1440000.0
334,26,79,0.0,1.0,0.0,1.0,731347.7476000004,2593535.9079,1440000.0
335,26,80,2.0,0.0,0.0,0.0,731347.7476000004,2594735.9079,1440000.0
336,26,81,0.0,0.0,1.0,1.0,731347.7476000004,2595935.9079,1440000.0
337,26,86,0.0,1.0,0.0,0.0,731347.7476000004,2601935.9079,1440000.0
338,26,93,0.0,0.0,0.0,0.0,731347.7476000004,2610335.9079,1440000.0
339,27,35,0.0,0.0,1.0,0.0,732547.7476000004,2540735.9079,454642.63562799996
340,27,37,0.0,1.0,0.0,1.0,732547.7476000004,2543135.9079,1440000.0
341,27,38,1.0,4.0,2.0,0.0,732547.7476000004,2544335.9079,1440000.0
342,27,39,1.0,5.0,0.0,0.0,732547.7476000004,2545535.9079,1440000.0
343,27,40,0.0,2.0,0.0,0.0,732547.7476000004,2546735.9079,1440000.0
344,27,42,0.0,1.0,0.0,0.0,732547.7476000004,2549135.9079,1440000.0
345,27,43,0.0,9.0,4.0,1.0,732547.7476000004,2550335.9079,1440000.0
346,27,44,0.0,2.0,0.0,0.0,732547.7476000004,2551535.9079,1440000.0
347,27,45,4.0,16.0,3.0,4.0,732547.7476000004,2552735.9079,1440000.0
348,27,46,30.0,28.0,14.0,1.0,732547.7476000004,2553935.9079,1440000.0
349,27,47,35.0,119.0,8.0,45.0,732547.7476000004,2555135.9079,1440000.0
350,27,48,23.0,32.0,6.0,17.0,732547.7476000004,2556335.9079,1440000.0
351,27,49,8.0,37.0,4.0,43.0,732547.7476000004,2557535.9079,1440000.0
352,27,50,17.0,39.0,10.0,1.0,732547.7476000004,2558735.9079,1440000.0
353,27,51,18.0,35.0,7.0,3.0,732547.7476000004,2559935.9079,1440000.0
354,27,52,6.0,23.0,17.0,13.0,732547.7476000004,2561135.9079,1440000.0
355,27,53,0.0,2.0,1.0,0.0,732547.7476000004,2562335.9079,1440000.0
356,27,54,14.0,25.0,7.0,3.0,732547.7476000004,2563535.9079,1440000.0
357,27,55,6.0,11.0,0.0,1.0,732547.7476000004,2564735.9079,1440000.0
358,27,56,0.0,0.0,0.0,1.0,732547.7476000004,2565935.9079,1440000.0
359,27,57,9.0,16.0,5.0,5.0,732547.7476000004,2567135.9079,1440000.0
360,27,58,27.0,58.0,20.0,4.0,732547.7476000004,2568335.9079,1440000.0
361,27,59,37.0,41.0,5.0,3.0,732547.7476000004,2569535.9079,1440000.0
362,27,60,50.0,48.0,8.0,5.0,732547.7476000004,2570735.9079,1440000.0
363,27,61,122.0,128.0,23.0,17.0,732547.7476000004,2571935.9079,1440000.0
364,27,62,10.0,10.0,2.0,4.0,732547.7476000004,2573135.9079,1440000.0
365,27,63,6.0,12.0,2.0,1.0,732547.7476000004,2574335.9079,1440000.0
366,27,64,3.0,5.0,0.0,0.0,732547.7476000004,2575535.9079,1440000.0
367,27,65,0.0,2.0,0.0,0.0,732547.7476000004,2576735.9079,1440000.0
368,27,66,1.0,0.0,0.0,0.0,732547.7476000004,2577935.9079,1440000.0
369,27,68,0.0,1.0,0.0,0.0,732547.7476000004,2580335.9079,1440000.0
370,27,69,0.0,1.0,0.0,0.0,732547.7476000004,2581535.9079,1440000.0
371,27,70,9.0,6.0,2.0,1.0,732547.7476000004,2582735.9079,1440000.0
372,27,71,1.0,0.0,0.0,0.0,732547.7476000004,2583935.9079,1440000.0
373,27,72,0.0,1.0,0.0,0.0,732547.7476000004,2585135.9079,1440000.0
374,27,80,0.0,1.0,0.0,2.0,732547.7476000004,2594735.9079,1440000.0
375,27,81,1.0,3.0,0.0,1.0,732547.7476000004,2595935.9079,1440000.0
376,27,82,0.0,1.0,1.0,0.0,732547.7476000004,2597135.9079,1440000.0
377,28,29,0.0,1.0,0.0,0.0,733747.7476000004,2533535.9079,1042205.9770881
378,28,35,1.0,2.0,1.0,0.0,733747.7476000004,2540735.9079,1201672.303175
379,28,36,3.0,4.0,0.0,2.0,733747.7476000004,2541935.9079,1440000.0
380,28,38,0.0,0.0,0.0,0.0,733747.7476000004,2544335.9079,1440000.0
381,28,40,2.0,11.0,3.0,1.0,733747.7476000004,2546735.9079,1440000.0
382,28,41,0.0,1.0,0.0,0.0,733747.7476000004,2547935.9079,1440000.0
383,28,42,0.0,1.0,1.0,0.0,733747.7476000004,2549135.9079,1440000.0
384,28,43,5.0,15.0,0.0,1.0,733747.7476000004,2550335.9079,1440000.0
385,28,44,0.0,2.0,0.0,0.0,733747.7476000004,2551535.9079,1440000.0
386,28,45,20.0,24.0,9.0,5.0,733747.7476000004,2552735.9079,1440000.0
387,28,46,13.0,25.0,7.0,5.0,733747.7476000004,2553935.9079,1440000.0
388,28,47,15.0,24.0,4.0,2.0,733747.7476000004,2555135.9079,1440000.0
389,28,48,20.0,23.0,1.0,7.0,733747.7476000004,2556335.9079,1440000.0
390,28,49,3.0,10.0,1.0,0.0,733747.7476000004,2557535.9079,1440000.0
391,28,50,15.0,23.0,12.0,12.0,733747.7476000004,2558735.9079,1440000.0
392,28,51,13.0,31.0,4.0,15.0,733747.7476000004,2559935.9079,1440000.0
393,28,52,16.0,23.0,15.0,3.0,733747.7476000004,2561135.9079,1440000.0
394,28,53,1.0,1.0,0.0,0.0,733747.7476000004,2562335.9079,1440000.0
395,28,58,3.0,12.0,4.0,0.0,733747.7476000004,2568335.9079,1440000.0
396,28,59,19.0,26.0,6.0,3.0,733747.7476000004,2569535.9079,1440000.0
397,28,60,21.0,19.0,7.0,5.0,733747.7476000004,2570735.9079,1440000.0
398,28,61,12.0,14.0,2.0,5.0,733747.7476000004,2571935.9079,1440000.0
399,28,62,4.0,31.0,1.0,4.0,733747.7476000004,2573135.9079,1440000.0
400,28,63,12.0,28.0,2.0,4.0,733747.7476000004,2574335.9079,1440000.0
401,28,64,5.0,18.0,11.0,6.0,733747.7476000004,2575535.9079,1440000.0
402,28,65,4.0,8.0,2.0,1.0,733747.7476000004,2576735.9079,1440000.0
403,28,66,0.0,0.0,0.0,0.0,733747.7476000004,2577935.9079,1440000.0
404,28,67,0.0,0.0,0.0,0.0,733747.7476000004,2579135.9079,1440000.0
405,28,68,1.0,0.0,0.0,0.0,733747.7476000004,2580335.9079,1440000.0
406,28,69,2.0,7.0,1.0,0.0,733747.7476000004,2581535.9079,1440000.0
407,28,70,8.0,9.0,4.0,3.0,733747.7476000004,2582735.9079,1440000.0
408,28,71,5.0,20.0,2.0,5.0,733747.7476000004,2583935.9079,1440000.0
409,28,72,1.0,2.0,0.0,0.0,733747.7476000004,2585135.9079,1440000.0
410,28,73,0.0,2.0,0.0,0.0,733747.7476000004,2586335.9079,1440000.0
411,28,79,0.0,1.0,0.0,0.0,733747.7476000004,2593535.9079,1440000.0
412,28,80,0.0,1.0,0.0,0.0,733747.7476000004,2594735.9079,1440000.0
413,28,81,0.0,0.0,0.0,0.0,733747.7476000004,2595935.9079,1440000.0
414,28,82,0.0,1.0,0.0,0.0,733747.7476000004,2597135.9079,1440000.0
415,28,85,0.0,1.0,0.0,0.0,733747.7476000004,2600735.9079,1440000.0
416,28,90,0.0,1.0,0.0,0.0,733747.7476000004,2606735.9079,1440000.0
417,29,29,0.0,0.0,0.0,0.0,734947.7476000004,2533535.9079,1447710.61477564
418,29,31,0.0,1.0,0.0,0.0,734947.7476000004,2535935.9079,1440000.0
419,29,32,0.0,2.0,0.0,0.0,734947.7476000004,2537135.9079,1440000.0
420,29,36,2.0,5.0,0.0,3.0,734947.7476000004,2541935.9079,1440000.0
421,29,37,0.0,1.0,0.0,0.0,734947.7476000004,2543135.9079,1440000.0
422,29,40,4.0,11.0,2.0,5.0,734947.7476000004,2546735.9079,1440000.0
423,29,41,3.0,2.0,0.0,2.0,734947.7476000004,2547935.9079,1440000.0
424,29,42,12.0,15.0,3.0,1.0,734947.7476000004,2549135.9079,1440000.0
425,29,43,21.0,32.0,3.0,6.0,734947.7476000004,2550335.9079,1440000.0
426,29,44,0.0,3.0,2.0,0.0,734947.7476000004,2551535.9079,1440000.0
427,29,45,16.0,31.0,6.0,3.0,734947.7476000004,2552735.9079,1440000.0
428,29,46,6.0,14.0,1.0,7.0,734947.7476000004,2553935.9079,1440000.0
429,29,47,4.0,22.0,15.0,5.0,734947.7476000004,2555135.9079,1440000.0
430,29,48,4.0,8.0,2.0,3.0,734947.7476000004,2556335.9079,1440000.0
431,29,49,2.0,7.0,1.0,0.0,734947.7476000004,2557535.9079,1440000.0
432,29,50,15.0,6.0,4.0,2.0,734947.7476000004,2558735.9079,1440000.0
433,29,51,12.0,34.0,42.0,16.0,734947.7476000004,2559935.9079,1440000.0
434,29,52,8.0,16.0,5.0,5.0,734947.7476000004,2561135.9079,1440000.0
435,29,53,5.0,6.0,1.0,0.0,734947.7476000004,2562335.9079,1440000.0
436,29,54,0.0,0.0,0.0,0.0,734947.7476000004,2563535.9079,1440000.0
437,29,56,0.0,1.0,0.0,0.0,734947.7476000004,2565935.9079,1440000.0
438,29,59,46.0,50.0,18.0,8.0,734947.7476000004,2569535.9079,1440000.0
439,29,60,53.0,76.0,19.0,9.0,734947.7476000004,2570735.9079,1440000.0
440,29,61,3.0,7.0,1.0,0.0,734947.7476000004,2571935.9079,1440000.0
441,29,62,4.0,5.0,1.0,0.0,734947.7476000004,2573135.9079,1440000.0
442,29,63,12.0,39.0,5.0,4.0,734947.7476000004,2574335.9079,1440000.0
443,29,64,10.0,18.0,1.0,1.0,734947.7476000004,2575535.9079,1440000.0
444,29,65,6.0,22.0,2.0,0.0,734947.7476000004,2576735.9079,1440000.0
445,29,66,11.0,25.0,13.0,4.0,734947.7476000004,2577935.9079,1440000.0
446,29,67,1.0,1.0,0.0,0.0,734947.7476000004,2579135.9079,1440000.0
447,29,68,0.0,1.0,0.0,0.0,734947.7476000004,2580335.9079,1440000.0
448,29,69,0.0,4.0,2.0,0.0,734947.7476000004,2581535.9079,1440000.0
449,29,70,7.0,9.0,5.0,3.0,734947.7476000004,2582735.9079,1440000.0
450,29,71,4.0,12.0,1.0,1.0,734947.7476000004,2583935.9079,1440000.0
451,29,72,0.0,1.0,0.0,0.0,734947.7476000004,2585135.9079,1440000.0
452,29,75,0.0,0.0,0.0,0.0,734947.7476000004,2588735.9079,1440000.0
453,29,78,0.0,2.0,0.0,0.0,734947.7476000004,2592335.9079,1440000.0
454,29,79,0.0,2.0,0.0,0.0,734947.7476000004,2593535.9079,1440000.0
455,30,26,0.0,0.0,0.0,1.0,736147.7476000004,2529935.9079,1257136.0071330802
456,30,30,0.0,0.0,0.0,0.0,736147.7476000004,2534735.9079,1440000.0
457,30,33,1.0,2.0,0.0,0.0,736147.7476000004,2538335.9079,1440000.0
458,30,36,5.0,8.0,0.0,4.0,736147.7476000004,2541935.9079,1440000.0
459,30,37,12.0,12.0,5.0,2.0,736147.7476000004,2543135.9079,1440000.0
460,30,38,0.0,3.0,0.0,1.0,736147.7476000004,2544335.9079,1440000.0
461,30,39,1.0,3.0,1.0,0.0,736147.7476000004,2545535.9079,1440000.0
462,30,40,2.0,12.0,1.0,4.0,736147.7476000004,2546735.9079,1440000.0
463,30,41,25.0,38.0,21.0,18.0,736147.7476000004,2547935.9079,1440000.0
464,30,42,7.0,21.0,6.0,6.0,736147.7476000004,2549135.9079,1440000.0
465,30,43,9.0,15.0,1.0,5.0,736147.7476000004,2550335.9079,1440000.0
466,30,44,1.0,2.0,0.0,0.0,736147.7476000004,2551535.9079,1440000.0
467,30,45,3.0,6.0,0.0,2.0,736147.7476000004,2552735.9079,1440000.0
468,30,46,4.0,5.0,3.0,0.0,736147.7476000004,2553935.9079,1440000.0
469,30,47,11.0,46.0,11.0,18.0,736147.7476000004,2555135.9079,1440000.0
470,30,48,20.0,33.0,5.0,6.0,736147.7476000004,2556335.9079,1440000.0
471,30,49,0.0,8.0,0.0,0.0,736147.7476000004,2557535.9079,1440000.0
472,30,50,13.0,34.0,6.0,10.0,736147.7476000004,2558735.9079,1440000.0
473,30,51,12.0,37.0,5.0,3.0,736147.7476000004,2559935.9079,1440000.0
474,30,52,8.0,21.0,2.0,3.0,736147.7476000004,2561135.9079,1440000.0
475,30,53,3.0,12.0,39.0,3.0,736147.7476000004,2562335.9079,1440000.0
476,30,54,2.0,7.0,3.0,1.0,736147.7476000004,2563535.9079,1440000.0
477,30,55,0.0,2.0,5.0,0.0,736147.7476000004,2564735.9079,1440000.0
478,30,56,0.0,3.0,0.0,0.0,736147.7476000004,2565935.9079,1440000.0
479,30,58,0.0,2.0,0.0,0.0,736147.7476000004,2568335.9079,1440000.0
480,30,59,0.0,1.0,0.0,0.0,736147.7476000004,2569535.9079,1440000.0
481,30,60,3.0,3.0,7.0,1.0,736147.7476000004,2570735.9079,1440000.0
482,30,61,0.0,0.0,0.0,0.0,736147.7476000004,2571935.9079,1440000.0
483,30,62,16.0,15.0,14.0,4.0,736147.7476000004,2573135.9079,1440000.0
484,30,63,6.0,25.0,5.0,6.0,736147.7476000004,2574335.9079,1440000.0
485,30,64,3.0,7.0,1.0,4.0,736147.7476000004,2575535.9079,1440000.0
486,30,65,6.0,13.0,4.0,0.0,736147.7476000004,2576735.9079,1440000.0
487,30,66,0.0,7.0,2.0,0.0,736147.7476000004,2577935.9079,1440000.0
488,30,67,0.0,2.0,0.0,0.0,736147.7476000004,2579135.9079,1440000.0
489,30,68,0.0,1.0,0.0,0.0,736147.7476000004,2580335.9079,1440000.0
490,30,69,0.0,2.0,0.0,0.0,736147.7476000004,2581535.9079,1440000.0
491,30,79,0.0,3.0,0.0,1.0,736147.7476000004,2593535.9079,1440000.0
492,30,80,0.0,0.0,0.0,0.0,736147.7476000004,2594735.9079,1440000.0
493,30,81,0.0,1.0,0.0,0.0,736147.7476000004,2595935.9079,1440000.0
494,30,82,1.0,0.0,0.0,0.0,736147.7476000004,2597135.9079,1440000.0
495,31,24,0.0,0.0,0.0,0.0,737347.7476000004,2527535.9079,1410942.0875237002
496,31,26,1.0,0.0,0.0,0.0,737347.7476000004,2529935.9079,1440000.0
497,31,31,0.0,1.0,0.0,0.0,737347.7476000004,2535935.9079,1440000.0
498,31,33,3.0,7.0,0.0,0.0,737347.7476000004,2538335.9079,1440000.0
499,31,36,9.0,14.0,0.0,1.0,737347.7476000004,2541935.9079,1440000.0
500,31,37,9.0,14.0,5.0,7.0,737347.7476000004,2543135.9079,1440000.0
501,31,38,3.0,6.0,0.0,1.0,737347.7476000004,2544335.9079,1440000.0
502,31,40,13.0,34.0,11.0,3.0,737347.7476000004,2546735.9079,1440000.0
503,31,41,22.0,51.0,13.0,58.0,737347.7476000004,2547935.9079,1440000.0
504,31,42,4.0,10.0,2.0,6.0,737347.7476000004,2549135.9079,1440000.0
505,31,43,4.0,6.0,3.0,3.0,737347.7476000004,2550335.9079,1440000.0
506,31,44,0.0,2.0,0.0,0.0,737347.7476000004,2551535.9079,1440000.0
507,31,45,8.0,16.0,2.0,1.0,737347.7476000004,2552735.9079,1440000.0
508,31,46,2.0,10.0,3.0,2.0,737347.7476000004,2553935.9079,1440000.0
509,31,47,14.0,40.0,10.0,2.0,737347.7476000004,2555135.9079,1440000.0
510,31,48,27.0,99.0,3.0,9.0,737347.7476000004,2556335.9079,1440000.0
511,31,49,4.0,3.0,0.0,0.0,737347.7476000004,2557535.9079,1440000.0
512,31,50,7.0,30.0,0.0,5.0,737347.7476000004,2558735.9079,1440000.0
513,31,51,31.0,52.0,18.0,34.0,737347.7476000004,2559935.9079,1440000.0
514,31,52,8.0,28.0,8.0,9.0,737347.7476000004,2561135.9079,1440000.0
515,31,53,3.0,25.0,2.0,4.0,737347.7476000004,2562335.9079,1440000.0
516,31,54,2.0,27.0,9.0,2.0,737347.7476000004,2563535.9079,1440000.0
517,31,55,7.0,22.0,9.0,6.0,737347.7476000004,2564735.9079,1440000.0
518,31,56,50.0,63.0,33.0,11.0,737347.7476000004,2565935.9079,1440000.0
519,31,57,37.0,36.0,9.0,6.0,737347.7476000004,2567135.9079,1440000.0
520,31,58,13.0,17.0,8.0,4.0,737347.7476000004,2568335.9079,1440000.0
521,31,59,0.0,7.0,2.0,0.0,737347.7476000004,2569535.9079,1440000.0
522,31,62,2.0,0.0,0.0,0.0,737347.7476000004,2573135.9079,1440000.0
523,31,63,2.0,7.0,1.0,1.0,737347.7476000004,2574335.9079,1440000.0
524,31,64,3.0,26.0,4.0,5.0,737347.7476000004,2575535.9079,1440000.0
525,31,65,4.0,9.0,3.0,3.0,737347.7476000004,2576735.9079,1440000.0
526,31,66,0.0,0.0,1.0,0.0,737347.7476000004,2577935.9079,1440000.0
527,31,67,4.0,3.0,1.0,0.0,737347.7476000004,2579135.9079,1440000.0
528,31,68,1.0,1.0,0.0,0.0,737347.7476000004,2580335.9079,1440000.0
529,31,69,0.0,2.0,0.0,1.0,737347.7476000004,2581535.9079,1440000.0
530,31,70,0.0,1.0,0.0,1.0,737347.7476000004,2582735.9079,1440000.0
531,31,74,1.0,3.0,0.0,0.0,737347.7476000004,2587535.9079,1440000.0
532,31,79,0.0,4.0,3.0,1.0,737347.7476000004,2593535.9079,1440000.0
533,31,80,0.0,2.0,0.0,1.0,737347.7476000004,2594735.9079,1440000.0
534,31,83,0.0,1.0,0.0,0.0,737347.7476000004,2598335.9079,1440000.0
535,32,23,0.0,0.0,1.0,0.0,738547.7476000004,2526335.9079,1196623.7284368
536,32,24,0.0,0.0,0.0,0.0,738547.7476000004,2527535.9079,1440000.0
537,32,25,3.0,0.0,0.0,0.0,738547.7476000004,2528735.9079,1440000.0
538,32,26,1.0,0.0,0.0,0.0,738547.7476000004,2529935.9079,1440000.0
539,32,28,0.0,0.0,1.0,0.0,738547.7476000004,2532335.9079,1440000.0
540,32,30,2.0,2.0,0.0,1.0,738547.7476000004,2534735.9079,1440000.0
541,32,31,2.0,0.0,0.0,0.0,738547.7476000004,2535935.9079,1440000.0
542,32,32,2.0,3.0,0.0,0.0,738547.7476000004,2537135.9079,1440000.0
543,32,33,1.0,2.0,0.0,1.0,738547.7476000004,2538335.9079,1440000.0
544,32,34,2.0,4.0,0.0,1.0,738547.7476000004,2539535.9079,1440000.0
545,32,35,0.0,1.0,1.0,0.0,738547.7476000004,2540735.9079,1440000.0
546,32,36,2.0,4.0,3.0,3.0,738547.7476000004,2541935.9079,1440000.0
547,32,37,0.0,0.0,0.0,0.0,738547.7476000004,2543135.9079,1440000.0
548,32,38,5.0,9.0,3.0,1.0,738547.7476000004,2544335.9079,1440000.0
549,32,39,3.0,15.0,1.0,0.0,738547.7476000004,2545535.9079,1440000.0
550,32,40,7.0,36.0,2.0,1.0,738547.7476000004,2546735.9079,1440000.0
551,32,41,3.0,18.0,10.0,2.0,738547.7476000004,2547935.9079,1440000.0
552,32,42,1.0,7.0,2.0,1.0,738547.7476000004,2549135.9079,1440000.0
553,32,43,9.0,18.0,8.0,0.0,738547.7476000004,2550335.9079,1440000.0
554,32,44,2.0,3.0,0.0,0.0,738547.7476000004,2551535.9079,1440000.0
555,32,46,1.0,5.0,1.0,0.0,738547.7476000004,2553935.9079,1440000.0
556,32,47,8.0,22.0,3.0,1.0,738547.7476000004,2555135.9079,1440000.0
557,32,48,3.0,15.0,2.0,0.0,738547.7476000004,2556335.9079,1440000.0
558,32,49,28.0,65.0,3.0,8.0,738547.7476000004,2557535.9079,1440000.0
559,32,50,4.0,28.0,1.0,7.0,738547.7476000004,2558735.9079,1440000.0
560,32,51,36.0,128.0,114.0,119.0,738547.7476000004,2559935.9079,1440000.0
561,32,52,20.0,52.0,68.0,42.0,738547.7476000004,2561135.9079,1440000.0
562,32,53,7.0,22.0,0.0,2.0,738547.7476000004,2562335.9079,1440000.0
563,32,54,2.0,7.0,2.0,1.0,738547.7476000004,2563535.9079,1440000.0
564,32,55,1.0,11.0,6.0,4.0,738547.7476000004,2564735.9079,1440000.0
565,32,56,14.0,16.0,23.0,4.0,738547.7476000004,2565935.9079,1440000.0
566,32,57,14.0,19.0,12.0,0.0,738547.7476000004,2567135.9079,1440000.0
567,32,58,4.0,13.0,1.0,1.0,738547.7476000004,2568335.9079,1440000.0
568,32,59,1.0,1.0,0.0,0.0,738547.7476000004,2569535.9079,1440000.0
569,32,60,3.0,7.0,6.0,0.0,738547.7476000004,2570735.9079,1440000.0
570,32,61,5.0,17.0,8.0,1.0,738547.7476000004,2571935.9079,1440000.0
571,32,63,0.0,1.0,0.0,0.0,738547.7476000004,2574335.9079,1440000.0
572,32,64,1.0,5.0,2.0,1.0,738547.7476000004,2575535.9079,1440000.0
573,32,65,1.0,1.0,0.0,1.0,738547.7476000004,2576735.9079,1440000.0
574,32,66,4.0,6.0,0.0,0.0,738547.7476000004,2577935.9079,1440000.0
575,32,67,1.0,7.0,1.0,1.0,738547.7476000004,2579135.9079,1440000.0
576,32,68,1.0,0.0,2.0,0.0,738547.7476000004,2580335.9079,1440000.0
577,32,69,1.0,4.0,0.0,0.0,738547.7476000004,2581535.9079,1440000.0
578,32,70,0.0,0.0,0.0,0.0,738547.7476000004,2582735.9079,1440000.0
579,32,79,0.0,1.0,0.0,0.0,738547.7476000004,2593535.9079,1440000.0
580,32,80,1.0,0.0,0.0,0.0,738547.7476000004,2594735.9079,1440000.0
581,32,81,0.0,0.0,0.0,0.0,738547.7476000004,2595935.9079,1440000.0
582,32,82,0.0,0.0,0.0,0.0,738547.7476000004,2597135.9079,1440000.0
583,33,24,0.0,4.0,1.0,2.0,739747.7476000004,2527535.9079,1440000.0
584,33,25,1.0,0.0,0.0,1.0,739747.7476000004,2528735.9079,1440000.0
585,33,27,0.0,0.0,0.0,0.0,739747.7476000004,2531135.9079,1440000.0
586,33,28,0.0,4.0,1.0,2.0,739747.7476000004,2532335.9079,1440000.0
587,33,30,5.0,6.0,1.0,0.0,739747.7476000004,2534735.9079,1440000.0
588,33,31,5.0,5.0,0.0,1.0,739747.7476000004,2535935.9079,1440000.0
589,33,32,4.0,5.0,0.0,3.0,739747.7476000004,2537135.9079,1440000.0
590,33,33,6.0,2.0,1.0,1.0,739747.7476000004,2538335.9079,1440000.0
591,33,34,7.0,4.0,0.0,1.0,739747.7476000004,2539535.9079,1440000.0
592,33,35,24.0,5.0,0.0,0.0,739747.7476000004,2540735.9079,1440000.0
593,33,36,3.0,11.0,4.0,1.0,739747.7476000004,2541935.9079,1440000.0
594,33,37,1.0,4.0,0.0,1.0,739747.7476000004,2543135.9079,1440000.0
595,33,38,11.0,9.0,4.0,2.0,739747.7476000004,2544335.9079,1440000.0
596,33,39,8.0,15.0,4.0,3.0,739747.7476000004,2545535.9079,1440000.0
597,33,40,12.0,19.0,4.0,8.0,739747.7476000004,2546735.9079,1440000.0
598,33,41,11.0,21.0,5.0,4.0,739747.7476000004,2547935.9079,1440000.0
599,33,42,2.0,2.0,1.0,0.0,739747.7476000004,2549135.9079,1440000.0
600,33,43,0.0,1.0,0.0,0.0,739747.7476000004,2550335.9079,1440000.0
601,33,44,0.0,1.0,0.0,0.0,739747.7476000004,2551535.9079,1440000.0
602,33,45,1.0,1.0,1.0,0.0,739747.7476000004,2552735.9079,1440000.0
603,33,46,0.0,8.0,5.0,1.0,739747.7476000004,2553935.9079,1440000.0
604,33,47,4.0,6.0,2.0,0.0,739747.7476000004,2555135.9079,1440000.0
605,33,48,3.0,8.0,0.0,0.0,739747.7476000004,2556335.9079,1440000.0
606,33,50,2.0,15.0,1.0,1.0,739747.7476000004,2558735.9079,1440000.0
607,33,51,13.0,38.0,4.0,4.0,739747.7476000004,2559935.9079,1440000.0
608,33,52,6.0,28.0,7.0,4.0,739747.7476000004,2561135.9079,1440000.0
609,33,53,0.0,6.0,0.0,0.0,739747.7476000004,2562335.9079,1440000.0
610,33,54,0.0,2.0,0.0,0.0,739747.7476000004,2563535.9079,1440000.0
611,33,55,10.0,30.0,10.0,7.0,739747.7476000004,2564735.9079,1440000.0
612,33,56,3.0,8.0,0.0,1.0,739747.7476000004,2565935.9079,1440000.0
613,33,57,0.0,0.0,3.0,0.0,739747.7476000004,2567135.9079,1440000.0
614,33,58,0.0,0.0,0.0,0.0,739747.7476000004,2568335.9079,1440000.0
615,33,60,0.0,0.0,0.0,0.0,739747.7476000004,2570735.9079,1440000.0
616,33,61,12.0,20.0,9.0,0.0,739747.7476000004,2571935.9079,1440000.0
617,33,62,28.0,50.0,53.0,5.0,739747.7476000004,2573135.9079,1440000.0
618,33,63,0.0,8.0,1.0,0.0,739747.7476000004,2574335.9079,1440000.0
619,33,64,0.0,1.0,2.0,0.0,739747.7476000004,2575535.9079,1440000.0
620,33,65,0.0,1.0,0.0,0.0,739747.7476000004,2576735.9079,1440000.0
621,33,66,13.0,17.0,5.0,7.0,739747.7476000004,2577935.9079,1440000.0
622,33,67,17.0,32.0,9.0,1.0,739747.7476000004,2579135.9079,1440000.0
623,33,68,0.0,5.0,1.0,0.0,739747.7476000004,2580335.9079,1440000.0
624,33,69,0.0,1.0,0.0,0.0,739747.7476000004,2581535.9079,1440000.0
625,33,70,0.0,1.0,0.0,0.0,739747.7476000004,2582735.9079,1440000.0
626,33,71,0.0,0.0,0.0,0.0,739747.7476000004,2583935.9079,1440000.0
627,33,72,0.0,1.0,0.0,0.0,739747.7476000004,2585135.9079,1440000.0
628,33,73,4.0,0.0,0.0,4.0,739747.7476000004,2586335.9079,1440000.0
629,33,74,0.0,0.0,0.0,0.0,739747.7476000004,2587535.9079,1440000.0
630,33,80,0.0,0.0,0.0,0.0,739747.7476000004,2594735.9079,1440000.0
631,33,81,1.0,2.0,1.0,0.0,739747.7476000004,2595935.9079,1440000.0
632,33,95,0.0,0.0,0.0,0.0,739747.7476000004,2612735.9079,1440000.0
633,34,25,0.0,0.0,0.0,1.0,740947.7476000004,2528735.9079,1440000.0
634,34,26,7.0,0.0,2.0,1.0,740947.7476000004,2529935.9079,1440000.0
635,34,30,0.0,0.0,0.0,0.0,740947.7476000004,2534735.9079,1440000.0
636,34,31,5.0,8.0,0.0,0.0,740947.7476000004,2535935.9079,1440000.0
637,34,32,4.0,9.0,3.0,3.0,740947.7476000004,2537135.9079,1440000.0
638,34,33,18.0,20.0,3.0,1.0,740947.7476000004,2538335.9079,1440000.0
639,34,34,13.0,16.0,2.0,3.0,740947.7476000004,2539535.9079,1440000.0
640,34,35,14.0,22.0,1.0,2.0,740947.7476000004,2540735.9079,1440000.0
641,34,36,5.0,6.0,0.0,1.0,740947.7476000004,2541935.9079,1440000.0
642,34,37,1.0,0.0,1.0,0.0,740947.7476000004,2543135.9079,1440000.0
643,34,38,0.0,1.0,0.0,2.0,740947.7476000004,2544335.9079,1440000.0
644,34,39,0.0,5.0,1.0,1.0,740947.7476000004,2545535.9079,1440000.0
645,34,40,5.0,20.0,1.0,2.0,740947.7476000004,2546735.9079,1440000.0
646,34,41,2.0,11.0,2.0,1.0,740947.7476000004,2547935.9079,1440000.0
647,34,42,1.0,0.0,0.0,0.0,740947.7476000004,2549135.9079,1440000.0
648,34,44,0.0,0.0,0.0,0.0,740947.7476000004,2551535.9079,1440000.0
649,34,45,1.0,5.0,2.0,1.0,740947.7476000004,2552735.9079,1440000.0
650,34,46,1.0,3.0,0.0,1.0,740947.7476000004,2553935.9079,1440000.0
651,34,47,13.0,6.0,2.0,2.0,740947.7476000004,2555135.9079,1440000.0
652,34,48,2.0,2.0,0.0,0.0,740947.7476000004,2556335.9079,1440000.0
653,34,49,0.0,3.0,0.0,2.0,740947.7476000004,2557535.9079,1440000.0
654,34,50,18.0,50.0,7.0,4.0,740947.7476000004,2558735.9079,1440000.0
655,34,51,7.0,31.0,23.0,4.0,740947.7476000004,2559935.9079,1440000.0
656,34,52,12.0,16.0,0.0,1.0,740947.7476000004,2561135.9079,1440000.0
657,34,53,1.0,1.0,1.0,1.0,740947.7476000004,2562335.9079,1440000.0
658,34,55,3.0,9.0,2.0,1.0,740947.7476000004,2564735.9079,1440000.0
659,34,56,0.0,1.0,5.0,0.0,740947.7476000004,2565935.9079,1440000.0
660,34,57,0.0,7.0,1.0,2.0,740947.7476000004,2567135.9079,1440000.0
661,34,58,0.0,2.0,7.0,0.0,740947.7476000004,2568335.9079,1440000.0
662,34,59,2.0,0.0,0.0,0.0,740947.7476000004,2569535.9079,1440000.0
663,34,61,1.0,1.0,1.0,0.0,740947.7476000004,2571935.9079,1440000.0
664,34,62,9.0,14.0,13.0,3.0,740947.7476000004,2573135.9079,1440000.0
665,34,63,4.0,8.0,24.0,0.0,740947.7476000004,2574335.9079,1440000.0
666,34,64,1.0,0.0,0.0,0.0,740947.7476000004,2575535.9079,1440000.0
667,34,65,1.0,13.0,2.0,0.0,740947.7476000004,2576735.9079,1440000.0
668,34,66,28.0,50.0,27.0,7.0,740947.7476000004,2577935.9079,1440000.0
669,34,67,9.0,18.0,5.0,0.0,740947.7476000004,2579135.9079,1440000.0
670,34,68,0.0,5.0,0.0,0.0,740947.7476000004,2580335.9079,1440000.0
671,34,69,0.0,6.0,0.0,1.0,740947.7476000004,2581535.9079,1440000.0
672,34,70,0.0,7.0,0.0,0.0,740947.7476000004,2582735.9079,1440000.0
673,34,71,2.0,5.0,1.0,1.0,740947.7476000004,2583935.9079,1440000.0
674,34,72,0.0,2.0,0.0,1.0,740947.7476000004,2585135.9079,1440000.0
675,34,73,1.0,1.0,0.0,0.0,740947.7476000004,2586335.9079,1440000.0
676,34,74,2.0,1.0,0.0,0.0,740947.7476000004,2587535.9079,1440000.0
677,34,75,2.0,1.0,0.0,0.0,740947.7476000004,2588735.9079,1440000.0
678,34,76,1.0,0.0,0.0,0.0,740947.7476000004,2589935.9079,1440000.0
679,34,78,0.0,0.0,0.0,0.0,740947.7476000004,2592335.9079,1440000.0
680,34,80,0.0,0.0,0.0,0.0,740947.7476000004,2594735.9079,1440000.0
681,34,81,1.0,1.0,0.0,0.0,740947.7476000004,2595935.9079,1440000.0
682,34,82,0.0,0.0,0.0,0.0,740947.7476000004,2597135.9079,1440000.0
683,34,94,0.0,0.0,0.0,0.0,740947.7476000004,2611535.9079,1440000.0
684,35,23,0.0,0.0,0.0,0.0,742147.7476000004,2526335.9079,1079495.97
685,35,24,0.0,1.0,0.0,0.0,742147.7476000004,2527535.9079,1440000.0
686,35,26,0.0,0.0,0.0,0.0,742147.7476000004,2529935.9079,1440000.0
687,35,28,0.0,3.0,0.0,0.0,742147.7476000004,2532335.9079,1440000.0
688,35,30,1.0,2.0,0.0,0.0,742147.7476000004,2534735.9079,1440000.0
689,35,31,6.0,3.0,0.0,2.0,742147.7476000004,2535935.9079,1440000.0
690,35,32,8.0,10.0,0.0,2.0,742147.7476000004,2537135.9079,1440000.0
691,35,33,9.0,17.0,5.0,7.0,742147.7476000004,2538335.9079,1440000.0
692,35,34,14.0,35.0,8.0,11.0,742147.7476000004,2539535.9079,1440000.0
693,35,35,12.0,20.0,0.0,10.0,742147.7476000004,2540735.9079,1440000.0
694,35,36,4.0,8.0,2.0,4.0,742147.7476000004,2541935.9079,1440000.0
695,35,37,3.0,11.0,0.0,3.0,742147.7476000004,2543135.9079,1440000.0
696,35,38,1.0,1.0,0.0,0.0,742147.7476000004,2544335.9079,1440000.0
697,35,39,2.0,5.0,0.0,1.0,742147.7476000004,2545535.9079,1440000.0
698,35,40,6.0,9.0,0.0,1.0,742147.7476000004,2546735.9079,1440000.0
699,35,41,5.0,14.0,6.0,2.0,742147.7476000004,2547935.9079,1440000.0
700,35,42,1.0,1.0,0.0,0.0,742147.7476000004,2549135.9079,1440000.0
701,35,43,3.0,5.0,0.0,0.0,742147.7476000004,2550335.9079,1440000.0
702,35,44,2.0,1.0,1.0,0.0,742147.7476000004,2551535.9079,1440000.0
703,35,45,0.0,0.0,0.0,0.0,742147.7476000004,2552735.9079,1440000.0
704,35,46,4.0,2.0,1.0,0.0,742147.7476000004,2553935.9079,1440000.0
705,35,47,2.0,8.0,1.0,0.0,742147.7476000004,2555135.9079,1440000.0
706,35,48,1.0,7.0,6.0,3.0,742147.7476000004,2556335.9079,1440000.0
707,35,49,1.0,5.0,0.0,0.0,742147.7476000004,2557535.9079,1440000.0
708,35,50,5.0,32.0,2.0,2.0,742147.7476000004,2558735.9079,1440000.0
709,35,51,3.0,22.0,14.0,3.0,742147.7476000004,2559935.9079,1440000.0
710,35,52,6.0,43.0,69.0,19.0,742147.7476000004,2561135.9079,1440000.0
711,35,53,3.0,6.0,1.0,2.0,742147.7476000004,2562335.9079,1440000.0
712,35,54,0.0,0.0,0.0,0.0,742147.7476000004,2563535.9079,1440000.0
713,35,55,0.0,0.0,0.0,0.0,742147.7476000004,2564735.9079,1440000.0
714,35,57,7.0,17.0,9.0,6.0,742147.7476000004,2567135.9079,1440000.0
715,35,58,0.0,15.0,4.0,2.0,742147.7476000004,2568335.9079,1440000.0
716,35,59,1.0,3.0,1.0,0.0,742147.7476000004,2569535.9079,1440000.0
717,35,61,0.0,1.0,0.0,0.0,742147.7476000004,2571935.9079,1440000.0
718,35,63,0.0,0.0,1.0,0.0,742147.7476000004,2574335.9079,1440000.0
719,35,66,0.0,0.0,0.0,0.0,742147.7476000004,2577935.9079,1440000.0
720,35,67,0.0,2.0,0.0,0.0,742147.7476000004,2579135.9079,1440000.0
721,35,68,0.0,4.0,0.0,0.0,742147.7476000004,2580335.9079,1440000.0
722,35,69,1.0,2.0,0.0,0.0,742147.7476000004,2581535.9079,1440000.0
723,35,71,2.0,5.0,1.0,1.0,742147.7476000004,2583935.9079,1440000.0
724,35,72,5.0,11.0,0.0,0.0,742147.7476000004,2585135.9079,1440000.0
725,35,73,0.0,4.0,0.0,0.0,742147.7476000004,2586335.9079,1440000.0
726,35,74,0.0,1.0,0.0,0.0,742147.7476000004,2587535.9079,1440000.0
727,35,77,1.0,0.0,0.0,0.0,742147.7476000004,2591135.9079,1440000.0
728,35,78,0.0,2.0,0.0,0.0,742147.7476000004,2592335.9079,1440000.0
729,36,20,0.0,1.0,0.0,0.0,743347.7476000004,2522735.9079,1372878.421758
730,36,25,1.0,0.0,1.0,0.0,743347.7476000004,2528735.9079,1440000.0
731,36,28,0.0,0.0,0.0,0.0,743347.7476000004,2532335.9079,1440000.0
732,36,31,1.0,2.0,0.0,0.0,743347.7476000004,2535935.9079,1440000.0
733,36,32,0.0,1.0,0.0,0.0,743347.7476000004,2537135.9079,1440000.0
734,36,33,9.0,13.0,2.0,2.0,743347.7476000004,2538335.9079,1440000.0
735,36,34,8.0,13.0,2.0,10.0,743347.7476000004,2539535.9079,1440000.0
736,36,35,8.0,6.0,0.0,0.0,743347.7476000004,2540735.9079,1440000.0
737,36,36,4.0,7.0,1.0,1.0,743347.7476000004,2541935.9079,1440000.0
738,36,37,0.0,2.0,0.0,1.0,743347.7476000004,2543135.9079,1440000.0
739,36,38,0.0,3.0,1.0,0.0,743347.7476000004,2544335.9079,1440000.0
740,36,39,1.0,2.0,0.0,1.0,743347.7476000004,2545535.9079,1440000.0
741,36,40,6.0,22.0,13.0,3.0,743347.7476000004,2546735.9079,1440000.0
742,36,41,1.0,4.0,1.0,2.0,743347.7476000004,2547935.9079,1440000.0
743,36,42,0.0,1.0,0.0,0.0,743347.7476000004,2549135.9079,1440000.0
744,36,43,1.0,1.0,0.0,0.0,743347.7476000004,2550335.9079,1440000.0
745,36,44,3.0,1.0,0.0,0.0,743347.7476000004,2551535.9079,1440000.0
746,36,46,4.0,1.0,0.0,0.0,743347.7476000004,2553935.9079,1440000.0
747,36,47,0.0,0.0,0.0,0.0,743347.7476000004,2555135.9079,1440000.0
748,36,48,3.0,6.0,2.0,2.0,743347.7476000004,2556335.9079,1440000.0
749,36,49,1.0,2.0,1.0,0.0,743347.7476000004,2557535.9079,1440000.0
750,36,50,2.0,6.0,1.0,3.0,743347.7476000004,2558735.9079,1440000.0
751,36,51,22.0,59.0,31.0,16.0,743347.7476000004,2559935.9079,1440000.0
752,36,52,3.0,21.0,91.0,10.0,743347.7476000004,2561135.9079,1440000.0
753,36,53,0.0,0.0,0.0,0.0,743347.7476000004,2562335.9079,1440000.0
754,36,54,12.0,18.0,43.0,15.0,743347.7476000004,2563535.9079,1440000.0
755,36,55,6.0,27.0,66.0,12.0,743347.7476000004,2564735.9079,1440000.0
756,36,57,1.0,2.0,3.0,1.0,743347.7476000004,2567135.9079,1440000.0
757,36,58,0.0,5.0,0.0,0.0,743347.7476000004,2568335.9079,1440000.0
758,36,59,0.0,7.0,6.0,0.0,743347.7476000004,2569535.9079,1440000.0
759,36,68,0.0,1.0,0.0,0.0,743347.7476000004,2580335.9079,1440000.0
760,36,69,2.0,2.0,1.0,1.0,743347.7476000004,2581535.9079,1440000.0
761,36,70,1.0,1.0,0.0,0.0,743347.7476000004,2582735.9079,1440000.0
762,36,71,2.0,4.0,0.0,0.0,743347.7476000004,2583935.9079,1440000.0
763,36,72,1.0,2.0,1.0,0.0,743347.7476000004,2585135.9079,1440000.0
764,36,73,0.0,1.0,1.0,0.0,743347.7476000004,2586335.9079,1440000.0
765,36,74,0.0,0.0,0.0,0.0,743347.7476000004,2587535.9079,1440000.0
766,36,75,0.0,1.0,0.0,0.0,743347.7476000004,2588735.9079,1440000.0
767,36,76,1.0,0.0,0.0,0.0,743347.7476000004,2589935.9079,1440000.0
768,37,19,0.0,0.0,0.0,0.0,744547.7476000004,2521535.9079,1440000.0
769,37,20,0.0,0.0,0.0,1.0,744547.7476000004,2522735.9079,1440000.0
770,37,21,1.0,0.0,0.0,0.0,744547.7476000004,2523935.9079,1076777.4141121001
771,37,23,0.0,1.0,0.0,2.0,744547.7476000004,2526335.9079,1440000.0
772,37,24,0.0,0.0,0.0,0.0,744547.7476000004,2527535.9079,1440000.0
773,37,25,0.0,0.0,0.0,0.0,744547.7476000004,2528735.9079,1440000.0
774,37,26,1.0,0.0,0.0,0.0,744547.7476000004,2529935.9079,1440000.0
775,37,27,0.0,0.0,1.0,0.0,744547.7476000004,2531135.9079,1440000.0
776,37,29,1.0,2.0,0.0,0.0,744547.7476000004,2533535.9079,1440000.0
777,37,31,1.0,1.0,0.0,0.0,744547.7476000004,2535935.9079,1440000.0
778,37,32,0.0,1.0,1.0,0.0,744547.7476000004,2537135.9079,1440000.0
779,37,33,8.0,7.0,3.0,6.0,744547.7476000004,2538335.9079,1440000.0
780,37,34,3.0,11.0,1.0,0.0,744547.7476000004,2539535.9079,1440000.0
781,37,35,1.0,3.0,0.0,1.0,744547.7476000004,2540735.9079,1440000.0
782,37,36,4.0,2.0,1.0,2.0,744547.7476000004,2541935.9079,1440000.0
783,37,37,1.0,6.0,0.0,1.0,744547.7476000004,2543135.9079,1440000.0
784,37,38,1.0,4.0,0.0,0.0,744547.7476000004,2544335.9079,1440000.0
785,37,39,0.0,3.0,1.0,0.0,744547.7476000004,2545535.9079,1440000.0
786,37,40,12.0,19.0,6.0,5.0,744547.7476000004,2546735.9079,1440000.0
787,37,41,4.0,6.0,0.0,2.0,744547.7476000004,2547935.9079,1440000.0
788,37,42,1.0,2.0,0.0,0.0,744547.7476000004,2549135.9079,1440000.0
789,37,43,4.0,6.0,0.0,1.0,744547.7476000004,2550335.9079,1440000.0
790,37,45,2.0,13.0,1.0,0.0,744547.7476000004,2552735.9079,1440000.0
791,37,47,6.0,12.0,0.0,0.0,744547.7476000004,2555135.9079,1440000.0
792,37,48,9.0,11.0,0.0,1.0,744547.7476000004,2556335.9079,1440000.0
793,37,49,0.0,1.0,0.0,0.0,744547.7476000004,2557535.9079,1440000.0
794,37,50,47.0,46.0,5.0,4.0,744547.7476000004,2558735.9079,1440000.0
795,37,51,15.0,39.0,12.0,15.0,744547.7476000004,2559935.9079,1440000.0
796,37,52,5.0,11.0,44.0,3.0,744547.7476000004,2561135.9079,1440000.0
797,37,53,0.0,3.0,1.0,0.0,744547.7476000004,2562335.9079,1440000.0
798,37,54,3.0,3.0,0.0,0.0,744547.7476000004,2563535.9079,1440000.0
799,37,55,0.0,3.0,0.0,1.0,744547.7476000004,2564735.9079,1440000.0
800,37,57,2.0,14.0,8.0,2.0,744547.7476000004,2567135.9079,1440000.0
801,37,58,0.0,2.0,1.0,0.0,744547.7476000004,2568335.9079,1440000.0
802,37,68,3.0,1.0,0.0,0.0,744547.7476000004,2580335.9079,1440000.0
803,37,70,0.0,3.0,0.0,0.0,744547.7476000004,2582735.9079,1440000.0
804,37,71,1.0,1.0,0.0,0.0,744547.7476000004,2583935.9079,1440000.0
805,37,72,0.0,0.0,0.0,0.0,744547.7476000004,2585135.9079,1440000.0
806,37,74,4.0,7.0,0.0,0.0,744547.7476000004,2587535.9079,1440000.0
807,37,75,1.0,3.0,0.0,1.0,744547.7476000004,2588735.9079,1440000.0
808,37,81,0.0,1.0,0.0,0.0,744547.7476000004,2595935.9079,1440000.0
809,37,96,0.0,0.0,0.0,0.0,744547.7476000004,2613935.9079,1440000.0
810,37,97,0.0,0.0,0.0,0.0,744547.7476000004,2615135.9079,1440000.0
811,37,100,0.0,0.0,0.0,0.0,744547.7476000004,2618735.9079,1440000.0
812,37,102,0.0,0.0,0.0,0.0,744547.7476000004,2621135.9079,1440000.0
813,37,104,0.0,0.0,0.0,0.0,744547.7476000004,2623535.9079,1440000.0
814,38,18,0.0,1.0,0.0,0.0,745747.7476000004,2520335.9079,1440000.0
815,38,20,0.0,2.0,1.0,0.0,745747.7476000004,2522735.9079,1440000.0
816,38,21,2.0,5.0,3.0,1.0,745747.7476000004,2523935.9079,1440000.0
817,38,24,0.0,0.0,0.0,0.0,745747.7476000004,2527535.9079,1440000.0
818,38,25,0.0,0.0,0.0,0.0,745747.7476000004,2528735.9079,1440000.0
819,38,26,1.0,0.0,0.0,0.0,745747.7476000004,2529935.9079,1440000.0
820,38,28,0.0,0.0,0.0,2.0,745747.7476000004,2532335.9079,1440000.0
821,38,29,0.0,2.0,0.0,1.0,745747.7476000004,2533535.9079,1440000.0
822,38,31,2.0,0.0,0.0,0.0,745747.7476000004,2535935.9079,1440000.0
823,38,33,4.0,7.0,1.0,1.0,745747.7476000004,2538335.9079,1440000.0
824,38,34,3.0,16.0,4.0,0.0,745747.7476000004,2539535.9079,1440000.0
825,38,35,1.0,0.0,0.0,0.0,745747.7476000004,2540735.9079,1440000.0
826,38,36,3.0,5.0,1.0,1.0,745747.7476000004,2541935.9079,1440000.0
827,38,37,1.0,0.0,0.0,0.0,745747.7476000004,2543135.9079,1440000.0
828,38,38,1.0,8.0,1.0,1.0,745747.7476000004,2544335.9079,1440000.0
829,38,40,1.0,4.0,0.0,0.0,745747.7476000004,2546735.9079,1440000.0
830,38,44,0.0,1.0,0.0,0.0,745747.7476000004,2551535.9079,1440000.0
831,38,46,0.0,2.0,1.0,0.0,745747.7476000004,2553935.9079,1440000.0
832,38,47,1.0,3.0,0.0,1.0,745747.7476000004,2555135.9079,1440000.0
833,38,48,0.0,0.0,0.0,0.0,745747.7476000004,2556335.9079,1440000.0
834,38,49,1.0,2.0,0.0,0.0,745747.7476000004,2557535.9079,1440000.0
835,38,50,25.0,46.0,21.0,7.0,745747.7476000004,2558735.9079,1440000.0
836,38,51,11.0,16.0,10.0,7.0,745747.7476000004,2559935.9079,1440000.0
837,38,52,3.0,2.0,0.0,0.0,745747.7476000004,2561135.9079,1440000.0
838,38,53,12.0,8.0,13.0,7.0,745747.7476000004,2562335.9079,1440000.0
839,38,54,4.0,16.0,2.0,0.0,745747.7476000004,2563535.9079,1440000.0
840,38,55,4.0,23.0,5.0,3.0,745747.7476000004,2564735.9079,1440000.0
841,38,56,0.0,1.0,0.0,0.0,745747.7476000004,2565935.9079,1440000.0
842,38,57,0.0,5.0,0.0,1.0,745747.7476000004,2567135.9079,1440000.0
843,38,58,1.0,0.0,2.0,0.0,745747.7476000004,2568335.9079,1440000.0
844,38,64,0.0,0.0,1.0,0.0,745747.7476000004,2575535.9079,1440000.0
845,38,67,1.0,1.0,0.0,0.0,745747.7476000004,2579135.9079,1440000.0
846,38,73,0.0,0.0,0.0,0.0,745747.7476000004,2586335.9079,1440000.0
847,38,74,7.0,17.0,3.0,2.0,745747.7476000004,2587535.9079,1440000.0
848,38,75,8.0,13.0,2.0,2.0,745747.7476000004,2588735.9079,1440000.0
849,38,76,0.0,0.0,0.0,0.0,745747.7476000004,2589935.9079,1440000.0
850,38,79,0.0,1.0,0.0,0.0,745747.7476000004,2593535.9079,1440000.0
851,38,97,1.0,0.0,0.0,0.0,745747.7476000004,2615135.9079,1440000.0
852,38,101,0.0,0.0,0.0,0.0,745747.7476000004,2619935.9079,1440000.0
853,38,102,0.0,0.0,0.0,0.0,745747.7476000004,2621135.9079,1440000.0
854,38,104,0.0,1.0,0.0,0.0,745747.7476000004,2623535.9079,1440000.0
855,38,105,0.0,0.0,0.0,0.0,745747.7476000004,2624735.9079,1440000.0
856,39,20,0.0,0.0,0.0,0.0,746947.7476000004,2522735.9079,1440000.0
857,39,21,3.0,7.0,4.0,2.0,746947.7476000004,2523935.9079,1440000.0
858,39,22,0.0,0.0,0.0,0.0,746947.7476000004,2525135.9079,1440000.0
859,39,23,1.0,2.0,0.0,0.0,746947.7476000004,2526335.9079,1440000.0
860,39,27,1.0,0.0,0.0,0.0,746947.7476000004,2531135.9079,1440000.0
861,39,28,0.0,0.0,0.0,1.0,746947.7476000004,2532335.9079,1440000.0
862,39,32,2.0,0.0,0.0,0.0,746947.7476000004,2537135.9079,1440000.0
863,39,33,0.0,2.0,0.0,0.0,746947.7476000004,2538335.9079,1440000.0
864,39,34,3.0,7.0,2.0,8.0,746947.7476000004,2539535.9079,1440000.0
865,39,35,1.0,3.0,1.0,1.0,746947.7476000004,2540735.9079,1440000.0
866,39,36,1.0,10.0,1.0,1.0,746947.7476000004,2541935.9079,1440000.0
867,39,37,1.0,0.0,0.0,0.0,746947.7476000004,2543135.9079,1440000.0
868,39,38,1.0,2.0,0.0,0.0,746947.7476000004,2544335.9079,1440000.0
869,39,39,0.0,0.0,0.0,0.0,746947.7476000004,2545535.9079,1440000.0
870,39,42,0.0,0.0,0.0,1.0,746947.7476000004,2549135.9079,1440000.0
871,39,43,1.0,0.0,0.0,1.0,746947.7476000004,2550335.9079,1440000.0
872,39,44,1.0,4.0,0.0,1.0,746947.7476000004,2551535.9079,1440000.0
873,39,46,1.0,3.0,0.0,2.0,746947.7476000004,2553935.9079,1440000.0
874,39,49,3.0,16.0,0.0,7.0,746947.7476000004,2557535.9079,1440000.0
875,39,50,8.0,33.0,2.0,10.0,746947.7476000004,2558735.9079,1440000.0
876,39,51,6.0,27.0,9.0,9.0,746947.7476000004,2559935.9079,1440000.0
877,39,52,3.0,1.0,8.0,10.0,746947.7476000004,2561135.9079,1440000.0
878,39,53,0.0,1.0,0.0,0.0,746947.7476000004,2562335.9079,1440000.0
879,39,54,2.0,8.0,0.0,1.0,746947.7476000004,2563535.9079,1440000.0
880,39,55,0.0,5.0,3.0,1.0,746947.7476000004,2564735.9079,1440000.0
881,39,56,0.0,0.0,0.0,0.0,746947.7476000004,2565935.9079,1440000.0
882,39,57,0.0,6.0,0.0,1.0,746947.7476000004,2567135.9079,1440000.0
883,39,58,0.0,4.0,0.0,0.0,746947.7476000004,2568335.9079,1440000.0
884,39,59,0.0,0.0,1.0,0.0,746947.7476000004,2569535.9079,1440000.0
885,39,61,0.0,0.0,0.0,0.0,746947.7476000004,2571935.9079,1440000.0
886,39,63,0.0,1.0,0.0,0.0,746947.7476000004,2574335.9079,1440000.0
887,39,65,1.0,0.0,0.0,0.0,746947.7476000004,2576735.9079,1440000.0
888,39,67,0.0,0.0,0.0,0.0,746947.7476000004,2579135.9079,1440000.0
889,39,70,0.0,1.0,1.0,1.0,746947.7476000004,2582735.9079,1440000.0
890,39,71,0.0,0.0,0.0,0.0,746947.7476000004,2583935.9079,1440000.0
891,39,73,3.0,4.0,0.0,0.0,746947.7476000004,2586335.9079,1440000.0
892,39,74,0.0,3.0,0.0,0.0,746947.7476000004,2587535.9079,1440000.0
893,39,75,1.0,8.0,0.0,0.0,746947.7476000004,2588735.9079,1440000.0
894,39,76,0.0,0.0,0.0,0.0,746947.7476000004,2589935.9079,1440000.0
895,39,78,0.0,1.0,0.0,1.0,746947.7476000004,2592335.9079,1440000.0
896,39,79,0.0,0.0,0.0,0.0,746947.7476000004,2593535.9079,1440000.0
897,39,93,0.0,0.0,0.0,0.0,746947.7476000004,2610335.9079,1440000.0
898,39,96,0.0,2.0,0.0,0.0,746947.7476000004,2613935.9079,1440000.0
899,39,97,0.0,1.0,1.0,0.0,746947.7476000004,2615135.9079,1440000.0
900,40,18,0.0,0.0,0.0,2.0,748147.7476000004,2520335.9079,1440000.0
901,40,20,0.0,0.0,0.0,0.0,748147.7476000004,2522735.9079,1440000.0
902,40,22,0.0,0.0,0.0,0.0,748147.7476000004,2525135.9079,1440000.0
903,40,24,5.0,0.0,0.0,0.0,748147.7476000004,2527535.9079,1440000.0
904,40,27,0.0,0.0,0.0,0.0,748147.7476000004,2531135.9079,1440000.0
905,40,32,0.0,0.0,0.0,0.0,748147.7476000004,2537135.9079,1440000.0
906,40,34,0.0,0.0,2.0,0.0,748147.7476000004,2539535.9079,1440000.0
907,40,35,9.0,11.0,3.0,2.0,748147.7476000004,2540735.9079,1440000.0
908,40,36,1.0,1.0,2.0,0.0,748147.7476000004,2541935.9079,1440000.0
909,40,37,1.0,0.0,0.0,1.0,748147.7476000004,2543135.9079,1440000.0
910,40,38,0.0,1.0,0.0,0.0,748147.7476000004,2544335.9079,1440000.0
911,40,39,0.0,2.0,0.0,0.0,748147.7476000004,2545535.9079,1440000.0
912,40,46,0.0,3.0,0.0,0.0,748147.7476000004,2553935.9079,1440000.0
913,40,47,0.0,2.0,1.0,1.0,748147.7476000004,2555135.9079,1440000.0
914,40,48,0.0,2.0,2.0,0.0,748147.7476000004,2556335.9079,1440000.0
915,40,49,1.0,6.0,4.0,3.0,748147.7476000004,2557535.9079,1440000.0
916,40,50,9.0,17.0,4.0,1.0,748147.7476000004,2558735.9079,1440000.0
917,40,51,21.0,30.0,41.0,10.0,748147.7476000004,2559935.9079,1440000.0
918,40,52,5.0,9.0,4.0,3.0,748147.7476000004,2561135.9079,1440000.0
919,40,53,7.0,3.0,1.0,0.0,748147.7476000004,2562335.9079,1440000.0
920,40,54,0.0,14.0,1.0,4.0,748147.7476000004,2563535.9079,1440000.0
921,40,55,0.0,0.0,0.0,0.0,748147.7476000004,2564735.9079,1440000.0
922,40,56,1.0,4.0,0.0,0.0,748147.7476000004,2565935.9079,1440000.0
923,40,57,1.0,3.0,0.0,0.0,748147.7476000004,2567135.9079,1440000.0
924,40,58,1.0,7.0,0.0,0.0,748147.7476000004,2568335.9079,1440000.0
925,40,67,1.0,0.0,0.0,0.0,748147.7476000004,2579135.9079,1440000.0
926,40,70,0.0,0.0,0.0,0.0,748147.7476000004,2582735.9079,1440000.0
927,40,72,0.0,0.0,0.0,0.0,748147.7476000004,2585135.9079,1440000.0
928,40,75,0.0,2.0,0.0,0.0,748147.7476000004,2588735.9079,1440000.0
929,40,76,0.0,2.0,0.0,0.0,748147.7476000004,2589935.9079,1440000.0
930,41,22,0.0,0.0,0.0,0.0,749347.7476000004,2525135.9079,1440000.0
931,41,23,0.0,0.0,0.0,0.0,749347.7476000004,2526335.9079,1440000.0
932,41,25,0.0,0.0,1.0,0.0,749347.7476000004,2528735.9079,1440000.0
933,41,27,0.0,0.0,0.0,0.0,749347.7476000004,2531135.9079,1440000.0
934,41,28,0.0,0.0,0.0,0.0,749347.7476000004,2532335.9079,1440000.0
935,41,29,0.0,1.0,0.0,2.0,749347.7476000004,2533535.9079,1440000.0
936,41,30,0.0,0.0,0.0,0.0,749347.7476000004,2534735.9079,1440000.0
937,41,34,0.0,1.0,2.0,0.0,749347.7476000004,2539535.9079,1440000.0
938,41,35,7.0,15.0,3.0,4.0,749347.7476000004,2540735.9079,1440000.0
939,41,36,2.0,3.0,0.0,1.0,749347.7476000004,2541935.9079,1440000.0
940,41,38,0.0,1.0,0.0,0.0,749347.7476000004,2544335.9079,1440000.0
941,41,43,1.0,0.0,0.0,0.0,749347.7476000004,2550335.9079,1440000.0
942,41,48,1.0,5.0,1.0,2.0,749347.7476000004,2556335.9079,1440000.0
943,41,49,3.0,6.0,4.0,1.0,749347.7476000004,2557535.9079,1440000.0
944,41,50,5.0,4.0,2.0,1.0,749347.7476000004,2558735.9079,1440000.0
945,41,51,1.0,2.0,0.0,0.0,749347.7476000004,2559935.9079,1440000.0
946,41,52,4.0,8.0,4.0,2.0,749347.7476000004,2561135.9079,1440000.0
947,41,53,0.0,0.0,0.0,0.0,749347.7476000004,2562335.9079,1440000.0
948,41,54,0.0,3.0,0.0,0.0,749347.7476000004,2563535.9079,1440000.0
949,41,55,2.0,5.0,3.0,3.0,749347.7476000004,2564735.9079,1440000.0
950,41,56,1.0,3.0,0.0,0.0,749347.7476000004,2565935.9079,1440000.0
951,41,57,2.0,5.0,0.0,0.0,749347.7476000004,2567135.9079,1440000.0
952,41,60,0.0,0.0,0.0,0.0,749347.7476000004,2570735.9079,1440000.0
953,41,63,0.0,0.0,0.0,0.0,749347.7476000004,2574335.9079,1440000.0
954,41,65,1.0,0.0,0.0,0.0,749347.7476000004,2576735.9079,1440000.0
955,41,67,0.0,1.0,0.0,0.0,749347.7476000004,2579135.9079,1440000.0
956,41,70,1.0,2.0,0.0,1.0,749347.7476000004,2582735.9079,1440000.0
957,41,73,3.0,4.0,0.0,0.0,749347.7476000004,2586335.9079,1440000.0
958,41,74,0.0,1.0,0.0,0.0,749347.7476000004,2587535.9079,1440000.0
959,41,75,0.0,6.0,0.0,1.0,749347.7476000004,2588735.9079,1440000.0
960,41,76,0.0,1.0,0.0,0.0,749347.7476000004,2589935.9079,1440000.0
961,41,79,0.0,1.0,0.0,0.0,749347.7476000004,2593535.9079,1440000.0
962,41,94,0.0,0.0,0.0,0.0,749347.7476000004,2611535.9079,1440000.0
963,42,24,0.0,1.0,0.0,0.0,750547.7476000004,2527535.9079,1440000.0
964,42,25,0.0,0.0,0.0,0.0,750547.7476000004,2528735.9079,1440000.0
965,42,27,0.0,0.0,1.0,0.0,750547.7476000004,2531135.9079,1440000.0
966,42,29,0.0,0.0,0.0,0.0,750547.7476000004,2533535.9079,1440000.0
967,42,33,0.0,1.0,0.0,0.0,750547.7476000004,2538335.9079,1440000.0
968,42,34,1.0,0.0,0.0,1.0,750547.7476000004,2539535.9079,1440000.0
969,42,35,3.0,6.0,0.0,0.0,750547.7476000004,2540735.9079,1440000.0
970,42,36,1.0,0.0,1.0,0.0,750547.7476000004,2541935.9079,1440000.0
971,42,37,1.0,0.0,0.0,0.0,750547.7476000004,2543135.9079,1440000.0
972,42,39,2.0,0.0,0.0,0.0,750547.7476000004,2545535.9079,1440000.0
973,42,43,3.0,10.0,1.0,1.0,750547.7476000004,2550335.9079,1440000.0
974,42,44,0.0,0.0,0.0,0.0,750547.7476000004,2551535.9079,1440000.0
975,42,48,4.0,12.0,8.0,1.0,750547.7476000004,2556335.9079,1440000.0
976,42,49,16.0,23.0,7.0,12.0,750547.7476000004,2557535.9079,1440000.0
977,42,50,1.0,2.0,0.0,0.0,750547.7476000004,2558735.9079,1440000.0
978,42,52,0.0,4.0,2.0,0.0,750547.7476000004,2561135.9079,1440000.0
979,42,53,0.0,2.0,0.0,0.0,750547.7476000004,2562335.9079,1440000.0
980,42,54,0.0,2.0,0.0,0.0,750547.7476000004,2563535.9079,1440000.0
981,42,55,0.0,0.0,0.0,1.0,750547.7476000004,2564735.9079,1440000.0
982,42,56,0.0,2.0,0.0,0.0,750547.7476000004,2565935.9079,1440000.0
983,42,57,2.0,3.0,0.0,0.0,750547.7476000004,2567135.9079,1440000.0
984,42,63,4.0,1.0,0.0,0.0,750547.7476000004,2574335.9079,1440000.0
985,42,64,0.0,0.0,0.0,0.0,750547.7476000004,2575535.9079,1440000.0
986,42,65,1.0,0.0,0.0,0.0,750547.7476000004,2576735.9079,1440000.0
987,42,69,1.0,0.0,0.0,0.0,750547.7476000004,2581535.9079,1440000.0
988,42,76,0.0,0.0,0.0,0.0,750547.7476000004,2589935.9079,1440000.0
989,42,77,2.0,5.0,0.0,0.0,750547.7476000004,2591135.9079,1440000.0
990,42,78,0.0,1.0,0.0,0.0,750547.7476000004,2592335.9079,1440000.0
991,42,79,1.0,2.0,0.0,1.0,750547.7476000004,2593535.9079,1440000.0
992,42,80,0.0,0.0,0.0,0.0,750547.7476000004,2594735.9079,1440000.0
993,43,23,0.0,0.0,0.0,0.0,751747.7476000004,2526335.9079,1440000.0
994,43,24,0.0,1.0,0.0,0.0,751747.7476000004,2527535.9079,1440000.0
995,43,25,0.0,2.0,0.0,1.0,751747.7476000004,2528735.9079,1440000.0
996,43,26,5.0,1.0,0.0,0.0,751747.7476000004,2529935.9079,1440000.0
997,43,27,0.0,0.0,0.0,0.0,751747.7476000004,2531135.9079,1440000.0
998,43,28,0.0,2.0,0.0,0.0,751747.7476000004,2532335.9079,1440000.0
999,43,29,1.0,5.0,5.0,7.0,751747.7476000004,2533535.9079,1440000.0
1000,43,33,1.0,0.0,0.0,0.0,751747.7476000004,2538335.9079,1440000.0
1001,43,34,0.0,0.0,0.0,0.0,751747.7476000004,2539535.9079,1440000.0
1002,43,35,0.0,0.0,0.0,0.0,751747.7476000004,2540735.9079,1440000.0
1003,43,39,0.0,4.0,0.0,0.0,751747.7476000004,2545535.9079,1440000.0
1004,43,42,0.0,1.0,0.0,0.0,751747.7476000004,2549135.9079,1440000.0
1005,43,43,0.0,1.0,0.0,0.0,751747.7476000004,2550335.9079,1440000.0
1006,43,44,1.0,2.0,0.0,0.0,751747.7476000004,2551535.9079,1440000.0
1007,43,48,1.0,2.0,0.0,1.0,751747.7476000004,2556335.9079,1440000.0
1008,43,49,7.0,27.0,3.0,4.0,751747.7476000004,2557535.9079,1440000.0
1009,43,50,0.0,2.0,0.0,0.0,751747.7476000004,2558735.9079,1440000.0
1010,43,51,0.0,1.0,0.0,0.0,751747.7476000004,2559935.9079,1440000.0
1011,43,52,1.0,2.0,0.0,0.0,751747.7476000004,2561135.9079,1440000.0
1012,43,53,1.0,1.0,0.0,1.0,751747.7476000004,2562335.9079,1440000.0
1013,43,54,0.0,1.0,1.0,0.0,751747.7476000004,2563535.9079,1440000.0
1014,43,55,2.0,12.0,9.0,8.0,751747.7476000004,2564735.9079,1440000.0
1015,43,63,3.0,0.0,0.0,0.0,751747.7476000004,2574335.9079,1440000.0
1016,43,64,4.0,3.0,0.0,0.0,751747.7476000004,2575535.9079,1440000.0
1017,43,68,1.0,0.0,0.0,0.0,751747.7476000004,2580335.9079,1440000.0
1018,43,69,0.0,1.0,0.0,0.0,751747.7476000004,2581535.9079,1440000.0
1019,43,77,1.0,1.0,0.0,1.0,751747.7476000004,2591135.9079,1440000.0
1020,43,78,3.0,4.0,0.0,0.0,751747.7476000004,2592335.9079,1440000.0
1021,43,79,0.0,3.0,0.0,1.0,751747.7476000004,2593535.9079,1440000.0
1022,43,80,0.0,1.0,0.0,0.0,751747.7476000004,2594735.9079,1440000.0
1023,43,93,0.0,0.0,0.0,0.0,751747.7476000004,2610335.9079,1440000.0
1024,44,22,0.0,1.0,1.0,1.0,752947.7476000004,2525135.9079,1440000.0
1025,44,23,0.0,0.0,0.0,0.0,752947.7476000004,2526335.9079,1440000.0
1026,44,24,0.0,2.0,0.0,0.0,752947.7476000004,2527535.9079,1440000.0
1027,44,25,0.0,0.0,1.0,1.0,752947.7476000004,2528735.9079,1440000.0
1028,44,27,0.0,0.0,0.0,0.0,752947.7476000004,2531135.9079,1440000.0
1029,44,28,0.0,1.0,1.0,0.0,752947.7476000004,2532335.9079,1440000.0
1030,44,29,0.0,0.0,0.0,0.0,752947.7476000004,2533535.9079,1440000.0
1031,44,33,0.0,0.0,0.0,0.0,752947.7476000004,2538335.9079,1440000.0
1032,44,34,3.0,3.0,0.0,1.0,752947.7476000004,2539535.9079,1440000.0
1033,44,35,0.0,1.0,0.0,0.0,752947.7476000004,2540735.9079,1440000.0
1034,44,36,1.0,1.0,0.0,0.0,752947.7476000004,2541935.9079,1440000.0
1035,44,38,0.0,1.0,0.0,0.0,752947.7476000004,2544335.9079,1440000.0
1036,44,41,1.0,0.0,0.0,0.0,752947.7476000004,2547935.9079,1440000.0
1037,44,42,0.0,0.0,0.0,0.0,752947.7476000004,2549135.9079,1440000.0
1038,44,48,0.0,7.0,0.0,0.0,752947.7476000004,2556335.9079,1440000.0
1039,44,49,6.0,21.0,27.0,13.0,752947.7476000004,2557535.9079,1440000.0
1040,44,50,0.0,1.0,0.0,0.0,752947.7476000004,2558735.9079,1440000.0
1041,44,52,0.0,0.0,0.0,0.0,752947.7476000004,2561135.9079,1440000.0
1042,44,54,0.0,1.0,0.0,1.0,752947.7476000004,2563535.9079,1440000.0
1043,44,55,0.0,1.0,0.0,0.0,752947.7476000004,2564735.9079,1440000.0
1044,44,56,0.0,1.0,0.0,0.0,752947.7476000004,2565935.9079,1440000.0
1045,44,57,6.0,6.0,0.0,1.0,752947.7476000004,2567135.9079,1440000.0
1046,44,58,0.0,1.0,0.0,0.0,752947.7476000004,2568335.9079,1440000.0
1047,44,63,0.0,1.0,0.0,0.0,752947.7476000004,2574335.9079,1440000.0
1048,44,67,1.0,0.0,0.0,0.0,752947.7476000004,2579135.9079,1440000.0
1049,44,68,0.0,1.0,0.0,0.0,752947.7476000004,2580335.9079,1440000.0
1050,44,76,0.0,0.0,1.0,0.0,752947.7476000004,2589935.9079,1440000.0
1051,44,77,2.0,10.0,0.0,1.0,752947.7476000004,2591135.9079,1440000.0
1052,44,78,0.0,2.0,0.0,0.0,752947.7476000004,2592335.9079,1440000.0
1053,44,79,0.0,5.0,3.0,2.0,752947.7476000004,2593535.9079,1440000.0
1054,44,82,0.0,0.0,0.0,0.0,752947.7476000004,2597135.9079,1440000.0
1055,44,86,0.0,0.0,0.0,0.0,752947.7476000004,2601935.9079,1440000.0
1056,44,100,0.0,0.0,0.0,0.0,752947.7476000004,2618735.9079,1440000.0
1057,45,21,0.0,0.0,1.0,1.0,754147.7476000004,2523935.9079,1440000.0
1058,45,22,0.0,0.0,0.0,0.0,754147.7476000004,2525135.9079,1440000.0
1059,45,27,0.0,0.0,0.0,0.0,754147.7476000004,2531135.9079,1440000.0
1060,45,28,0.0,0.0,0.0,0.0,754147.7476000004,2532335.9079,1440000.0
1061,45,32,0.0,1.0,0.0,0.0,754147.7476000004,2537135.9079,1440000.0
1062,45,33,0.0,0.0,0.0,0.0,754147.7476000004,2538335.9079,1440000.0
1063,45,34,0.0,6.0,0.0,2.0,754147.7476000004,2539535.9079,1440000.0
1064,45,35,0.0,2.0,1.0,0.0,754147.7476000004,2540735.9079,1440000.0
1065,45,36,2.0,12.0,1.0,2.0,754147.7476000004,2541935.9079,1440000.0
1066,45,37,4.0,9.0,0.0,3.0,754147.7476000004,2543135.9079,1440000.0
1067,45,44,0.0,1.0,0.0,0.0,754147.7476000004,2551535.9079,1440000.0
1068,45,47,0.0,0.0,0.0,0.0,754147.7476000004,2555135.9079,1440000.0
1069,45,48,2.0,12.0,1.0,0.0,754147.7476000004,2556335.9079,1440000.0
1070,45,49,0.0,0.0,0.0,0.0,754147.7476000004,2557535.9079,1440000.0
1071,45,50,0.0,0.0,0.0,0.0,754147.7476000004,2558735.9079,1440000.0
1072,45,53,0.0,1.0,1.0,0.0,754147.7476000004,2562335.9079,1440000.0
1073,45,54,0.0,0.0,0.0,0.0,754147.7476000004,2563535.9079,1440000.0
1074,45,55,0.0,5.0,0.0,1.0,754147.7476000004,2564735.9079,1440000.0
1075,45,56,2.0,7.0,4.0,3.0,754147.7476000004,2565935.9079,1440000.0
1076,45,57,1.0,5.0,1.0,0.0,754147.7476000004,2567135.9079,1440000.0
1077,45,61,0.0,1.0,0.0,0.0,754147.7476000004,2571935.9079,1440000.0
1078,45,64,0.0,0.0,0.0,0.0,754147.7476000004,2575535.9079,1440000.0
1079,45,68,1.0,3.0,0.0,0.0,754147.7476000004,2580335.9079,1440000.0
1080,45,74,0.0,0.0,1.0,0.0,754147.7476000004,2587535.9079,1440000.0
1081,45,75,0.0,4.0,3.0,5.0,754147.7476000004,2588735.9079,1440000.0
1082,45,76,4.0,5.0,0.0,1.0,754147.7476000004,2589935.9079,1440000.0
1083,45,77,0.0,0.0,0.0,0.0,754147.7476000004,2591135.9079,1440000.0
1084,45,79,0.0,0.0,0.0,0.0,754147.7476000004,2593535.9079,1440000.0
1085,45,80,0.0,3.0,0.0,0.0,754147.7476000004,2594735.9079,1440000.0
1086,45,81,0.0,3.0,0.0,0.0,754147.7476000004,2595935.9079,1440000.0
1087,45,82,0.0,0.0,0.0,0.0,754147.7476000004,2597135.9079,1440000.0
1088,46,13,0.0,0.0,0.0,0.0,755347.7476000004,2514335.9079,1440000.0
1089,46,15,0.0,3.0,0.0,0.0,755347.7476000004,2516735.9079,1440000.0
1090,46,16,0.0,0.0,0.0,0.0,755347.7476000004,2517935.9079,1440000.0
1091,46,17,1.0,1.0,1.0,0.0,755347.7476000004,2519135.9079,1440000.0
1092,46,22,0.0,1.0,0.0,0.0,755347.7476000004,2525135.9079,1440000.0
1093,46,23,0.0,1.0,0.0,0.0,755347.7476000004,2526335.9079,1440000.0
1094,46,24,2.0,1.0,0.0,1.0,755347.7476000004,2527535.9079,1440000.0
1095,46,27,0.0,0.0,0.0,0.0,755347.7476000004,2531135.9079,1440000.0
1096,46,28,0.0,0.0,0.0,1.0,755347.7476000004,2532335.9079,1440000.0
1097,46,33,0.0,1.0,0.0,0.0,755347.7476000004,2538335.9079,1440000.0
1098,46,34,0.0,6.0,0.0,0.0,755347.7476000004,2539535.9079,1440000.0
1099,46,35,2.0,2.0,0.0,0.0,755347.7476000004,2540735.9079,1440000.0
1100,46,36,0.0,0.0,0.0,0.0,755347.7476000004,2541935.9079,1440000.0
1101,46,37,1.0,0.0,0.0,1.0,755347.7476000004,2543135.9079,1440000.0
1102,46,39,0.0,0.0,0.0,0.0,755347.7476000004,2545535.9079,1440000.0
1103,46,42,1.0,0.0,0.0,0.0,755347.7476000004,2549135.9079,1440000.0
1104,46,47,1.0,4.0,0.0,0.0,755347.7476000004,2555135.9079,1440000.0
1105,46,49,0.0,0.0,0.0,0.0,755347.7476000004,2557535.9079,1440000.0
1106,46,50,0.0,0.0,0.0,0.0,755347.7476000004,2558735.9079,1440000.0
1107,46,51,0.0,0.0,0.0,1.0,755347.7476000004,2559935.9079,1440000.0
1108,46,53,0.0,0.0,1.0,0.0,755347.7476000004,2562335.9079,1440000.0
1109,46,54,0.0,3.0,0.0,1.0,755347.7476000004,2563535.9079,1440000.0
1110,46,55,2.0,18.0,1.0,1.0,755347.7476000004,2564735.9079,1440000.0
1111,46,56,4.0,8.0,1.0,2.0,755347.7476000004,2565935.9079,1440000.0
1112,46,57,0.0,1.0,0.0,0.0,755347.7476000004,2567135.9079,1440000.0
1113,46,59,1.0,1.0,0.0,0.0,755347.7476000004,2569535.9079,1440000.0
1114,46,71,0.0,0.0,0.0,0.0,755347.7476000004,2583935.9079,1440000.0
1115,46,75,0.0,0.0,0.0,0.0,755347.7476000004,2588735.9079,1440000.0
1116,46,78,0.0,0.0,0.0,0.0,755347.7476000004,2592335.9079,1440000.0
1117,46,79,0.0,0.0,0.0,1.0,755347.7476000004,2593535.9079,1440000.0
1118,46,81,1.0,0.0,0.0,0.0,755347.7476000004,2595935.9079,1440000.0
1119,46,93,0.0,0.0,0.0,1.0,755347.7476000004,2610335.9079,1440000.0
1120,47,15,0.0,0.0,0.0,0.0,756547.7476000004,2516735.9079,1440000.0
1121,47,16,0.0,2.0,1.0,0.0,756547.7476000004,2517935.9079,1440000.0
1122,47,18,0.0,0.0,0.0,0.0,756547.7476000004,2520335.9079,1440000.0
1123,47,20,0.0,1.0,0.0,0.0,756547.7476000004,2522735.9079,1440000.0
1124,47,22,1.0,1.0,0.0,0.0,756547.7476000004,2525135.9079,1440000.0
1125,47,23,3.0,11.0,9.0,1.0,756547.7476000004,2526335.9079,1440000.0
1126,47,24,5.0,7.0,0.0,0.0,756547.7476000004,2527535.9079,1440000.0
1127,47,28,0.0,0.0,0.0,0.0,756547.7476000004,2532335.9079,1440000.0
1128,47,34,0.0,0.0,0.0,0.0,756547.7476000004,2539535.9079,1440000.0
1129,47,36,0.0,0.0,3.0,0.0,756547.7476000004,2541935.9079,1440000.0
1130,47,37,1.0,2.0,0.0,2.0,756547.7476000004,2543135.9079,1440000.0
1131,47,39,1.0,0.0,1.0,0.0,756547.7476000004,2545535.9079,1440000.0
1132,47,45,0.0,3.0,4.0,1.0,756547.7476000004,2552735.9079,1440000.0
1133,47,46,0.0,2.0,1.0,0.0,756547.7476000004,2553935.9079,1440000.0
1134,47,47,0.0,1.0,0.0,0.0,756547.7476000004,2555135.9079,1440000.0
1135,47,48,0.0,0.0,0.0,0.0,756547.7476000004,2556335.9079,1440000.0
1136,47,49,0.0,0.0,0.0,0.0,756547.7476000004,2557535.9079,1440000.0
1137,47,53,0.0,3.0,0.0,0.0,756547.7476000004,2562335.9079,1440000.0
1138,47,54,3.0,4.0,0.0,0.0,756547.7476000004,2563535.9079,1440000.0
1139,47,55,1.0,7.0,0.0,0.0,756547.7476000004,2564735.9079,1440000.0
1140,47,56,1.0,7.0,0.0,0.0,756547.7476000004,2565935.9079,1440000.0
1141,47,60,0.0,0.0,0.0,0.0,756547.7476000004,2570735.9079,1440000.0
1142,47,66,0.0,0.0,0.0,0.0,756547.7476000004,2577935.9079,1440000.0
1143,47,70,0.0,0.0,0.0,0.0,756547.7476000004,2582735.9079,1440000.0
1144,47,72,1.0,1.0,0.0,1.0,756547.7476000004,2585135.9079,1440000.0
1145,47,83,3.0,3.0,0.0,0.0,756547.7476000004,2598335.9079,1440000.0
1146,47,85,2.0,0.0,0.0,0.0,756547.7476000004,2600735.9079,1440000.0
1147,47,88,0.0,1.0,0.0,0.0,756547.7476000004,2604335.9079,1440000.0
1148,47,92,0.0,0.0,0.0,0.0,756547.7476000004,2609135.9079,1440000.0
1149,47,93,0.0,0.0,0.0,0.0,756547.7476000004,2610335.9079,1440000.0
1150,47,96,0.0,1.0,0.0,0.0,756547.7476000004,2613935.9079,1440000.0
1151,48,11,0.0,1.0,0.0,0.0,757747.7476000004,2511935.9079,1431645.1784877
1152,48,13,0.0,0.0,0.0,0.0,757747.7476000004,2514335.9079,1440000.0
1153,48,15,0.0,1.0,0.0,0.0,757747.7476000004,2516735.9079,1440000.0
1154,48,16,1.0,0.0,1.0,0.0,757747.7476000004,2517935.9079,1440000.0
1155,48,19,1.0,6.0,0.0,0.0,757747.7476000004,2521535.9079,1440000.0
1156,48,20,0.0,1.0,0.0,0.0,757747.7476000004,2522735.9079,1440000.0
1157,48,21,5.0,4.0,0.0,6.0,757747.7476000004,2523935.9079,1440000.0
1158,48,23,1.0,7.0,1.0,1.0,757747.7476000004,2526335.9079,1440000.0
1159,48,24,0.0,0.0,0.0,0.0,757747.7476000004,2527535.9079,1440000.0
1160,48,25,0.0,0.0,0.0,1.0,757747.7476000004,2528735.9079,1440000.0
1161,48,31,0.0,0.0,1.0,0.0,757747.7476000004,2535935.9079,1440000.0
1162,48,32,0.0,0.0,0.0,0.0,757747.7476000004,2537135.9079,1440000.0
1163,48,35,1.0,0.0,0.0,0.0,757747.7476000004,2540735.9079,1440000.0
1164,48,36,0.0,1.0,1.0,0.0,757747.7476000004,2541935.9079,1440000.0
1165,48,44,1.0,1.0,0.0,1.0,757747.7476000004,2551535.9079,1440000.0
1166,48,45,0.0,5.0,1.0,0.0,757747.7476000004,2552735.9079,1440000.0
1167,48,46,0.0,10.0,1.0,0.0,757747.7476000004,2553935.9079,1440000.0
1168,48,47,0.0,13.0,0.0,1.0,757747.7476000004,2555135.9079,1440000.0
1169,48,48,0.0,0.0,0.0,0.0,757747.7476000004,2556335.9079,1440000.0
1170,48,50,5.0,3.0,0.0,1.0,757747.7476000004,2558735.9079,1440000.0
1171,48,51,0.0,0.0,0.0,0.0,757747.7476000004,2559935.9079,1440000.0
1172,48,52,0.0,3.0,1.0,0.0,757747.7476000004,2561135.9079,1440000.0
1173,48,53,1.0,0.0,0.0,0.0,757747.7476000004,2562335.9079,1440000.0
1174,48,54,0.0,2.0,0.0,0.0,757747.7476000004,2563535.9079,1440000.0
1175,48,55,0.0,2.0,0.0,0.0,757747.7476000004,2564735.9079,1440000.0
1176,48,59,2.0,5.0,0.0,0.0,757747.7476000004,2569535.9079,1440000.0
1177,48,60,0.0,2.0,0.0,0.0,757747.7476000004,2570735.9079,1440000.0
1178,48,63,0.0,0.0,0.0,0.0,757747.7476000004,2574335.9079,1440000.0
1179,48,69,0.0,0.0,0.0,0.0,757747.7476000004,2581535.9079,1440000.0
1180,48,71,0.0,0.0,0.0,0.0,757747.7476000004,2583935.9079,1440000.0
1181,48,72,0.0,2.0,1.0,0.0,757747.7476000004,2585135.9079,1440000.0
1182,48,84,1.0,0.0,0.0,1.0,757747.7476000004,2599535.9079,1440000.0
1183,48,85,0.0,0.0,0.0,0.0,757747.7476000004,2600735.9079,1440000.0
1184,48,88,1.0,0.0,0.0,0.0,757747.7476000004,2604335.9079,1440000.0
1185,48,95,0.0,0.0,1.0,1.0,757747.7476000004,2612735.9079,1440000.0
1186,49,12,0.0,0.0,0.0,0.0,758947.7476000004,2513135.9079,1440000.0
1187,49,18,0.0,1.0,0.0,0.0,758947.7476000004,2520335.9079,1440000.0
1188,49,19,2.0,1.0,0.0,0.0,758947.7476000004,2521535.9079,1440000.0
1189,49,20,3.0,17.0,2.0,9.0,758947.7476000004,2522735.9079,1440000.0
1190,49,21,2.0,24.0,7.0,3.0,758947.7476000004,2523935.9079,1440000.0
1191,49,22,1.0,1.0,0.0,0.0,758947.7476000004,2525135.9079,1440000.0
1192,49,25,0.0,1.0,0.0,0.0,758947.7476000004,2528735.9079,1440000.0
1193,49,45,3.0,7.0,0.0,1.0,758947.7476000004,2552735.9079,1436341.3999879998
1194,49,46,0.0,1.0,0.0,1.0,758947.7476000004,2553935.9079,1440000.0
1195,49,47,0.0,1.0,0.0,0.0,758947.7476000004,2555135.9079,1440000.0
1196,49,48,2.0,8.0,2.0,1.0,758947.7476000004,2556335.9079,1440000.0
1197,49,49,0.0,0.0,1.0,0.0,758947.7476000004,2557535.9079,1440000.0
1198,49,50,0.0,2.0,0.0,0.0,758947.7476000004,2558735.9079,1440000.0
1199,49,51,0.0,0.0,0.0,0.0,758947.7476000004,2559935.9079,1440000.0
1200,49,52,0.0,6.0,0.0,0.0,758947.7476000004,2561135.9079,1440000.0
1201,49,53,0.0,0.0,0.0,0.0,758947.7476000004,2562335.9079,1440000.0
1202,49,54,2.0,3.0,1.0,0.0,758947.7476000004,2563535.9079,1440000.0
1203,49,55,1.0,2.0,0.0,0.0,758947.7476000004,2564735.9079,1440000.0
1204,49,56,0.0,0.0,0.0,0.0,758947.7476000004,2565935.9079,1440000.0
1205,49,65,0.0,0.0,0.0,0.0,758947.7476000004,2576735.9079,1440000.0
1206,49,69,0.0,1.0,0.0,0.0,758947.7476000004,2581535.9079,1440000.0
1207,49,70,2.0,7.0,0.0,1.0,758947.7476000004,2582735.9079,1440000.0
1208,49,71,0.0,2.0,0.0,0.0,758947.7476000004,2583935.9079,1440000.0
1209,49,73,0.0,0.0,0.0,0.0,758947.7476000004,2586335.9079,1440000.0
1210,49,79,0.0,0.0,0.0,0.0,758947.7476000004,2593535.9079,1440000.0
1211,49,85,0.0,1.0,0.0,0.0,758947.7476000004,2600735.9079,1440000.0
1212,49,86,0.0,0.0,0.0,0.0,758947.7476000004,2601935.9079,1440000.0
1213,49,90,0.0,0.0,0.0,0.0,758947.7476000004,2606735.9079,1440000.0
1214,49,91,0.0,1.0,0.0,0.0,758947.7476000004,2607935.9079,1440000.0
1215,49,92,0.0,1.0,0.0,5.0,758947.7476000004,2609135.9079,1440000.0
1216,49,94,0.0,1.0,0.0,0.0,758947.7476000004,2611535.9079,1440000.0
1217,49,97,0.0,0.0,0.0,0.0,758947.7476000004,2615135.9079,1440000.0
1218,50,11,0.0,1.0,0.0,1.0,760147.7476000004,2511935.9079,1440000.0
1219,50,14,0.0,1.0,0.0,0.0,760147.7476000004,2515535.9079,1440000.0
1220,50,19,0.0,0.0,0.0,1.0,760147.7476000004,2521535.9079,1440000.0
1221,50,20,5.0,10.0,0.0,4.0,760147.7476000004,2522735.9079,1440000.0
1222,50,21,3.0,14.0,2.0,2.0,760147.7476000004,2523935.9079,1440000.0
1223,50,22,0.0,0.0,1.0,0.0,760147.7476000004,2525135.9079,1440000.0
1224,50,46,0.0,0.0,0.0,0.0,760147.7476000004,2553935.9079,1005067.1679723
1225,50,47,0.0,0.0,0.0,0.0,760147.7476000004,2555135.9079,1430943.898154
1226,50,48,0.0,6.0,0.0,0.0,760147.7476000004,2556335.9079,1440000.0
1227,50,49,7.0,10.0,2.0,7.0,760147.7476000004,2557535.9079,1440000.0
1228,50,50,0.0,11.0,1.0,5.0,760147.7476000004,2558735.9079,1440000.0
1229,50,51,0.0,1.0,0.0,1.0,760147.7476000004,2559935.9079,1440000.0
1230,50,52,0.0,0.0,0.0,0.0,760147.7476000004,2561135.9079,1440000.0
1231,50,53,2.0,1.0,1.0,0.0,760147.7476000004,2562335.9079,1440000.0
1232,50,55,0.0,0.0,0.0,0.0,760147.7476000004,2564735.9079,1440000.0
1233,50,58,0.0,0.0,0.0,0.0,760147.7476000004,2568335.9079,1440000.0
1234,50,67,0.0,0.0,0.0,0.0,760147.7476000004,2579135.9079,1440000.0
1235,50,69,0.0,6.0,0.0,3.0,760147.7476000004,2581535.9079,1440000.0
1236,50,70,0.0,11.0,0.0,0.0,760147.7476000004,2582735.9079,1440000.0
1237,50,72,0.0,0.0,0.0,0.0,760147.7476000004,2585135.9079,1440000.0
1238,50,75,0.0,0.0,0.0,0.0,760147.7476000004,2588735.9079,1440000.0
1239,50,78,0.0,0.0,0.0,0.0,760147.7476000004,2592335.9079,1440000.0
1240,50,92,0.0,0.0,0.0,1.0,760147.7476000004,2609135.9079,1440000.0
1241,51,7,0.0,0.0,0.0,0.0,761347.7476000004,2507135.9079,1460458.9510415
1242,51,11,0.0,0.0,1.0,0.0,761347.7476000004,2511935.9079,1440000.0
1243,51,12,0.0,6.0,1.0,1.0,761347.7476000004,2513135.9079,1440000.0
1244,51,13,0.0,0.0,1.0,0.0,761347.7476000004,2514335.9079,1440000.0
1245,51,19,0.0,0.0,2.0,0.0,761347.7476000004,2521535.9079,1440000.0
1246,51,20,0.0,14.0,4.0,5.0,761347.7476000004,2522735.9079,1440000.0
1247,51,21,6.0,22.0,6.0,7.0,761347.7476000004,2523935.9079,1440000.0
1248,51,22,2.0,2.0,0.0,0.0,761347.7476000004,2525135.9079,1440000.0
1249,51,26,0.0,0.0,0.0,0.0,761347.7476000004,2529935.9079,1440000.0
1250,51,48,0.0,0.0,0.0,0.0,761347.7476000004,2556335.9079,1440000.0
1251,51,49,2.0,15.0,7.0,2.0,761347.7476000004,2557535.9079,1440000.0
1252,51,50,1.0,15.0,8.0,2.0,761347.7476000004,2558735.9079,1440000.0
1253,51,51,2.0,5.0,0.0,0.0,761347.7476000004,2559935.9079,1440000.0
1254,51,52,1.0,5.0,2.0,1.0,761347.7476000004,2561135.9079,1440000.0
1255,51,57,2.0,2.0,2.0,1.0,761347.7476000004,2567135.9079,1440000.0
1256,51,58,0.0,8.0,0.0,0.0,761347.7476000004,2568335.9079,1440000.0
1257,51,59,0.0,4.0,0.0,0.0,761347.7476000004,2569535.9079,1440000.0
1258,51,64,0.0,0.0,0.0,0.0,761347.7476000004,2575535.9079,1440000.0
1259,51,65,0.0,0.0,0.0,0.0,761347.7476000004,2576735.9079,1440000.0
1260,51,68,0.0,0.0,0.0,0.0,761347.7476000004,2580335.9079,1440000.0
1261,51,69,0.0,0.0,0.0,0.0,761347.7476000004,2581535.9079,1440000.0
1262,51,86,0.0,0.0,0.0,0.0,761347.7476000004,2601935.9079,1440000.0
1263,51,87,0.0,0.0,0.0,0.0,761347.7476000004,2603135.9079,1440000.0
1264,51,88,0.0,1.0,0.0,0.0,761347.7476000004,2604335.9079,1440000.0
1265,51,91,0.0,0.0,0.0,0.0,761347.7476000004,2607935.9079,1440000.0
1266,51,97,0.0,0.0,0.0,0.0,761347.7476000004,2615135.9079,1440000.0
1267,52,9,0.0,0.0,0.0,0.0,762547.7476000004,2509535.9079,1440000.0
1268,52,11,0.0,1.0,0.0,0.0,762547.7476000004,2511935.9079,1440000.0
1269,52,12,0.0,0.0,0.0,0.0,762547.7476000004,2513135.9079,1440000.0
1270,52,16,0.0,1.0,0.0,0.0,762547.7476000004,2517935.9079,1440000.0
1271,52,17,0.0,7.0,1.0,1.0,762547.7476000004,2519135.9079,1440000.0
1272,52,18,0.0,0.0,0.0,0.0,762547.7476000004,2520335.9079,1440000.0
1273,52,21,1.0,1.0,1.0,1.0,762547.7476000004,2523935.9079,1440000.0
1274,52,48,1.0,1.0,0.0,0.0,762547.7476000004,2556335.9079,1440000.0
1275,52,49,5.0,15.0,3.0,1.0,762547.7476000004,2557535.9079,1440000.0
1276,52,50,1.0,9.0,0.0,2.0,762547.7476000004,2558735.9079,1440000.0
1277,52,51,1.0,2.0,0.0,0.0,762547.7476000004,2559935.9079,1440000.0
1278,52,52,0.0,0.0,0.0,0.0,762547.7476000004,2561135.9079,1440000.0
1279,52,57,0.0,9.0,0.0,1.0,762547.7476000004,2567135.9079,1440000.0
1280,52,58,0.0,4.0,0.0,0.0,762547.7476000004,2568335.9079,1440000.0
1281,52,65,1.0,2.0,0.0,0.0,762547.7476000004,2576735.9079,1440000.0
1282,52,68,0.0,0.0,1.0,0.0,762547.7476000004,2580335.9079,1440000.0
1283,52,80,0.0,0.0,0.0,0.0,762547.7476000004,2594735.9079,1440000.0
1284,52,87,0.0,0.0,0.0,0.0,762547.7476000004,2603135.9079,1440000.0
1285,52,89,1.0,3.0,0.0,0.0,762547.7476000004,2605535.9079,1440000.0
1286,52,90,0.0,2.0,0.0,2.0,762547.7476000004,2606735.9079,1440000.0
1287,52,91,0.0,8.0,0.0,1.0,762547.7476000004,2607935.9079,1440000.0
1288,52,92,0.0,0.0,0.0,1.0,762547.7476000004,2609135.9079,1440000.0
1289,52,93,0.0,0.0,0.0,0.0,762547.7476000004,2610335.9079,1440000.0
1290,53,7,0.0,0.0,0.0,0.0,763747.7476000004,2507135.9079,1440000.0
1291,53,9,0.0,1.0,0.0,1.0,763747.7476000004,2509535.9079,1440000.0
1292,53,16,2.0,4.0,3.0,2.0,763747.7476000004,2517935.9079,1440000.0
1293,53,17,0.0,0.0,0.0,0.0,763747.7476000004,2519135.9079,1440000.0
1294,53,21,0.0,7.0,2.0,1.0,763747.7476000004,2523935.9079,1440000.0
1295,53,48,4.0,7.0,0.0,0.0,763747.7476000004,2556335.9079,1459973.998140583
1296,53,49,0.0,7.0,5.0,1.0,763747.7476000004,2557535.9079,1440000.0
1297,53,50,0.0,6.0,4.0,2.0,763747.7476000004,2558735.9079,1440000.0
1298,53,51,5.0,9.0,1.0,4.0,763747.7476000004,2559935.9079,1440000.0
1299,53,52,0.0,1.0,1.0,0.0,763747.7476000004,2561135.9079,1440000.0
1300,53,53,2.0,1.0,0.0,0.0,763747.7476000004,2562335.9079,1440000.0
1301,53,54,1.0,0.0,0.0,0.0,763747.7476000004,2563535.9079,1440000.0
1302,53,56,0.0,1.0,0.0,1.0,763747.7476000004,2565935.9079,1440000.0
1303,53,57,0.0,0.0,0.0,0.0,763747.7476000004,2567135.9079,1440000.0
1304,53,59,1.0,0.0,0.0,0.0,763747.7476000004,2569535.9079,1440000.0
1305,53,60,0.0,0.0,1.0,0.0,763747.7476000004,2570735.9079,1440000.0
1306,53,64,0.0,0.0,0.0,0.0,763747.7476000004,2575535.9079,1440000.0
1307,53,65,1.0,2.0,0.0,0.0,763747.7476000004,2576735.9079,1440000.0
1308,53,66,0.0,0.0,0.0,0.0,763747.7476000004,2577935.9079,1440000.0
1309,53,67,0.0,0.0,0.0,0.0,763747.7476000004,2579135.9079,1440000.0
1310,53,69,0.0,0.0,0.0,0.0,763747.7476000004,2581535.9079,1440000.0
1311,53,76,0.0,0.0,0.0,0.0,763747.7476000004,2589935.9079,1440000.0
1312,53,86,0.0,0.0,0.0,0.0,763747.7476000004,2601935.9079,1440000.0
1313,53,88,2.0,4.0,1.0,0.0,763747.7476000004,2604335.9079,1440000.0
1314,53,89,4.0,19.0,0.0,5.0,763747.7476000004,2605535.9079,1440000.0
1315,53,90,3.0,24.0,3.0,13.0,763747.7476000004,2606735.9079,1440000.0
1316,53,91,0.0,8.0,0.0,0.0,763747.7476000004,2607935.9079,1440000.0
1317,53,97,0.0,1.0,1.0,1.0,763747.7476000004,2615135.9079,1440000.0
1318,54,16,2.0,8.0,1.0,0.0,764947.7476000004,2517935.9079,1440000.0
1319,54,18,0.0,0.0,0.0,0.0,764947.7476000004,2520335.9079,1440000.0
1320,54,19,0.0,0.0,0.0,0.0,764947.7476000004,2521535.9079,1440000.0
1321,54,21,0.0,0.0,0.0,0.0,764947.7476000004,2523935.9079,1440000.0
1322,54,48,0.0,0.0,0.0,0.0,764947.7476000004,2556335.9079,899382.1750407
1323,54,49,1.0,7.0,1.0,0.0,764947.7476000004,2557535.9079,1440000.0
1324,54,50,1.0,10.0,3.0,0.0,764947.7476000004,2558735.9079,1440000.0
1325,54,51,2.0,14.0,4.0,2.0,764947.7476000004,2559935.9079,1440000.0
1326,54,52,0.0,2.0,1.0,2.0,764947.7476000004,2561135.9079,1440000.0
1327,54,53,0.0,0.0,0.0,0.0,764947.7476000004,2562335.9079,1440000.0
1328,54,54,0.0,2.0,0.0,2.0,764947.7476000004,2563535.9079,1440000.0
1329,54,55,0.0,1.0,0.0,0.0,764947.7476000004,2564735.9079,1440000.0
1330,54,56,4.0,9.0,0.0,2.0,764947.7476000004,2565935.9079,1440000.0
1331,54,57,0.0,10.0,0.0,2.0,764947.7476000004,2567135.9079,1440000.0
1332,54,58,0.0,6.0,0.0,1.0,764947.7476000004,2568335.9079,1440000.0
1333,54,59,0.0,0.0,0.0,0.0,764947.7476000004,2569535.9079,1440000.0
1334,54,62,0.0,1.0,0.0,0.0,764947.7476000004,2573135.9079,1440000.0
1335,54,65,0.0,1.0,0.0,0.0,764947.7476000004,2576735.9079,1440000.0
1336,54,67,0.0,0.0,0.0,0.0,764947.7476000004,2579135.9079,1440000.0
1337,54,68,0.0,0.0,0.0,0.0,764947.7476000004,2580335.9079,1440000.0
1338,54,69,0.0,0.0,0.0,0.0,764947.7476000004,2581535.9079,1440000.0
1339,54,75,0.0,0.0,0.0,0.0,764947.7476000004,2588735.9079,1440000.0
1340,54,88,0.0,11.0,2.0,0.0,764947.7476000004,2604335.9079,1440000.0
1341,54,89,1.0,9.0,0.0,2.0,764947.7476000004,2605535.9079,1440000.0
1342,54,90,1.0,20.0,1.0,0.0,764947.7476000004,2606735.9079,1440000.0
1343,54,91,0.0,3.0,0.0,0.0,764947.7476000004,2607935.9079,1440000.0
1344,54,92,0.0,1.0,0.0,0.0,764947.7476000004,2609135.9079,1440000.0
1345,54,94,0.0,0.0,0.0,1.0,764947.7476000004,2611535.9079,1440000.0
1346,54,97,0.0,1.0,0.0,0.0,764947.7476000004,2615135.9079,1440000.0
1347,55,9,0.0,0.0,0.0,0.0,766147.7476000004,2509535.9079,1440000.0
1348,55,16,0.0,0.0,0.0,0.0,766147.7476000004,2517935.9079,1440000.0
1349,55,17,0.0,1.0,1.0,0.0,766147.7476000004,2519135.9079,1440000.0
1350,55,18,0.0,0.0,0.0,1.0,766147.7476000004,2520335.9079,1440000.0
1351,55,19,1.0,1.0,0.0,0.0,766147.7476000004,2521535.9079,1440000.0
1352,55,49,5.0,9.0,2.0,0.0,766147.7476000004,2557535.9079,1185019.7350241002
1353,55,50,3.0,16.0,12.0,4.0,766147.7476000004,2558735.9079,1440000.0
1354,55,51,10.0,46.0,19.0,25.0,766147.7476000004,2559935.9079,1440000.0
1355,55,52,2.0,10.0,0.0,1.0,766147.7476000004,2561135.9079,1440000.0
1356,55,53,1.0,8.0,4.0,0.0,766147.7476000004,2562335.9079,1440000.0
1357,55,55,0.0,0.0,0.0,0.0,766147.7476000004,2564735.9079,1440000.0
1358,55,56,0.0,1.0,0.0,0.0,766147.7476000004,2565935.9079,1440000.0
1359,55,57,1.0,7.0,0.0,0.0,766147.7476000004,2567135.9079,1440000.0
1360,55,58,0.0,1.0,0.0,0.0,766147.7476000004,2568335.9079,1440000.0
1361,55,59,3.0,3.0,0.0,0.0,766147.7476000004,2569535.9079,1440000.0
1362,55,60,0.0,0.0,0.0,0.0,766147.7476000004,2570735.9079,1440000.0
1363,55,61,1.0,0.0,0.0,0.0,766147.7476000004,2571935.9079,1440000.0
1364,55,64,0.0,1.0,1.0,0.0,766147.7476000004,2575535.9079,1440000.0
1365,55,66,0.0,7.0,1.0,0.0,766147.7476000004,2577935.9079,1440000.0
1366,55,67,0.0,2.0,0.0,0.0,766147.7476000004,2579135.9079,1440000.0
1367,55,69,1.0,2.0,0.0,0.0,766147.7476000004,2581535.9079,1440000.0
1368,55,72,0.0,1.0,0.0,0.0,766147.7476000004,2585135.9079,1440000.0
1369,55,79,0.0,0.0,0.0,0.0,766147.7476000004,2593535.9079,1440000.0
1370,55,85,0.0,0.0,0.0,0.0,766147.7476000004,2600735.9079,1440000.0
1371,55,87,0.0,1.0,0.0,0.0,766147.7476000004,2603135.9079,1440000.0
1372,55,88,0.0,2.0,0.0,0.0,766147.7476000004,2604335.9079,1440000.0
1373,55,89,1.0,0.0,0.0,0.0,766147.7476000004,2605535.9079,1440000.0
1374,55,90,0.0,2.0,0.0,0.0,766147.7476000004,2606735.9079,1440000.0
1375,55,92,1.0,0.0,1.0,0.0,766147.7476000004,2609135.9079,1440000.0
1376,55,93,0.0,0.0,0.0,0.0,766147.7476000004,2610335.9079,1440000.0
1377,55,94,1.0,0.0,0.0,0.0,766147.7476000004,2611535.9079,1440000.0
1378,55,95,0.0,0.0,0.0,1.0,766147.7476000004,2612735.9079,1440000.0
1379,56,7,0.0,2.0,0.0,1.0,767347.7476000004,2507135.9079,1440000.0
1380,56,17,2.0,3.0,0.0,0.0,767347.7476000004,2519135.9079,1440000.0
1381,56,18,1.0,1.0,0.0,0.0,767347.7476000004,2520335.9079,1440000.0
1382,56,49,0.0,2.0,2.0,1.0,767347.7476000004,2557535.9079,502335.816869
1383,56,50,5.0,30.0,33.0,9.0,767347.7476000004,2558735.9079,1440000.0
1384,56,51,6.0,49.0,39.0,11.0,767347.7476000004,2559935.9079,1440000.0
1385,56,52,0.0,9.0,13.0,0.0,767347.7476000004,2561135.9079,1440000.0
1386,56,53,1.0,10.0,4.0,0.0,767347.7476000004,2562335.9079,1440000.0
1387,56,54,1.0,6.0,4.0,6.0,767347.7476000004,2563535.9079,1440000.0
1388,56,56,0.0,1.0,0.0,0.0,767347.7476000004,2565935.9079,1440000.0
1389,56,57,0.0,4.0,0.0,0.0,767347.7476000004,2567135.9079,1440000.0
1390,56,58,0.0,0.0,0.0,0.0,767347.7476000004,2568335.9079,1440000.0
1391,56,59,0.0,0.0,0.0,0.0,767347.7476000004,2569535.9079,1440000.0
1392,56,60,0.0,0.0,0.0,0.0,767347.7476000004,2570735.9079,1440000.0
1393,56,61,1.0,0.0,0.0,0.0,767347.7476000004,2571935.9079,1440000.0
1394,56,62,0.0,0.0,0.0,0.0,767347.7476000004,2573135.9079,1440000.0
1395,56,63,0.0,1.0,0.0,0.0,767347.7476000004,2574335.9079,1440000.0
1396,56,64,1.0,2.0,0.0,0.0,767347.7476000004,2575535.9079,1440000.0
1397,56,65,3.0,3.0,1.0,0.0,767347.7476000004,2576735.9079,1440000.0
1398,56,66,11.0,23.0,2.0,1.0,767347.7476000004,2577935.9079,1440000.0
1399,56,67,1.0,6.0,1.0,0.0,767347.7476000004,2579135.9079,1440000.0
1400,56,68,0.0,0.0,0.0,0.0,767347.7476000004,2580335.9079,1440000.0
1401,56,69,0.0,1.0,0.0,0.0,767347.7476000004,2581535.9079,1440000.0
1402,56,74,0.0,1.0,1.0,0.0,767347.7476000004,2587535.9079,1440000.0
1403,56,84,1.0,0.0,0.0,0.0,767347.7476000004,2599535.9079,1440000.0
1404,56,88,0.0,2.0,0.0,0.0,767347.7476000004,2604335.9079,1440000.0
1405,56,90,0.0,1.0,0.0,0.0,767347.7476000004,2606735.9079,1440000.0
1406,56,91,0.0,0.0,0.0,0.0,767347.7476000004,2607935.9079,1440000.0
1407,56,96,0.0,0.0,0.0,0.0,767347.7476000004,2613935.9079,1440000.0
1408,57,50,2.0,10.0,53.0,3.0,768547.7476000004,2558735.9079,1440000.0
1409,57,51,1.0,16.0,130.0,4.0,768547.7476000004,2559935.9079,1440000.0
1410,57,52,2.0,15.0,31.0,3.0,768547.7476000004,2561135.9079,1440000.0
1411,57,53,0.0,7.0,2.0,1.0,768547.7476000004,2562335.9079,1440000.0
1412,57,54,2.0,9.0,1.0,2.0,768547.7476000004,2563535.9079,1440000.0
1413,57,55,0.0,3.0,0.0,0.0,768547.7476000004,2564735.9079,1440000.0
1414,57,57,1.0,0.0,0.0,0.0,768547.7476000004,2567135.9079,1440000.0
1415,57,62,0.0,1.0,0.0,0.0,768547.7476000004,2573135.9079,1440000.0
1416,57,65,0.0,2.0,0.0,0.0,768547.7476000004,2576735.9079,1440000.0
1417,57,66,0.0,3.0,0.0,0.0,768547.7476000004,2577935.9079,1440000.0
1418,57,67,0.0,0.0,0.0,0.0,768547.7476000004,2579135.9079,1440000.0
1419,57,68,0.0,2.0,0.0,0.0,768547.7476000004,2580335.9079,1440000.0
1420,57,70,0.0,0.0,0.0,0.0,768547.7476000004,2582735.9079,1440000.0
1421,57,72,1.0,1.0,1.0,0.0,768547.7476000004,2585135.9079,1440000.0
1422,57,73,3.0,4.0,1.0,0.0,768547.7476000004,2586335.9079,1440000.0
1423,57,77,0.0,0.0,0.0,0.0,768547.7476000004,2591135.9079,1440000.0
1424,57,88,0.0,0.0,0.0,0.0,768547.7476000004,2604335.9079,1440000.0
1425,57,98,0.0,0.0,0.0,0.0,768547.7476000004,2616335.9079,1440000.0
1426,58,50,0.0,4.0,19.0,0.0,769747.7476000004,2558735.9079,1143965.441642
1427,58,51,4.0,24.0,100.0,2.0,769747.7476000004,2559935.9079,1440000.0
1428,58,52,1.0,3.0,14.0,2.0,769747.7476000004,2561135.9079,1440000.0
1429,58,53,0.0,5.0,7.0,0.0,769747.7476000004,2562335.9079,1440000.0
1430,58,54,0.0,6.0,6.0,4.0,769747.7476000004,2563535.9079,1440000.0
1431,58,55,0.0,3.0,6.0,0.0,769747.7476000004,2564735.9079,1440000.0
1432,58,56,0.0,1.0,0.0,0.0,769747.7476000004,2565935.9079,1440000.0
1433,58,61,0.0,1.0,0.0,0.0,769747.7476000004,2571935.9079,1440000.0
1434,58,64,0.0,0.0,0.0,0.0,769747.7476000004,2575535.9079,1440000.0
1435,58,65,1.0,1.0,0.0,0.0,769747.7476000004,2576735.9079,1440000.0
1436,58,66,0.0,4.0,0.0,0.0,769747.7476000004,2577935.9079,1440000.0
1437,58,67,0.0,1.0,0.0,0.0,769747.7476000004,2579135.9079,1440000.0
1438,58,71,1.0,2.0,0.0,0.0,769747.7476000004,2583935.9079,1440000.0
1439,58,73,0.0,0.0,0.0,0.0,769747.7476000004,2586335.9079,1440000.0
1440,58,75,0.0,0.0,0.0,0.0,769747.7476000004,2588735.9079,1440000.0
1441,58,76,0.0,0.0,0.0,0.0,769747.7476000004,2589935.9079,1440000.0
1442,58,84,0.0,0.0,0.0,0.0,769747.7476000004,2599535.9079,1440000.0
1443,58,89,0.0,0.0,0.0,0.0,769747.7476000004,2605535.9079,1440000.0
1444,58,90,0.0,1.0,0.0,0.0,769747.7476000004,2606735.9079,1440000.0
1445,58,93,0.0,0.0,0.0,0.0,769747.7476000004,2610335.9079,1440000.0
1446,58,95,0.0,0.0,0.0,0.0,769747.7476000004,2612735.9079,1440000.0
1447,58,98,0.0,3.0,0.0,0.0,769747.7476000004,2616335.9079,1440000.0
1448,58,99,0.0,5.0,0.0,0.0,769747.7476000004,2617535.9079,1440000.0
1449,58,104,0.0,0.0,0.0,0.0,769747.7476000004,2623535.9079,1440000.0
1450,59,11,0.0,0.0,1.0,0.0,770947.7476000004,2511935.9079,1440000.0
1451,59,51,1.0,12.0,80.0,3.0,770947.7476000004,2559935.9079,1332348.908154
1452,59,52,0.0,4.0,6.0,0.0,770947.7476000004,2561135.9079,1440000.0
1453,59,53,1.0,0.0,7.0,1.0,770947.7476000004,2562335.9079,1440000.0
1454,59,54,0.0,12.0,8.0,0.0,770947.7476000004,2563535.9079,1440000.0
1455,59,55,0.0,4.0,2.0,0.0,770947.7476000004,2564735.9079,1440000.0
1456,59,65,1.0,4.0,0.0,0.0,770947.7476000004,2576735.9079,1440000.0
1457,59,69,0.0,1.0,0.0,0.0,770947.7476000004,2581535.9079,1440000.0
1458,59,70,0.0,0.0,0.0,0.0,770947.7476000004,2582735.9079,1440000.0
1459,59,95,1.0,0.0,0.0,0.0,770947.7476000004,2612735.9079,1440000.0
1460,59,96,0.0,0.0,0.0,0.0,770947.7476000004,2613935.9079,1440000.0
1461,59,99,0.0,3.0,0.0,0.0,770947.7476000004,2617535.9079,1440000.0
1462,59,105,0.0,0.0,0.0,0.0,770947.7476000004,2624735.9079,1440000.0
1463,60,10,0.0,0.0,0.0,0.0,772147.7476000004,2510735.9079,1440000.0
1464,60,51,1.0,10.0,25.0,1.0,772147.7476000004,2559935.9079,1498885.6441751998
1465,60,52,0.0,1.0,1.0,0.0,772147.7476000004,2561135.9079,1440000.0
1466,60,53,0.0,1.0,4.0,0.0,772147.7476000004,2562335.9079,1440000.0
1467,60,54,1.0,10.0,3.0,2.0,772147.7476000004,2563535.9079,1440000.0
1468,60,55,0.0,9.0,3.0,0.0,772147.7476000004,2564735.9079,1440000.0
1469,60,56,0.0,0.0,0.0,0.0,772147.7476000004,2565935.9079,1440000.0
1470,60,58,0.0,0.0,0.0,0.0,772147.7476000004,2568335.9079,1440000.0
1471,60,59,0.0,2.0,0.0,0.0,772147.7476000004,2569535.9079,1440000.0
1472,60,60,3.0,9.0,3.0,4.0,772147.7476000004,2570735.9079,1440000.0
1473,60,64,0.0,2.0,0.0,0.0,772147.7476000004,2575535.9079,1440000.0
1474,60,95,1.0,0.0,0.0,0.0,772147.7476000004,2612735.9079,1440000.0
1475,61,51,0.0,2.0,6.0,0.0,773347.7476000004,2559935.9079,1537986.6940237
1476,61,52,0.0,1.0,2.0,0.0,773347.7476000004,2561135.9079,1440000.0
1477,61,53,0.0,0.0,2.0,0.0,773347.7476000004,2562335.9079,1440000.0
1478,61,55,0.0,5.0,0.0,0.0,773347.7476000004,2564735.9079,1440000.0
1479,61,63,0.0,0.0,0.0,0.0,773347.7476000004,2574335.9079,1440000.0
1480,61,65,0.0,8.0,0.0,0.0,773347.7476000004,2576735.9079,1440000.0
1481,61,79,0.0,0.0,0.0,0.0,773347.7476000004,2593535.9079,1440000.0
1482,61,87,0.0,0.0,0.0,0.0,773347.7476000004,2603135.9079,1440000.0
1483,62,7,0.0,1.0,0.0,0.0,774547.7476000004,2507135.9079,1440000.0
1484,62,54,1.0,1.0,0.0,0.0,774547.7476000004,2563535.9079,1440000.0
1485,62,59,0.0,1.0,0.0,0.0,774547.7476000004,2569535.9079,1440000.0
1486,62,65,0.0,1.0,0.0,0.0,774547.7476000004,2576735.9079,1440000.0
1487,62,69,1.0,0.0,0.0,0.0,774547.7476000004,2581535.9079,1440000.0
1488,62,91,1.0,0.0,0.0,0.0,774547.7476000004,2607935.9079,1440000.0
1489,62,103,0.0,0.0,0.0,0.0,774547.7476000004,2622335.9079,1440000.0
1490,63,53,1.0,0.0,0.0,0.0,775747.7476000004,2562335.9079,1440000.0
1491,63,55,0.0,1.0,0.0,0.0,775747.7476000004,2564735.9079,1440000.0
1492,63,65,3.0,22.0,0.0,2.0,775747.7476000004,2576735.9079,1440000.0
1493,63,83,0.0,0.0,0.0,0.0,775747.7476000004,2598335.9079,1440000.0
1494,64,55,0.0,0.0,0.0,0.0,776947.7476000004,2564735.9079,1440000.0
1495,64,56,3.0,1.0,0.0,0.0,776947.7476000004,2565935.9079,1440000.0
1496,64,57,0.0,2.0,0.0,0.0,776947.7476000004,2567135.9079,1440000.0
1497,64,60,0.0,0.0,0.0,0.0,776947.7476000004,2570735.9079,1440000.0
1498,64,75,1.0,0.0,0.0,0.0,776947.7476000004,2588735.9079,1440000.0
1499,64,93,0.0,0.0,0.0,0.0,776947.7476000004,2610335.9079,1440000.0
1500,65,55,1.0,3.0,0.0,1.0,778147.7476000004,2564735.9079,1440000.0
1501,65,56,0.0,1.0,0.0,0.0,778147.7476000004,2565935.9079,1440000.0
1502,65,78,0.0,0.0,1.0,0.0,778147.7476000004,2592335.9079,1440000.0
1503,65,80,0.0,0.0,0.0,0.0,778147.7476000004,2594735.9079,1440000.0
1504,65,97,0.0,0.0,0.0,0.0,778147.7476000004,2615135.9079,1440000.0
1505,65,105,0.0,0.0,0.0,0.0,778147.7476000004,2624735.9079,1440000.0
1506,65,106,0.0,1.0,0.0,0.0,778147.7476000004,2625935.9079,1440000.0
1507,66,55,1.0,0.0,0.0,0.0,779347.7476000004,2564735.9079,1440000.0
1508,66,57,0.0,1.0,1.0,0.0,779347.7476000004,2567135.9079,1440000.0
1509,66,58,0.0,2.0,0.0,0.0,779347.7476000004,2568335.9079,1440000.0
1510,66,60,0.0,2.0,0.0,0.0,779347.7476000004,2570735.9079,1440000.0
1511,66,65,0.0,1.0,0.0,1.0,779347.7476000004,2576735.9079,1440000.0
1512,66,74,1.0,0.0,0.0,0.0,779347.7476000004,2587535.9079,1440000.0
1513,66,75,0.0,0.0,0.0,0.0,779347.7476000004,2588735.9079,1440000.0
1514,66,76,0.0,0.0,0.0,0.0,779347.7476000004,2589935.9079,1440000.0
1515,66,80,0.0,0.0,0.0,0.0,779347.7476000004,2594735.9079,1440000.0
1516,66,85,0.0,0.0,0.0,0.0,779347.7476000004,2600735.9079,1440000.0
1517,67,65,0.0,1.0,0.0,0.0,780547.7476000004,2576735.9079,1440000.0
1518,67,83,1.0,0.0,0.0,0.0,780547.7476000004,2598335.9079,1440000.0
1519,67,93,0.0,0.0,0.0,0.0,780547.7476000004,2610335.9079,1440000.0
1520,68,54,0.0,0.0,0.0,0.0,781747.7476000004,2563535.9079,1440000.0
1521,68,56,0.0,1.0,0.0,0.0,781747.7476000004,2565935.9079,1440000.0
1522,68,58,0.0,1.0,0.0,0.0,781747.7476000004,2568335.9079,1440000.0
1523,68,59,0.0,0.0,0.0,0.0,781747.7476000004,2569535.9079,1440000.0
1524,68,78,0.0,0.0,0.0,0.0,781747.7476000004,2592335.9079,1440000.0
1525,68,81,0.0,0.0,0.0,0.0,781747.7476000004,2595935.9079,1440000.0
1526,68,85,0.0,0.0,0.0,0.0,781747.7476000004,2600735.9079,1440000.0
1527,68,92,1.0,0.0,0.0,0.0,781747.7476000004,2609135.9079,1440000.0
1528,68,93,1.0,0.0,0.0,0.0,781747.7476000004,2610335.9079,1440000.0
1529,68,102,0.0,0.0,0.0,0.0,781747.7476000004,2621135.9079,1440000.0
1530,68,117,0.0,0.0,0.0,0.0,781747.7476000004,2639135.9079,1440000.0
1531,69,57,0.0,0.0,0.0,0.0,782947.7476000004,2567135.9079,1440000.0
1532,69,58,1.0,3.0,0.0,0.0,782947.7476000004,2568335.9079,1440000.0
1533,69,63,1.0,0.0,0.0,0.0,782947.7476000004,2574335.9079,1440000.0
1534,69,65,0.0,2.0,0.0,0.0,782947.7476000004,2576735.9079,1440000.0
1535,69,66,0.0,0.0,0.0,0.0,782947.7476000004,2577935.9079,1440000.0
1536,69,70,0.0,2.0,0.0,0.0,782947.7476000004,2582735.9079,1440000.0
1537,69,82,0.0,1.0,0.0,0.0,782947.7476000004,2597135.9079,1440000.0
1538,69,84,0.0,1.0,0.0,0.0,782947.7476000004,2599535.9079,1440000.0
1539,69,85,1.0,6.0,0.0,0.0,782947.7476000004,2600735.9079,1440000.0
1540,69,91,0.0,0.0,0.0,0.0,782947.7476000004,2607935.9079,1440000.0
1541,69,108,1.0,0.0,0.0,0.0,782947.7476000004,2628335.9079,1440000.0
1542,70,57,0.0,0.0,7.0,0.0,784147.7476000004,2567135.9079,1440000.0
1543,70,64,1.0,0.0,0.0,1.0,784147.7476000004,2575535.9079,1440000.0
1544,70,65,0.0,1.0,0.0,0.0,784147.7476000004,2576735.9079,1440000.0
1545,70,66,0.0,6.0,1.0,0.0,784147.7476000004,2577935.9079,1440000.0
1546,70,78,0.0,3.0,0.0,0.0,784147.7476000004,2592335.9079,1440000.0
1547,70,79,0.0,1.0,0.0,0.0,784147.7476000004,2593535.9079,1440000.0
1548,70,85,1.0,3.0,0.0,0.0,784147.7476000004,2600735.9079,1440000.0
1549,70,90,0.0,0.0,0.0,0.0,784147.7476000004,2606735.9079,1440000.0
1550,70,91,1.0,0.0,0.0,0.0,784147.7476000004,2607935.9079,1440000.0
1551,71,55,6.0,14.0,0.0,2.0,785347.7476000004,2564735.9079,1440000.0
1552,71,56,3.0,12.0,3.0,2.0,785347.7476000004,2565935.9079,1440000.0
1553,71,58,0.0,9.0,0.0,2.0,785347.7476000004,2568335.9079,1440000.0
1554,71,64,0.0,3.0,0.0,0.0,785347.7476000004,2575535.9079,1440000.0
1555,71,65,0.0,1.0,1.0,0.0,785347.7476000004,2576735.9079,1440000.0
1556,71,67,0.0,1.0,0.0,0.0,785347.7476000004,2579135.9079,1440000.0
1557,71,77,0.0,1.0,0.0,0.0,785347.7476000004,2591135.9079,1440000.0
1558,71,78,1.0,1.0,0.0,0.0,785347.7476000004,2592335.9079,1440000.0
1559,71,91,0.0,0.0,0.0,0.0,785347.7476000004,2607935.9079,1440000.0
1560,72,55,0.0,0.0,0.0,0.0,786547.7476000004,2564735.9079,1440000.0
1561,72,56,0.0,0.0,0.0,0.0,786547.7476000004,2565935.9079,1440000.0
1562,72,57,1.0,2.0,0.0,0.0,786547.7476000004,2567135.9079,1440000.0
1563,72,58,0.0,2.0,0.0,0.0,786547.7476000004,2568335.9079,1440000.0
1564,72,66,0.0,9.0,0.0,1.0,786547.7476000004,2577935.9079,1440000.0
1565,72,67,9.0,12.0,1.0,2.0,786547.7476000004,2579135.9079,1440000.0
1566,72,68,1.0,2.0,1.0,0.0,786547.7476000004,2580335.9079,1440000.0
1567,72,77,1.0,0.0,0.0,0.0,786547.7476000004,2591135.9079,1440000.0
1568,73,57,0.0,1.0,0.0,0.0,787747.7476000004,2567135.9079,1440000.0
1569,73,60,1.0,0.0,0.0,0.0,787747.7476000004,2570735.9079,1440000.0
1570,73,61,0.0,3.0,0.0,0.0,787747.7476000004,2571935.9079,1440000.0
1571,73,64,0.0,0.0,0.0,0.0,787747.7476000004,2575535.9079,1440000.0
1572,73,65,9.0,22.0,9.0,6.0,787747.7476000004,2576735.9079,1440000.0
1573,73,66,7.0,22.0,4.0,5.0,787747.7476000004,2577935.9079,1440000.0
1574,73,67,2.0,7.0,1.0,3.0,787747.7476000004,2579135.9079,1440000.0
1575,73,68,0.0,12.0,0.0,0.0,787747.7476000004,2580335.9079,1440000.0
1576,73,71,0.0,0.0,0.0,0.0,787747.7476000004,2583935.9079,1440000.0
1577,73,83,0.0,0.0,0.0,0.0,787747.7476000004,2598335.9079,1440000.0
1578,73,89,1.0,0.0,0.0,0.0,787747.7476000004,2605535.9079,1440000.0
1579,73,118,0.0,0.0,0.0,0.0,787747.7476000004,2640335.9079,1440000.0
1580,74,52,0.0,3.0,0.0,1.0,788947.7476000004,2561135.9079,1465671.595233
1581,74,53,0.0,0.0,1.0,0.0,788947.7476000004,2562335.9079,1440000.0
1582,74,60,2.0,7.0,1.0,1.0,788947.7476000004,2570735.9079,1440000.0
1583,74,61,0.0,1.0,0.0,0.0,788947.7476000004,2571935.9079,1440000.0
1584,74,62,0.0,2.0,0.0,0.0,788947.7476000004,2573135.9079,1440000.0
1585,74,63,0.0,0.0,0.0,0.0,788947.7476000004,2574335.9079,1440000.0
1586,74,64,0.0,0.0,0.0,0.0,788947.7476000004,2575535.9079,1440000.0
1587,74,65,0.0,0.0,0.0,0.0,788947.7476000004,2576735.9079,1440000.0
1588,74,66,7.0,43.0,2.0,5.0,788947.7476000004,2577935.9079,1440000.0
1589,74,67,11.0,42.0,13.0,15.0,788947.7476000004,2579135.9079,1440000.0
1590,74,68,3.0,18.0,0.0,6.0,788947.7476000004,2580335.9079,1440000.0
1591,74,69,0.0,0.0,0.0,0.0,788947.7476000004,2581535.9079,1440000.0
1592,74,75,0.0,0.0,0.0,0.0,788947.7476000004,2588735.9079,1440000.0
1593,74,76,0.0,0.0,0.0,0.0,788947.7476000004,2589935.9079,1440000.0
1594,74,79,0.0,1.0,0.0,0.0,788947.7476000004,2593535.9079,1440000.0
1595,74,81,0.0,0.0,0.0,0.0,788947.7476000004,2595935.9079,1440000.0
1596,74,82,0.0,1.0,0.0,0.0,788947.7476000004,2597135.9079,1440000.0
1597,74,85,0.0,0.0,0.0,0.0,788947.7476000004,2600735.9079,1440000.0
1598,75,51,0.0,0.0,0.0,0.0,790147.7476000004,2559935.9079,753463.3873997
1599,75,61,0.0,1.0,0.0,0.0,790147.7476000004,2571935.9079,1440000.0
1600,75,63,0.0,1.0,0.0,0.0,790147.7476000004,2574335.9079,1440000.0
1601,75,64,0.0,0.0,0.0,0.0,790147.7476000004,2575535.9079,1440000.0
1602,75,65,0.0,2.0,0.0,0.0,790147.7476000004,2576735.9079,1440000.0
1603,75,66,3.0,11.0,2.0,2.0,790147.7476000004,2577935.9079,1440000.0
1604,75,67,3.0,6.0,1.0,2.0,790147.7476000004,2579135.9079,1440000.0
1605,75,69,0.0,0.0,0.0,0.0,790147.7476000004,2581535.9079,1440000.0
1606,75,71,0.0,0.0,1.0,0.0,790147.7476000004,2583935.9079,1440000.0
1607,75,74,0.0,1.0,0.0,0.0,790147.7476000004,2587535.9079,1440000.0
1608,76,55,0.0,0.0,0.0,0.0,791347.7476000004,2564735.9079,1440000.0
1609,76,57,1.0,1.0,1.0,0.0,791347.7476000004,2567135.9079,1440000.0
1610,76,61,0.0,1.0,0.0,0.0,791347.7476000004,2571935.9079,1440000.0
1611,76,64,1.0,0.0,0.0,0.0,791347.7476000004,2575535.9079,1440000.0
1612,76,65,0.0,0.0,0.0,0.0,791347.7476000004,2576735.9079,1440000.0
1613,76,66,0.0,1.0,0.0,0.0,791347.7476000004,2577935.9079,1440000.0
1614,76,67,0.0,0.0,0.0,0.0,791347.7476000004,2579135.9079,1440000.0
1615,76,71,0.0,0.0,0.0,0.0,791347.7476000004,2583935.9079,1440000.0
1616,76,73,0.0,1.0,0.0,0.0,791347.7476000004,2586335.9079,1440000.0
1617,76,75,0.0,0.0,0.0,0.0,791347.7476000004,2588735.9079,1440000.0
1618,76,88,1.0,0.0,0.0,0.0,791347.7476000004,2604335.9079,1440000.0
1619,76,89,0.0,0.0,0.0,0.0,791347.7476000004,2605535.9079,1440000.0
1620,76,106,0.0,0.0,0.0,0.0,791347.7476000004,2625935.9079,1440000.0
1621,77,57,1.0,0.0,0.0,2.0,792547.7476000004,2567135.9079,1440000.0
1622,77,59,0.0,0.0,0.0,0.0,792547.7476000004,2569535.9079,1440000.0
1623,77,62,1.0,1.0,0.0,0.0,792547.7476000004,2573135.9079,1440000.0
1624,77,63,0.0,0.0,0.0,0.0,792547.7476000004,2574335.9079,1440000.0
1625,77,65,0.0,0.0,0.0,0.0,792547.7476000004,2576735.9079,1440000.0
1626,77,75,0.0,0.0,0.0,0.0,792547.7476000004,2588735.9079,1440000.0
1627,77,78,0.0,0.0,0.0,0.0,792547.7476000004,2592335.9079,1440000.0
1628,77,122,0.0,0.0,0.0,0.0,792547.7476000004,2645135.9079,1440000.0
1629,78,56,0.0,0.0,0.0,0.0,793747.7476000004,2565935.9079,1440000.0
1630,78,61,0.0,0.0,0.0,0.0,793747.7476000004,2571935.9079,1440000.0
1631,78,74,0.0,0.0,0.0,0.0,793747.7476000004,2587535.9079,1440000.0
1632,78,111,0.0,0.0,0.0,0.0,793747.7476000004,2631935.9079,1440000.0
1633,79,77,0.0,1.0,0.0,0.0,794947.7476000004,2591135.9079,1440000.0
1634,79,78,0.0,3.0,0.0,0.0,794947.7476000004,2592335.9079,1440000.0
1635,79,79,0.0,0.0,0.0,0.0,794947.7476000004,2593535.9079,1440000.0
1636,80,76,0.0,0.0,0.0,0.0,796147.7476000004,2589935.9079,1440000.0
1637,80,77,0.0,0.0,0.0,0.0,796147.7476000004,2591135.9079,1440000.0
1638,80,111,0.0,0.0,0.0,0.0,796147.7476000004,2631935.9079,1440000.0
1639,81,112,0.0,0.0,0.0,0.0,797347.7476000004,2633135.9079,1440000.0
1640,82,76,0.0,0.0,0.0,0.0,798547.7476000004,2589935.9079,1440000.0
1641,82,77,0.0,0.0,0.0,0.0,798547.7476000004,2591135.9079,1440000.0
1642,83,77,0.0,1.0,0.0,0.0,799747.7476000004,2591135.9079,1440000.0
1643,83,115,0.0,0.0,0.0,0.0,799747.7476000004,2636735.9079,1440000.0
1644,84,115,0.0,0.0,0.0,0.0,800947.7476000004,2636735.9079,1440000.0
1645,87,115,0.0,0.0,0.0,0.0,804547.7476000004,2636735.9079,1440000.0
1646,88,115,0.0,0.0,0.0,0.0,805747.7476000004,2636735.9079,1440000.0
1647,88,122,0.0,0.0,0.0,0.0,805747.7476000004,2645135.9079,1440000.0
