gx,gy,area,total,Y1,Y2,Y3,Y4,X1,X2,X3,X4,X6,X7,X8,X19,X10,X14,X17,X18,X22
3,73,1440000,7,1,2,0,1,115.97222224999999,0.048576000000000001,0.15620499999999998,0.83222399999999996,0,0,1.02092625,1500,0.63651400000000002,0,0.69444450000000002,0.69444450000000002,3000
6,79,1440000,1,1,0,0,0,43.055555499999997,0.112903,0.43670299999999995,0.7905660000000001,0,0.41803599999999996,0,1500,0,0,1.388889,0,3000
7,68,1440000,1,0,0,0,0,134.72222224999999,0.068888000000000005,0.21660300000000002,0.85577000000000003,0,0,1.8387517499999999,1500,1.0751389999999998,40,0.69444450000000002,1.388889,3000
9,62,1100859.24,1,0,0,0,0,402.41293715261912,0.061730999999999994,0.140963,0.80813700000000011,0,0,1.9875571013057034,1500,0,0,0,0.90838142031673375,3000
10,69,1440000,1,0,0,0,0,4.1666667500000001,0,0,0.83335000000000004,0,0,0,1500,0,0,0,0,3000
10,70,1440000,1,0,0,0,0,393.05555550000003,0.058334000000000004,0.162522,0.8261059999999999,0,0,0.48027200000000003,1500,0,0,0.69444450000000002,0,3000
10,73,1440000,2,1,1,0,0,98.611111250000008,0.060531295744420989,0.34148011262620515,0.87625394367382958,0,0,2.8437787500000002,1500,0.43378149999999999,0,0,5.5555554999999996,3000
10,74,1440000,5,0,1,2,1,1618.0555555000001,0.087940920602984668,0.2762211995680956,0.84002719742705612,2.7777777499999998,0.34450775,4.2537000000000003,1500,1.1952485000000002,37.5,3.4722222500000002,6.9444445000000004,3000
10,75,1440000,4,2,0,0,0,1913.1944444999999,0.080871194555415721,0.22695351724136267,0.83530852341205086,2.0833332499999999,0.42444899999999997,4.2369135,1500,0.88847149999999997,15,4.1666667500000001,4.8611110000000002,3000
10,79,1440000,1,0,0,0,0,11.111110999999999,0.072930999999999996,0.4375,0.87031299999999989,0,0,0.27715524999999996,1500,0,0,0,0,3000
11,70,1440000,1,0,0,0,0,304.86111099999999,0.06552100000000001,0.18903900000000001,0.85118099999999997,0,0,2.2979585,1500,0.69314700000000007,0,0.69444450000000002,1.388889,3000
11,76,1440000,3,0,3,0,0,275,0.065591568167645456,0.21683201266860544,0.87900003786053627,0,0,1.5613999999999999,1500,1.6429039999999999,41.75,6.25,2.7777777499999998,3000
11,77,1440000,2,0,1,0,1,365.97222224999996,0.067510208720907919,0.14962657873666671,0.87854622769889057,4.1666667500000001,0,2.0865685000000003,1500,1.4252465000000001,24.899999999999999,4.1666664999999998,2.0833332499999999,3000
12,68,1440000,1,0,0,0,0,327.77777774999998,0.093033000000000005,0.20267099999999999,0.8464870000000001,0,0.00390625,1.5724265000000002,1500,0,0,0,2.0833332499999999,3000
12,69,1440000,3,0,0,0,0,1746.52777775,0.07941916341978561,0.21108729144950983,0.84509331133248011,1.388889,0.70913500000000007,5.0943207499999996,1500,1.7163815,0,0.69444450000000002,44.444444249999997,3000
12,70,1440000,16,1,5,0,1,3491.6666665000002,0.085547203261771468,0.2342947183770506,0.85014523050916035,6.9444445000000004,0,9.0306560000000005,1500,1.6157365000000001,104.5,5.5555554999999996,25.694444500000003,3000
12,78,1440000,1,0,0,0,0,169.4444445,0.074194999999999997,0.257245,0.81189999999999984,0,0,0.77444999999999997,1500,0.56233500000000003,0,0,2.0833332499999999,3000
13,70,1440000,3,0,0,1,0,2040.27777775,0.084626095983357089,0.19292290333446838,0.82276004799178171,2.7777777499999998,0.45736575000000002,4.9644872499999995,1500,0.60598750000000001,16,4.8611110000000002,11.111110999999999,3000
13,71,1440000,1,0,0,0,0,46.527777750000006,0.091898999999999995,0.23100700000000002,0.87871200000000005,0,0.30441725000000003,0,1500,0,0,0,0.69444450000000002,3000
13,79,1440000,1,0,0,0,0,161.11111100000002,0.034263000000000002,0.20272999999999999,0.80605800000000005,0,0,1.5824830000000001,1500,0,0,0.69444450000000002,1.388889,3000
13,81,1440000,1,0,0,0,0,194.44444449999997,0.060235999999999998,0.18113900000000002,0.84155900000000006,0,0,0.10266375,1500,1.273028,0,0.69444450000000002,5.5555554999999996,3000
14,69,1440000,2,0,0,1,0,140.97222224999999,0.085751571436237337,0.16041657143341939,0.82613014285823605,0,0.84656449999999994,1.239123,1500,0,0,0.69444450000000002,0,3000
14,72,1440000,4,0,2,0,0,2047.2222220000001,0.070263144165817137,0.20388055427422219,0.84489537822236349,9.0277777500000003,0.28274499999999997,6.9505094999999999,1500,1.4919770000000001,0,0.69444450000000002,47.916666499999991,3000
14,73,1440000,2,0,2,0,0,2725,0.080324000000000007,0.160443,0.84792900000000004,2.7777777499999998,0.46374700000000002,1.3367614999999999,1500,1.5864320000000001,32,0.69444450000000002,18.055555500000001,3000
14,79,1440000,1,0,0,0,0,117.36111100000001,0.091715999999999992,0.15241500000000002,0.8328589999999999,0,0,0.42403999999999997,1500,0,0,0.69444450000000002,0,3000
14,80,1440000,15,0,1,0,0,3318.0555555000001,0.071065120761970607,0.14936721201305242,0.82043575449937756,2.7777777499999998,0,6.8082312500000004,1500,1.4284890000000001,15.666666666666666,5.5555554999999996,42.36111125,3000
14,81,1440000,4,0,0,2,0,3830.5555555000001,0.059301598259754042,0.14329732994926422,0.82270142929652557,4.1666667500000001,0,7.2346374999999998,1500,1.3164666666666667,13.777777666666667,3.4722222500000002,20.833333249999999,3000
15,68,1443029.9676951601,2,0,0,1,0,192.65019171017485,0.047413658268330688,0.19266720864040091,0.83323723021177432,0,0,2.8658695471206119,1500,0,0,1.385972713508123,0.69298635675406151,3000
15,71,1440000,1,0,0,0,0,381.25,0.095132000000000008,0.27809800000000001,0.85546399999999989,2.7777777499999998,0.50938600000000001,2.1371335,1500,1.329661,0,0.69444450000000002,26.388889000000002,3000
15,72,1440000,1,0,0,1,0,368.05555550000003,0.075134000000000006,0.28237299999999999,0.88488700000000009,0,0,1.403386,1500,1.329661,0,0,18.055555500000001,3000
15,73,1440000,1,0,0,1,0,386.80555550000003,0.057214000000000001,0.20812399999999998,0.86496499999999998,0.69444450000000002,0.4750915,2.3047615000000001,1500,1.4368290000000001,0,0,18.055555500000001,3000
15,79,1440000,1,0,0,0,0,856.94444450000015,0.054444000000000006,0.136514,0.82333600000000007,0,0,1.2097505,1500,1.5176750000000001,0,0,0,3000
15,81,1440000,19,0,3,2,3,2545.1388887500002,0.0822554665757467,0.22200696562158503,0.83499553642613245,1.388889,0,4.4498112499999998,1500,1.4521154999999999,20.5,3.4722222500000002,45.138889000000006,2726.3218019999999
15,82,1440000,33,0,4,3,2,5267.3611109999993,0.082356880817373884,0.18786639696749391,0.82209105972305341,1.388889,0,11.51081325,1500,1.6063726666666667,22.333333333333332,6.9444442499999992,78.472222250000002,2804.6092866666668
15,83,1440000,1,0,0,0,0,512.5,0.076540999999999998,0.18302499999999999,0.81877,0.69444450000000002,0.43630550000000001,1.2305584999999999,1500,0.84868600000000005,0,2.0833332499999999,8.3333332500000008,3000
16,66,800215.14086199994,2,0,0,0,0,188.29560299482813,0.109429,0.30305100000000001,0.82418700000000011,0,0,1.7731360751111891,1500,0,0,0,0,3000
16,71,1440000,1,0,0,1,0,315.27777774999998,0.079195000000000002,0.25672,0.89378099999999994,0,0,3.2007969999999997,1500,0.68290799999999996,0,0,18.055555500000001,3000
16,72,1440000,10,0,2,3,3,4590.9722222499995,0.082255999999999996,0.208317,0.83577000000000012,5.5555554999999996,0.092093250000000001,2.3898104999999998,1500,1.8350520000000003,70.666667000000004,5.5555554999999996,19.444444499999999,3000
16,74,1440000,6,3,4,0,1,3011.1111110000002,0.161995,0.22220500000000001,0.83092700000000008,1.388889,0.41859225,2.1491625000000001,100.73728299999999,2.0322240000000003,84.333332999999996,17.361110999999998,5.5555554999999996,3000
16,81,1440000,36,2,3,8,0,7561.1111110000002,0.091770308137389373,0.23136095040446628,0.83155446234391506,3.4722222500000002,0,8.78281125,1500,1.5367790000000001,72.076923000000008,11.805555750000002,79.16666674999999,1665.4817486666666
16,82,1440000,58,1,11,10,3,19404.166666749999,0.091724456517230615,0.2119424131060505,0.82544437245003688,6.9444445000000004,0,16.95938275,1500,1.8315679999999999,53.375,49.30555549999999,95.138888499999993,1938.8141742499997
16,83,1440000,3,0,0,0,0,2312.5,0.066072000000000006,0.15807499999999999,0.8356309999999999,2.0833332499999999,0.42331899999999989,2.4729762499999999,1500,1.5679509999999999,0,2.7777777499999998,20.833333249999999,2291.9314570000001
17,72,1440000,4,0,0,1,0,611.11111099999994,0.043480197727364674,0.1580470693182017,0.83236760340897598,0.69444450000000002,0,4.3574489999999999,1500,0.5744245,0,2.7777777499999998,4.1666664999999998,3000
17,73,1440000,3,0,2,0,0,2302.0833332500001,0.099926398189791196,0.18118929894409777,0.85860952217174025,9.0277779999999996,0.567438,4.6891167500000002,1123.7696025,1.5434984999999999,100.375,5.5555557499999999,16.666666750000001,3000
17,74,1440000,6,1,4,0,0,4801.3888889999998,0.15039363986133389,0.22592806609826852,0.82946390671086845,8.333333249999999,0.49437625000000002,3.1138515,839.14042549999988,1.9616519999999995,65.75,29.861110999999998,34.722222250000002,3000
17,75,1440000,1,0,0,0,0,1497.22222225,0.12257699999999999,0.19118199999999999,0.83115599999999989,3.4722222500000002,0,3.3235412499999994,1500,1.5903869999999998,207.5,3.4722222500000002,39.583333250000003,3000
17,76,1440000,3,0,3,0,0,5165.9722222500004,0.070101238069940577,0.16749641080905039,0.8459759501277675,6.25,0,10.11825775,1500,1.8257636666666668,79,11.805555750000002,58.333333249999995,3000
17,77,1440000,5,0,3,0,0,3223.6111112499998,0.068994862128338802,0.18315630504088268,0.83558182205941955,3.4722222500000002,0,6.3944665000000001,1500,1.8522324999999999,34.200000000000003,5.5555554999999996,44.444444249999997,2734.2110115
17,80,1440000,5,0,1,0,0,1808.3333332500001,0.095055937787861228,0.22705003456209863,0.83736259907837818,26.38888875,0,5.0973750000000004,1500,1.314492,40,3.4722222500000002,45.138888999999999,1059.7592155000002
17,81,1440000,80,1,24,3,4,13510.416666750001,0.091536772500464797,0.21935499999968477,0.84154744302239115,25.694444500000003,0,15.783311250000002,1500,1.5673602499999999,45.000543499999999,37.5,172.91666674999999,506.49803150000008
17,82,1440000,164,1,45,17,4,12905.555555249999,0.091786166648629042,0.22520650850158327,0.84494338081152953,8.333333249999999,0,13.81444125,1500,1.8385465000000001,62.361607249999999,44.444444499999996,119.44444425,1053.6193082500001
17,83,1440000,4,0,1,0,0,3368.0555557500006,0.06963506391744885,0.17248357690715918,0.83026667051555025,0.69444450000000002,0.84303399999999995,4.3248042500000006,1500,1.5112479999999999,0,6.25,40.277777749999998,1754.8897853333333
18,65,1408723.9571173999,1,0,0,0,0,208.69951038640474,0.038533999999999999,0.15371300000000002,0.874556,0,0,0.61290395157810551,1500,0,0,0,0,3000
18,68,1440000,1,0,0,0,0,175.6944445,0.087105999999999989,0.15285499999999999,0.88814599999999988,0,0,0.34704875000000002,1500,0,0,0,0,3000
18,69,1440000,1,0,0,0,0,826.38888899999995,0.070008000000000001,0.17410100000000001,0.852267,0,0,1.2946665000000002,1500,0,0,3.4722222500000002,0.69444450000000002,3000
18,70,1440000,7,0,3,0,0,561.11111100000005,0.072405999999999998,0.235593,0.85202500000000003,0.69444450000000002,0.29952075,1.8860892499999999,1500,1.3030919999999999,0,1.388889,3.4722222500000002,3000
18,71,1440000,2,2,0,0,0,814.58333325000012,0.074876999999999999,0.23074199999999997,0.85284500000000008,0,0,2.0937762499999999,1500,0.63651400000000002,0,0,3.4722222500000002,3000
18,75,1440000,3,0,1,1,0,2942.3611109999997,0.095401940288102852,0.232890932972042,0.83468678616968495,2.7777777499999998,0,2.922609,1112.3980325000002,1.4410755000000002,61.5,4.8611110000000002,19.444444500000003,2863.8459069999999
18,76,1440000,2,1,0,0,0,915.27777775000004,0.10318758269945442,0.27582324278513703,0.86121562215576741,3.4722222500000002,0,3.7600585,1500,1.3277785,39,0.69444450000000002,32.63888875,2537.4245599999999
18,78,1440000,7,2,2,0,0,8336.8055554999992,0.078233023906710178,0.16365243573497651,0.85000640766380853,4.8611110000000002,0,6.4376605000000007,1500,1.6303413333333334,75.555555666666677,15.97222225,6.25,1332.6724533333334
18,79,1440000,1,0,2,0,0,145.13888899999998,0.10955199999999998,0.20178499999999999,0.88659900000000003,2.7777777499999998,0,0.83734925000000016,1500,1.376055,0,2.7777777499999998,0.69444450000000002,1919.5896890000001
18,80,1440000,55,0,9,1,1,5605.5555555000001,0.10759511323095698,0.25068319375651138,0.83844805252715127,29.861111000000001,0,6.8620557500000006,1500,1.1155535000000001,21.833333499999998,12.5,182.63888875000001,596.50410150000005
18,81,1440000,204,6,34,18,9,17263.888888750003,0.092842781818096506,0.22793773266260028,0.84028253475461578,54.166666499999991,0,17.223384250000002,1500,1.5237652500000001,67.123511749999992,43.055555499999997,281.25000025000003,641.09896225000011
18,82,1440000,85,2,15,3,1,12779.861111,0.077050770580849318,0.18638938053564236,0.84222933331515659,12.499999749999997,0,15.224565749999996,1500,1.6238970000000001,23.958333249999995,20.833333250000003,154.16666674999999,528.22510324999996
18,83,1440000,17,0,0,1,1,5033.3333334999998,0.076116401214137472,0.18051041045801536,0.81686455725718721,8.3333332500000008,0.84814424999999993,7.3300469999999995,1500,1.4906713333333335,0,5.5555557499999999,67.361111000000008,1494.9619959999998
19,45,729229.60861554998,2,0,1,0,0,1361.2488735625479,0.093635999999999997,0.21514699999999998,0.847306,1.3713101218447648,0.089447603514884302,1.3923369194230015,1280.457122,1.5165219999999999,44.333333000000003,0,1.9988969443650408,3000
19,46,707897.56578249997,1,0,0,0,0,536.80082900123182,0.073458999999999997,0.371143,0.84637099999999976,8.4758027291246361,0,3.6084603810953633,1162.025617,1.7214020000000003,0,1.4126338729454651,42.379012628526873,3000
19,66,1440000,2,0,0,0,0,543.75,0.097627000000000005,0.16467000000000001,0.86747900000000011,0.69444450000000002,0,0.70189999999999997,1500,0,0,0,2.7777777499999998,3000
19,68,1440000,2,0,0,0,0,859.72222224999996,0.0790043667217461,0.22275482632978205,0.86419448546077215,0.69444450000000002,0,2.0225935000000002,1500,1.0768660000000001,0,0.69444450000000002,4.8611110000000002,3000
19,69,1440000,3,0,1,0,1,456.94444449999997,0.073317996961325363,0.25230038450283809,0.8796435714338191,2.0833332499999999,0,3.1889177499999999,1500,0.81631550000000008,0,0,13.194444499999999,3000
19,70,1440000,11,0,4,0,0,6834.0277779999997,0.075700455644703554,0.21463482857433097,0.85919587135456021,6.25,0.74741325000000003,6.0179237500000005,1500,1.8794539999999997,25,19.44444425,53.472222250000002,3000
19,71,1440000,1,0,1,0,0,458.3333332499999,0.084065000000000001,0.235654,0.86806399999999995,0,0,1.9052779999999998,1500,0.69314700000000007,0,0.69444450000000002,2.7777777499999998,3000
19,72,1440000,1,0,0,1,0,567.36111100000005,0.067160999999999998,0.20077500000000001,0.84432099999999988,0,0,1.99856525,1500,1.1601860000000002,0,2.0833332499999999,4.8611110000000002,2486.8801550000003
19,73,1440000,8,1,6,0,0,6200.6944442500007,0.11351502396718541,0.208554385485692,0.84811478273064922,6.9444445000000004,0.30314849999999999,4.7219277500000008,1241.5661809999999,1.7613716666666666,57.533333333333331,14.583333249999999,15.27777775,2196.7231590000001
19,74,1440000,10,1,4,2,0,5861.8055555000001,0.1173341929865466,0.21755813991231163,0.83932672136005448,9.7222222499999997,0.41866025000000001,7.1758257500000004,463.246285,1.715916,45.833333500000002,9.0277777500000003,32.63888875,2266.9661265
19,75,1440000,1,0,0,1,0,384.02777774999993,0.09791699999999999,0.28354400000000002,0.87640099999999999,2.7777777499999998,0,1.9549037499999999,1332.5316580000001,1.4520440000000001,0,2.7777777499999998,6.25,1531.2688470000003
19,76,1440000,2,0,1,0,0,284.02777774999998,0.072083000000000008,0.24806,0.86531000000000002,0,0,1.62298275,1500,1.204793,0,1.388889,9.0277777500000003,1641.7663770000001
19,77,1440000,28,3,10,1,1,7678.4722222500004,0.15224020792233303,0.268373924482121,0.83974503870850892,7.6388889999999998,0,4.89326025,1500,1.6387030000000002,39.25,18.75,30.555555500000001,970.04700800000001
19,78,1440000,34,5,10,2,6,10826.388889,0.11954333341870629,0.20933732803073615,0.84090578749195288,3.4722225000000004,0.067779999999999993,9.30300175,1500,1.9393432499999999,45.5,68.055555499999997,68.75,448.92413649999997
19,79,1440000,1,0,0,0,0,1022.22222225,0.09384300000000001,0.1913,0.83236100000000002,0,0.417883,0.23360949999999994,1500,1.262138,0,0,9.7222222499999997,1044.3049640000002
19,80,1440000,60,3,15,8,2,12404.166666749999,0.11081341585499581,0.22809174258205769,0.83212656147134934,15.972222250000002,0.87978400000000001,7.9682297500000008,1500,1.7646087500000001,39.549999999999997,49.305555250000005,177.08333325000001,763.32032325
19,81,1440000,44,0,9,3,4,9022.2222222500004,0.087278801723781677,0.20508043226537065,0.83968392349116294,10.416666750000001,0.84582500000000005,11.759021000000001,1500,1.7044366666666668,34.902777666666672,8.3333335000000002,113.19444424999998,1094.0662090000001
19,82,1440000,175,0,30,6,3,11260.416666750001,0.089825330311443186,0.18470370841801756,0.8249422970705903,6.25,0.48329800000000001,9.3548757499999997,1500,1.728391,55.869047666666674,25.694444499999999,101.38888874999999,1390.9863610000002
19,83,1440000,72,1,6,3,1,7080.55555525,0.085618520302447113,0.19869783503315921,0.83796951039562428,6.25,0.93799750000000015,7.9744712499999997,1500,1.6936835000000001,36.8125,18.055555500000001,112.5,2110.03461625
20,44,471458.31032509997,8,1,3,0,0,16.781802397060186,0.053571000000000001,0.23135700000000001,0.87155000000000005,2.1210782504379635,0,0.17644267119839765,795.76399200000003,0.41011600000000004,0,0.59935013184487029,1.1987002636897406,2882.6796480000003
20,45,1437624.211836,16,2,7,0,0,9068.569618560623,0.11606748483084055,0.23699869071892013,0.87138532390076351,13.216249506411938,0.8651967948961039,5.5337484649643356,396.23796635297475,1.6103102667007949,18.540786092731821,6.9467397485303524,67.380620867465751,3000.0000000000005
20,46,1430322.9012469999,14,0,5,1,0,4372.4392544281918,0.083711000000000008,0.21880500000000003,0.85096700000000003,7.6905712342365904,0,4.4091667654218289,926.93116799999984,1.9148049999999999,81.25,6.9914283489984603,57.329712059081103,3000
20,47,188728.4764367,1,0,1,0,0,150.51403527095067,0.067382999999999998,0.383656,0.87728300000000004,5.2986174123672827,0,2.283673312356937,1500,0.69314700000000007,0,2.1199161617136171,8.4796638836847098,3000
20,53,1663083.1189302399,20,2,5,6,2,7682.1175411954291,0.12552374796496332,0.2342776765808518,0.87958310355358693,8.4181000219672395,0,11.185334748611737,1329.6408732499999,1.66381175,35.5,35.476278370230297,34.874985898063755,444.22696424999998
20,54,909621.35735129996,1,1,0,0,0,4886.6486741947956,0.16567599999999999,0.217279,0.89030100000000001,5.4967927034599926,0,5.7280100977089861,606.65420300000005,1.5508459999999997,130,14.291660870688354,4.3974340836141801,1109.9581820000001
20,60,1440000,16,1,4,2,0,7248.6111110000002,0.074666561889257202,0.20141312636541525,0.86620698850360078,12.5,0.18587549999999997,3.91905225,666.7335599999999,1.8740949999999998,0,8.3333335000000002,21.527777750000002,3000
20,61,1440000,2,0,0,0,0,736.80555549999997,0.085047999999999999,0.22600399999999998,0.87283199999999994,2.7777777499999998,0.31013000000000002,0.82141600000000004,1061.9151880000002,1.4862440000000003,64,0,2.7777777499999998,3000
20,64,1440000,3,0,0,0,0,1525.6944442500003,0.071157701411093996,0.22574890259437264,0.86386823759707576,0,0,3.9701144999999998,1500,0.34657350000000003,0,6.25,9.7222220000000004,1133.465009
20,65,1440000,3,0,1,0,0,829.86111100000005,0.060306092049337817,0.20620373138043788,0.87433056066808557,0,0,3.0274609999999997,1500,0,0,0.69444450000000002,9.0277779999999996,2108.2252694999997
20,68,1440000,2,0,0,0,0,986.80555575000017,0.080965439126718497,0.16682065376592681,0.86058733075698612,0,0,5.1273429999999998,1500,0.81485799999999997,0,2.0833332499999999,11.111110999999999,3000
20,69,1440000,1,0,0,0,0,1276.3888890000001,0.072996000000000005,0.21067800000000003,0.86700200000000005,4.1666667500000001,0,2.6569015,1500,1.2971280000000001,0,0,13.194444500000001,3000
20,70,1440000,10,1,0,0,0,4245.8333330000005,0.069899373895530151,0.22016559666284027,0.86605645044174229,6.9444445000000004,0.64921399999999996,5.1890437499999997,1500,1.5116732500000001,392,3.4722222500000002,88.888888999999992,3000
20,71,1440000,1,0,0,0,0,334.02777774999998,0.06353099999999999,0.23970999999999998,0.89135799999999998,0,0,0.62876774999999996,1500,1.1269290000000001,0,1.388889,5.5555554999999996,3000
20,72,1440000,3,0,0,0,0,1431.9444444999999,0.074416112513032609,0.18871055334692294,0.84578997284153989,2.7777777499999998,0,3.7903794999999998,1500,0.46288999999999997,53,0.69444450000000002,5.5555554999999996,2045.7
20,73,1440000,20,4,9,0,0,13879.86111125,0.11066862580657784,0.23100875383919744,0.83603760964673213,8.3333335000000002,0.82080999999999993,8.6338820000000016,955.87560125000016,1.6776432500000003,38.773809499999992,47.222222249999994,47.222222249999994,1256.9853444999999
20,74,1440000,36,6,19,1,3,18862.5,0.10914199035414149,0.27987446366232593,0.84284642772987328,18.055555499999997,0.82318824999999984,8.4615204999999989,729.46688100000006,1.8534496666666669,102.28571433333332,59.722222249999994,93.75,954.89761800000019
20,75,1440000,41,0,8,5,11,14466.666666749999,0.10838625048001597,0.298941859878739,0.85295657123655921,12.5,0.53488225,9.7879439999999995,1385.8833086666666,1.7882660000000001,70.388889000000006,34.722222500000001,104.16666675,706.56830099999991
20,76,1440000,53,12,10,0,0,16743.055555500003,0.11220448477807132,0.27681690140994514,0.84992013815850342,18.05555575,0,14.667326750000003,1500,1.5029004999999998,35.119841250000007,57.638888999999999,138.88888900000001,864.93298500000003
20,77,1440000,6,0,2,1,0,3000,0.11559852731641167,0.23130152106581181,0.85190295625019907,4.8611112500000004,0,4.4012897500000001,1500,1.4218409999999999,0,19.444444499999999,55.555555500000004,1043.4274916666666
20,78,1440000,21,5,8,0,0,10897.916666499999,0.11177431886832856,0.19889320340279751,0.85042196100172196,5.5555554999999996,0.44386049999999994,5.6427969999999998,1500,1.7063256666666669,61.603174666666668,20.833333500000002,42.361110999999994,871.90926466666667
20,81,1440000,2,0,1,0,0,148.61111100000002,0.086989999999999998,0.25416100000000003,0.86070000000000002,0.69444450000000002,0.45415900000000003,0,1500,0.63651400000000002,0,0,4.8611110000000002,1603.4209920000001
20,82,1440000,13,0,3,0,0,2779.1666664999998,0.074941347826074145,0.1881942368811706,0.82529387256357478,2.0833335000000002,0.86008824999999989,2.88181025,1500,1.7578460000000002,25,4.8611112500000004,33.333333500000002,2671.146088
20,83,1440000,27,1,3,0,0,2982.6388889999998,0.075650379511375376,0.15017788125727047,0.82836293713460785,2.0833335000000002,0.84553750000000005,6.2312769999999995,1500,1.3312636666666666,184.80000000000001,6.9444445000000004,34.722222000000002,2853.5756489999999
20,84,1440000,11,0,3,1,0,2788.1944442500003,0.10382877285168067,0.17046403013675979,0.86443213673630315,0,0,0.35213050000000001,1500,0.69831033333333337,0,4.8611112500000004,5.5555554999999996,3000
21,43,190503.12,1,0,0,0,0,425,0.070512000000000005,0.18488399999999999,0.83852800000000005,15.747773999999998,0,11.608804000000001,1500,1.0062149999999999,0,2.7777780000000001,75,1007.5113720000001
21,44,1360118.3554841299,13,0,7,0,0,5051.174540736497,0.069429874858261575,0.18387997786165719,0.844019058049574,5.146611081142547,0,9.0371622135784229,1458.0109378858299,1.2377987366493062,0,4.8336614343734139,16.772039837451619,1490.8075293322199
21,45,1440000,7,0,1,0,0,1854.8611109999997,0.084072999999999995,0.18865399999999999,0.86363999999999996,4.8611110000000002,0,5.1150422500000001,632.46654000000001,0.97843999999999987,61.5,2.0833332499999999,20.833333249999999,1748.3540370000001
21,46,1440000,13,1,2,2,0,9359.7222222500004,0.11039968110992356,0.22258560439272934,0.86144746364449298,10.416666750000001,0.27734175,4.3103700000000007,1255.2841489999998,1.5761186666666669,39.833333333333336,14.583333249999999,36.805555749999996,2394.9056623333331
21,47,405568.46488300001,1,0,0,0,0,992.49051344553902,0.043269999999999996,0.119976,0.87610300000000008,0,0,1.2178171424477606,1500,0,0,4.1877236440770691,10.469309298640241,2815.3722469999998
21,48,193073.78191799999,8,3,2,0,0,33.333333000000003,0,0.29166700000000001,0.91666700000000001,20.717469000000001,0,1.6876559999999998,1355.926989,1.2741180000000001,0,0,47.222221999999995,987.52850399999977
21,49,827121.59192939999,9,1,5,1,0,13096.018899437191,0.13547300000000001,0.25268299999999999,0.87122399999999989,7.25407265212844,0.041925782543178927,2.9163791436917248,279.14118300000001,1.4001760000000001,74,12.090120941799283,20.553205339912168,181.43321599999999
21,50,683221.72984849999,15,0,3,0,2,10162.545304870271,0.12610967228286687,0.25483586763760618,0.87538146178635168,29.273073777780631,0.27129606364671888,4.4309056649076162,353.06976330727991,1.9225378172461904,70.949964655736139,11.669005558965468,67.838666188040762,725.43845696391452
21,53,1526054.6646125,112,20,19,10,7,40183.920083238714,0.12688255406738796,0.26933664527177642,0.89332554544894038,28.177234508303933,0.79750108557749855,8.0693727826719055,561.95430958095244,1.9874058474938721,85.959215250856829,85.656907008381197,102.53766485360426,1213.8670311409794
21,54,1440000,59,11,17,2,3,24413.194444500001,0.14400273955333381,0.26346761590100271,0.88912153463230004,13.88888925,1.1200872500000001,8.3477435,442.97290075000001,1.7841414999999998,90.875,52.777777750000006,30.555555500000001,1830.9118982499999
21,55,847822.42770562996,5,1,7,0,0,20120.49577881637,0.16633297407940256,0.23967888159238121,0.87693385328753803,3.5384766691281979,0.42307522399632264,4.4294764635819792,394.62669601256567,1.4279887330682832,0,35.510746391850596,5.8974613982918083,2829.4726940905402
21,57,811632.11795392004,2,0,1,1,0,1630.0488493915325,0.095575999999999994,0.280974,0.87980199999999997,77.621373780549163,0,2.4377950505309274,821.08169099999998,1.798106,0,0,6.1604265398031872,2326.982806
21,58,1437539.4093539999,6,2,2,1,0,2050.4520754282294,0.082152544452329807,0.18758341633061795,0.87105802328008852,16.695194429342738,0,2.771221061032382,991.10034406779209,1.2661631779955622,0,4.8694318600598603,32.642454975067501,2276.8173789228981
21,59,1440000,26,2,6,5,0,5993.0555555000001,0.06901378852847545,0.21726318319871374,0.87528639571274425,59.388889000000006,0,4.0375005000000002,1146.3941993333333,1.8341223333333332,28.666666666666668,4.8611112500000004,54.166666750000005,2176.4954389999998
21,60,1440000,9,0,3,0,0,3186.1111112500007,0.055249533129891011,0.16783912009585983,0.88531958217095719,44.444444499999996,0.28469749999999999,2.5315747499999999,983.36183850000009,1.2719670000000001,0,1.388889,9.0277777500000003,2449.5045505000003
21,61,1440000,4,0,1,0,0,279.86111099999999,0.068544000000000008,0.181283,0.89107999999999987,11.805555499999999,0.29274275,2.9547252500000001,651.53460400000006,1.127483,0,0.69444450000000002,9.7222222499999997,3000
21,62,1440000,7,0,2,3,0,2397.9166665000002,0.075366234578554736,0.21075370807987087,0.86495371879515581,6.25,0,5.681737,1418.2548873333333,1.216245666666667,0,3.4722222500000002,26.388888999999999,2467.3612083333333
21,63,1440000,2,0,0,1,0,1579.1666667499999,0.068799347405722161,0.20945384696626243,0.88249405101162448,3.4722222500000002,0,3.9952839999999998,1500,1.2005209999999997,15,1.388889,47.916666750000005,1137.5897010000001
21,64,1440000,46,4,6,2,0,4761.1111110000002,0.080544180134032486,0.24368367532065111,0.86992287047852068,9.0277779999999996,0,11.239723250000001,1500,1.9325792500000001,58.206521749999993,31.944444749999999,82.638889000000006,449.21587950000003
21,65,1440000,10,2,0,1,0,2247.22222225,0.070864783991578265,0.22246250525823361,0.86979127472152173,4.1666667500000001,0,4.7756892500000001,1500,1.6788963333333333,0,5.5555554999999996,18.75,1396.3578393333335
21,66,1440000,2,0,1,0,0,830.55555549999985,0.069619,0.14941400000000002,0.86618099999999998,0,0,2.7387985000000001,1500,1.3107839999999999,0,0,0,2770.1714609999999
21,67,1440000,3,0,0,0,0,724.30555549999997,0.059843500479499628,0.18615175838923825,0.85858979769926536,1.388889,0,3.2225275000000004,1500,1.3274455000000001,0,2.0833332499999999,10.416666750000001,3000
21,68,1440000,1,0,0,0,0,295.83333325000001,0.090345000000000009,0.18512100000000001,0.8872580000000001,0,0,1.09245825,1500,0,0,0,2.0833332499999999,3000
21,70,1440000,2,0,0,0,0,1193.0555555000001,0.088338105353479482,0.23191339289198923,0.85525234516393667,0,0.41739875000000004,2.0352024999999996,1500,0.68988549999999993,24,1.388889,22.916666750000001,3000
21,71,1440000,10,0,2,0,0,809.72222224999996,0.056653820749693516,0.19491192452054168,0.87545301886598148,0,0,2.8251317499999997,1500,0.34657350000000003,0,0,2.0833332499999999,2913.6856954999998
21,73,1440000,43,3,13,3,1,11854.166666749999,0.088720214176945464,0.25768655137689206,0.84981119917982506,9.0277777500000003,0.88064224999999985,7.9279679999999999,1070.5875623333334,1.8439540000000001,251.08333333333334,28.472222249999998,36.111110999999994,751.61503966666658
21,74,1440000,102,14,26,19,23,25697.916666750003,0.1111305589244964,0.29808201272814461,0.86732763529249135,11.805555500000001,0.63817225,13.0329075,452.98332824999994,1.8961342499999998,113.2955975,113.88888899999999,86.805555499999997,428.74883200000005
21,75,1440000,75,8,27,7,11,37138.88888875,0.11198721138747608,0.26609293132011136,0.8589372664360625,21.527777750000002,0.79480700000000004,13.63813775,926.49687649999987,1.9156717499999998,81.325000000000003,118.05555550000001,140.27777799999998,459.71478724999992
21,76,1440000,96,13,31,2,3,28473.611111249997,0.11523616584554446,0.26315417084505466,0.86690184934884573,20.13888875,0.60735424999999998,9.8893762499999998,1242.99664175,1.784491,53.162500000000001,85.41666674999999,197.91666649999999,381.50729300000006
21,77,1440000,33,3,6,5,0,7981.25,0.13755334455744597,0.25791341790622446,0.85834437570717392,7.6388889999999998,1.2705397500000002,6.6132819999999999,1443.71355675,1.0267327499999999,44.227272750000004,21.527778000000001,117.36111124999999,684.91508049999993
21,78,1440000,12,1,5,0,0,4682.6388889999998,0.11331879652951929,0.22863100341122311,0.85411770161653089,3.4722222500000002,0.51682450000000002,3.2303002499999995,1500,1.4501950000000001,78.166666666666671,9.7222222499999997,59.027777750000006,1302.3619726666666
21,79,1440000,3,0,0,0,1,1143.0555555000001,0.082268961117668502,0.17200408383982213,0.82963376184696647,0,0.20546900000000004,1.0198262499999999,1500,1.3239039999999997,0,0,22.222222249999998,1590.9903529999997
21,80,1440000,3,1,0,0,0,163.88888899999998,0.064935000000000007,0.196408,0.86788199999999982,0,0,1.3739107500000001,1500,1.124417,0,2.0833332499999999,12.5,2803.274046
21,82,1440000,51,1,10,1,15,2027.0833335000004,0.077755975333712521,0.17761266495515154,0.83120792703005564,2.7777777499999998,0.74507824999999994,2.8932304999999996,1500,1.4895379999999998,0,4.1666667500000001,25,3000
21,83,1440000,46,1,19,1,5,4220.1388887499998,0.078190509790901253,0.19029185469771895,0.8299459748232404,1.388889,0.69726200000000005,8.9400377500000001,1500,1.4967899999999998,20.25,6.9444445000000004,52.777777749999998,3000
21,84,1440000,6,0,0,1,5,766.66666674999988,0.068762000000000004,0.20769599999999999,0.84165499999999993,0,0.37054949999999992,1.6667490000000003,1500,1.2493430000000001,0,0.69444450000000002,11.111110999999999,3000
22,43,705186.71715118003,2,0,1,0,0,3600.4563637867127,0.052463691747014186,0.15056351802769244,0.87244043169355356,22.689026387435327,0.40771723065086013,3.9409345207832449,1500,1.3093900942840087,0,1.3658193453741065,112.83540720427078,502.12437235983077
22,44,1440000,33,8,7,0,0,9397.9166667500012,0.083242858937309303,0.20451598728998244,0.8469329252936777,9.7222222499999997,0.054926750000000003,10.319905500000001,1227.8510140000001,1.5339416666666668,67.451852000000002,8.3333335000000002,60.416666750000005,667.17898433333346
22,45,1440000,15,1,4,2,1,8953.4722222499986,0.10981385317627926,0.22306284991869244,0.86782812541685961,17.361111000000001,0,9.3023137499999997,473.68657300000001,1.4981880000000001,44.861904666666668,4.8611112500000004,38.194444249999997,1594.9048086666664
22,46,1440000,21,4,9,0,1,10356.249999999998,0.1442586610341525,0.22901574096391966,0.87752610259512498,9.0277777500000003,0.42947200000000002,4.9762492499999995,1125.107495,1.900728,66.071428499999996,27.777777750000002,36.805555500000004,1600.8013404999997
22,47,1326929.5919425699,20,0,2,0,0,2624.2711194078292,0.098401451004840698,0.22998875218439122,0.85466244351879472,11.304292485315788,0.64155233585324756,5.9825613003899347,1477.0247097758788,1.3998084732919767,51.217754095974691,6.5446567447777788,22.394583832250753,1320.8041676074354
22,48,998161.89660709992,246,2,3,0,1,11345.703293043327,0.12220328329526477,0.27401557113357483,0.86271580615057075,15.027622255373783,0,8.3780585214729246,926.15609760844643,0.79842846356861474,97.972907759772269,7.2613268763623493,82.271172653941562,1057.0736743288344
22,49,1440000,61,1,12,0,3,27402.777778,0.12824824951850225,0.3054015323872647,0.88408964602128359,18.75,1.1093647499999999,6.514966750000001,774.09170033333339,1.6190609999999999,92.103174666666661,43.75,65.277777749999998,1028.8921276666667
22,50,1440000,37,7,10,2,2,14938.194444250001,0.10658884979782042,0.23061061563854074,0.86452842541025798,8.333333249999999,0.071606000000000003,4.1833012499999995,644.38137133333328,1.6580713333333335,74.625,11.805555500000001,30.55555575,1507.7469000000001
22,51,1436473.5505161998,36,6,11,1,0,17726.941661889316,0.13212114109681905,0.25177524661355888,0.8815235011541126,9.0499404044802212,0.23326249194048154,8.3563527294200419,405.92091140675268,1.8686169591028732,93.479314823524675,44.775710983110315,103.94926182822854,1256.4262028184794
22,52,1357998.055983,13,1,4,0,2,11783.522023098036,0.086657999999999999,0.23771100000000001,0.85862299999999991,4.4182685634677457,0,2.9003149913561477,454.39488299999999,1.94597,76.75,4.4182685634677457,13.991183563401105,974.68381599999998
22,53,1440000,34,3,7,5,3,12485.416666749999,0.11683939785302556,0.26792491723680573,0.89942143979086131,8.3333335000000002,0.50204474999999993,0.85254625000000006,413.67669849999993,1.5692324999999998,130.5,17.361110999999998,40.972222250000002,1033.610005
22,54,1440000,37,10,10,7,1,16079.166666749999,0.10757542282088887,0.28369007769676968,0.882977963721153,22.222221999999999,1.3488607500000001,2.4479552500000006,913.81626949999998,1.6435985,75.194444500000003,20.13888875,36.11111125,1905.9449090000001
22,55,1440000,8,2,3,0,0,2539.5833332499997,0.1126137473335075,0.28450556849856878,0.8910214249383458,6.25,0,1.8056647500000003,472.68948749999998,1.3399595,43.5,4.1666664999999998,60.416666500000005,2268.0630985000003
22,56,1440000,18,3,3,0,0,3803.47222225,0.091275110826631992,0.22126540040129697,0.88731507869279536,6.25,0,2.0586082499999998,465.12620700000002,0.78517466666666658,16.166666666666668,1.388889,20.833333500000002,2927.696558666667
22,57,1440000,69,9,5,19,0,7355.555555500001,0.096194543618185302,0.20830476756009228,0.87646581221686926,40.972222250000002,0,4.0052927499999997,464.22937233333334,1.7659656666666665,20.5,6.9444445000000004,28.472222250000005,2107.1072883333331
22,58,1440000,42,2,9,18,0,7163.1944447499991,0.082658143867959971,0.22359558662138529,0.87495295065427969,24.305555500000001,0.51773625000000001,7.7055579999999999,551.40017833333332,1.171729,12,9.0277779999999996,41.666666500000005,1071.6537060000001
22,59,1440000,97,4,17,28,0,14179.166666749999,0.087476895288439674,0.23597937378787681,0.86837090366340597,42.361111000000001,0.70210625000000004,5.5645222500000004,721.36209975000008,1.5727169999999999,30.125,11.805555750000002,72.222222249999987,1021.6862110000001
22,60,1440000,12,1,2,0,1,1222.9166665,0.070679821127475811,0.21601691765129566,0.88071813344334349,4.1666667500000001,0.39673375,2.4212634999999998,532.4958059999999,1.5822349999999998,95.5,0.69444450000000002,29.86111125,1921.4032220000001
22,61,1440000,32,5,10,0,0,7518.75,0.074124333795164477,0.20854294162735262,0.86612609577913091,36.805555750000003,0,5.2710460000000001,654.75203399999998,1.610398,19,9.0277779999999996,67.361111000000008,2841.2901904999999
22,62,1440000,3,0,0,0,0,247.22222225000002,0.023313999999999998,0.15749000000000002,0.87871900000000003,2.0833332499999999,0,2.4498807499999997,1500,1.6944150000000004,0,0,25,2152.0883410000001
22,63,1440000,2,0,2,0,0,446.52777774999993,0.087340000000000001,0.22557600000000003,0.86161799999999988,4.1666667500000001,0,2.8711869999999999,1500,1.622206,0,0,40.277777750000006,1597.8482619999997
22,64,1440000,15,2,4,0,1,6549.9999997499999,0.083776405004294896,0.24431842429867179,0.87067227544509607,15.277778,0,13.5013705,1500,1.7326884999999999,11,13.888889000000001,70.138888999999992,928.13869349999993
22,65,1440000,9,4,1,0,0,1995.8333332500001,0.078414970424734234,0.20928041719004972,0.87235540918525378,2.0833332499999999,0,1.9048774999999998,1500,1.8617649999999997,66.5,5.5555554999999996,18.055555500000001,1460.3492624999999
22,67,1440000,2,2,0,0,0,729.86111100000005,0.076224,0.160218,0.88086600000000004,0,0,1.25823175,1500,0.63651400000000002,0,0.69444450000000002,1.388889,3000
22,68,1440000,1,0,1,0,0,147.91666674999999,0.068183000000000007,0.26037899999999997,0.91781100000000004,0,0,2.1309582499999999,1500,0,0,0,2.7777777499999998,3000
22,69,1440000,2,0,1,0,0,786.11111100000005,0.052322,0.15882000000000002,0.85415400000000008,0,0,1.3210225,1500,1.6094379999999999,0,0.69444450000000002,2.0833332499999999,3000
22,71,1440000,3,1,1,1,0,2306.9444444999999,0.1271571550265525,0.26765712492289517,0.83348509753180244,0.69444450000000002,0.41888074999999991,2.2830024999999998,1500,1.1773849999999999,0,6.25,11.111111249999999,3000
22,72,1440000,14,1,3,1,0,2925.6944444999999,0.09274990458132451,0.25786754450485888,0.85578536173751252,3.4722222500000002,0.76615674999999994,4.1636707500000005,1500,1.6040443333333332,18.5,13.194444500000001,84.027777750000013,2204.3080776666666
22,73,1440000,12,2,3,0,1,6088.1944442500007,0.095047029998674551,0.25907646116079641,0.85259161959612462,3.4722222500000002,0.54718049999999996,3.4325899999999998,1308.9105804999999,1.7124690000000002,25.875,11.805555500000001,27.777777750000002,1276.3835784999999
22,74,1440000,43,11,10,4,8,26768.75,0.10935182281364333,0.27522901600635929,0.85883096759810262,13.194444499999999,0.90137124999999996,9.9376612499999997,856.38644825000006,1.7422337499999998,80.738095250000001,73.611111249999993,104.86111125000001,417.81292100000002
22,75,1440000,45,0,18,1,5,22551.38888875,0.12348962111227481,0.28788526667497216,0.86623251616677766,20.138888999999999,0.84321100000000004,6.8110654999999998,581.94282674999999,1.8583912499999999,67.154952750000007,129.86111125000002,197.91666674999999,508.73265624999999
22,76,1440000,71,4,34,2,11,19977.083333250004,0.13517768217068074,0.25703960777916446,0.87087245597386342,18.75,0.25165700000000002,8.5266727499999995,425.95203425000005,1.9033940000000003,80.391896750000001,120.13888874999999,135.41666650000002,502.00932775000001
22,77,1440000,3,0,3,0,0,3226.3888887500002,0.18489961859665788,0.24188215755487055,0.87235505467068508,1.388889,0.51465649999999996,0.96079675000000009,1193.7034329999999,1.8289465,0,9.7222222499999997,18.75,597.55955899999992
22,78,1440000,5,1,6,0,0,1670.1388889999998,0.16867681080606586,0.21847514760812745,0.84373421829772333,3.4722222500000002,0.22051399999999999,3.4264532499999998,1057.0390305000001,1.4800380000000002,76.75,4.8611110000000002,6.9444445000000004,820.79756850000012
22,79,1440000,21,2,8,1,1,3072.22222225,0.12124518082930685,0.18913132368906196,0.845877184448943,3.4722222500000002,0,3.9619622499999996,1303.6618715,1.6492625000000001,17.5,22.222222250000002,9.7222222499999997,1015.4666824999999
22,80,1440000,3,0,1,0,1,587.5,0.065112163127788933,0.20279781796361873,0.81198939006953696,0.69444450000000002,0.84900624999999996,2.9836092500000002,1500,1.2676995000000002,0,0,12.5,2312.4764325000001
22,81,1440000,4,0,0,1,0,422.9166667500001,0.080267999999999992,0.198214,0.81984500000000005,0.69444450000000002,0.42332425000000001,0.53276499999999993,1500,1.2373319999999999,0,0.69444450000000002,17.361110999999998,3000
22,82,1440000,78,4,17,2,2,6276.3888889999998,0.086666772959210589,0.22777936280303321,0.83458668001759329,6.25,0.8636974999999999,11.70854675,1500,1.6267252500000002,51.833333249999995,24.305555500000001,60.416666499999991,3000
22,83,1440000,6,1,4,0,0,1364.5833332500001,0.064629202035622182,0.17155979287335163,0.80910419847335324,0,0.71029675000000003,3.0308087499999998,1500,1.4289070000000001,21.5,4.8611112500000004,14.583333499999998,3000
22,84,1440000,3,0,1,0,0,854.16666650000002,0.099960799995661043,0.20378432682707245,0.85322045690838788,0,0.21981149999999997,2.2595290000000001,1500,0.56346450000000003,0,1.388889,14.583333249999999,3000
23,43,648340.19999999995,5,0,1,0,0,6463.3305887440165,0.083925337496362842,0.20030393827286472,0.86236625133353595,6.1696001764110884,0,7.7826683851651968,1500,0.82828686652313088,0,4.1344384184544785,16.7955808145798,1118.1086730082566
23,44,1440000,5,1,2,0,0,7320.8333334999998,0.08416035723692393,0.20063825820379111,0.87660509125415353,8.3333335000000002,0.45353374999999996,5.6770350000000001,1351.48743375,1.4235802500000001,39.875,4.8611112500000004,52.083332999999996,1213.8417899999999
23,45,1440000,44,12,8,2,4,19817.361111249997,0.11852962434734336,0.23726773245262306,0.86873206892807842,22.916666750000001,0.75864850000000006,3.1668699999999999,508.52896200000004,1.6572976666666666,100.55976433333333,22.916666500000005,56.944444499999996,1225.9916403333332
23,46,1440000,52,4,12,1,3,31631.944444499997,0.12918208267837511,0.25300258048298996,0.89619580805707588,9.7222222499999997,0.43745800000000001,4.5207499999999996,490.77212966666661,1.6560073333333332,234.19999999999999,54.166666750000005,100.69444475,249.80159433333333
23,47,1440000,26,3,15,2,2,31622.222222,0.13145072028729426,0.27615675852072569,0.8854875217410374,22.916666750000001,1.3062017500000001,4.9390157500000003,634.36274249999997,1.76767775,94.056372499999981,29.166666499999998,88.888888749999992,712.50763025000003
23,48,1440000,156,4,18,1,4,25888.194444500001,0.15220742117544556,0.31473320657743087,0.8900516819925407,14.583333249999999,0.72477550000000002,6.9580905,595.63432424999996,1.2008227499999999,111.92282200000001,73.611111250000008,98.611111000000008,433.896366
23,49,1440000,78,1,5,2,1,7543.75,0.14880600156508533,0.27113841784068227,0.90268957028460461,9.0277779999999996,0.39064850000000007,2.2334505,475.10587633333341,0.98099166666666671,63.5,13.888889000000001,45.833333499999995,1170.8678806666665
23,50,1440000,85,7,8,5,8,18314.583333250001,0.13270693959731236,0.30493906028909462,0.89735645535209518,23.611111249999997,0.89607375000000011,1.0644025000000001,495.82848200000001,1.5465385,151.66666674999999,36.11111125,105.5555555,1172.5550395
23,51,1440000,62,5,13,7,9,42350,0.13850344749439675,0.28871253966630606,0.89189784156500462,30.555555500000001,0.96419725000000001,5.121454,620.15700974999993,1.580503,74.782828250000009,59.027777999999998,147.91666674999999,487.94763575000002
23,52,1440000,77,14,10,12,5,28238.194444750003,0.12948427796775139,0.29165007431810819,0.89684670604724803,11.805555750000002,0.95784700000000011,3.2186649999999997,622.31511499999999,1.83144525,75.833333249999995,36.805555500000004,104.16666649999999,506.80920100000003
23,53,1440000,107,13,18,35,6,37914.583333500006,0.11775309564636811,0.27815554693497452,0.87843989449971227,29.86111125,0.70270125000000005,2.9986720000000004,532.46562324999991,1.7300519999999999,37.666666749999997,56.249999750000001,349.30555575,702.32889449999993
23,54,1440000,50,9,8,15,5,22060.416666500001,0.11162017130976139,0.28644875622476579,0.89406483111405577,27.083333499999995,0.79138774999999995,7.1709175000000007,541.20447250000007,1.84157525,52.25,47.91666674999999,196.52777775000001,838.7557865
23,55,1440000,61,21,11,3,1,14900.00000025,0.093087947846890132,0.25488141074782011,0.89006170409213214,22.916666749999997,1.001055,1.14453575,413.728364,1.5512219999999999,254.25,27.777777750000002,257.63888875000004,1797.2368817500003
23,56,1440000,88,9,29,8,1,31206.944444500001,0.088082366482737248,0.23440197084874839,0.87162309083628098,88.138888999999992,0.99168149999999988,4.6193002499999993,623.33881274999999,1.8210274999999998,44.875,20.833333499999998,134.72222225000002,2660.6475
23,57,1440000,78,11,19,21,3,10884.72222225,0.085451444239242003,0.24041248991973097,0.87978523420963028,47.222222249999994,0.84093424999999999,4.62384225,1036.156457,1.4695640000000001,131.375,9.7222222499999997,58.333333249999995,1790.01014575
23,58,1440000,101,6,25,22,4,14663.194444249999,0.10899668984122945,0.26048453975835362,0.86859235898655662,18.75,0.80650425000000003,4.3822537500000003,684.35942775000001,1.5610575000000002,110.84478025,45.138888999999999,113.88888925000001,610.4818694999999
23,59,1440000,265,15,53,56,4,19502.083333249997,0.08206365694553544,0.22296881337460908,0.86639417836409427,51.388888999999999,1.0960602499999998,6.6760532499999998,676.12600850000001,1.7992575,83.889285749999999,35.416667000000004,175.69444424999998,598.72246025000004
23,60,1440000,15,0,4,4,1,2931.25,0.067934999999999995,0.16874,0.85986399999999996,6.9444445000000004,0.31068425,0.32715774999999997,1452.6182550000001,1.5555480000000002,0,1.388889,15.97222225,1555.8010710000001
23,61,1440000,17,0,6,9,1,2977.77777775,0.079679513759188719,0.21784728404832768,0.85387782182894378,22.222222249999998,0.71461924999999993,2.3683247500000002,1210.452,1.5175984999999999,16.5,3.4722222500000002,32.63888875,2816.5447300000001
23,62,1440000,20,5,4,4,0,2621.52777775,0.073439734569463108,0.20545136900664585,0.86901868264920068,11.111111249999999,0.42267874999999999,3.07431375,1500,1.5390105000000001,0,2.7777777499999998,56.944444249999997,2503.5793769999996
23,63,1440000,12,2,0,0,1,4111.1111110000002,0.077765966216158791,0.22219079594597288,0.8699321547298271,20.13888875,0.42152425000000004,2.9776469999999997,1500,1.6208584999999998,25.75,1.388889,77.777777999999998,1937.0327030000001
23,64,1440000,52,7,11,9,3,9409.7222222499986,0.10362225446497687,0.30093909845049005,0.88203582022150984,4.8611112500000004,1.1992052500000001,6.59489225,1500,1.7099839999999999,19.6875,52.083333249999995,60.41666674999999,508.33335550000004
23,65,1440000,23,7,7,0,1,8393.055555500001,0.083639046830896333,0.21140007876859288,0.8674554216447532,9.0277777500000003,0.56629825,5.7511867499999996,1500,1.6535643333333334,0,9.0277777500000003,60.416666499999991,722.15765799999986
23,66,1440000,13,0,4,0,0,772.22222224999996,0.085655356112636458,0.23553277518050308,0.8878191645693182,13.194444500000001,0.61353200000000008,0.46081975000000003,1500,0.76649899999999993,0,0.69444450000000002,19.444444499999999,1699.2944024999997
23,67,1440000,10,1,3,0,0,4025.6944444999999,0.083820278937476747,0.21279962877368352,0.8706997046748669,7.6388887500000004,0.42808199999999996,4.3787155000000002,1500,1.8477834999999998,0,4.1666667500000001,46.527777750000006,2891.2936880000002
23,68,1440000,1,0,1,0,0,1002.0833332500001,0.079577999999999996,0.22659000000000001,0.84743899999999994,0,0.080836249999999998,2.8593130000000002,1500,1.3564260000000001,0,2.0833332499999999,4.8611110000000002,3000
23,69,1440000,1,0,0,0,0,1552.77777775,0.046768999999999998,0.173655,0.86736800000000003,1.388889,0.168596,1.4789017499999999,1500,1.3317780000000001,0,2.7777777499999998,11.111110999999999,3000
23,70,1440000,5,0,4,0,0,2198.6111110000002,0.080824999999999994,0.16985899999999998,0.83401399999999992,3.4722222500000002,0.40428724999999999,4.4227324999999995,1500,1.4957790000000002,49.625,8.3333332500000008,30.555555500000001,3000
23,71,1440000,5,0,2,0,2,5251.3888889999998,0.07012344247551687,0.1778867265276535,0.84496142528454121,9.0277774999999991,0.636849,6.6233135000000001,1500,1.6726589999999997,31.44444433333333,9.0277779999999996,97.916666750000005,3000
23,72,1440000,1,0,0,0,0,1339.5833332499999,0.086594000000000004,0.18523000000000001,0.86569300000000005,0.69444450000000002,0,1.3633469999999999,764.85628099999985,1.5431030000000001,0,0.69444450000000002,22.916666750000001,3000
23,73,1440000,4,0,0,1,0,318.05555550000003,0.066076999999999997,0.14987,0.84004699999999999,0.69444450000000002,0,3.2725744999999997,1213.528542,1.0751389999999998,0,4.1666667500000001,5.5555554999999996,1661.831856
23,74,1440000,5,0,1,0,0,4283.3333332499997,0.085223697146922614,0.26928575405814403,0.86446772179022091,0,0.67948224999999995,3.0898317499999997,1358.9733036666667,1.316074,15.666666666666666,6.25,27.083333249999995,1202.3426936666667
23,75,1440000,47,4,10,3,1,20261.111111000002,0.11323053499441775,0.24433335165905473,0.86010613158071358,18.05555575,0.59337825000000011,8.9850909999999988,1071.3640546666666,1.6701303333333335,87.787581666666668,76.388888749999992,123.61111125000001,1018.5880396666665
23,76,1440000,69,12,29,5,9,26993.75,0.16463850168493951,0.26171527205356698,0.87254218077750012,14.583333249999999,0.59733700000000001,7.8145265000000004,542.723748,1.8756575,93.999999749999986,114.58333300000001,43.75,331.38371100000001
23,77,1440000,27,5,5,2,1,9761.8055552499991,0.12060588873893668,0.22261088560873157,0.85910059237393488,6.9444442499999992,0.68046874999999996,5.2227945,1200.67060975,1.6130615000000001,57.5,43.750000249999999,77.083333249999995,819.16664800000012
23,78,1440000,10,0,6,2,6,5865.2777777499996,0.093047663272654291,0.22671712360862425,0.84967598448974868,5.5555557499999999,1.2342334999999998,9.674033500000002,508.31947174999993,1.6634605,48.25,27.777777499999996,47.222222249999994,413.18808124999998
23,79,1440000,19,3,10,4,1,2049.3055555000001,0.143523430361295,0.18809242290691847,0.84655955743829214,1.388889,0,5.6994915000000006,815.45743300000004,1.5760223333333334,90.208333333333329,39.583333249999995,24.305555500000001,731.82752733333336
23,82,1440000,3,0,0,0,0,1042.3611109999999,0.122184,0.258878,0.84468999999999983,0.69444450000000002,0,1.0974412500000001,1500,1.6787529999999999,0,4.1666667500000001,6.9444445000000004,3000
23,83,1440000,2,0,0,0,0,2003.47222225,0.07635058128247664,0.17535802703653158,0.8368501050259618,0.69444450000000002,0.41759724999999992,1.7186925000000002,1500,1.6046274999999997,0,4.8611110000000002,34.027777749999998,3000
23,84,1440000,14,1,7,0,0,2137.5000002500001,0.067915207927470037,0.18189886647119885,0.85174757017503211,2.7777777499999998,1.35453175,6.9987149999999998,1500,0.69937925000000012,0,7.6388889999999998,36.805555250000005,3000
23,86,1440000,2,0,0,0,0,160.41666674999999,0.12219433767208916,0.35532505192792413,0.89700457142585832,0,0,4.2710272500000004,1500,0.66044399999999992,0,9.7222222499999997,1.388889,3000
24,43,588162.35999999999,1,0,0,0,0,1100.2839907240584,0.097070000000000004,0.21841200000000002,0.86930200000000002,6.8008430050000985,0,3.1097246044671238,779.78379400000006,1.4932080000000001,0,2.7067259013756,6.7668142662283772,2035.0393120000001
24,45,1440000,57,13,12,4,2,13662.5,0.16469687465636079,0.22886167459570583,0.88000980710574372,12.5,0.09057575000000001,1.366482,598.40346349999993,1.7894414999999999,145.28846150000001,65.277777999999998,40.277777750000006,1176.8410670000001
24,46,1440000,77,9,19,1,0,32356.25,0.1184150920952614,0.24303539078816347,0.88025951574273842,22.222221999999999,0.74401625000000005,5.0088539999999995,439.37015450000001,1.69731425,65.545454500000005,56.25,71.527777750000013,770.73581749999983
24,47,1440000,41,3,11,1,3,22181.944444499997,0.12821124888837063,0.2694116765383705,0.88259028125993011,13.194444500000001,0.53416550000000007,5.3159702500000003,356.32597849999991,1.7553695,104.675,18.75,84.722222249999987,1135.5836752500002
24,48,1440000,47,8,8,1,3,18833.333333249997,0.11913491312681813,0.27871604424758778,0.89393422241885045,11.11111125,0.72335700000000003,4.8323922499999998,458.03063266666663,1.9398690000000001,161.21111099999999,31.249999999999996,133.33333325000001,1067.5118786666667
24,49,1440000,75,5,17,3,20,33108.333333249997,0.13658672569016811,0.32173918558602294,0.89889819473109489,20.138888999999999,1.391823,9.2504249999999999,475.32243474999996,1.5958625,105.32102275,64.583332999999996,113.19444425,961.43318625000018
24,50,1440000,376,25,33,4,7,76055.555555500003,0.13400660874726777,0.32209715875638606,0.90153826939371706,26.38888875,0,10.7757275,436.65884924999995,1.5286195,167.084091,124.99999975000001,84.722222250000002,426.91681449999999
24,51,1440000,202,29,41,8,12,52810.41666675001,0.14905319899534128,0.35603177327168661,0.90230043529657389,40.277777749999998,0.75333475000000005,8.1861187500000003,397.31124674999995,1.7934840000000001,129.61566474999998,152.08333325000001,211.11111124999999,452.43354025000002
24,52,1440000,61,3,10,5,0,33318.055555249994,0.13428913702115994,0.3090798921172716,0.89610607228310646,35.416666499999998,0.64562575,4.0606490000000006,299.05407274999999,1.64106,175.10208324999999,67.361111249999993,159.72222225000002,871.89183800000001
24,53,1440000,42,7,14,8,9,22363.88888875,0.12036048891431053,0.25663160209923352,0.88130098512603194,29.861111000000001,1.1546080000000001,4.77897075,724.55355025000006,1.7978957499999999,54.583333249999995,84.027778000000012,131.94444449999997,691.75455050000005
24,54,1440000,44,3,8,6,2,26050,0.10581811303044229,0.28683646609094438,0.8822341702387333,31.944444499999992,0.94845125000000008,6.1491237499999993,723.32653425000001,1.8716269999999999,58.232142750000001,35.416666750000012,103.47222224999999,726.77425074999996
24,55,1440000,97,8,22,16,0,50247.222221999997,0.098223652634208611,0.26605908806458878,0.88922671408038079,34.722221999999995,1.68392075,6.7719405000000004,680.74564700000008,1.8134027500000003,32.4375,47.222222250000002,95.833333500000009,1371.395139
24,56,1440000,102,13,28,25,3,10696.527777750001,0.10842498422378484,0.28849653126015368,0.88665090852434503,21.527777750000002,1.0332250000000001,7.3705337499999981,325.66429925,1.5553420000000002,125.63492050000001,13.194444750000001,284.02777774999998,1995.2914535
24,57,1440000,34,3,9,2,1,4327.7777777499996,0.094890523428274073,0.23406355808844526,0.89001317185488216,6.9444447500000006,0.58160374999999997,5.0344905000000004,401.98212949999999,1.68400075,10,5.5555554999999996,45.13888875,1599.5591362499999
24,58,1440000,130,24,39,8,3,27389.583333499999,0.11142607996753195,0.27381829662020285,0.87373897877847517,29.861111000000001,0.19489375,7.2340494999999994,636.05315424999992,1.9418930000000003,46.424045250000006,59.027777499999999,143.0555555,891.2804662499999
24,59,1440000,99,15,22,14,0,17740.972222250002,0.075612689395987573,0.21544230449764604,0.8654752311426791,25.694444499999999,0.33056099999999999,6.9095969999999998,1249.1775907499998,1.8358887499999998,56.899999999999999,11.805555499999999,135.41666674999999,906.05982100000006
24,60,1440000,2,0,0,1,0,187.5,0.075872111103335999,0.29576788884298799,0.88314799998874005,3.4722222500000002,0,0.33160850000000003,1415.0641204999999,1.1617189999999999,0,2.0833332499999999,2.0833332499999999,1180.6861460000002
24,61,1440000,38,7,8,0,0,13097.916666750001,0.080051525581940952,0.23404549329361271,0.8619898350034505,27.777777750000002,0,8.7041227500000016,1500,1.8255662500000003,33,15.972222,102.08333325000002,1856.5713449999998
24,62,1440000,12,1,3,0,1,5638.8888889999998,0.087815340394183372,0.22607017315280911,0.87084847241428587,36.805555500000004,0,6.9525440000000005,1500,1.5640402499999999,8.75,4.8611112500000004,166.66666674999999,1557.9428330000001
24,63,1440000,18,2,5,0,0,5572.2222222500004,0.086322870388885101,0.24491413721240018,0.87330618108135649,25.69444425,0.045994500000000001,10.3761715,1500,1.72900075,38,4.8611112500000004,143.75,1690.0315149999999
24,64,1440000,11,2,0,1,0,3063.1944444999999,0.089263115166649434,0.25075897392891988,0.87720335298135221,9.7222222499999997,0.99962700000000004,2.3119162500000003,1500,1.5547506666666664,30,5.5555554999999996,72.916666499999991,939.99552399999993
24,65,1440000,9,1,2,0,0,4188.1944444999999,0.084780420991752203,0.24102709550480833,0.87492669490927755,8.333333249999999,1.2582245000000001,2.2179282499999999,1500,1.5281333333333333,21.333333333333332,5.5555557499999999,45.138889000000006,1174.9059106666666
24,66,1440000,4,1,2,0,0,1501.3888889999998,0.083089851063590112,0.20928968084942384,0.86790532978646417,2.0833335000000002,0.42892075000000002,1.24555175,1500,1.5039400000000001,0,0.69444450000000002,14.583333250000003,2451.9158944999999
24,67,1440000,2,0,0,0,1,386.80555550000003,0.087405999999999998,0.23685599999999998,0.88869599999999993,0,0.44858300000000001,2.1275974999999998,1500,1.6216679999999999,0,1.388889,11.111110999999999,2934.6936519999999
24,68,1440000,1,0,1,0,0,714.58333325000001,0.058499000000000002,0.192664,0.84830099999999997,0,0,1.1512215000000001,1500,0.63651400000000002,0,1.388889,2.0833332499999999,3000
24,69,1440000,1,0,1,0,0,160.41666674999999,0.020571999999999997,0.21586100000000003,0.86366500000000002,0.69444450000000002,0,1.1145165000000001,1500,0.79631200000000002,0,0,8.3333332500000008,3000
24,70,1440000,2,0,0,0,0,444.44444450000003,0.092495000000000008,0.23178600000000005,0.83746100000000001,0,0,1.8780790000000003,1500,1.3979919999999999,0,0,4.1666667500000001,3000
24,71,1440000,10,1,0,3,3,5025.6944444999999,0.083137467873537485,0.20927809216537646,0.8541580833216289,9.0277777500000003,0.77814849999999991,3.7530147500000002,1419.327012,1.8353470000000001,23.222222333333335,6.25,84.027777999999998,3000
24,72,1440000,8,2,1,0,0,12879.861111,0.12287819819988109,0.21876835488256322,0.83747208610545809,5.5555554999999996,0.83461224999999994,8.0149775000000005,683.14473575,1.6323527499999999,30.614583249999995,24.305555500000001,60.41666674999999,2509.4812489999995
24,73,1440000,1,0,1,0,0,1590.97222225,0.079808000000000004,0.180037,0.87609999999999999,3.4722222500000002,0.42558925000000003,0.56478799999999996,863.225683,1.6153290000000002,0,3.4722222500000002,12.5,973.03992699999992
24,74,1440000,12,2,7,0,0,7767.3611112500002,0.13502497586056658,0.22653059704945452,0.8626258160035557,5.5555554999999996,0.82843974999999981,4.1717655000000002,564.19790966666676,1.8621166666666666,49.642856999999999,34.027777499999999,58.333333499999995,658.78264999999988
24,75,1440000,9,0,10,1,1,8857.6388889999998,0.099886269620075283,0.18612585503742643,0.85618699788325403,11.805555499999999,0.98011950000000003,7.7104600000000012,456.29240999999996,1.7981320000000001,70.700000000000003,25.694444749999999,124.30555550000001,1234.4731843333332
24,76,1440000,7,0,2,0,1,2208.3333332499997,0.086189398113224805,0.1754863619576866,0.86798150377402861,2.0833335000000002,0.43772999999999995,4.9813830000000001,739.69298533333347,1.3790876666666667,23,7.6388889999999998,74.305555749999996,784.93545200000005
24,77,1440000,18,3,4,1,0,4604.8611110000002,0.084331438546452725,0.21779051606116911,0.84374298642792867,3.4722225000000004,0.83556575,9.2289070000000013,1407.6450755000001,1.26452925,29.5,13.888888750000001,91.666666750000005,1147.4210350000001
24,80,1440000,1,0,0,0,0,147.22222224999999,0.126917,0.19094900000000001,0.87323200000000001,0,0,1.5301185000000002,1500,0.69314700000000007,0,1.388889,0,1950.9639579999996
24,81,1440000,1,0,0,0,0,404.16666674999999,0.093825999999999993,0.19731300000000002,0.82695200000000002,1.388889,0,1.8127482500000001,1500,1.0608569999999999,0,1.388889,1.388889,3000
24,83,1440000,3,0,0,0,2,252.77777774999998,0.063091999999999995,0.22170200000000001,0.82334099999999999,0,0,0.52013850000000006,1500,0,0,0.69444450000000002,0,3000
24,84,1440000,1,0,0,0,0,252.08333325000001,0.06867100000000001,0.17826199999999998,0.82869099999999996,0,0,1.137202,1500,0.63651400000000002,0,0,0.69444450000000002,3000
24,85,1440000,1,0,1,0,0,365.27777774999998,0.055047000000000006,0.172958,0.84256399999999998,0,0.42760325000000005,0.93040424999999993,1500,1.0549200000000001,0,0,6.9444445000000004,3000
25,44,1440000,11,1,3,0,2,4761.8055557500002,0.088368465510129099,0.23966439769696762,0.86295479028746913,10.416666499999998,0.67973324999999996,4.6356120000000001,414.97956433333331,1.2916046666666667,51.399999999999999,6.25,131.25,895.72653666666668
25,45,1440000,16,4,7,1,1,14534.02777775,0.10349811577235853,0.23887160332547405,0.86913521104686853,14.583333249999999,0.61907550000000011,0.75403425000000002,779.24512700000002,1.6140870000000003,57.083333333333336,20.13888875,77.083333249999995,402.75489600000003
25,46,1440000,7,1,1,0,0,6639.5833334999998,0.1561986861206707,0.24928267409268515,0.87143675640624563,4.1666664999999998,0.58696149999999991,3.2336137500000004,390.78072750000001,1.578109,86.75,4.1666667500000001,26.388888999999999,1414.364916
25,47,1440000,17,5,9,1,1,19688.194444250003,0.17417556848090607,0.31219145321153929,0.89816496546862135,7.6388889999999998,0.21761550000000002,5.2083539999999999,539.65551999999991,1.7856403333333335,375.20634899999999,75,52.083333499999995,795.12717066666664
25,48,1440000,53,10,15,2,0,36301.38888875,0.13222605947508637,0.32571797132437769,0.89679586517197996,26.388888499999997,0.66194549999999996,4.6473020000000007,376.21808624999994,1.7512957499999999,426.82852550000001,62.5,104.16666675,1220.4607324999997
25,49,1440000,75,4,11,12,11,34775.694444749999,0.1335929805300006,0.35454553950918288,0.89284566307884539,72.916666750000005,0.58858100000000002,9.5308652499999997,355.65976425000002,1.6335042500000001,188.68035724999999,63.194444499999996,176.38888874999998,629.47737549999999
25,50,1440000,421,18,49,8,6,53523.611110999998,0.14106014806552195,0.40092311994926144,0.89079391429025001,61.805555750000003,1.5011039999999998,9.9966842499999995,396.06883325000007,1.3480269999999999,155.73881750000001,95.138888999999992,225,477.53164875000004
25,51,1440000,108,17,36,6,10,69043.750000000015,0.14737771993400062,0.41163199778723164,0.8920159630869865,31.25,1.0597604999999999,8.0888209999999994,460.23039424999996,1.9630372499999997,156.48088799999999,161.80555575,240.27777774999998,374.81131575000006
25,52,1440000,40,0,16,13,3,22190.277777749998,0.14267003686533303,0.32150925583624629,0.88885254882004194,63.388888999999999,0.24881675,4.1634387500000001,635.35186099999999,1.3960683333333332,157.66666666666666,49.305555750000003,115.2777775,686.53501733333337
25,53,1440000,246,4,21,46,4,29371.527777750005,0.1206430415179609,0.34059796600074876,0.86073296141392719,96.527777749999984,0.82301374999999999,5.3523812499999996,546.68596774999992,1.3537064999999999,172.11820650000001,18.75,252.08333350000001,814.63645274999999
25,54,1440000,236,38,44,35,7,43954.861110999998,0.1095078219606473,0.35610104126704406,0.85759874193853847,77.777777750000013,0.079528749999999995,6.9761075000000003,548.60535499999992,1.9617370000000003,176.38413550000001,52.777777499999999,157.63888850000001,629.34240224999996
25,55,1440000,242,46,51,25,8,60269.444444500004,0.13392456424856977,0.33002689175932814,0.88903858994331098,63.194444499999996,0.58533550000000001,7.2776525000000012,883.68819749999989,1.9954515000000002,144.89820249999997,93.749999749999986,165.27777800000001,534.23990974999992
25,56,1440000,200,41,46,14,0,41880.555555500003,0.12377915042778538,0.30596007796638763,0.88085635205943325,59.722222249999994,0.78540125000000005,5.4433150000000001,650.54054274999999,1.8786099999999999,108.27232124999999,56.944444249999989,214.58333350000001,1057.3504352499999
25,57,1440000,209,46,35,10,7,46870.833333250004,0.1090176179659858,0.28434699189551876,0.87471251011944873,39.583333250000003,0,11.385862250000001,395.26436424999997,1.8362302500000001,80.208333249999995,93.75,174.3055555,694.49826274999998
25,58,1440000,127,16,23,12,3,34484.027777500007,0.099384791368777883,0.26182008892981068,0.87793935626401698,37.5,0.86821475000000004,6.9689487499999991,923.51077624999994,1.5400727499999998,185.9511905,50,181.9444445,433.19653299999999
25,59,1440000,168,16,22,29,5,19625.000000250002,0.097971998478319805,0.25347453018393634,0.88840814780602395,29.861111000000001,0,6.3004712499999993,1155.1787605,1.7903235,215.97916674999999,34.027777749999998,284.72222224999996,358.67235875
25,60,1440000,60,5,7,2,1,20377.7777775,0.081396388665448752,0.25989851083682364,0.86575334974783158,20.138889000000002,0,4.9350667499999998,594.89377424999998,1.6929347499999996,156.33333325000001,18.055555499999997,59.722222249999994,700.94427124999993
25,61,1440000,14,1,3,0,1,5212.4999997499999,0.093217777511237013,0.23910516053865727,0.87931089714893051,33.333333250000003,0.48643550000000002,8.2639337500000014,1274.6068244999999,1.4166019999999999,33.916666749999997,6.9444447500000006,116.66666675,1171.5828947499999
25,62,1440000,163,22,23,3,3,14493.055555500001,0.1005483093438764,0.29633736861520449,0.86536472961194411,54.861111000000001,0.89748949999999994,5.9700247500000003,1500,1.8345125,58.9375,38.88888875,255.55555549999997,500.34729600000003
25,63,1440000,48,1,6,0,0,13858.333333499999,0.082536486018965072,0.22782552209813775,0.85750820354786206,18.055555500000001,0.44720799999999999,8.6696202499999995,1500,1.7546934999999997,107.68333324999999,7.6388889999999998,123.61111124999999,1363.9360695
25,64,1440000,4,0,1,0,0,602.08333325000001,0.062554999999999999,0.21983799999999998,0.85797500000000004,2.7777777499999998,0,2.0349390000000001,1500,1.6370750000000001,0,0.69444450000000002,19.444444499999999,1890.6996340000001
25,66,1440000,10,0,1,0,1,2854.1666667499999,0.080523999999999998,0.25121900000000003,0.86485599999999996,2.0833332499999999,0.54186175000000003,1.8012282500000001,1500,1.8730519999999999,65,5.5555554999999996,24.305555500000001,3000
25,67,1440000,4,0,3,0,0,1385.4166667500001,0.099564,0.31037399999999998,0.87257599999999991,2.7777777499999998,0.076335749999999994,1.0197627499999999,1500,1.7094560000000001,0,3.4722222500000002,34.722222249999994,3000
25,71,1440000,8,0,1,1,0,2076.3888889999998,0.098242914381368576,0.24182748461615181,0.86701674214047675,2.0833335000000002,0.15124649999999998,5.4310545000000001,1500,1.6972289999999999,0,3.4722222500000002,53.472222249999994,3000
25,72,1440000,1,0,2,0,0,1618.75,0.111483,0.22293099999999999,0.842248,2.7777777499999998,0.44284075000000006,0.77856825000000007,1500,1.685473,0,1.388889,16.666666750000001,2708.1603479999999
25,73,1440000,4,0,3,0,1,3526.3888887500002,0.15568482749056675,0.22111221465095249,0.84732527530503388,3.4722222500000002,0.29148425,0.49211274999999999,857.21505650000006,1.4885609999999998,19.5,9.0277777500000003,60.416666500000005,1319.2193600000001
25,74,1440000,24,2,11,0,0,7000.6944444999999,0.13260744092858029,0.2186679506001995,0.86393897778001294,10.416666750000001,0.26067575000000004,5.9819642499999999,508.68994700000007,1.8482530000000001,40.875,24.305555500000001,90.277777750000013,628.15643050000006
25,75,1440000,6,1,0,4,0,1568.75,0.061217361222928764,0.16912061354631283,0.85649199734530967,6.25,0.43693050000000005,3.4960232500000004,1154.7229500000001,0.83344499999999999,0,1.388889,37.5,1076.3095945
25,76,1440000,9,0,2,4,0,7238.8888892499999,0.093634049309312309,0.23762476841912086,0.8442445625480357,9.7222222499999997,1.09296225,8.1410422500000017,1463.3200622499999,1.5251757500000001,72.875,5.5555554999999996,138.19444425,1947.7937642499996
25,77,1440000,11,1,3,0,1,5519.4444444999999,0.079920516482115581,0.21095265173606195,0.83908328560647183,12.5,0.7966382500000001,9.6388462500000003,1500,1.6822159999999997,34,14.583333250000003,111.11111099999998,2053.6554003333331
25,79,1440000,2,0,2,0,0,264.58333325000001,0.074392,0.17241199999999998,0.83411900000000005,0.69444450000000002,0,0.73017175000000001,1500,1.332179,0,0.69444450000000002,4.8611110000000002,2314.6229189999999
25,93,1440000,17,0,4,3,1,12.5,0.122222,0.48146099999999997,0.91853899999999999,0,0,0.91632175000000005,1500,0,0,2.0833332499999999,0.69444450000000002,3000
26,37,1440000,16,4,5,1,0,7169.4444447499991,0.10116659618381676,0.31365955162801806,0.86684684046878335,3.4722225000000004,0.34273000000000003,9.0299750000000003,882.33589625000013,1.6927854999999998,22.1875,9.0277779999999996,25.694444499999999,3000
26,38,1440000,1,0,1,0,0,2372.22222225,0.103827,0.33987899999999999,0.87495599999999996,2.0833332499999999,0,2.4546975,306.14716699999997,1.6384799999999997,0,0.69444450000000002,12.5,3000
26,39,1440000,5,1,0,1,0,4377.0833332499997,0.08755564921488708,0.28484507853418317,0.86159442503560646,1.388889,0.023592500000000002,2.7619205,1085.7109970000001,1.0812810000000002,0,3.4722222500000002,9.0277777500000003,3000
26,42,1440000,8,0,2,1,0,467.36111100000005,0.090842999999999993,0.34540900000000002,0.89455899999999988,2.0833332499999999,0.23507224999999998,1.9169674999999997,665.78883399999995,1.4750080000000001,37,0,45.138888999999999,3000
26,43,1590998.5800000001,25,6,10,0,0,10603.899851307779,0.14862971850426823,0.29170975223382645,0.8633145370219274,4.3997526383713055,0,3.8524675317686703,535.61781692736918,1.7485860038270882,44.451716589307516,34.366945760078792,24.148004389516949,2440.3706962082706
26,44,1440000,4,2,1,0,1,3721.52777775,0.072463814144537453,0.1983178466131949,0.85680034372102543,2.0833332499999999,0,3.2667157499999999,525.44719249999991,1.198842,0,1.388889,22.916666749999997,1420.5288805
26,45,1440000,27,0,1,1,1,1190.2777779999999,0.06100779113222931,0.19627768144781077,0.87210104317418491,0,0,2.5605502499999999,651.78286950000006,1.4610595000000002,0,2.0833332499999999,18.055555500000001,1139.2236835000001
26,46,1440000,28,5,18,3,0,11531.944444500001,0.14486421022550586,0.3136900886429726,0.89140859797675998,15.27777775,0.33436299999999997,2.8355460000000003,472.67407624999998,1.6254505000000001,147.86666675000001,44.444444500000003,93.055555749999996,1442.018186
26,47,1440000,55,13,30,0,8,53417.361110999998,0.13792729835793505,0.32130679215037444,0.88972027776550788,15.97222225,1.0701322499999999,7.2422337499999996,367.66595300000006,1.9053757499999997,291.95192300000002,117.36111100000002,69.444444750000002,542.14963499999988
26,48,1440000,146,28,36,6,4,66150.694444499997,0.15298465508045364,0.35251298296180239,0.88911660668506187,36.805555500000004,0.75505099999999992,6.12951275,707.63447074999988,1.8978055,425.98556199999996,155.55555550000003,176.38888875000001,523.03334774999996
26,49,1440000,126,14,27,7,11,35972.222222250006,0.1459605561389356,0.36703961094580073,0.89471978862936163,14.583333250000003,0.53345975000000001,2.9500689999999996,556.44690074999994,1.8365857500000002,340.71249999999998,90.277777749999998,121.5277775,715.70180024999991
26,50,1440000,183,16,28,25,17,43953.472222249999,0.13669321514228763,0.43144920717926188,0.87045197285639497,22.916666749999997,0.357074,6.1538220000000008,399.23313899999999,1.7217579999999997,163.50923650000001,170.83333325000001,331.94444449999997,253.34473975
26,51,1440000,100,9,22,12,10,37404.86111125,0.1427125846684919,0.39942324090748588,0.87340440577019995,20.13888875,0.74562074999999994,8.5009912499999984,315.75306624999996,1.8157025,171.3733345,170.13888900000001,325.69444449999997,453.94042725000003
26,52,1440000,17,1,12,1,0,13213.194444500001,0.14705550780469592,0.3870115450673362,0.87283296520737053,7.6388887500000004,0.60583074999999997,1.0221865000000001,508.99638149999993,1.5679130000000001,138.625,70.83333325000001,66.66666674999999,476.96957325
26,53,1440000,177,17,20,5,1,25795.833333250004,0.12871351868300362,0.30751267207767496,0.89154295838048048,54.166666750000005,0.36577825000000003,5.8596707499999994,457.18544674999993,1.5056707499999999,58,69.444444500000003,148.61111075000002,1033.8820074999999
26,54,1440000,298,51,50,16,5,43497.222222249999,0.12326598579086942,0.33146125898832435,0.89667485291202376,38.88888875,0.68344450000000001,10.247697000000001,422.39379000000002,1.8530065,119.807986,95.833333249999995,324.99999975000003,548.29392524999992
26,55,1440000,83,9,19,4,10,22093.055555499999,0.13344758615696253,0.29273596932158469,0.89955535808133935,40.972222250000002,0.37907374999999999,3.5382074999999999,467.43366049999992,1.85983125,117.875,80.555555499999997,203.47222224999999,363.67609250000004
26,56,1440000,129,23,17,7,8,33850.694444500004,0.11626803510119987,0.28006180715985468,0.88309867172021661,40.277777749999998,0.76949324999999991,4.9008779999999996,394.66716599999995,1.82785525,153.80176775000001,106.24999974999999,142.36111074999999,380.34393600000004
26,57,1440000,711,99,105,51,14,33658.333333250004,0.13137582780374801,0.32529232920684448,0.88126222249724628,34.722222000000002,0.49121974999999996,13.288880499999999,462.23718249999996,1.878414,94.758976000000004,122.91666675,269.44444449999997,564.2992435000001
26,58,1440000,129,22,31,9,3,23257.63888925,0.13905267427066503,0.30933029061538303,0.88782274942520523,42.361111000000001,0.86055175000000006,3.7983462500000003,484.25408474999995,1.8233947499999996,88.669956249999998,82.638888749999992,267.36111124999996,529.51877849999994
26,59,1440000,160,27,41,8,1,26594.444444250003,0.10110588184145319,0.27772434922713601,0.87819098976392129,77.083333249999995,1.435432,6.35491575,484.48237074999997,1.9794942500000001,325.11666674999998,49.305555500000004,245.83333350000001,518.93901474999996
26,60,1440000,96,9,16,1,2,14386.805555749999,0.089614685379075271,0.29859547395809771,0.86942296070881653,48.611111000000001,1.0801284999999998,7.0817757500000003,576.28110525,1.7164382499999999,46.571428499999996,22.222222249999998,362.49999974999997,733.00858024999991
26,61,1440000,22,4,9,0,0,7329.8611110000002,0.078814899289783275,0.24621157176758252,0.88144642558030073,32.638888999999999,0.46243224999999993,6.5412540000000012,1334.6256599999999,1.6198170000000001,19,6.9444445000000004,140.27777799999998,754.51405975
26,62,1440000,110,16,26,2,2,24958.333333499999,0.10403250531446297,0.23757670211468032,0.86122534301611142,17.361111000000001,0.13874975000000001,9.4415309999999977,1466.31419925,1.825626,34.6875,52.777778000000005,90.277777750000013,451.47477550000002
26,63,1440000,53,5,9,4,3,14903.472222000002,0.086807738828603154,0.2598318185543867,0.86091058431576195,16.666666500000002,0.72094199999999986,8.8532712500000006,1248.0287836666666,1.7718166666666668,149.5,31.944444499999999,72.222222249999987,543.19714766666664
26,66,1440000,10,1,2,0,0,2069.4444445000004,0.075280248322103713,0.20230832483280514,0.87249497449662361,0.69444450000000002,0,3.9393340000000001,1500,1.3961939999999997,0,3.4722222500000002,15.27777775,3000
26,67,1440000,4,0,0,1,0,1166.6666664999998,0.063477653571378953,0.20413375357086239,0.85960609107157793,0.69444450000000002,0.50475649999999994,1.6680484999999998,1500,1.1331154999999999,0,0,11.111110999999999,3000
26,68,1440000,2,0,0,0,0,397.91666674999999,0.115942,0.25490100000000004,0.87184099999999998,0.69444450000000002,0.49974875000000007,1.8112810000000001,1500,0.89813700000000007,0,0,17.361110999999998,3000
26,69,1440000,1,0,1,0,0,334.72222225000002,0.091642999999999988,0.17499000000000001,0.87417600000000006,2.0833332499999999,0,2.8683709999999998,1500,1.0608569999999999,0,0.69444450000000002,4.8611110000000002,3000
26,70,1440000,3,0,2,0,0,1669.4444444999999,0.095702696339437107,0.24465447088188713,0.85349873377703511,2.7777780000000001,0,5.7481797500000003,1500,1.2009749999999999,0,2.7777780000000001,11.805555500000001,2782.2531285
26,71,1440000,3,0,0,0,0,1704.1666667500003,0.074166999999999997,0.19481099999999998,0.871031,1.388889,0.27102224999999996,3.0050715000000001,1500,1.274052,38,2.0833332499999999,15.97222225,2639.2386030000002
26,72,1440000,6,0,1,0,1,2791.6666667499999,0.076964509701291775,0.22417333308660159,0.86179209328357442,9.0277777499999985,0.85466874999999998,6.2021762500000008,1477.95961775,1.4837304999999998,0,4.1666667500000001,71.527777749999998,2831.4739112499997
26,73,1440000,3,0,1,0,0,2202.77777775,0.07267030044144962,0.18096638525103828,0.84080903341994706,1.388889,0.44483224999999998,6.0346994999999994,698.83436400000005,1.4154903333333333,0,1.388889,89.583333249999995,1990.8761976666667
26,74,1440000,9,0,1,1,1,3640.2777777499996,0.11980537962438011,0.22686863639684432,0.84195552766067583,5.5555554999999996,0.68927400000000005,4.5252165,855.27408933333334,1.7079029999999997,36,8.333333249999999,65.972222249999987,1654.9347896666668
26,75,1440000,4,0,1,0,0,2390.97222225,0.092974871623614577,0.24208053877514732,0.85029081237304271,4.1666664999999998,0,5.5336784999999997,1500,1.5117845000000005,28.25,2.0833332499999999,58.333333249999995,1952.9621275000002
26,77,1440000,1,1,0,0,0,523.61111100000005,0.076680999999999999,0.144154,0.80569199999999985,0,0.046908750000000006,1.201956,1500,1.273801,0,2.0833332499999999,2.0833332499999999,3000
26,78,1440000,1,0,0,0,0,396.52777774999993,0.063952999999999996,0.14385999999999999,0.81388800000000006,0,0,2.3512664999999999,1500,0.69314700000000007,0,1.388889,1.388889,3000
26,79,1440000,5,0,1,0,1,2488.8888887499998,0.10268944531249749,0.19576395731019683,0.83753272516749599,1.388889,0.47446899999999997,3.4144000000000001,1500,1.3585310000000002,0,4.8611112500000004,20.833333249999999,3000
26,80,1440000,5,2,0,0,0,3382.6388889999998,0.091750157668202104,0.20529453644148596,0.83019465530743064,11.111111249999999,0,3.7623787499999994,1500,1.0937136666666669,16.333333333333332,4.8611110000000002,25.694444499999999,3000
26,81,1440000,5,0,0,1,1,2486.8055554999996,0.10353888048010827,0.25412813180859017,0.84486557106948645,4.8611112500000004,0,6.0724665,1500,1.7145269999999999,39.875,17.361111000000001,28.472222250000005,3000
26,86,1440000,1,0,1,0,0,126.38888899999999,0.12257700000000001,0.13284899999999999,0.86877199999999999,0,0,0.12437049999999999,1500,0,0,0.69444450000000002,2.7777777499999998,3000
26,93,1440000,1,0,0,0,0,15.27777775,0.15288599999999999,0.080182000000000003,0.80520500000000006,0,0,0.86091200000000023,1500,0,0,0.69444450000000002,0,3000
27,35,454642.63562800002,3,0,0,1,0,5844.1288153223704,0.081029999999999991,0.28731400000000001,0.85648199999999997,4.3990593216396068,0,6.2529166918460746,1500,1.8536729999999999,0,0,36.743364647430269,3000
27,37,1440000,3,0,1,0,1,1213.1944442499998,0.10035862392800148,0.29001209787578103,0.88581209960083906,0,0.205202,1.9281712500000001,1238.5354344999998,1.1966559999999999,50.5,2.0833335000000002,13.888889000000002,3000
27,38,1440000,9,1,4,2,0,6920.1388887499998,0.11199873326639866,0.30966258795778512,0.87835069121924025,2.7777777499999998,0.83230549999999992,0.59604575000000004,333.69536200000005,1.3460529999999999,24.399999999999999,2.0833335000000002,39.583333499999995,3000
27,39,1440000,10,1,5,0,0,6063.1944444999999,0.10910212495797644,0.33339635551571739,0.8615601759249959,5.5555557499999999,0.54936050000000003,5.8963322499999995,750.2013182500001,1.5570030000000001,64.75,13.888888999999997,66.666666750000005,3000
27,40,1440000,1,0,2,0,0,1002.77777775,0.11282100000000002,0.34857899999999997,0.84876200000000013,2.7777777499999998,0,1.3525419999999999,1137.2829079999999,1.6267849999999999,74,2.7777777499999998,28.472222249999998,3000
27,42,1440000,2,0,1,0,0,1447.9166667500001,0.090135000000000007,0.260021,0.858043,0,0.41854300000000005,0,1500,1.3665260000000001,0,1.388889,11.805555499999999,2652.8400569999999
27,43,1440000,41,0,9,4,1,16045.138889,0.084243992945273127,0.27113657632568611,0.84841010201253408,13.888889000000001,0,5.7003604999999995,1389.5352754999999,1.8033745000000001,43.710526250000001,29.861111000000001,97.916666750000005,2665.1573402499998
27,44,1440000,7,0,2,0,0,1038.8888887500002,0.085555741978653191,0.28728649197841105,0.86986859157753615,3.4722222500000002,0,1.6321039999999998,1116.5174929999998,1.3359725,0,2.0833335000000002,35.416666749999997,2223.2774420000001
27,45,1440000,48,4,16,3,4,23908.333333499999,0.11429231311729332,0.29178190894041173,0.86945705417104879,9.0277779999999996,0,3.3394292500000002,791.98612324999999,1.67094125,128.75,26.388888999999999,77.777777750000013,1330.2289340000002
27,46,1440000,119,30,28,14,1,50027.777777749994,0.14250649890336764,0.31137729687666144,0.8896463154358738,20.13888875,0.35198400000000007,2.95332375,466.88103625000002,1.9496540000000002,350.12062950000001,97.222222250000016,147.91666674999999,1333.6968447500001
27,47,1440000,201,35,119,8,45,54028.472222250006,0.16128159677897114,0.33933417832675661,0.89118266663668333,13.194444249999998,0.53018250000000011,4.7068519999999996,343.95623049999995,1.8139749999999999,426.35776950000002,217.36111100000002,190.97222200000002,541.24577224999996
27,48,1440000,129,23,32,6,17,46644.444444250003,0.15046145666087923,0.36721153096707948,0.8920941455157213,25.694444499999999,0.71962300000000012,7.8428542500000011,384.72319825,1.9249842499999998,547.87142549999999,186.11111099999999,115.27777775000001,274.35856425000003
27,49,1440000,98,8,37,4,43,56445.138888750014,0.15202789163520636,0.35035886463010973,0.89602603391937019,22.222222249999998,0.92062975000000002,6.8996257500000002,677.74875474999999,1.91980525,457.79622524999991,169.44444449999997,114.58333325,564.45157200000006
27,50,1440000,117,17,39,10,1,54451.388889000002,0.15131893105472155,0.44545800207884101,0.87143811508737801,44.444444499999996,1.10493625,9.5418690000000002,365.31653775000001,1.9000567499999998,167.07295775,171.52777799999998,244.44444450000003,521.69355674999997
27,51,1440000,83,18,35,7,3,53201.388888999994,0.15985187928466621,0.42886252460510005,0.87372103810207591,26.388888999999999,1.0544054999999999,6.5410465000000002,337.21825449999994,1.8693199999999999,160.19999999999999,202.77777774999998,280.55555549999997,773.89192025000011
27,52,1440000,125,6,23,17,13,37429.166666750003,0.16254093252071247,0.41844768778062724,0.87030233899216436,40.972222250000002,0.70646999999999993,4.1548305000000001,370.68862074999998,2.0369870000000003,228.58949575,148.61111124999999,196.52777775000001,997.80041499999993
27,53,1440000,5,0,2,1,0,6154.1666665000002,0.15462607605521572,0.39955484213501841,0.87653128706883987,3.4722222500000002,0.82736025000000002,3.1606197499999995,683.44296699999995,1.821457333333333,42.666666666666664,17.36111125,15.97222225,1298.7614676666667
27,54,1440000,132,14,25,7,3,23094.444444499997,0.13978627216131292,0.34146097916156465,0.89631952450676089,17.36111125,1.1936460000000002,6.1310732499999991,382.55258600000002,1.7795914999999998,62.331730749999998,43.055555499999997,97.222222000000002,849.38231324999992
27,55,1440000,48,6,11,0,1,13106.25,0.16863219202049323,0.31975987903367964,0.89880020569064212,13.194444499999999,0.11003599999999999,4.6283699999999994,389.04322866666666,1.6673409999999997,14,33.333333500000009,98.61111099999998,923.3230543333334
27,56,1440000,4,0,0,0,1,2881.25,0.13009887491076808,0.24420690720828461,0.91473144251641214,0,0.22384725000000003,1.5220312499999999,372.32984350000004,1.6413894999999998,0,14.583333250000003,14.583333500000002,582.83535799999993
27,57,1440000,75,9,16,5,5,9596.5277777500014,0.15440497416651086,0.32983970837260185,0.88433199833584264,12.5,0.78406200000000004,4.6766597499999998,478.73574033333335,1.644118,84.333333333333329,38.194444499999996,97.222222249999987,1200.3659946666667
27,58,1440000,210,27,58,20,4,37499.305555500003,0.10872430557980949,0.29511927170869734,0.8774127059575948,56.25,1.0558372499999997,5.83998975,659.04837199999997,1.7783172500000002,165.16904749999998,40.972222000000002,108.33333350000001,975.67534474999991
27,59,1440000,204,37,41,5,3,20493.749999749998,0.11917409803124188,0.30281026142785444,0.88184388224731769,108.33333350000001,0.49302124999999991,8.4187534999999993,599.81167974999994,1.7748565000000003,92.862499999999997,55.555555250000005,323.61111124999996,937.08383824999999
27,60,1440000,305,50,48,8,5,35266.666666499994,0.10538707726822927,0.27119400661589416,0.87253193730304346,61.111111249999993,1.1901902499999999,6.6535260000000012,394.68878225000003,1.9565932500000003,120.65870099999999,67.361110749999995,265.27777800000001,752.55631175000008
27,61,1440000,744,122,128,23,17,52004.166666500008,0.10995433238525669,0.28512295513183383,0.87202215048209031,96.527777749999984,0.49606174999999997,9.7166920000000001,1069.6906377500002,1.9803839999999999,72.026211500000002,88.888888999999992,309.02777774999998,865.92810850000001
27,62,1440000,53,10,10,2,4,6627.7777777499996,0.084099461441776879,0.26155675649636201,0.86826785289188391,27.777777750000002,0,9.6836422500000001,1230.684479,1.8442603333333334,34,9.0277774999999991,165.27777775000001,651.04681833333325
27,63,1440000,63,6,12,2,1,7715.2777775000004,0.094748785688460027,0.29957919225862906,0.86950358307832631,27.777777750000002,0.83669100000000007,9.4675095000000002,446.20111725000004,1.7484252500000002,16.625,19.444444499999999,209.02777774999998,776.71449425000003
27,64,1440000,21,3,5,0,0,2339.5833332500001,0.099403645592456041,0.36177795636686289,0.87399345948353147,4.8611110000000002,0,2.2210550000000002,1024.1519965,1.7346490000000001,27,2.0833335000000002,141.66666674999999,1227.6616700000002
27,65,1440000,5,0,2,0,0,875.69444449999992,0.057505447268354229,0.22570890643152638,0.87406501903147871,2.7777777499999998,0,5.3798879999999993,1500,0.63532366666666662,0,2.0833335000000002,24.30555575,2166.8829713333334
27,66,1440000,2,1,0,0,0,431.94444449999997,0.095466691316289182,0.35807178781362242,0.88020627974682419,1.388889,0,3.68336475,1500,1.1260440000000003,0,1.388889,4.8611110000000002,2847.1484809999997
27,68,1440000,5,0,1,0,0,209.72222225000002,0.073807000000000011,0.19450000000000001,0.88602499999999995,0,0,1.70956525,606.11869300000001,1.0397209999999999,0,0,2.7777777499999998,2403.621842
27,69,1440000,2,0,1,0,0,1777.77777775,0.077144414453137772,0.25418609218750338,0.85699329179689177,4.1666667500000001,0.42752499999999999,1.71781275,387.15809299999995,1.2288869999999998,0,3.4722222500000002,11.805555750000002,1755.8776645
27,70,1440000,54,9,6,2,1,3611.8055555000001,0.098819127090928882,0.27252552605263353,0.86394424341478093,15.972222499999999,0.088821250000000004,9.1963864999999991,1366.4914143333333,1.4995109999999998,35.222222333333335,6.9444442499999992,145.83333325000001,1583.4723253333332
27,71,1440000,4,1,0,0,0,1745.1388889999998,0.076385528054642701,0.24446790648792624,0.88195583605251393,2.0833335000000002,0.19714475000000001,5.7173712499999993,1500,1.305542,50,3.4722222500000002,56.25,1704.3687200000002
27,72,1440000,2,0,1,0,0,975.69444449999992,0.061021954447863014,0.20860618861268818,0.86458495729509122,0,0,3.8050710000000003,1388.1078559999999,0.98083750000000003,0,0.69444450000000002,12.5,2130.5522094999997
27,80,1440000,5,0,1,0,2,7011.1111110000002,0.12425477852574145,0.20980758082420625,0.84341460429855541,3.4722222500000002,0.85234924999999995,5.0147827499999993,1500,1.61334,30.75,13.888889000000001,19.444444249999997,3000
27,81,1440000,4,1,3,0,1,7362.5,0.087774582437276122,0.22998285408392849,0.8466426034712321,8.3333335000000002,0.42673050000000001,8.2066102500000007,1500,1.4275983333333333,63,4.8611110000000002,62.5,3000
27,82,1440000,2,0,1,1,0,483.33333325000001,0.068013952584803958,0.17563067672525096,0.82965528448484216,0.69444450000000002,0.44683799999999996,2.5886517500000004,1500,0,0,1.388889,3.4722222500000002,3000
28,29,1042205.9770881,1,0,1,0,0,1427.7408042097766,0.074140999999999999,0.22137500000000002,0.86062500000000008,2.878509570998558,0,0.87975177667062432,1500,1.445532,0,25.906587175250511,14.392548545835115,3000
28,35,1201672.303175,8,1,2,1,0,6811.5319658353346,0.093848267196215834,0.2504830209741587,0.85369732291831746,3.3286947181728053,0.54721298592830325,4.7726780166880163,1500,1.3105212114987532,0,7.1892629356369424,58.319782907249575,2437.0841923182052
28,36,1440000,13,3,4,0,2,5236.1111110000002,0.077342365517245604,0.27466146180370443,0.84387242068966517,6.25,0,6.4830787500000007,1500,1.2707785,39.583333500000002,6.9444442499999992,36.805555750000003,2024.9315314999997
28,38,1440000,1,0,0,0,0,306.25,0.039211999999999997,0.33124399999999998,0.88962399999999997,0.69444450000000002,0.03004625,0.97635999999999989,740.14646500000003,1.0986120000000001,0,0,17.361110999999998,2660.0859449999998
28,40,1440000,17,2,11,3,1,5438.1944444999999,0.1119797982384399,0.33835309717932294,0.86269495441241328,6.9444447500000006,0,6.6957952499999998,509.50553874999997,1.6276044999999999,0,13.88888925,209.02777775000001,2828.3479665
28,41,1440000,4,0,1,0,0,222.91666649999999,0.093982915890400698,0.35574838629346722,0.8982499968816039,0.69444450000000002,0,1.4155089999999999,628.65970350000009,1.0691664999999999,0,3.4722222500000002,20.833333499999998,2653.603314
28,42,1440000,2,0,1,1,0,5597.2222222500004,0.16440276650110053,0.29070210843694205,0.89201748635235445,0,0.53166199999999997,1.7435469999999997,510.18023949999991,1.9018369999999998,0,6.9444442499999992,8.3333335000000002,1811.9037404999997
28,43,1440000,46,5,15,0,1,19473.611110999998,0.098069667427369486,0.29408379794567613,0.86557765180797686,22.222222250000002,0,2.5545507499999998,1135.50683125,1.7963219999999998,55.589285750000002,23.61111125,132.63888900000001,1596.97944925
28,44,1440000,5,0,2,0,0,28.472222249999998,0.065036999999999998,0.54634099999999997,0.89837800000000012,2.0833332499999999,0,0,909.42735600000003,1.72071,69,2.0833332499999999,19.444444499999999,1332.2498579999999
28,45,1440000,98,20,24,9,5,29706.944444500001,0.15512937587056627,0.34825101087023086,0.8673106643367392,32.638888999999999,0.81372175000000002,6.3521257499999999,420.38245425000002,1.7644252499999999,220.33214275,111.80555575,214.58333350000001,542.09786374999999
28,46,1440000,65,13,25,7,5,35762.500000000007,0.11861318447312813,0.31424368491977078,0.87125335933429249,34.027777999999998,0.77790675000000009,5.2214002500000003,582.88703024999995,1.8332827500000002,484.17817474999998,74.305555749999996,225.00000000000003,611.87354925
28,47,1440000,83,15,24,4,2,43066.666666499994,0.12952945825270454,0.32680197782830589,0.87835920286699387,60.416666750000005,0.92301924999999996,8.7746317500000011,505.44430799999998,1.5171045000000001,553.16559825000002,35.416666500000005,260.41666650000002,1201.8611004999998
28,48,1440000,71,20,23,1,7,54150,0.16155157529237837,0.33659927266083245,0.88971056398121406,20.833333250000003,0.77993899999999994,10.37104225,474.42919750000004,1.8057494999999999,415.872794,144.44444425,206.94444449999997,1191.9449144999999
28,49,1440000,13,3,10,1,0,23066.666666500001,0.15960807442191163,0.32866755081885285,0.89535953010596092,4.1666667500000001,0.27944500000000005,3.3454157499999999,504.045186,1.7357793333333331,160.86666666666667,61.111111000000001,46.527777749999998,873.55746933333342
28,50,1440000,98,15,23,12,12,42764.583333249997,0.16824301394908936,0.452370800490345,0.88070434908496564,32.638888999999999,1.0942265,9.480175749999999,434.62848000000002,1.8093190000000003,131.07575775000001,165.97222200000002,223.61111124999999,540.78079849999995
28,51,1440000,68,13,31,4,15,31265.277777750005,0.15583363697743741,0.424382584247747,0.8710193104704389,20.833333249999999,1.1918740000000001,8.2950217500000001,275.42818449999999,1.8929289999999999,207.87352950000002,154.16666650000002,175.69444425000003,589.29046850000009
28,52,1440000,114,16,23,15,3,41280.555555749997,0.17054597930828824,0.40095255038368005,0.86870395880153428,33.333333250000003,1.1192270000000002,10.418633249999999,481.18858425000002,1.887035,160.90108699999999,186.11111125000002,272.22222200000004,417.52459049999993
28,53,1440000,3,1,1,0,0,3591.6666667499999,0.11524746403688718,0.33453723356537962,0.86260290023227149,8.3333335000000002,0,3.3290954999999998,650.66264250000006,1.6861964999999999,306,6.25,19.444444499999999,1162.5789135
28,58,1440000,42,3,12,4,0,5981.9444444999999,0.13614872683886964,0.29259011156171383,0.89810784362648244,7.6388889999999998,0.5478042500000001,3.7340917499999993,861.46553174999997,1.3748452499999999,0,18.750000250000003,39.583333250000003,1484.2535862499999
28,59,1440000,100,19,26,6,3,23681.944444500001,0.1522716932143639,0.30119822714206484,0.8937005607882258,17.361111000000001,1.043582,4.0612997499999999,572.72284824999997,1.9597157499999998,110.68055550000001,61.111111000000001,96.527777499999999,783.52069474999985
28,60,1440000,102,21,19,7,5,20555.555555749997,0.15975456182440617,0.28809177641873512,0.87893833263514698,18.05555575,1.2793924999999999,4.6793750000000003,601.21847025,1.98245425,72.5625,105.55555550000001,250.69444450000003,826.7464192499998
28,61,1440000,50,12,14,2,5,15487.49999975,0.14919663886644999,0.29819959393771334,0.88435680028694663,15.27777775,0.50753274999999998,3.8280132500000001,426.75178975,1.9094822500000004,50.570454500000004,66.666666750000005,127.77777774999998,1147.4856325000001
28,62,1440000,81,4,31,1,4,12363.888888750002,0.089598436362672992,0.27142985946971532,0.86847620208940246,38.194444499999996,0.9193442500000002,5.3485912499999992,1178.1816993333334,1.4804613333333336,32.666666666666664,13.194444499999999,147.22222200000002,1665.8224930000003
28,63,1440000,105,12,28,2,4,12163.194444250001,0.097431175392482638,0.28357810139903256,0.86612161501557938,50,1.1233902499999999,9.3670375000000003,1069.2135020000001,1.7058312499999999,47.681818249999999,23.611111000000001,247.91666674999999,1047.63446125
28,64,1440000,109,5,18,11,6,8047.9166667499994,0.086528348951587133,0.26391907308660156,0.86085231504012549,12.5,0.26730725,8.4367637500000008,1401.2033053333332,1.7588996666666665,122.21428566666668,34.722222250000002,107.63888899999999,446.23349033333329
28,65,1440000,44,4,8,2,1,6619.4444444999999,0.083193743600836409,0.22672488145297967,0.8742286568401636,12.5,0,7.3051230000000009,1265.5810766666666,1.5560803333333333,11.666666666666666,9.0277777500000003,55.55555549999999,1615.1045966666668
28,66,1440000,2,0,0,0,0,1468.75,0.094917210875066549,0.22440247518758807,0.88694139621687285,2.7777777499999998,0,4.2486587499999997,1095.4727654999999,1.4255879999999999,15,2.7777777499999998,17.36111125,2686.5939555
28,67,1440000,2,0,0,0,0,541.66666674999999,0.077498999999999998,0.28018200000000004,0.87065499999999996,0,0,2.2201787499999996,1500,0.50040200000000001,0,4.1666667500000001,10.416666749999999,3000
28,68,1440000,1,1,0,0,0,44.444444500000003,0.051313999999999992,0.41361199999999998,0.88310300000000008,0,0,1.5703182500000001,1500,0.69314700000000007,0,0,0.69444450000000002,2583.2992819999999
28,69,1440000,24,2,7,1,0,10930.555555499999,0.092644420203331315,0.24679838881827112,0.86604320628969067,7.6388887500000004,0,8.5365470000000006,1000.5741675,1.58705075,8.25,15.277777749999998,63.888888749999985,1212.8178022499999
28,70,1440000,48,8,9,4,3,16250,0.12100202888889112,0.28740588970125924,0.88987134299142234,12.5,1.1895682500000002,8.160632249999999,574.55299075000005,1.76009825,37.108333249999994,35.416666749999997,122.91666675,582.78508450000004
28,71,1440000,57,5,20,2,5,19056.249999999996,0.11418401676353521,0.27274903341750451,0.8707297955248483,11.805555499999999,0.2993075,11.663842499999999,942.45826575000001,1.7131674999999997,58.875,42.361111000000001,79.166666499999991,694.01257049999992
28,72,1440000,6,1,2,0,0,2859.02777775,0.086573960407973438,0.21903528175806633,0.86991269419503869,2.0833335000000002,0,2.0830699999999998,746.6285785,1.6477900000000001,18.5,4.1666664999999998,18.75,1818.086235
28,73,1440000,2,0,2,0,0,1382.6388887500002,0.10628795128071197,0.24483268257157953,0.88712045705673481,1.388889,0.16256175,3.3489442500000006,1155.5827915,1.0043880000000001,0,0,3.4722222500000002,2614.1572854999999
28,79,1440000,1,0,1,0,0,426.38888899999995,0.081572000000000006,0.20047799999999999,0.82346100000000011,0,0,1.3997455000000001,1500,0,0,0.69444450000000002,0.69444450000000002,3000
28,80,1440000,1,0,1,0,0,225.69444449999997,0.053777999999999992,0.148648,0.805446,0,0,1.7926260000000001,1500,0,0,1.388889,2.7777777499999998,3000
28,81,1440000,2,0,0,0,0,97.222222249999987,0.077700999999999992,0.15293699999999999,0.80535200000000007,0,0,0,1500,0,0,0,0,3000
28,82,1440000,2,0,1,0,0,247.22222225000002,0.097458000000000003,0.31469400000000003,0.80301,0.69444450000000002,0,1.4653025000000002,1500,1.0397209999999999,0,0.69444450000000002,9.7222222499999997,3000
28,85,1440000,2,0,1,0,0,1126.3888890000001,0.068290999999999991,0.146117,0.84931900000000005,0.69444450000000002,0.1536555,1.62019275,1500,1.5890549999999999,0,2.7777777499999998,4.1666667500000001,3000
28,90,1440000,3,0,1,0,0,818.75,0.067640310432964285,0.14190061577044061,0.85229412722263842,0.69444450000000002,0.39165800000000001,3.3934212500000003,1500,0.93122250000000006,0,2.0833335000000002,1.388889,3000
29,29,1447710.61477564,3,0,0,0,0,2943.958520812881,0.072442897935540124,0.24124247419044917,0.86097636743257555,1.3814916735344596,0.098922559894467785,5.3018325911698314,1500,1.5917824999999999,18.5,8.2889492952013129,10.361186805503001,3000
29,31,1440000,1,0,1,0,0,1815.27777775,0.079074000000000005,0.26102800000000004,0.85631499999999994,1.388889,0,2.450415,1500,1.9156790000000001,0,0.69444450000000002,7.6388889999999998,3000
29,32,1440000,4,0,2,0,0,1184.02777775,0.073259000000000005,0.20647100000000002,0.86161200000000004,0,0,2.2943159999999998,1500,1.7587970000000002,0,2.0833332499999999,8.3333332500000008,3000
29,36,1440000,10,2,5,0,3,3868.7499997499995,0.10697351732154266,0.30029452234744153,0.86609209495597816,5.5555554999999996,0.94339950000000006,4.5562725000000004,1500,1.0336260000000002,83.333333333333329,20.833333250000003,163.88888899999998,842.70058833333337
29,37,1440000,1,0,1,0,0,461.11111100000005,0.097292999999999991,0.38738400000000001,0.88353500000000007,8.3333332500000008,0.41666700000000001,2.9008772499999997,1500,1.6826160000000001,0,0.69444450000000002,62.5,1038.7927849999999
29,40,1440000,46,4,11,2,5,13199.999999750002,0.092575357901886868,0.30982970738644272,0.86103650536614007,26.38888875,0,9.9007645000000011,1228.7373412499999,1.8756265000000001,58.625,16.666666499999998,163.88888874999998,1921.62753275
29,41,1440000,20,3,2,0,2,4572.2222222500004,0.10576601822588434,0.32286591251524566,0.86281263304956646,9.7222222499999997,0,5.6802495000000004,1286.297403,1.4852993333333331,10.333333333333334,6.25,47.222222249999994,1368.6443610000001
29,42,1440000,40,12,15,3,1,23603.4722225,0.16137058871984322,0.33579688125570839,0.87725834187531981,13.888889000000001,0.55074075,4.3008139999999999,626.26917724999998,1.8553515,122.8125,111.11111124999999,114.58333325000002,1323.66543
29,43,1440000,112,21,32,3,6,27468.055555750005,0.14878914079479694,0.37594137644712766,0.87047856932299383,14.583333750000001,0.64313825000000002,8.5595020000000019,428.10313175000005,1.8334960000000002,79.429293000000001,70.138888749999992,100.69444425000002,520.56790824999996
29,44,1440000,13,0,3,2,0,3728.47222225,0.14923872620616557,0.33769901024428589,0.88459675898690016,10.416666500000002,0.87814975000000006,5.4310737499999995,964.23248124999998,1.2922110000000002,0,35.41666674999999,152.08333350000001,1181.2787235000001
29,45,1440000,102,16,31,6,3,36231.944444250003,0.14437698752256456,0.34005227431286772,0.86350703283243224,24.305555500000001,1.0524327499999999,4.0794862500000004,439.41044775,1.5358910000000001,447.61580100000003,86.111111250000008,155.5555555,627.77384000000006
29,46,1440000,62,6,14,1,7,20975,0.14350559488794676,0.34798212902259235,0.86019065742955025,25.694444499999999,1.1608285,2.4203480000000002,506.14904699999988,1.7402599999999999,385.7860215,44.444444249999997,290.27777750000001,520.45892249999997
29,47,1440000,103,4,22,15,5,20767.361110999998,0.12304996268227744,0.31260274773494889,0.86680954151478062,52.083333500000009,0.88648425000000008,7.6074057499999981,254.76349324999998,1.3305297499999997,344.47365200000002,43.055555500000004,504.86111100000005,619.50058524999997
29,48,1440000,27,4,8,2,3,16586.805555749997,0.13615323156816814,0.33057550081672049,0.88635468670719564,7.6388887500000004,0.63576550000000009,1.1918609999999998,628.34681875000001,1.7660075000000002,209.69999999999999,159.72222225000002,34.027777999999998,1688.4487744999999
29,49,1440000,10,2,7,1,0,11711.805555749999,0.19651033756312494,0.3544850671810213,0.89374643255273556,6.25,0.75210900000000003,2.1223774999999998,432.69646233333339,1.6846443333333334,182.66666666666666,62.5,23.611111249999997,1866.1758366666666
29,50,1440000,35,15,6,4,2,21496.527777749998,0.1537559050556653,0.38982657186211389,0.86855041741244599,3.4722222500000002,0.47924025000000003,7.1535187499999999,516.41296766666676,1.8473589999999998,184.66666666666666,89.58333325000001,34.722222000000002,812.70669533333341
29,51,1440000,317,12,34,42,16,40559.7222225,0.17858589877750031,0.4209710361606353,0.87171511646065847,18.05555575,1.0880812499999999,7.8614755000000001,366.20975175000001,1.8279675000000002,170.05803574999999,168.05555575000002,230.55555574999997,428.29803950000002
29,52,1440000,57,8,16,5,5,26325.694444500001,0.17081037199587273,0.37248930599573693,0.86242076694190251,15.277777749999998,1.1875095,4.5701702500000003,375.16202775000005,1.7955429999999999,52,122.91666650000002,218.74999999999997,1133.4148722499999
29,53,1440000,40,5,6,1,0,19374.305555749997,0.1280053446360632,0.40661948381668184,0.85691226861179004,27.083333499999995,1.3064155,0.58689825000000007,448.69436400000006,1.5559622500000001,190.5,13.194444500000001,198.61111099999999,1797.5455602499999
29,54,1440000,4,0,0,0,0,1413.8888890000001,0.107598,0.31280399999999997,0.84722700000000006,6.25,0,0.41636050000000002,605.30634099999997,1.7793450000000002,0,0,17.361110999999998,2496.1498320000001
29,56,1440000,2,0,1,0,0,81.944444499999989,0.10769200000000001,0.54418599999999995,0.89467800000000008,0,0,0.72643550000000001,1500,0,0,0,0,1918.40041
29,59,1440000,262,46,50,18,8,31198.611111249997,0.12078637693092009,0.2854188951608404,0.87909299459109114,40.277777999999998,0.74649124999999994,3.8270217499999997,657.18196649999982,1.8933597500000001,103.96022725,100,311.11111125000002,430.52702175000002
29,60,1440000,326,53,76,19,9,42752.777777750001,0.13912285022097012,0.32870057967332833,0.87643431214669987,45.138888999999999,0.90694675000000002,6.6877147500000005,583.86904374999995,1.8433915000000001,69.94166675000001,101.38888899999999,241.66666674999999,456.36569924999998
29,61,1440000,28,3,7,1,0,17381.249999750002,0.1433041240163361,0.29854533329374022,0.87416728283198253,17.361111000000001,0.164437,5.1354989999999994,1334.7361996666668,1.6867596666666667,81.083333333333329,45.13888875,43.75,1002.9583146666668
29,62,1440000,28,4,5,1,0,7760.4166665000012,0.075022566263319337,0.22076374299715396,0.87463282514512242,14.583333249999999,0.92979875000000012,4.9891344999999996,1440.5818053333333,1.6510989999999999,42.333333333333336,14.583333249999999,150.69444425,1996.1054986666666
29,63,1440000,122,12,39,5,4,18697.222222250002,0.08540631540636491,0.26122478324172571,0.86767977432772114,28.472222249999998,0.17723900000000001,10.9898285,1500,1.8664910000000003,56.561110999999997,21.527777750000002,156.94444449999997,1145.6499903333333
29,64,1440000,100,10,18,1,1,11949.99999975,0.095320501627143311,0.27431873587841182,0.86421905962338097,23.611111249999997,0.60516999999999999,5.7124594999999996,1500,1.7910096666666666,70.933333333333337,21.527777750000002,191.66666650000005,806.46757966666667
29,65,1440000,102,6,22,2,0,23743.055555500003,0.094602476893809323,0.23822463951410858,0.87668856791454608,36.11111125,0.86678474999999999,5.7186094999999995,962.58134325000003,1.7130554999999998,37.666666750000005,27.083333249999995,113.1944445,1712.4443505000002
29,66,1440000,132,11,25,13,4,20319.444444750003,0.1129499715993955,0.28781200618609876,0.8781006966165531,18.75,1.1836147499999998,9.9652842500000016,496.70043100000009,1.8564897500000002,32.799999999999997,31.94444425,101.38888899999999,2763.1390540000002
29,67,1440000,18,1,1,0,0,5879.8611110000002,0.078199051966512848,0.20843299314994038,0.87971802621935702,3.4722222500000002,0.20128325,3.4268402500000006,1253.6079775000001,1.4724769999999998,33.5,4.8611110000000002,27.777778000000001,3000
29,68,1440000,7,0,1,0,0,1398.61111125,0.088869947864972501,0.25466886146984113,0.87973473386294399,2.0833332499999999,0.43379024999999999,1.3740732499999999,1500,1.3516269999999999,0,2.0833335000000002,34.027777749999998,2401.4314260000006
29,69,1440000,11,0,4,2,0,3896.52777775,0.098340318303596491,0.26869782534388104,0.87393464926018449,4.8611110000000002,0.73797550000000001,2.6821742500000001,1313.1384683333333,1.5687786666666665,107.82539666666669,11.111111000000001,81.249999999999986,1302.7674036666667
29,70,1440000,55,7,9,5,3,12310.416666749999,0.12359429835843098,0.28910162244009902,0.88011917600269418,13.194444499999999,0.40921875000000002,4.1881789999999999,538.67270350000001,1.919686,90.833333499999995,31.94444425,52.777777749999998,537.50954399999989
29,71,1440000,44,4,12,1,1,14929.166666500001,0.10048859140376999,0.24737250786110587,0.86889911963898081,14.583333249999999,0.88883774999999987,8.6084917499999989,1149.3926777500001,1.683894,36.549999999999997,11.111110999999999,40.277778000000005,949.66658375000009
29,72,1440000,3,0,1,0,0,2181.25,0.10634792168149444,0.27641642789003229,0.88676348137562644,2.0833335000000002,0.27534375,1.7422044999999999,885.61858849999999,1.456491,0,2.0833332499999999,13.888889000000001,1839.1191940000001
29,75,1440000,1,0,0,0,0,9736.1111110000002,0.12396199999999999,0.22448200000000001,0.90200200000000008,0.69444450000000002,0.12513575000000002,0.92756074999999993,147.11854399999999,1.6693380000000002,95.200000000000003,1.388889,1.388889,3000
29,78,1440000,2,0,2,0,0,1863.1944444999999,0.088519,0.22410700000000003,0.85083300000000006,0.69444450000000002,0,0.82994450000000008,1500,0.92083300000000001,0,2.0833332499999999,1.388889,3000
29,79,1440000,1,0,2,0,0,1829.8611109999997,0.084947999999999996,0.153502,0.87191800000000008,9.7222222499999997,0.41991875000000001,2.9081317499999999,1500,1.5630839999999999,0,2.0833332499999999,7.6388889999999998,3000
30,26,1257136.0071330802,2,0,0,0,1,182.16008344414411,0.096380999999999994,0.27691700000000002,0.84040899999999996,0,0,0.70337764170523387,1500,0,0,0,1.5909178868888134,3000
30,30,1440000,2,0,0,0,0,145.83333325000001,0.075814038096081171,0.37225937142952192,0.86272820952316476,0.69444450000000002,0.73185525000000007,0.41383700000000001,1500,0.5057020000000001,0,4.1666664999999998,14.583333249999999,3000
30,33,1440000,6,1,2,0,0,2186.8055555000001,0.065229384883481692,0.24539979993580935,0.85340711273337078,2.7777780000000001,0.85428700000000002,2.4773740000000002,1500,0.75631866666666669,0,3.4722222500000002,21.527778000000001,3000
30,36,1440000,30,5,8,0,4,11933.333333250001,0.11849966887789205,0.33180964088670339,0.85884696403632388,15.277778,0.52499375000000004,5.5986437499999999,1500,1.5754990000000002,55.166666666666664,44.444444249999997,75.694444250000004,660.63513266666666
30,37,1440000,78,12,12,5,2,18088.888888749996,0.10657294817277502,0.34169221022755841,0.85107390732486132,23.611110999999998,0.98842124999999992,6.7880725000000002,1296.0300814999998,1.7896719999999997,52.304924249999992,56.249999750000001,137.50000000000003,837.39379974999986
30,38,1440000,14,0,3,0,1,13144.444444500001,0.1057391769871163,0.29197061189782653,0.85726669801368227,11.805555750000002,0.73909500000000017,2.9876860000000001,779.20696233333331,1.7116783333333332,10,12.5,58.333333249999995,1777.7366486666667
30,39,1440000,8,1,3,1,0,1745.1388890000003,0.094241093513789662,0.29282271906098184,0.8722439387186498,2.0833335000000002,0.69802750000000002,0.4847455,1365.4898000000001,1.5675700000000001,39.5,2.7777777499999998,36.11111125,2294.1246160000001
30,40,1440000,37,2,12,1,4,12005.555555749999,0.10839155240650319,0.33431071326896883,0.86213980645536059,17.36111125,0.52938925000000003,6.4908349999999988,1407.5575345,1.760551,67.467391250000006,13.888889000000001,115.27777775000001,1254.5496620000001
30,41,1440000,189,25,38,21,18,36454.86111125,0.11347353913703354,0.35029974220397619,0.85883503767978686,27.083333250000003,0.87172050000000001,9.371042000000001,1263.067423,1.9159999999999999,136.41654400000002,111.11111150000001,184.02777774999998,459.47742400000004
30,42,1440000,70,7,21,6,6,20704.861110999998,0.13823024383714072,0.33916784340139733,0.86714030551734778,9.0277777500000003,0.65817150000000002,5.9955075000000004,1263.7404832499999,1.8142087500000001,78.539285749999991,50,80.555555249999998,908.77600050000001
30,43,1440000,28,9,15,1,5,23664.583333499995,0.13204359981843325,0.33257396026671737,0.86550203060719977,27.777778000000001,0.99632925000000006,5.2339122500000004,939.331142,1.806791,79.815476250000003,64.583333249999995,76.388888750000007,619.77934825
30,44,1440000,3,1,2,0,0,4480.5555555000001,0.094490867018018052,0.2929671010540234,0.84678951301915906,4.8611112500000004,0,3.0359289999999999,909.29540550000002,1.7437195000000001,16.5,9.7222222500000015,47.222222249999994,1668.0941355
30,45,1440000,22,3,6,0,2,19206.944444500001,0.098815702292000221,0.27490328837938677,0.85439338419254851,31.25,0.91515199999999997,7.5301432499999992,1117.5507574999999,1.67937125,400.64380625000001,27.777777750000002,80.555555749999996,1467.514582
30,46,1440000,23,4,5,3,0,7735.4166667499994,0.13010876541831268,0.32215938755571283,0.85580409686690873,6.9444445000000004,0.82959674999999999,1.1980202499999999,728.42341599999997,1.6942020000000002,97.166666666666671,20.138888999999999,154.16666674999999,1017.845288
30,47,1440000,82,11,46,11,18,36285.416666749996,0.13826495781896359,0.3270151559969145,0.86108945132148296,26.388888999999999,1.0316099999999999,4.5121857499999996,605.53712425000003,1.8641185,313.75822375000001,97.222222000000002,228.47222224999999,457.60517200000004
30,48,1440000,126,20,33,5,6,51202.777777749994,0.13841198127003679,0.32864005065649182,0.87352320799652572,25,0.93984425000000016,5.2676259999999999,478.73202724999999,2.0491382499999999,435.282242,143.0555555,171.52777799999998,1158.22481225
30,49,1440000,13,0,8,0,0,14686.805555499999,0.21287322067220174,0.3587963832805674,0.89035460191970361,4.1666667500000001,0.36019225000000005,1.6468370000000001,844.46988750000003,1.9344204999999997,247.5,28.472222249999998,34.722222250000002,1894.2689810000002
30,50,1440000,60,13,34,6,10,39388.194444500004,0.1901452416649986,0.4618377759303246,0.87062922588547986,25.69444425,1.0203699999999998,11.725865499999999,409.38128074999997,1.9568592500000002,269.53333325,190.27777799999998,285.41666650000002,830.87781474999997
30,51,1440000,70,12,37,5,3,45441.666666500001,0.19483696451493415,0.39502414744180586,0.86288401367749845,20.138888999999999,0.59829399999999999,9.9658995000000008,328.26827449999996,1.9391984999999998,153.06111100000001,228.47222224999999,408.33333349999998,611.02316225000004
30,52,1440000,41,8,21,2,3,26293.055555249997,0.17537054746195729,0.43940183484769774,0.87354320014790721,13.888888750000001,0.87728024999999998,5.4486802500000007,655.21457850000002,1.9483827500000002,416.69791674999999,165.97222225000002,254.16666649999999,635.63479925000001
30,53,1440000,138,3,12,39,3,30738.194444250003,0.11599553545859756,0.43496385848249275,0.88731741169830713,41.666666749999997,0.78086600000000006,1.8702887499999998,346.64289374999998,1.37133975,419,73.611111000000008,174.30555550000003,1229.47399025
30,54,1440000,31,2,7,3,1,13286.805555499999,0.11264756290162209,0.41877402231708027,0.87070044378815714,9.7222222499999997,0.59538075000000001,1.3787532500000002,762.39154133333341,1.4191750000000001,549.34848499999998,14.583333250000003,86.111111000000008,1779.357857
30,55,1440000,62,0,2,5,0,5766.6666667499994,0.119328,0.42824899999999999,0.8658030000000001,8.3333332500000008,0.085910749999999994,0.72099674999999996,846.60648100000003,1.70065,184,7.6388889999999998,4.8611110000000002,1280.3514460000001
30,56,1440000,7,0,3,0,0,4422.9166667500003,0.14433092416397994,0.27362834840632683,0.89175368707799019,4.8611112500000004,0,0.55899900000000002,933.34430050000014,1.3868995,41,2.0833332499999999,3.4722222500000002,786.14270750000014
30,58,1440000,2,0,2,0,0,1554.8611110000002,0.12218778785373133,0.23481934613556618,0.89525620589510313,1.388889,0.065631250000000002,0,1353.8977610000002,0.43378149999999999,0,2.7777780000000001,13.194444499999999,1223.859115
30,59,1440000,5,0,1,0,0,4576.3888889999998,0.16741957268603469,0.28522380000015229,0.90770688437011593,4.1666667500000001,1.1111222499999998,0.12419225,915.42019333333326,1.0486776666666666,0,12.5,12.5,964.64004733333331
30,60,1440000,37,3,3,7,1,1545.1388890000003,0.179122,0.33084799999999998,0.89828299999999994,1.388889,0,0.064634999999999998,548.60968200000002,1.7098669999999996,44.5,6.25,11.805555499999999,634.40303399999993
30,61,1440000,3,0,0,0,0,1588.1944444999999,0.106305,0.26575500000000002,0.89639199999999997,1.388889,0.48035675,1.69004975,1456.797783,1.381786,0,1.388889,11.805555499999999,1828.492673
30,62,1440000,125,16,15,14,4,16798.611111249997,0.10782182455525635,0.2862685275736721,0.87273129987596609,24.305555500000001,0.97942750000000012,4.8209412499999997,634.801782,1.8918170000000003,64.488636249999985,47.916666750000005,144.44444449999997,2412.4801020000004
30,63,1440000,97,6,25,5,6,16425,0.098849761542296161,0.26498630610501955,0.86461962396411873,35.416666750000005,0,7.8918642500000011,993.55574350000006,1.78014925,31.180555500000001,30.555555250000001,140.27777775000001,1741.2864734999998
30,64,1440000,40,3,7,1,4,7262.4999999999991,0.089864746606347273,0.26744268952096073,0.86538716781397473,12.499999750000001,0.95304250000000001,3.2012200000000006,1294.2407925,1.3003565000000001,80.375,11.111111249999999,103.47222224999997,1439.26771175
30,65,1440000,70,6,13,4,0,12845.833333499999,0.084969693480231784,0.22054173402500313,0.88297036879680602,9.7222222499999997,0,10.533771249999999,1011.3892575,1.5838959999999997,24.714285750000002,6.9444447499999997,100,1987.984099
30,66,1440000,20,0,7,2,0,4924.3055555000001,0.095457821887033584,0.24986673713267307,0.87053440657119241,8.333333249999999,0.41737974999999999,5.1121007499999997,1312.5645886666666,1.4419766666666665,10.333333333333334,2.7777780000000001,74.305555499999997,2792.8305139999998
30,67,1440000,6,0,2,0,0,1623.6111110000002,0.079985618904592937,0.2042404640683062,0.86249655902304068,0.69444450000000002,0,5.2632540000000008,1500,1.6999236666666666,0,8.333333249999999,25.69444425,3000
30,68,1440000,1,0,1,0,0,1126.3888890000001,0.082357,0.26200200000000001,0.87430400000000008,4.1666667500000001,0,1.0991802500000001,1500,1.723481,0,2.0833332499999999,31.25,3000
30,69,1440000,3,0,2,0,0,1577.77777775,0.084718569542085509,0.25956169894276293,0.86247031778045591,4.1666667500000001,0,2.8193654999999995,1500,1.3175554999999999,0,1.388889,22.222222250000002,1973.9122699999998
30,79,1440000,1,0,3,0,1,2731.9444444999999,0.102031,0.23262800000000003,0.86264099999999999,13.888889000000001,0.41813125000000001,3.7449165,1500,1.980869,70.666667000000004,4.1666667500000001,27.083333250000003,3000
30,80,1440000,2,0,0,0,0,63.194444249999997,0.049995714285714289,0.39367357142857146,0.84418057142857139,0,0,3.3320207499999999,1500,0,0,2.7777777499999998,1.388889,3000
30,81,1440000,1,0,1,0,0,218.05555550000003,0.081003999999999993,0.17727999999999999,0.82342700000000002,0,0,0.84602525000000006,1500,0,0,0,1.388889,3000
30,82,1440000,2,1,0,0,0,206.94444449999997,0.054127000000000002,0.16578099999999998,0.84335100000000007,0,0,0.86097425000000016,1500,0,0,0,1.388889,3000
31,24,1410942.0875237002,1,0,0,0,0,347.99443888001002,0.050279000000000011,0.17794100000000004,0.86916800000000016,0,0,1.6312458323781762,1500,0,0,0,4.9612240657484943,3000
31,26,1440000,1,1,0,0,0,150,0.042516000000000005,0.16198100000000001,0.8320780000000001,0,0,1.2796265,1500,0,0,0,0,3000
31,31,1440000,1,0,1,0,0,420.8333332499999,0.073941999999999994,0.276005,0.84250300000000011,0,0,1.31828425,1500,1.0986120000000001,0,0,5.5555554999999996,2431.5747630000001
31,33,1440000,20,3,7,0,0,6102.0833332500006,0.076892770911475311,0.24381177443921992,0.84325125116643218,4.8611112500000004,0.83402075000000009,3.5266869999999995,1500,1.5417649999999998,29.333333333333332,16.666666500000002,52.777777999999998,2225.8856153333331
31,36,1440000,45,9,14,0,1,17029.166666499998,0.13529410533399222,0.29042658200803112,0.86880291195655834,8.333333249999999,0,6.9184719999999995,1473.5132513333333,1.8641983333333332,41.649999999999999,110.41666649999999,172.22222224999999,391.73059666666666
31,37,1440000,49,9,14,5,7,27495.833333499999,0.090781565363471192,0.29321042135183473,0.85871354763349494,14.583333250000003,0.58228600000000008,5.4100649999999995,1133.39691625,1.7846112499999998,45.024999999999999,57.638889000000006,131.25,1070.4742349999999
31,38,1440000,14,3,6,0,1,9974.3055554999992,0.19420337895929843,0.34595549000921666,0.87906921771205959,2.7777777499999998,0.71384875000000003,0.183502,527.95943499999998,2.0047783333333333,0,46.527777749999998,32.63888875,1391.6787346666667
31,40,1440000,110,13,34,11,3,26159.027777749998,0.11707006421719188,0.33804596538275983,0.8751563742865085,24.305555500000001,0.61388699999999996,5.5960834999999998,974.44483249999996,1.8238300000000001,43.284153000000003,36.11111125,205.55555574999997,532.70495950000009
31,41,1440000,232,22,51,13,58,43988.888888999994,0.12713254983894948,0.34670550945626794,0.87012653812517271,51.388888999999999,0,9.6780177499999986,477.01856400000008,1.8919265000000001,66.797348499999998,72.222222000000002,174.30555575,485.03917725000002
31,42,1440000,27,4,10,2,6,10541.666666499999,0.15405967490102579,0.33389814756274094,0.87784886291158415,4.1666670000000003,0.83531325000000001,8.7978535000000004,830.29801550000013,1.43329825,76,31.94444425,135.41666649999999,627.21804599999996
31,43,1440000,35,4,6,3,3,14972.916666500001,0.14213109364128057,0.33791839562186232,0.87499604851354063,14.583333250000003,0,4.689737,332.50532700000002,1.7582985,148.47499999999999,30.555555500000001,172.91666674999999,490.73238950000001
31,44,1440000,1,0,2,0,0,5528.4722222499995,0.090801999999999994,0.241123,0.8614639999999999,7.6388889999999998,0,1.1823290000000002,71.383880000000005,1.7159450000000003,436.75,7.6388889999999998,10.416666749999999,1900.9897050000002
31,45,1440000,33,8,16,2,1,22555.555555749997,0.12294539390383084,0.26773738937805786,0.85611815030787553,18.055555500000001,0.90390425000000008,5.38899375,1044.3913945000002,1.7076842499999998,254.58333325000001,53.472221999999995,85.416666499999991,2130.4129075000001
31,46,1440000,22,2,10,3,2,3730.5555555000001,0.11514324869615972,0.31306734549511323,0.86115646239751731,4.1666667500000001,0.83671950000000006,3.502402,313.10513849999995,1.833286,214.94999999999999,27.777778000000005,127.08333325,690.84932549999996
31,47,1440000,137,14,40,10,2,33954.166666750003,0.11608409991009822,0.31406646107921504,0.86234031429219571,36.805555500000004,0,7.8991540000000011,787.58305050000001,1.9180685000000002,435.99687499999999,67.361110999999994,202.77777775000001,251.68070575000002
31,48,1440000,219,27,99,3,9,35615.277777750001,0.13189762050064985,0.32844582034088099,0.87475412746166004,11.11111125,1.358954,3.4461382500000002,412.0547105,1.91720175,368.22346300000004,213.88888900000001,204.16666649999999,742.832855
31,49,1440000,8,4,3,0,0,11051.388889,0.19931900854585763,0.32567439474678128,0.89065214993081221,3.4722222500000002,0.5362849999999999,3.6862984999999999,345.502567,1.7360609999999999,295.5,29.166666500000005,43.75,1252.7717545
31,50,1440000,48,7,30,0,5,27222.916666500001,0.22600270067089928,0.50704764750903886,0.89473051738479159,6.9444445000000004,0.96024200000000004,11.767042,256.02822550000002,1.9375779999999998,251.57268175000002,184.72222224999999,455.55555549999997,243.96935974999997
31,51,1440000,221,31,52,18,34,47286.111111000006,0.1683184077719358,0.53136582021387835,0.89000093101981215,30.555555500000001,0.59214674999999994,8.5515345000000007,193.81586375000001,1.9068005000000006,456.03865149999996,238.88888899999998,547.5,142.035168
31,52,1440000,65,8,28,8,9,23460.416666749999,0.19780251756794995,0.51991683613066497,0.89205099828317214,18.055555500000001,1.0709792499999999,4.6543587500000001,338.79057024999997,1.8803577500000002,222.43509625000002,303.47222199999999,552.08333325000012,239.29958900000003
31,53,1440000,27,3,25,2,4,24776.388888750003,0.15368971573517898,0.4627202497336404,0.88693408517855277,11.111110999999999,0.79553275000000012,3.7397632500000002,497.87355366666668,1.9708160000000003,115.05555566666668,76.388888999999992,209.02777774999998,450.98965199999998
31,54,1440000,82,2,27,9,2,26113.194444250003,0.14765895130707296,0.47413006430333043,0.87386689990161759,36.111111249999993,0.28569149999999999,3.7961449999999997,305.73726099999999,1.5160945000000001,433.52196949999995,108.33333325,275.69444449999997,1335.38157325
31,55,1440000,67,7,22,9,6,27909.027777749998,0.14911348933796406,0.43983691340879272,0.87519689071640994,35.416666500000005,1.0858442500000001,3.9223349999999995,567.73048900000003,1.7314707500000002,415.875,79.166666750000005,98.611111249999993,594.52680574999999
31,56,1440000,279,50,63,33,11,48537.500000250009,0.15161460972325377,0.32144581758083729,0.88247846891005566,43.749999750000001,1.1242039999999998,3.8138899999999998,433.74490050000003,1.8656627499999998,134.40178575000002,153.47222224999999,99.305555499999997,337.88915349999996
31,57,1440000,173,37,36,9,6,43226.38888875,0.14071570589284907,0.32174583370834431,0.87848669959516157,35.416666499999998,0.42801824999999993,3.5358134999999997,518.74037125000007,1.9877724999999999,346.69941599999999,89.583333499999981,48.61111125,377.26648850000004
31,58,1440000,89,13,17,8,4,24056.944444500001,0.11979133820228501,0.28133592774719512,0.87985062444419737,21.527778000000001,1.20919625,3.8250780000000004,899.06880424999997,1.8439315000000003,69,29.166666750000005,60.416666750000005,785.08005424999988
31,59,1440000,14,0,7,2,0,5804.8611110000002,0.105057,0.23680799999999999,0.88258700000000012,7.6388889999999998,0.35613349999999999,0.071636249999999999,1500,1.7503150000000001,0,5.5555554999999996,38.888888999999999,1629.3009119999999
31,62,1440000,5,2,0,0,0,1822.22222225,0.08541,0.25245500000000004,0.86868600000000007,2.0833332499999999,0.022692,0,470.40189900000007,1.2855510000000001,66,2.7777777499999998,59.722222250000002,1977.363427
31,63,1440000,31,2,7,1,1,11907.638889,0.087852129643695709,0.24474852843079589,0.86666259818044389,20.138888999999999,0.89907349999999986,5.8151742500000001,1149.2037223333332,1.6337679999999999,58.333333333333336,10.416666500000002,118.75,998.55824499999994
31,64,1440000,110,3,26,4,5,16179.166666750001,0.095379521461184613,0.28040791720309949,0.86717973843252771,20.138888999999999,0.83655849999999987,7.1664599999999998,985.43761749999999,1.86147675,28.5,26.388889000000002,152.77777774999998,463.16031500000003
31,65,1440000,53,4,9,3,3,19812.5,0.097422624045068532,0.22313416708729281,0.88209553708379207,13.888889000000001,0.59740150000000003,8.6112502499999977,499.75542200000007,1.5261032499999998,0,38.888888999999992,60.416666499999991,1431.9940635
31,66,1440000,6,0,0,1,0,1997.22222225,0.077755417246233027,0.22890649930214008,0.87235592072275181,8.3333335000000002,0.41801699999999997,1.3094587499999999,1335.3630566666666,1.2685016666666666,0,1.388889,43.055555500000004,2348.4324736666667
31,67,1440000,30,4,3,1,0,4556.9444444999999,0.096089275373962973,0.24910673742790149,0.86755034547410514,9.0277779999999996,0,5.4437130000000007,1500,1.7366003333333333,0,5.5555557499999999,122.22222224999999,2692.7834926666665
31,68,1440000,7,1,1,0,0,2412.5,0.077354044041145903,0.21529711053631126,0.86925865745586073,6.9444445000000004,0,4.0187912499999996,1500,1.675216,0,2.0833332499999999,43.055555750000003,3000
31,69,1440000,7,0,2,0,1,1904.8611110000002,0.063271461539606708,0.18110592307796555,0.86528169230829288,4.1666667500000001,0,5.2002589999999991,1500,1.0341879999999999,57,1.388889,14.583333249999999,3000
31,70,1440000,5,0,1,0,1,715.27777775000004,0.070053999999999991,0.220192,0.86333700000000013,0,0.0076877500000000001,1.9073432499999998,1500,1.3397940000000002,0,2.0833332499999999,2.0833332499999999,3000
31,74,1440000,10,1,3,0,0,4888.1944442499998,0.071104671686335413,0.18791550433324464,0.85318817474052056,2.7777777499999998,1.1495124999999999,8.4312760000000004,1457.1077935000001,1.6603439999999998,0,5.5555554999999996,31.25,3000
31,79,1440000,14,0,4,3,1,2626.3888887500002,0.07843314040193565,0.21562927815914701,0.84807184664247148,4.1666667500000001,0.51177925000000002,2.449967,1500,1.702102,48.5,15.27777775,19.444444499999999,3000
31,80,1440000,3,0,2,0,1,2503.47222225,0.089055999999999996,0.21751199999999998,0.84146900000000002,2.0833332499999999,0,4.2225989999999998,1500,1.8231330000000001,58.5,9.0277777500000003,18.055555500000001,3000
31,83,1440000,5,0,1,0,0,1022.22222225,0.075506870245800661,0.16391282405244761,0.84833657472718926,1.388889,0,4.5030537500000003,1500,0.724109,0,3.4722222500000002,8.333333249999999,3000
32,23,1196623.7284368,3,0,0,1,0,1271.0762488279809,0.049555000000000002,0.20646199999999995,0.85626599999999997,0,0,0.022734665336729395,1500,0.94044799999999995,0,0,0.83568464859571379,3000
32,24,1440000,1,0,0,0,0,786.11111100000005,0.068196000000000007,0.18299499999999999,0.86368199999999995,2.7777777499999998,0,2.4935970000000003,1500,1.7645709999999999,208,1.388889,15.97222225,3000
32,25,1440000,3,3,0,0,0,117.36111100000001,0.132051,0.21372099999999997,0.854101,0,0,1.5307252500000001,1500,0,0,1.388889,0.69444450000000002,3000
32,26,1440000,1,1,0,0,0,191.66666674999999,0.058041999999999996,0.12692200000000001,0.80571099999999996,0,0,0.79582249999999999,1500,0,0,0,0,3000
32,28,1440000,1,0,0,1,0,293.05555550000003,0.074900999999999995,0.174203,0.84316000000000002,0,0,1.6272779999999998,1500,1.0986120000000001,0,0,0,3000
32,30,1440000,11,2,2,0,1,5586.1111110000002,0.079611678766762006,0.24351669554928951,0.86203517951261266,4.1666667500000001,0.177288,4.1459845,1500,1.4632003333333332,0,34.027777749999998,63.888888749999985,2436.4448123333332
32,31,1440000,5,2,0,0,0,1676.3888887500002,0.072636904307365011,0.2624973802832507,0.86201051408505192,0.69444450000000002,0,4.4264520000000003,1500,1.2752553333333336,0,4.1666667500000001,41.666666750000005,1881.7788336666667
32,32,1440000,8,2,3,0,0,3897.22222225,0.074386826086513202,0.27932156664252134,0.85205664148229943,6.25,0,6.3041429999999998,1500,1.3682934999999998,35,9.7222222499999997,87.5,1457.5301379999999
32,33,1440000,7,1,2,0,1,3369.4444444999999,0.077179597073353839,0.29546571516844744,0.86401165313261075,2.7777777499999998,0.84278625000000018,1.4339397500000002,1500,1.423589,28.166666666666668,7.6388889999999998,79.861111249999993,1133.715929
32,34,1440000,17,2,4,0,1,6263.8888889999998,0.086443502438910358,0.28536955144045101,0.85342187671851055,5.5555554999999996,0,0.09904774999999999,1500,1.5312376666666667,0,6.9444445000000004,91.666666499999991,1212.4712790000001
32,35,1440000,3,0,1,1,0,4632.6388889999998,0.097446000000000005,0.28369,0.84077000000000002,4.1666667500000001,0,0,1500,1.737306,0,2.0833332499999999,31.25,1561.427674
32,36,1440000,13,2,4,3,3,16710.416666500001,0.18078847433816372,0.29524709279805672,0.87293503324604849,1.388889,0.1377235,4.6276667500000004,801.29202833333329,1.1784733333333335,58.844444333333328,46.527777749999998,20.833333250000003,881.18340233333333
32,37,1440000,5,0,0,0,0,727.77777775000004,0.122582,0.26536999999999999,0.89243300000000003,2.7777777499999998,0.46048774999999997,0.80282149999999997,840.16082599999993,1.190134,45.333333000000003,3.4722222500000002,21.527777749999998,946.13725999999986
32,38,1440000,44,5,9,3,1,7610.4166665000002,0.1403456079930015,0.35146127292605756,0.86717253955659768,6.9444445000000004,0.046365750000000004,1.7492789999999998,597.40757966666661,1.7877613333333335,69.5,34.722222250000002,129.86111124999999,764.47605866666663
32,39,1440000,21,3,15,1,0,4911.1111110000002,0.24651799999999999,0.32441999999999999,0.88746299999999989,2.0833332499999999,0.45947224999999997,2.5991667499999997,634.15587400000004,2.0461909999999999,106.5,15.27777775,110.41666675,372.38446299999998
32,40,1440000,77,7,36,2,1,18022.2222225,0.11758340497860975,0.32981102400591672,0.86628846481968613,14.583333499999998,0.54186325000000002,3.0522295000000002,1328.5824353333335,1.6950196666666664,90.880952333333326,28.472222249999998,162.5,623.29292600000008
32,41,1440000,60,3,18,10,2,15377.083333250001,0.11647081104667006,0.3158875809958735,0.86771674687265232,10.416666499999998,0.66416474999999997,5.4768637500000006,1211.22157425,1.7884925,84.356250000000003,35.416666500000005,200,840.10508575000006
32,42,1440000,20,1,7,2,1,3997.22222225,0.15854356202262035,0.32139673575092459,0.89029145413480637,49.861111000000001,0.85960099999999995,5.0497272500000001,805.66889000000003,1.3543363333333334,56.81481466666667,22.222222249999998,76.388889000000006,934.51647799999989
32,43,1440000,36,9,18,8,0,14850,0.086120237233454577,0.28125855415248419,0.86332554812010975,9.7222222499999997,0,7.4925092500000003,729.18816733333335,1.5681453333333333,42.5,16.666666749999997,154.86111099999999,1759.5405563333334
32,44,1440000,5,2,3,0,0,4494.4444444999999,0.12043757771796378,0.22256188349727749,0.85864316300939481,5.5555554999999996,0.5508559999999999,0,1347.9735325000001,1.7493624999999999,368.83333349999998,8.333333249999999,6.9444445000000004,2351.0746224999998
32,46,1440000,15,1,5,1,0,4645.1388887499998,0.094604330991029495,0.2569930372249592,0.85526164105254965,8.333333249999999,0.58160849999999997,0.767154,697.28880750000019,1.7640425000000002,164.69999999999999,4.8611112500000004,65.277777749999998,1321.9870739999999
32,47,1440000,66,8,22,3,1,46412.500000250002,0.11869503580507546,0.30609855373002887,0.86377935218600244,43.055555500000004,0.83993024999999999,6.7995367499999997,834.96642124999994,1.9115877500000003,477.70148925000001,73.611111000000008,161.11111124999999,823.85494825000001
32,48,1440000,27,3,15,2,0,26143.055555500003,0.17208564134307197,0.3332356364554428,0.87588510861713431,8.333333249999999,0.87401925000000014,2.7530925000000002,418.00936066666662,1.8924270000000001,345.9621213333333,64.583333249999995,80.555555499999997,461.05884166666669
32,49,1440000,213,28,65,3,8,8092.3611110000002,0.21940852398645028,0.30050393701218936,0.90113597219613517,4.1666667500000001,0.62723700000000004,1.0756649999999999,739.11916499999995,1.8391554999999999,330.5,27.083333249999995,21.527777750000002,1039.8914810000001
32,50,1440000,37,4,28,1,7,37495.833333250004,0.24153135909545764,0.50285050377829688,0.88690022741413521,2.7777777499999998,1.0650044999999999,7.8521387499999991,477.06729650000005,1.7604182500000001,279.60000000000002,138.1944445,113.19444449999999,330.08278724999997
32,51,1440000,699,36,128,114,119,40593.055555749997,0.16644770383556315,0.5155944000239927,0.88279296900127135,56.944444499999996,0.70919425000000003,5.3811600000000004,308.47298749999999,1.8373609999999998,504.56361674999999,179.86111099999999,517.08333325000012,482.4721275
32,52,1440000,288,20,52,68,42,50098.611111249986,0.20198355716500907,0.54027429554215545,0.88665392394167564,25.694444499999999,1.2110462500000001,11.15925225,313.07625400000006,1.9397214999999999,411.49833724999996,343.05555550000003,413.88888899999995,465.63588325000001
32,53,1440000,37,7,22,0,2,28640.972222499997,0.19178568195816936,0.48921547869934801,0.89095062606988396,19.44444425,0.47641600000000001,4.6051155000000001,885.38773724999987,1.8155140000000001,237.22647049999998,134.02777775000001,168.05555575,1143.718511
32,54,1440000,19,2,7,2,1,21256.944444499997,0.14304634674938541,0.45302883822301698,0.87198651068273059,25.694444499999999,0.4028775,2.8014259999999997,863.06930224999996,1.8226577500000001,688.43333325000003,49.999999750000001,90.277777749999984,1472.6866540000001
32,55,1440000,37,1,11,6,4,18038.194444499997,0.13593263183832269,0.44892262433131691,0.87078921971129031,69.444444250000004,1.1412512500000001,4.6342337500000008,600.84670574999996,1.82809,251.70138899999998,50.694444499999996,180.55555550000003,972.30245075000016
32,56,1440000,123,14,16,23,4,27269.444444499997,0.14417786622695991,0.32891575478734947,0.87584784040439956,39.583333249999995,0.82111775000000009,1.36483775,726.04122900000004,1.8819042500000001,102.52976174999999,61.805555750000003,206.94444424999998,1048.4447847500001
32,57,1440000,113,14,19,12,0,26108.333333499999,0.13147980061691789,0.27924110017023279,0.88189744416951577,38.888888749999992,0.86076649999999988,1.14772125,1105.1315267499999,1.4513390000000002,59.649999999999999,24.305555499999997,159.02777774999998,1026.3390292500001
32,58,1440000,33,4,13,1,1,4709.0277777499996,0.14006527193703858,0.28618693924197847,0.87866296799925114,15.277778,0.45296574999999994,1.7902935,1235.8139133333334,1.4305723333333331,87.357142999999994,24.305555500000001,141.66666674999999,1333.2580786666667
32,59,1440000,3,1,1,0,0,4093.75,0.20166383715032118,0.25810288956578337,0.91557743765920685,0.69444450000000002,0.48101924999999995,0.44450624999999999,1500,1.5488620000000002,0,15.27777775,2.7777777499999998,2090.1603755000001
32,60,1440000,32,3,7,6,0,4874.3055555000001,0.099929650662126709,0.23739056247293833,0.88461786166099565,6.2500002499999994,0.90243324999999996,0,1500,1.2623122499999999,7.75,7.6388887500000004,33.333333499999995,2974.7442747499999
32,61,1440000,70,5,17,8,1,11658.333333250001,0.10228438908747765,0.23184764188712284,0.86319091589231478,15.97222225,0.2161795,0,1500,1.8392809999999997,0,9.7222222499999997,29.166666750000005,3000
32,63,1440000,4,0,1,0,0,2451.3888889999998,0.089133000000000018,0.22086999999999998,0.87394899999999998,1.388889,0,2.9234132499999999,1500,1.053472,0,2.0833332499999999,32.638888999999999,1004.5288909999999
32,64,1440000,28,1,5,2,1,6349.3055555000001,0.085151482883032314,0.22588044624335729,0.86984424477730271,22.916666750000001,0,6.4917262500000001,1428.8301646666666,1.5399616666666667,0,2.7777777499999998,99.305555499999997,988.36845800000003
32,65,1440000,6,1,1,0,1,2865.97222225,0.075570882966125533,0.18703889508061264,0.85599625321042605,5.5555554999999996,0.43486074999999996,2.4867604999999999,1390.8874235000001,1.4127805,0,0,20.833333249999999,1827.1465345000001
32,66,1440000,24,4,6,0,0,2010.4166665000002,0.10311181623503418,0.28470409188480877,0.89019472331674376,27.777778000000005,0.9409519999999999,0.81804774999999996,1265.347481,1.4303993333333334,0,2.0833332499999999,72.916666750000005,1671.6063839999999
32,67,1440000,25,1,7,1,1,9790.9722222500004,0.080656690403708514,0.25502549599254226,0.86930141435577357,54.861111000000001,0,4.2628977499999996,1030.9406477499999,1.7449855000000001,15.5,14.583333250000003,155.55555574999997,1709.0983295000001
32,68,1440000,4,1,0,2,0,1388.8888889999998,0.073024271999776041,0.20746229600043475,0.85946849600010577,2.0833335000000002,0,2.8878819999999998,1500,1.3019445000000001,0,2.7777777499999998,6.9444442499999992,2659.5517755000001
32,69,1440000,14,1,4,0,0,1246.52777775,0.0810509392755632,0.19486829637876535,0.87015175041799397,1.388889,0,2.761482,1500,1.415789,0,0.69444450000000002,15.27777775,3000
32,70,1440000,3,0,0,0,0,577.08333325000001,0.064524999999999999,0.22386500000000001,0.85415699999999994,0.69444450000000002,0,2.0961052500000004,1500,1.512451,0,0.69444450000000002,3.4722222500000002,3000
32,79,1440000,1,0,1,0,0,1232.6388890000001,0.071813000000000002,0.18450899999999998,0.84876499999999999,2.0833332499999999,0.28412750000000003,0.423259,1500,1.4377010000000001,65.852941000000001,0,4.8611110000000002,3000
32,80,1440000,3,1,0,0,0,472.9166667500001,0.062835000000000002,0.21035300000000001,0.85026100000000004,0,0,0.96263724999999989,1500,1.0397209999999999,0,0,5.5555554999999996,3000
32,81,1440000,2,0,0,0,0,321.52777774999998,0.081467999999999999,0.22586199999999998,0.82444799999999996,0.69444450000000002,0,0.43620699999999996,1500,0.80181899999999995,0,1.388889,0.69444450000000002,3000
32,82,1440000,1,0,0,0,0,477.0833332499999,0.063737000000000002,0.179536,0.84050899999999995,0.69444450000000002,0,1.2533584999999998,1500,1.277034,0,0,10.416666749999999,3000
33,24,1440000,10,0,4,1,2,9804.8611112500002,0.084748055811196807,0.22231313365015029,0.84787604341684186,4.8611112500000004,0.79727400000000004,10.083051749999999,1500,1.9462394999999999,436.57499999999999,47.222222249999994,63.194444249999997,3000
33,25,1440000,2,1,0,0,1,1483.3333335000002,0.07474755992473657,0.23112201123529155,0.84415203745369682,2.7777777499999998,0,2.4029557500000003,1500,0.86547449999999981,0,4.1666667500000001,10.416666750000001,3000
33,27,1440000,3,0,0,0,0,768.75,0.061341406504065041,0.18920128455284552,0.83591595121951234,1.388889,0.025728000000000001,3.6548517499999997,1500,1.2784134999999999,0,2.7777780000000001,2.7777780000000001,3000
33,28,1440000,14,0,4,1,2,1059.02777775,0.077769000000000005,0.22261700000000004,0.84510999999999992,2.7777777499999998,0.23645050000000001,0.67576950000000002,1500,1.553884,0,5.5555554999999996,13.194444500000001,3000
33,30,1440000,20,5,6,1,0,11702.77777775,0.088312431402726405,0.30234942796094338,0.85610086547592668,4.1666667500000001,0.97190374999999996,6.9352212499999997,1500,1.8553503333333332,25.333333333333332,24.999999750000001,71.527777999999998,2045.2147303333336
33,31,1440000,21,5,5,0,1,8806.25,0.097826794653076116,0.3297375984554794,0.85513995505099838,8.3333335000000002,0.37351099999999998,14.19033875,1500,1.6505577500000002,33.704545499999995,65.277777999999998,140.97222224999999,982.04868949999991
33,32,1440000,18,4,5,0,3,7511.1111110000002,0.091680064441427261,0.29977848631613729,0.85311383450434131,11.805555500000001,0.67779899999999993,11.513140499999999,1500,1.7946514999999998,40.5625,29.166666500000005,96.527777749999984,507.13977299999993
33,33,1440000,23,6,2,1,1,3579.1666667499999,0.076543711292937522,0.28772417384616056,0.86577486088490296,8.333333249999999,0.46162024999999995,10.154264249999999,1500,1.5599775,8.5,15.277778,206.94444425000003,753.40038499999991
33,34,1440000,52,7,4,0,1,14627.777777750001,0.08000082619631943,0.28227705863076719,0.84873193458043417,7.6388889999999998,0.40394999999999998,3.7063687500000002,1500,1.7414205,41.898913,33.333333249999995,90.972222500000001,487.53932950000001
33,35,1440000,79,24,5,0,0,6722.9166667499994,0.099573635265938432,0.30430032434752841,0.85882879454628835,7.6388887500000004,0,3.2344825000000004,1500,1.2228019999999999,24.666666666666668,10.4166665,213.19444424999998,1341.201652
33,36,1440000,41,3,11,4,1,14597.916666500001,0.13137561034188031,0.29746614204833433,0.85826599724081876,9.0277779999999996,1.0140792499999998,2.7948779999999998,977.10446766666666,1.8513096666666666,52.583333333333336,45.833333499999995,81.944444500000003,1099.9366426666666
33,37,1440000,23,1,4,0,1,7854.8611112500002,0.18431294218006983,0.30343158146974641,0.87189023446210645,4.1666667500000001,0.89191750000000014,3.5974225000000004,974.15333249999992,1.81286875,72.75,65.277777999999998,86.805555499999997,430.59713199999993
33,38,1440000,42,11,9,4,2,10452.777777750001,0.13096190984559997,0.29635416383193847,0.85267184865798151,9.0277777500000003,0.52325975000000002,0.16237075000000001,1500,1.7308170000000003,61.75,25.694444499999999,38.194444499999996,368.29137650000001
33,39,1440000,36,8,15,4,3,12647.916666499999,0.13266470729691521,0.30837050760442497,0.86915061994174403,6.9444445000000004,0.12184325,2.9707407499999996,877.27746466666656,1.806513,50.883333333333333,73.611111000000008,135.41666674999999,470.36861666666664
33,40,1440000,58,12,19,4,8,7336.8055557500002,0.13948473118720503,0.37028965650657875,0.88786231263574522,6.9444445000000004,0.46232599999999996,3.8657872500000003,648.50145299999997,1.7669830000000002,107.27777766666667,70.83333325000001,161.11111099999999,307.97221199999996
33,41,1440000,55,11,21,5,4,13581.25000025,0.11289070205049076,0.31929450386051356,0.86183309740759351,10.416666750000001,0,1.6990449999999999,1459.5361413333333,1.8902376666666669,39.166666666666664,15.97222225,97.222222249999987,1180.2305153333332
33,42,1440000,9,2,2,1,0,11571.52777775,0.18344955554292627,0.30719358200803965,0.88046028812350607,41.666666749999997,0,2.1888460000000003,755.59007749999989,1.510416,83.416666500000005,25,103.47222224999999,2055.4925785
33,43,1440000,1,0,1,0,0,334.72222225000002,0.063029999999999989,0.23701399999999997,0.89181400000000011,0,0,0.60931099999999994,993.43372699999986,1.466359,0,0,9.0277777500000003,2634.4884000000002
33,44,1440000,1,0,1,0,0,1607.6388890000003,0.178981,0.29580899999999999,0.88762099999999988,5.5555554999999996,0.45357850000000005,0.94078325000000007,1500,1.772411,0,9.7222222499999997,11.111110999999999,2882.66237
33,45,1440000,6,1,1,1,0,1820.1388890000003,0.090930999999999998,0.245508,0.83691100000000018,6.9444445000000004,0.050714249999999995,1.405899,1500,1.6928279999999998,1096,0.69444450000000002,44.444444500000003,3000
33,46,1440000,18,0,8,5,1,4490.2777777499996,0.092636563254384616,0.28884785307786015,0.83244707547239361,9.7222222499999997,0,4.6372119999999999,1048.3594459999999,1.5699435000000002,247.69999999999999,0.69444450000000002,75.694444250000004,2584.3138945000001
33,47,1440000,20,4,6,2,0,7000.6944444999999,0.11093410752950893,0.27713615633396083,0.85768771828189372,15.972222250000002,0.49012600000000006,5.1754147499999998,520.52455900000007,1.8449013333333335,355.66666666666669,11.111111249999999,73.611111250000008,1851.388987
33,48,1440000,14,3,8,0,0,10823.611111,0.091246324521215921,0.26735724752967766,0.87737688130358082,3.4722225000000004,0.46064100000000002,0.23626525000000001,546.84805766666659,1.125006,646.33333333333337,21.527777750000002,81.250000249999985,1518.3782143333333
33,50,1440000,28,2,15,1,1,20020.138888750003,0.22713057712727078,0.48900885327288746,0.89521807721394531,7.6388889999999998,0.33174674999999998,5.7272982500000005,426.30250074999992,1.388795,77.583333249999995,96.527777750000013,137.49999975,779.53864825000005
33,51,1440000,103,13,38,4,4,41944.444444500004,0.15010650004963749,0.45958619365871045,0.88458485152320687,25.694444499999999,0.38663674999999997,4.1835594999999994,427.54717275000002,1.9992989999999997,284.59635424999999,131.24999999999997,119.44444475,526.32387225000002
33,52,1440000,72,6,28,7,4,26227.777778000003,0.19201352565617116,0.53253146205709267,0.88904733141817072,11.805555500000001,0.8167890000000001,4.3423462499999994,447.08317899999997,1.8527022500000001,329.97767850000002,232.63888880555547,293.88888900000006,615.12286299999994
33,53,1440000,8,0,6,0,0,10459.72222225,0.1483047050856868,0.435427940180736,0.89326607615192632,4.1666667500000001,0.77593025000000004,0,538.94084099999998,1.8000513333333334,452.46666666666664,94.444444499999989,77.777777749999998,726.47757133333334
33,54,1440000,1,0,2,0,0,1643.75,0.14454800000000001,0.44666000000000006,0.89467600000000003,1.388889,0,1.23331675,840.14586199999997,1.8095139999999998,303,11.111110999999999,16.666666750000001,837.14238699999999
33,55,1440000,117,10,30,10,7,34819.444444500004,0.12402267004384707,0.4635298270242012,0.86557398952929043,44.444444499999996,1.0798105,4.6312499999999996,440.92831850000005,1.93311525,470.08701300000001,105.5555555,267.36111100000005,419.18475899999993
33,56,1440000,29,3,8,0,1,8161.8055557499993,0.12235558300024407,0.44101764536738175,0.87667869777923835,11.111110999999999,0.45715750000000005,1.8224984999999998,533.08231733333332,1.7376040000000004,481.66666666666669,20.833333249999995,128.47222199999999,1276.1815319999998
33,57,1440000,7,0,0,3,0,1806.9444444999999,0.093502000000000002,0.247365,0.86837099999999989,2.0833332499999999,0,0,1439.5487449999998,1.886741,0,0,7.6388889999999998,1856.01369
33,58,1440000,6,0,0,0,0,273.61111099999999,0.25336599999999998,0.35825200000000001,0.91327200000000008,0,0.38725075000000003,0,1500,1.0986120000000001,0,2.0833332499999999,0.69444450000000002,2272.9528690000002
33,60,1440000,4,0,0,0,0,1595.1388889999998,0.14898995646187146,0.27677707314087996,0.8775103456679878,1.388889,0.91141700000000003,0,1500,1.266948,0,1.388889,18.055555500000001,3000
33,61,1440000,100,12,20,9,0,17600.000000249998,0.096755028843089549,0.23186241765309101,0.86964644053818851,31.25,1.6376567500000001,1.2759732500000001,1500,1.74777425,28.166666750000005,17.361111000000001,90.277777750000013,2858.266838
33,62,1440000,351,28,50,53,5,22854.861110999998,0.088812171766252043,0.2274961703684564,0.8645742995655239,45.13888875,0.8764877499999999,2.9214422499999997,1500,1.922941,56.600000000000001,45.138888999999999,123.61111124999999,1916.6112957500002
33,63,1440000,33,0,8,1,0,2730.5555555000001,0.086845702950139436,0.21696378001008487,0.85719689954226652,8.3333335000000002,0.003114,0.62158024999999995,1500,1.5317425000000002,0,2.7777777499999998,13.888889000000001,1231.9020595
33,64,1440000,4,0,1,2,0,1193.75,0.091375999999999999,0.22307099999999999,0.89142500000000002,23.611110999999998,0.30929000000000001,1.2521454999999999,1500,1.2197709999999999,0,1.388889,27.083333250000003,1283.456516
33,65,1440000,9,0,1,0,0,2460.4166667499999,0.087505105560369709,0.22236452836655671,0.86380948123074364,18.75,0,5.5154832499999999,1500,1.1615803333333332,0,1.388889,31.25,1640.7716229999999
33,66,1440000,88,13,17,5,7,8754.1666667499994,0.088101629858612834,0.25601567451887913,0.86414313898134754,17.36111125,0.17206850000000001,5.6578474999999999,1011.5834625,1.4933767499999997,27.5,13.888888750000001,59.027777999999998,637.25961800000005
33,67,1440000,152,17,32,9,1,16732.638888750003,0.098417314754144516,0.29932544158533947,0.86616344976133475,81.25,0.7571215,7.03809225,494.59955974999997,1.5223717499999998,39.875,25.69444425,153.47222225000002,855.82243999999992
33,68,1440000,24,0,5,1,0,4431.9444444999999,0.07571035067356241,0.24698359887065693,0.87135909307434534,34.027777999999998,0.38165575000000002,4.8283505,1322.7189066666667,1.4497756666666666,0,0.69444450000000002,62.5,1871.454512
33,69,1440000,1,0,1,0,0,767.36111100000005,0.057275,0.18146300000000001,0.8541129999999999,0,0,2.6891137500000002,1500,1.5229549999999998,0,0,4.8611110000000002,3000
33,70,1440000,2,0,1,0,0,884.72222224999996,0.072948703297609524,0.26059761538880599,0.87051516484031444,1.388889,0.073415499999999995,0.087331249999999999,1500,0,0,0.69444450000000002,5.5555554999999996,3000
33,71,1440000,2,0,0,0,0,1027.0833332499999,0.063576999999999995,0.19406500000000004,0.85815400000000008,0,0,2.4529559999999999,1500,1.1137709999999998,0,0.69444450000000002,7.6388889999999998,3000
33,72,1440000,4,0,1,0,0,1934.0277780000001,0.070491745781748022,0.1904353436260702,0.84527778850971225,0,0,2.1693092500000004,1500,1.1808689999999999,0,2.7777777499999998,2.7777777499999998,3000
33,73,1440000,29,4,0,0,4,4397.9166667500003,0.091083627033490516,0.24596785346628683,0.86319955992433461,0,0.6553047500000001,3.8895497500000005,1500,1.732342,44,13.888888999999997,6.2500002499999994,3000
33,74,1440000,1,0,0,0,0,192.36111100000002,0.06715299999999999,0.14704200000000001,0.87300900000000003,0,0,1.9486209999999999,1500,1.153742,0,0.69444450000000002,2.0833332499999999,3000
33,80,1440000,3,0,0,0,0,1149.3055555000001,0.060408999999999997,0.17302899999999999,0.83603400000000005,3.4722222500000002,0,1.0987674999999999,1500,1.5440020000000003,0,0.69444450000000002,2.0833332499999999,3000
33,81,1440000,14,1,2,1,0,3133.3333332500001,0.10890181560256065,0.18955366976855939,0.83907323803170131,4.8611112500000004,0.21788874999999999,2.7104030000000003,1500,1.4108099999999999,33.125,13.888889000000001,4.8611112500000004,3000
33,95,1440000,1,0,0,0,0,14.583333249999999,0.080951999999999996,0.050594999999999994,0.94778600000000002,0,0,0.50620450000000006,1500,0,0,0,0.69444450000000002,3000
34,25,1440000,1,0,0,0,1,39.583333250000003,0,0.089035000000000003,0.78897200000000001,0,0,0.64947375000000007,1500,0,0,0,2.7777777499999998,3000
34,26,1440000,15,7,0,2,1,415.97222224999996,0.03613485642911881,0.20833255425004041,0.84799588648084545,0,0,3.1785642500000004,1500,0.34657350000000003,0,1.388889,2.7777780000000001,3000
34,30,1440000,3,0,0,0,0,972.91666674999988,0.12573499999999999,0.266712,0.87490499999999993,0,0.27256599999999997,1.7488874999999999,1500,1.7351259999999999,42,2.0833332499999999,2.7777777499999998,2183.4910800000002
34,31,1440000,21,5,8,0,0,17663.888888750003,0.13150082579807695,0.33376431765975451,0.86528010099863162,14.583333,0.81291650000000015,5.0661589999999999,1500,1.6609503333333335,45.333333333333336,68.055555749999996,90.972221999999988,1120.4692376666665
34,32,1440000,28,4,9,3,3,16196.52777775,0.15878110294545658,0.34271922745791911,0.87071717437713525,11.111111249999999,1.2837037499999999,6.2329930000000013,1500,1.78957875,76.613636249999999,122.22222199999999,62.500000249999999,453.33847225000005
34,33,1440000,57,18,20,3,1,27029.166666749996,0.11206186090125546,0.35897863342073488,0.86798743284003876,16.666666749999997,1.1814475,9.8885625000000008,1500,1.8578250000000001,80.446428499999996,86.805555249999998,148.61111124999999,837.58012550000001
34,34,1440000,57,13,16,2,3,29991.666666500001,0.13213782821619457,0.37179296235069387,0.86874523161528028,18.055555249999998,1.0682179999999999,5.5628917499999995,968.91526324999995,1.9520540000000002,87.928571500000004,122.22222224999999,129.86111099999999,342.11494749999997
34,35,1440000,82,14,22,1,2,21277.777778,0.12042828926227207,0.33291116690592137,0.85672369125322922,17.361111000000001,0.87057375000000015,4.0343347499999993,908.34765800000014,1.4710440000000002,82.233333250000001,61.11111125,223.61111100000002,877.75798249999991
34,36,1440000,35,5,6,0,1,10546.5277775,0.10012241607912625,0.28707012760855122,0.8444580658454186,11.111110999999999,1.20423525,2.1122165000000002,1498.95681625,1.59362125,37.65625,16.666666750000001,56.250000249999999,1640.88924875
34,37,1440000,6,1,0,1,0,7665.2777777499996,0.10911523319458341,0.29989549302421603,0.86588146910681285,4.1666667500000001,0.41649350000000002,1.088803,1500,1.601666,74,7.6388889999999998,61.80555549999999,1034.602633
34,38,1440000,9,0,1,0,2,6920.8333332500006,0.12669881497029301,0.33020737647892184,0.86365927824609279,4.8611112500000004,0.85727125000000004,3.3026909999999994,1500,1.6433950000000002,62,7.6388889999999998,66.66666674999999,775.72826933333329
34,39,1440000,20,0,5,1,1,11969.444444500001,0.18862547882350753,0.29841235199583199,0.88314385025525888,6.9444445000000004,0.19956574999999999,1.7243492499999999,1135.5772313333332,1.739387,15.666666666666666,37.5,78.472221999999988,622.75125233333335
34,40,1440000,36,5,20,1,2,17951.388888750003,0.22767165895551794,0.34350840649910591,0.86834200046417498,0.69444450000000002,0.63948499999999997,3.0434015000000003,799.46147133333329,1.9762843333333333,70.319298333333322,57.638888999999999,122.22222224999997,735.70227566666665
34,41,1440000,29,2,11,2,1,10879.166666750001,0.095319823375456081,0.26657084986581642,0.8635301332184947,6.9444445000000004,0.24911249999999999,0.49645099999999998,951.437501,1.7722840000000002,34.458333333333336,18.75,50.694444249999997,1555.5545550000002
34,42,1440000,2,1,0,0,0,218.05555550000003,0.12104200000000001,0.32311799999999996,0.91792300000000004,0,0,0,1500,1.457792,0,3.4722222500000002,1.388889,2327.4604399999998
34,44,1440000,1,0,0,0,0,1412.5,0.119835,0.26436500000000002,0.84851799999999999,2.0833332499999999,0,1.2780097500000001,1500,1.4578959999999999,1000,11.805555499999999,8.3333332500000008,1963.814169
34,45,1440000,19,1,5,2,1,14863.194444499999,0.095823937999246309,0.23764372102043269,0.85007651212432667,12.499999750000001,0,0.89469149999999997,1500,1.7717402499999999,363.45833349999998,39.583333500000009,34.027777749999998,2804.8661320000001
34,46,1440000,7,1,3,0,1,3367.3611110000002,0.084813,0.25041799999999997,0.83422900000000011,2.7777777499999998,0,1.6853697499999996,1500,1.8834470000000001,386.66666700000002,11.111110999999999,34.722222249999994,3000
34,47,1440000,74,13,6,2,2,19355.555555500003,0.10665110271970656,0.28925437973598211,0.85689812794208209,20.833333,0.87412100000000004,4.1346192500000001,600.83576225000002,1.8403035000000001,221.37566849999999,34.027777749999998,52.777777749999998,1977.6810512500001
34,48,1440000,6,2,2,0,0,3988.1944444999999,0.091534000000000004,0.224465,0.87529500000000005,2.7777777499999998,0,0.96104374999999997,668.41729199999997,1.4175169999999999,447,6.9444445000000004,4.8611110000000002,1817.4950049999998
34,49,1440000,10,0,3,0,2,2367.3611112499998,0.12842380873998865,0.40216423379146837,0.87706048665349456,9.0277777500000003,0.83891649999999995,1.1516875,952.28152649999993,1.8403330000000004,160.91666649999999,6.25,17.361111000000001,1896.1983074999998
34,50,1440000,150,18,50,7,4,42772.222222499993,0.13434642026564728,0.44426507499352436,0.8756950423431451,29.166666749999997,0.44203524999999994,7.1979964999999995,549.2936115,1.9583652499999999,645.93681300000003,84.722222500000001,75,1618.0467092499998
34,51,1440000,109,7,31,23,4,34946.527778000003,0.1986186834847648,0.48060185517549059,0.88630331317692101,18.055555500000001,0.44523399999999996,3.4498934999999999,296.58084474999998,1.8867737500000001,194.42551099999997,94.444444250000004,81.944444499999989,1539.4899165000002
34,52,1440000,45,12,16,0,1,30917.361111249997,0.1914507103615547,0.49289377507253906,0.88128984739781224,10.416666500000002,0.048819000000000008,5.0070695000000001,658.55956350000008,1.9115019999999998,361.02499999999998,177.08333325000001,152.77777799999998,1291.08909225
34,53,1440000,6,1,1,1,1,6495.1388887499998,0.16942117502405618,0.44440476777492022,0.88578220806156194,3.4722222500000002,0.4181745,0.56340149999999989,584.38590450000004,2.0166260000000005,0,45.13888875,25,338.73805549999997
34,55,1440000,20,3,9,2,1,14668.75,0.14382793452648265,0.46399626388313775,0.86356447890927857,12.5,0.86682274999999998,3.6645492499999999,1251.3539214999998,1.1962617499999999,225.6875,56.944444499999996,30.55555575,1153.6873800000001
34,56,1440000,24,0,1,5,0,4045.8333332500001,0.13556216941422972,0.5000230435989087,0.87232837212476722,2.7777777499999998,0.77454999999999996,2.2895175000000001,699.41135750000001,1.6994384999999999,0,14.583333499999998,42.36111125,1181.1263375000001
34,57,1440000,12,0,7,1,2,7176.3888889999998,0.16123002264367611,0.40489119663264955,0.8691359808399699,6.9444445000000004,0.090772749999999999,1.4824392500000001,520.68408050000005,2.0248910000000002,474.83333349999998,56.944444499999996,40.972222249999994,501.21002749999991
34,58,1440000,11,0,2,7,0,4590.9722220000003,0.12029285796418569,0.44620980880359573,0.87064497731063506,4.8611110000000002,0,0.605186,1385.5548549999999,1.1816479999999998,120.5,4.8611110000000002,22.916666499999998,1079.5893905
34,59,1440000,3,2,0,0,0,2637.5,0.11322851184834122,0.41544672037914693,0.85586079620853084,1.388889,0,3.3603872500000005,1500,1.4604844999999997,159.75,6.9444445000000004,46.527777999999998,2318.8988549999999
34,61,1440000,7,1,1,1,0,1293.75,0.063673333333333332,0.17794096618357488,0.87447686473429953,0.69444450000000002,0,0,1500,0.79762700000000009,0,0.69444450000000002,10.416666749999999,2758.5388760000001
34,62,1440000,94,9,14,13,3,11913.888889,0.071781281125980853,0.18491261214690563,0.85908806551639716,19.444444499999999,0,5.3406000000000002,1500,1.724291,0,23.611111000000001,56.25,1657.8588587499999
34,63,1440000,67,4,8,24,0,6729.1666665000002,0.086328236429598276,0.27308613539781201,0.87811347729615152,45.833333499999995,0.93863550000000007,0.65104099999999998,1500,1.6166827500000001,26.25,19.444444499999999,57.638888999999999,568.06687699999998
34,64,1440000,2,1,0,0,0,259.02777774999998,0.081269000000000008,0.29349500000000001,0.84923799999999994,1.388889,0.16575374999999998,0,1500,1.206124,0,0,6.25,1087.8562279999999
34,65,1440000,50,1,13,2,0,5768.0555557500002,0.083717511919019702,0.2240011769803312,0.87278533590168561,104.86111125000001,1.22764425,2.0360589999999998,1500,1.4342859999999999,11,4.8611110000000002,64.583333500000009,1660.6399533333333
34,66,1440000,349,28,50,27,7,24443.055555250005,0.097840567958409841,0.30193060756298479,0.86123736990737509,57.222222250000002,0.59387049999999997,10.398778999999999,1453.6755069999999,1.9176732499999998,45.63333325,68.055555249999998,79.861111250000008,1045.8944887499999
34,67,1440000,102,9,18,5,0,12244.444444499999,0.075437461433834591,0.23104060707823235,0.85898957378625618,54.16666699999999,0,11.910962250000001,1360.8072690000001,1.5268660000000001,11,27.083333500000002,97.916666499999991,1188.9489659999999
34,68,1440000,17,0,5,0,0,4462.5000002500001,0.078280565359277729,0.24445739635723251,0.86095921490801175,6.9444447500000006,0.79258150000000005,6.7020830000000009,1500,1.1946034999999999,10.75,4.8611112500000004,68.749999750000001,2148.8503512499997
34,69,1440000,19,0,6,0,1,2698.6111110000002,0.075591946987840261,0.2510385759110334,0.86543675295795786,18.75,0.85450949999999981,5.7332115000000003,1500,1.4426974999999997,34,1.388889,45.833333250000003,2973.5741545000001
34,70,1440000,8,0,7,0,0,2122.9166667499999,0.069112392213135143,0.22484424402575842,0.86078827020108939,8.3333335000000002,1.1994750000000001,7.4263832499999989,1461.7452600000001,0.77311150000000006,0,2.7777780000000001,50,3000
34,71,1440000,23,2,5,1,1,2996.52777775,0.085010804172046012,0.22439175921216004,0.86538097589832197,11.805555750000002,0.42997475000000002,10.26593325,951.71525866666661,1.3796966666666668,0,8.3333335000000002,74.305555749999996,3000
34,72,1440000,7,0,2,0,1,1995.1388889999998,0.090162092586225456,0.21191479742431471,0.86885278176144787,2.7777777499999998,0,4.7189262500000009,1046.7866313333334,0.97619899999999993,0,1.388889,34.027777749999998,3000
34,73,1440000,23,1,1,0,0,2760.4166667499999,0.097255392452123293,0.26454933760946481,0.85390742188702173,0,0.88837050000000006,2.2094315000000004,1500,1.4277765,44,4.8611110000000002,53.472222250000002,3000
34,74,1440000,3,2,1,0,0,527.77777774999993,0.10674111578937874,0.3140019513153034,0.86337556842110275,0,0,3.7169042500000002,1500,0.92110350000000007,0,0,16.666666499999998,3000
34,75,1440000,6,2,1,0,0,2787.5,0.071860151968150141,0.2089322212256973,0.85681553612342454,0,0,3.8064312500000002,1500,0.90991,0,0.69444450000000002,29.861111000000001,3000
34,76,1440000,2,1,0,0,0,625.00000000000011,0.064842472220194,0.21648399999111839,0.86101191666567711,0,0,2.5732327500000003,1500,1.3592365,0,1.388889,5.5555557499999999,3000
34,78,1440000,2,0,0,0,0,931.25,0.092128000000000002,0.15673900000000002,0.85374700000000003,1.388889,0.41815874999999997,1.1587067499999999,1500,0.9672599999999999,60,0.69444450000000002,6.9444445000000004,3000
34,80,1440000,1,0,0,0,0,414.58333325000001,0.096925999999999998,0.22670099999999999,0.887019,0.69444450000000002,0,0.83341200000000004,1500,1.036835,0,0,16.666666750000001,3000
34,81,1440000,2,1,1,0,0,5044.4444444999999,0.12020399999999999,0.19017799999999999,0.82942399999999994,0.69444450000000002,0.3613575,1.08696675,1500,1.9456859999999998,71.5,13.194444500000001,2.7777777499999998,3000
34,82,1440000,1,0,0,0,0,454.86111100000005,0.080936999999999995,0.23629400000000003,0.89033600000000013,4.8611110000000002,0,1.4510190000000001,1500,1.0986120000000001,0,0,8.3333332500000008,3000
34,94,1440000,1,0,0,0,0,240.27777774999998,0.034318000000000001,0.19464699999999999,0.86440300000000003,0,0,2.3329070000000001,1500,1.0986120000000001,0,0,0,3000
35,23,1079495.97,1,0,0,0,0,165.81812706535624,0.050849000000000005,0.13869899999999999,0.8337159999999999,0,0,1.3396495403313087,1500,0,0,0,0.92635832628444192,3000
35,24,1440000,1,0,1,0,0,150.6944445,0.048418000000000003,0.166044,0.85109600000000007,0,0.42691475000000001,0.616124,1500,1.0986120000000001,0,0,1.388889,3000
35,26,1440000,1,0,0,0,0,331.25,0.032443,0.20824999999999999,0.8500629999999999,0,0,0.48301149999999998,1500,0.63651400000000002,0,0.69444450000000002,1.388889,3000
35,28,1440000,4,0,3,0,0,318.05555549999997,0.050237943223445755,0.19168715071266063,0.86437046943467866,0.69444450000000002,0.47535624999999998,2.3385205,1500,1.2192325000000002,0,0,8.333333249999999,3000
35,30,1440000,3,1,2,0,0,2773.6111110000002,0.17987800000000001,0.29123699999999997,0.875274,2.7777777499999998,0,1.4548590000000001,1500,1.6081540000000001,0,13.194444500000001,2.7777777499999998,2386.5967289999999
35,31,1440000,14,6,3,0,2,11088.888888750002,0.13435934143277131,0.33518001484219584,0.86676532809358131,11.805555750000002,0.23754050000000002,10.594571000000002,1500,1.64481425,53.479166750000005,50,158.33333325000001,1678.9718604999998
35,32,1440000,41,8,10,0,2,17999.305555499999,0.13037010247305936,0.33787150819868533,0.8726156785755711,11.805555499999999,0.55441675000000001,4.0304395,1500,1.6741732499999999,56.78125,111.8055555,113.88888875000001,918.37294524999993
35,33,1440000,64,9,17,5,7,25504.861110999998,0.11046422427636876,0.38020426645253447,0.87344538462165666,11.111111249999999,0.36115350000000002,13.43707025,1500,1.9683802500000001,76.481150750000012,167.36111100000002,102.77777775000001,750.09002074999989
35,34,1440000,95,14,35,8,11,32282.638889250004,0.13298329679265469,0.40198834592475613,0.87274544573750656,21.527777750000002,0.32750600000000002,5.38406275,895.44087949999982,1.9548665000000001,138.98181825,177.08333325000001,140.27777774999998,348.50974475000004
35,35,1440000,67,12,20,0,10,22734.722222250002,0.13354712969635069,0.3966276556904586,0.86959873022177969,22.222222249999998,0.95476725000000007,5.8592894999999992,828.93218374999992,1.8616790000000001,52.083333249999995,99.305555249999998,245.13888900000001,935.76962325
35,36,1440000,39,4,8,2,4,6695.1388889999998,0.11055117155846231,0.29267667306253353,0.86065455077267694,22.222222249999998,1.0731355,3.2349814999999995,1493.1855147499998,1.7210812499999999,108.30654749999998,25,166.66666649999999,2037.6902427499999
35,37,1440000,21,3,11,0,3,8490.2777779999997,0.12301023163758645,0.33469072574891084,0.88085323073796273,11.111111249999999,0.77427349999999995,3.5498180000000001,1500,1.6370557499999998,73.016666749999999,36.805555500000004,382.77777775000004,2411.0274682500003
35,38,1440000,10,1,1,0,0,5247.2222222499995,0.076898265484391548,0.27658600397036076,0.85185873239808863,6.9444445000000004,0.21506649999999999,3.5069075000000001,1500,1.6694559999999998,84,6.9444445000000004,34.722222250000002,1978.6265354999998
35,39,1440000,19,2,5,0,1,2483.3333334999998,0.11265415939575135,0.31130118344453939,0.87710233780753966,4.1666664999999998,0.89513725000000011,3.6547477499999999,1500,1.6909259999999999,0,7.6388889999999998,147.22222224999999,1853.041383
35,40,1440000,17,6,9,0,1,8142.3611112499993,0.22726680307023631,0.36555833586380143,0.87778232298493852,1.388889,0.22666374999999994,0,613.70054700000003,1.7573595000000002,0,46.527777999999998,79.861111000000008,2002.5209285000001
35,41,1440000,43,5,14,6,2,9271.5277779999997,0.12307769238260274,0.32044377971686738,0.86339382278480048,5.5555557499999999,0.73451349999999993,2.4534585,579.71551324999996,1.8214127499999999,50.875,22.916666749999997,109.72222224999999,2219.2496735
35,42,1440000,3,1,1,0,0,2393.0555555000001,0.068954999999999989,0.25165100000000001,0.84613600000000011,1.388889,0,2.3006090000000001,1315.8046529999999,1.8778380000000001,105,2.0833332499999999,26.388889000000002,1700.913059
35,43,1440000,4,3,5,0,0,1301.3888887499998,0.082849292422984222,0.38350111312757684,0.90953805122716402,0.69444450000000002,0.58639825000000001,0,1500,1.9396699999999998,301.66666650000002,33.333333249999995,4.1666667500000001,322.15624400000002
35,44,1440000,7,2,1,1,0,3359.0277779999997,0.1298396131887454,0.42629465845673098,0.87268064978391557,3.4722222500000002,0.14308925,1.8275280000000003,1500,0.98247600000000002,41.5,13.194444500000001,8.3333332500000008,1244.5120184999998
35,45,1440000,2,0,0,0,0,634.02777775000004,0.169408,0.36264300000000005,0.87040499999999987,0,0,3.7724302499999998,888.06977300000005,1.0397209999999999,0,6.9444445000000004,47.222222249999994,2060.591054
35,46,1440000,10,4,2,1,0,6372.9166667499994,0.099784999999999999,0.24574000000000001,0.85824299999999998,7.6388889999999998,0.47026475000000001,1.636201,949.41872499999999,1.7337720000000001,53,5.5555554999999996,17.361110999999998,2180.5307329999996
35,47,1440000,19,2,8,1,0,11734.72222225,0.096998083264136822,0.25469547206723359,0.86327661859394644,18.055555500000001,0.711256,2.8145392499999997,454.19633800000003,1.5667845,123.14285724999999,18.05555575,97.222222249999987,1345.37585375
35,48,1440000,21,1,7,6,3,4144.4444444999999,0.13508879876275601,0.30498370342163295,0.87341941487969221,2.7777780000000001,0.77864325000000001,2.0974762499999997,498.38838566666664,1.4556753333333337,179.19999999999999,97.222222250000016,226.38888875000001,406.48372300000005
35,49,1440000,8,1,5,0,0,4686.1111110000002,0.15081068568472342,0.47272652845942092,0.88655580082943819,6.9444445000000004,1.1132415000000002,1.5571279999999998,943.76406366666663,1.4715176666666667,107.5,22.222222249999998,72.222222500000001,1257.3782503333332
35,50,1440000,76,5,32,2,2,41415.9722225,0.1393744469223023,0.45654665512501219,0.88016706452154481,25.69444425,1.0009189999999999,4.3550072499999999,521.18264024999996,1.8489235000000002,433.22380949999996,56.944444249999997,143.75000025,1637.0179517500001
35,51,1440000,60,3,22,14,3,25416.666666499998,0.14305819174843135,0.46792635008182715,0.88175961863386509,16.666666499999998,0.58058074999999998,3.3429395000000004,774.19622949999996,1.9048019999999999,343.2309525,86.111111249999993,275.97222225000002,1330.469241
35,52,1440000,343,6,43,69,19,41734.027777749994,0.14855493934801806,0.47304454072572216,0.87670974055277295,26.38888875,0.48002850000000002,4.5399295000000004,1142.5312193333332,1.8064876666666667,430.57407433333333,48.611111249999993,72.916666500000005,1691.6072946666668
35,53,1440000,19,3,6,1,2,9780.5555557499993,0.22343995874748104,0.43819995349345342,0.89418384734473011,2.0833332499999999,0,2.3222499999999999,1500,1.8262750000000001,177,79.166666749999976,23.61111125,1363.44823475
35,54,1440000,6,0,0,0,0,2402.0833332500001,0.09596281613199098,0.40589247094321046,0.87385672072774101,6.25,0.37044849999999996,1.4882040000000001,1500,0.61570649999999993,0,13.888888749999998,8.333333249999999,1136.2977574999998
35,55,1440000,1,0,0,0,0,409.02777774999993,0.141426,0.45272799999999996,0.87518499999999999,0,0,0.80203725000000015,1500,0.72146399999999999,0,1.388889,3.4722222500000002,1286.0420079999999
35,57,1440000,50,7,17,9,6,15743.055555500001,0.14551698522259982,0.48144193820039377,0.87320810864570397,22.222222249999998,1.0573290000000002,2.2499804999999999,433.84744633333332,1.8181036666666666,293.03703700000005,68.055555749999996,47.222222250000002,483.64202900000004
35,58,1440000,63,0,15,4,2,20705.555555750001,0.11147288257944377,0.45520025570093142,0.8651422658306015,31.944444499999999,0,6.3591462499999993,1356.9736665,1.40058975,195.15000000000001,27.777777750000002,52.083333499999995,1225.9899727500001
35,59,1440000,20,1,3,1,0,6897.2222222500004,0.08779872603704976,0.34080802466734766,0.85657400775262704,12.5,0,5.3946602500000003,1500,1.7407997499999999,119.425,4.8611110000000002,46.527777749999998,2353.5033365000004
35,61,1440000,2,0,1,0,0,201.38888899999998,0.053075999999999998,0.20960999999999999,0.88320599999999994,0,0,0.67817349999999998,1500,0.69314700000000007,0,0,9.7222222499999997,2751.0037260000004
35,63,1440000,1,0,0,1,0,203.47222224999999,0.068117999999999998,0.245312,0.90825599999999995,2.7777777499999998,0,0,1500,1.3862940000000001,0,0,5.5555554999999996,1119.459098
35,66,1440000,1,0,0,0,0,333.33333325000001,0.059470000000000002,0.30389900000000003,0.88328099999999998,0.69444450000000002,0.356151,0.30203600000000003,1500,1.332179,0,1.388889,4.8611110000000002,1943.5341059999998
35,67,1440000,7,0,2,0,0,961.11111099999994,0.073161000000000004,0.186748,0.86229599999999984,2.0833332499999999,0,1.518883,1500,0.98582899999999996,34,1.388889,11.111110999999999,2064.1570079999997
35,68,1440000,16,0,4,0,0,1720.1388887500002,0.0844092498981725,0.19280593257947976,0.86736941945789203,5.5555554999999996,0.46443649999999997,1.70049575,1500,1.1584685000000001,50,1.388889,31.25,2946.1577734999996
35,69,1440000,3,1,2,0,0,1489.5833334999998,0.069299923076843753,0.23146574125850428,0.86767586713285272,0.69444450000000002,0,2.6757387499999998,1500,1.281771,0,0.69444450000000002,47.222222249999994,3000
35,71,1440000,27,2,5,1,1,4968.0555555000001,0.078039376852211878,0.23063608163339339,0.85602767710393879,1.388889,0.28197875,9.3946152499999993,774.41815274999999,1.5989707499999999,10.5,11.111111249999999,43.055555500000004,3000
35,72,1440000,40,5,11,0,0,6950,0.093364700639007578,0.2929409130692151,0.86580165367663775,5.5555557499999999,1.0899477499999999,6.1859005000000007,1027.7232427500001,1.6172717500000002,0,18.055555500000001,124.30555550000001,3000
35,73,1440000,15,0,4,0,0,4096.5277777499996,0.091951152568165689,0.26540334412608951,0.86351681708772643,7.6388889999999998,0.37552475000000002,9.0013962500000009,1500,1.4201869999999999,12.333333333333334,2.0833335000000002,72.222222500000001,3000
35,74,1440000,2,0,1,0,0,424.30555549999997,0.093182000000000001,0.25683099999999998,0.84923199999999999,0,0,2.8507395,1500,0.95569999999999999,121,2.0833332499999999,18.055555500000001,3000
35,77,1440000,1,1,0,0,0,447.22222225000007,0.050117000000000002,0.21004899999999999,0.86062800000000006,0,0,1.7449567500000001,1500,0.69314700000000007,0,0.69444450000000002,2.7777777499999998,3000
35,78,1440000,2,0,2,0,0,2165.27777775,0.089705182809698747,0.19057050898012884,0.84878634381004403,0.69444450000000002,0.84770424999999994,2.1765352500000001,1500,1.5824344999999997,0,6.9444445000000004,19.444444499999999,3000
36,20,1372878.421758,1,0,1,0,0,485.84054458798494,0.062369000000000008,0.19745699999999999,0.831098,0,0,2.3037763503850264,1500,0,0,0.72839667675705666,1.4567933535141133,3000
36,25,1440000,3,1,0,1,0,237.5,0.050422467827781058,0.24038634501557052,0.8550526403467662,0,0,2.22765675,1500,0,0,0,0,3000
36,28,1440000,4,0,0,0,0,937.5,0.081443005926233061,0.21039810814441945,0.84776432296258852,0.69444450000000002,0.6213265,2.2891380000000003,1500,0.83715233333333339,0,2.0833335000000002,11.805555750000002,3000
36,31,1440000,7,1,2,0,0,3176.3888889999998,0.122682,0.28954999999999997,0.86940799999999996,4.8611110000000002,0.54536450000000003,0.64554750000000005,1500,1.790457,32,6.9444445000000004,56.25,2067.2068510000004
36,32,1440000,9,0,1,0,0,6124.3055555000001,0.11177926159378537,0.32956400907074512,0.86870728710721667,1.388889,0.3064325,3.1520234999999999,1500,1.1870205,42,22.916666750000001,77.777777749999998,1611.0835004999999
36,33,1440000,45,9,13,2,2,20263.194444500001,0.13596259323488094,0.37147557335764808,0.87988136868983091,11.111110999999999,0.85805775000000006,9.3561912500000002,851.56370249999998,1.8613682500000002,53.5101625,77.777777999999998,84.722221999999988,605.33540425000001
36,34,1440000,44,8,13,2,10,20648.61111125,0.10316226420923282,0.32281177823356111,0.86450174070084473,19.444444499999999,1.334408,5.7342527499999996,1170.9627665,1.7877630000000002,52.714285750000002,65.277778000000012,166.66666674999999,781.4167792500001
36,35,1440000,33,8,6,0,0,5730.5555557500002,0.10401107113416488,0.31222147600533234,0.85798735191472153,16.666666750000001,0.37810050000000001,2.3677592500000002,1482.4155555,1.7447369999999998,0,16.666666750000001,94.444444499999989,1570.9362290000001
36,36,1440000,33,4,7,1,1,11247.916666750001,0.082526500216178786,0.26387455028693774,0.85008080527241636,34.722222500000001,0.83235549999999991,6.0672350000000002,1500,1.7310667500000001,63.825000000000003,46.527777749999998,157.63888874999998,2581.2558145000003
36,37,1440000,15,0,2,0,1,2369.4444444999999,0.084136228605179067,0.29042362485519335,0.86005913423205504,4.8611112500000004,0,5.7073390000000002,1500,1.5954456666666668,28,11.111110999999999,77.777777499999999,3000
36,38,1440000,10,0,3,1,0,4050,0.073901929012284068,0.28500412037033218,0.84585516049380294,6.9444445000000004,0.42143400000000003,3.650757,1500,1.680277,29.333333500000002,7.6388889999999998,63.194444499999996,2933.8861845000001
36,39,1440000,10,1,2,0,1,4647.2222222500004,0.15784487806145348,0.31122277047157265,0.86408547698692195,0.69444450000000002,0.48904350000000002,2.65864075,1500,1.6677609999999998,70.5,22.916666750000001,26.388889000000002,2876.3797645
36,40,1440000,81,6,22,13,3,9917.3611112500002,0.14721008724895299,0.34015510104317931,0.87418204439467451,15.27777775,1.4394832500000001,4.99315525,1227.7267039999999,1.7035849999999999,23.397058749999996,64.583333499999995,195.13888899999998,2904.0564629999999
36,41,1440000,9,1,4,1,2,4552.7777779999997,0.16759216732733498,0.32097539444820655,0.87538653401458566,4.8611112500000004,0,3.4283882500000002,826.78073366666661,1.7708656666666667,16.666666666666668,35.416666750000005,28.472222249999998,2711.714234
36,42,1440000,1,0,1,0,0,762.5,0.27259699999999998,0.30945900000000004,0.90193999999999996,0,0,0.63779975,1301.301434,0,0,0,1.388889,1885.2493449999997
36,43,1440000,2,1,1,0,0,504.1666667500001,0.079772999999999997,0.36860599999999999,0.89577299999999993,0.69444450000000002,0.040110750000000001,0.178789,1500,1.723373,0,0,2.7777777499999998,547.81410400000004
36,44,1440000,10,3,1,0,0,2328.47222225,0.115746,0.41834799999999994,0.876525,2.0833332499999999,0.42895150000000004,0.58233950000000001,1269.6429009999999,1.7194689999999999,97.599999999999994,11.805555499999999,3.4722222500000002,984.308449
36,46,1440000,8,4,1,0,0,5711.1111110000002,0.10128,0.25671500000000003,0.84377400000000002,3.4722222500000002,0.033599749999999998,2.0772715000000002,932.51617100000021,1.937673,633,9.0277777500000003,4.1666667500000001,2031.5579710000002
36,47,1440000,5,0,0,0,0,1283.3333332500001,0.075993278680188334,0.23020559090968234,0.86650044967395679,3.4722222500000002,0.38864550000000003,2.2096184999999999,405.99340799999999,1.4497494999999998,0,0.69444450000000002,6.9444445000000004,1430.083959
36,48,1440000,16,3,6,2,2,8535.4166664999993,0.21312124619635472,0.33927152151989193,0.87625680318932264,6.25,0.8365594999999999,3.6829484999999997,358.82937950000002,1.7478235,245.01086949999998,59.722222249999994,100.69444449999999,951.33234349999987
36,49,1440000,5,1,2,1,0,4911.1111110000002,0.29727399999999998,0.28586699999999998,0.87913199999999991,0,0,1.4939450000000003,910.800341,1.6604869999999998,95.5,11.805555499999999,4.1666667500000001,1029.3479179999999
36,50,1440000,14,2,6,1,3,8890.9722222499986,0.18347711278652115,0.48267726587531218,0.88407513770210167,1.388889,0.48526775000000005,1.3101299999999998,412.41166350000003,1.2098230000000001,60,47.916666750000005,145.13888900000001,747.37203299999999
36,51,1440000,300,22,59,31,16,80283.333333499992,0.1379543596204286,0.49051788499066951,0.86954770825548544,67.361111250000008,1.23050975,3.9448827500000001,444.35295500000001,2.0349275000000002,544.43027399999994,129.86111099999999,243.75,457.24973825000001
36,52,1440000,265,3,21,91,10,13548.611111,0.12715850133301365,0.46527645556088709,0.87528416586349456,12.5,0.560338,4.0456707500000002,1179.85822125,1.6922010000000003,325.31117024999998,24.30555575,152.08333325000001,1453.734391
36,53,1440000,1,0,0,0,0,1600,0.23760300000000001,0.402752,0.8803200000000001,1.388889,0.42079775000000003,0.52717025000000006,1500,1.5916860000000002,1240,6.9444445000000004,11.805555499999999,1385.99224
36,54,1440000,164,12,18,43,15,32783.333333000002,0.11813657877907816,0.4326606896712582,0.86952959758941528,18.75,0.86145174999999996,1.2643275,1500,1.8408119999999999,421.85833324999999,24.305555500000001,72.916666499999991,441.79651525000003
36,55,1440000,213,6,27,66,12,5093.75,0.15389607607361963,0.39673343312883436,0.88040161104294479,2.0833335000000002,0.55796774999999998,1.7837890000000001,1500,1.767892,75,23.61111125,72.222222000000002,1074.8406144999999
36,57,1440000,10,1,2,3,1,4717.3611112500002,0.10054840203104878,0.43513798101050449,0.87030442072687297,8.3333332500000008,0.85403899999999999,3.7071222499999998,713.95026033333329,1.8148850000000001,40.166666666666664,24.305555500000001,61.111111250000015,1777.9184826666665
36,58,1440000,25,0,5,0,0,5472.2222224999996,0.093824252410583633,0.35031521916205027,0.87230393185316746,13.194444499999999,0,4.3079765000000005,1320.1376726666667,1.7275456666666669,0,21.527777499999999,34.722222250000002,2050.2395913333326
36,59,1440000,39,0,7,6,0,7609.0277777499996,0.097001575887512348,0.38166020178762083,0.85625377247420476,14.583333500000002,0,8.5018577499999992,1500,1.6279030000000001,33.375,23.611110749999998,59.027777499999999,2790.7186122499998
36,68,1440000,2,0,1,0,0,154.86111100000002,0.066796000000000008,0.277812,0.87371699999999997,0,0,0,1500,0.95027099999999987,0,0,7.6388889999999998,3000
36,69,1440000,19,2,2,1,1,2347.22222225,0.086527602366852557,0.22591489585796026,0.86550497751473932,1.388889,0,3.7388645000000005,1500,1.608803,0,6.9444445000000004,49.305555750000003,3000
36,70,1440000,3,1,1,0,0,339.58333325000001,0.075366300614773327,0.27167992639346944,0.88607659509399594,0.69444450000000002,0,1.4409607499999999,1500,0.97649449999999993,0,0.69444450000000002,27.777777750000002,3000
36,71,1440000,20,2,4,0,0,3059.72222225,0.081854247843843805,0.27648284634487158,0.84839233635947353,4.1666667500000001,0.93504349999999992,5.1204947500000006,1497.3637342499999,1.5050674999999998,0,10.416667,38.194444249999997,3000
36,72,1440000,13,1,2,1,0,3625,0.080713316473713589,0.25583155747050612,0.86046612586092597,2.0833332499999999,0,6.956499,1500,1.4481376666666668,0,6.25,45.833333250000003,3000
36,73,1440000,13,0,1,1,0,2054.1666665000002,0.075954264027638232,0.20526201554970486,0.8772658505740798,5.5555557499999999,0.96091024999999997,6.0353895000000009,1466.6821419999999,1.5536426666666667,22.199999999999996,3.4722222500000002,53.472221999999995,2270.8922483333331
36,74,1440000,1,0,0,0,0,430.55555549999997,0.067122000000000001,0.17974000000000001,0.84488899999999989,0,0,0.99045199999999989,1500,0.63651400000000002,0,0,5.5555554999999996,1925.184859
36,75,1440000,3,0,1,0,0,1325.6944444999999,0.052825517024755846,0.18420830749490744,0.85166474646375501,0,0,2.4803004999999998,1500,0.96229299999999995,0,0.69444450000000002,6.25,1827.7697840000001
36,76,1440000,3,1,0,0,0,648.61111100000005,0.062547000000000005,0.17929700000000001,0.85888399999999987,0,0,1.9413134999999999,1500,1.0114040000000002,0,1.388889,2.0833332499999999,2586.0598679999998
37,19,1440000,1,0,0,0,0,2138.1944444999999,0.075478999999999991,0.17960200000000001,0.86226599999999998,0.69444450000000002,0,3.3373327500000003,1500,1.8139990000000001,0,2.0833332499999999,2.0833332499999999,3000
37,20,1440000,1,0,0,0,1,1322.9166667500001,0.083202999999999999,0.24170500000000003,0.86128500000000008,6.25,0,4.6309879999999994,1500,1.781668,0,5.5555554999999996,18.055555500000001,3000
37,21,1076777.4141120999,1,1,0,0,0,1151.5843326473296,0.085303999999999991,0.25451000000000001,0.87039099999999991,1.8573942337462386,0,2.5383300616996904,1500,1.7300260000000001,0,3.7147881331615418,14.859152532646167,3000
37,23,1440000,3,0,1,0,2,326.38888899999995,0.050620893620119525,0.23089465957265171,0.87174910638291359,0,0.12116025000000001,1.729881,1500,0.51986049999999995,0,0,4.8611110000000002,3000
37,24,1440000,1,0,0,0,0,261.80555550000003,0.072883000000000003,0.19578699999999996,0.85721700000000001,0.69444450000000002,0.14682249999999999,0.71553,1500,1.379664,0,0.69444450000000002,11.805555499999999,3000
37,25,1440000,2,0,0,0,0,508.3333332499999,0.048072000000000004,0.18006,0.88046199999999997,0,0.033169749999999998,1.7947662499999999,1500,1.37782,0,4.1666667500000001,0.69444450000000002,3000
37,26,1440000,1,1,0,0,0,162.5,0.029106,0.153942,0.87065999999999999,0,0,0.21833024999999995,1500,0,0,0,0,3000
37,27,1440000,1,0,0,1,0,223.61111099999999,0.067984000000000003,0.23666599999999996,0.85609599999999997,0,0.25967800000000002,1.1258395000000001,1500,1.251989,0,2.7777777499999998,6.25,3000
37,29,1440000,5,1,2,0,0,4121.5277777500005,0.070180999999999993,0.197078,0.84011900000000006,9.7222222499999997,0,3.3153995000000003,1500,1.956914,644.33333300000004,9.7222222499999997,13.194444500000001,3000
37,31,1440000,5,1,1,0,0,3444.4444442500003,0.082590344758302736,0.2757454092731832,0.85748096572567434,11.805555500000001,0.83974075000000015,4.3413234999999997,1500,1.5436259999999999,25.5,6.25,76.388888999999992,2640.0329750000001
37,32,1440000,4,0,1,1,0,2820.8333335000002,0.14432896479651508,0.33908751747948113,0.88443634195006493,6.25,0.68865675000000004,3.43866725,1381.4162706666666,1.3321336666666665,15.333333333333334,18.749999749999997,56.249999749999994,1670.8297806666667
37,33,1440000,38,8,7,3,6,13973.611111,0.15527599403609441,0.38477184405176251,0.86947548424603649,15.97222225,0.72018125,9.4479622499999998,634.57013149999989,1.7041855000000001,65.299999999999997,86.111111000000008,137.50000025,632.95820349999997
37,34,1440000,28,3,11,1,0,24047.222222,0.10859303372993741,0.30374548977689519,0.85287368487921911,17.36111125,0.50832424999999992,6.5271780000000001,1054.2131479999998,1.67895525,12.791666749999997,50.69444450000001,102.77777774999998,738.76012925000009
37,35,1440000,13,1,3,0,1,7652.0833334999998,0.086925523005250804,0.28242303593764806,0.8588565033127713,9.7222220000000004,0.69772100000000004,6.86542575,1500,1.4718997500000002,11.5,10.416666750000001,89.583333499999981,1876.5308687500001
37,36,1440000,13,4,2,1,2,3886.1111110000002,0.060519435668359871,0.21559362830619153,0.83265693209435188,9.0277777500000003,0,6.3014882499999985,1500,1.6509100000000003,0,11.111111249999999,25.69444425,2891.7428489999998
37,37,1440000,21,1,6,0,1,6139.5833332500006,0.08701022078931224,0.26789857550020207,0.85404600701273869,30.55555575,0.952704,10.804544,1500,1.7153959999999999,27.233333249999998,34.722222499999994,249.30555550000003,2917.3262365000001
37,38,1440000,9,1,4,0,0,2219.4444444999999,0.076135999999999995,0.30680299999999999,0.85195500000000002,9.0277777500000003,0.040507250000000002,2.8866342499999997,1500,1.8324300000000002,0,10.416666749999999,84.027777749999998,2431.915004
37,39,1440000,13,0,3,1,0,2674.9999997500004,0.093240503375286762,0.35176181827694297,0.86078592471420146,11.805555500000001,0.49692599999999998,2.4441259999999998,1500,1.6246099999999999,0,9.7222225000000009,64.583333249999995,2845.4672039999996
37,40,1440000,87,12,19,6,5,20695.833333249997,0.093122237903517577,0.31662924937925158,0.8585659047379095,15.972222500000001,0.90996750000000015,7.8210875,1030.8522452500001,1.9342044999999999,85.02105275000001,61.80555549999999,156.94444449999997,2968.953117
37,41,1440000,25,4,6,0,2,16918.055555499999,0.14671991068054985,0.2741121631638811,0.86939460356290266,4.8611112500000004,0.33117924999999998,2.5438125000000005,545.97419749999995,1.82841125,20,27.777777750000002,39.583333499999995,2931.2559885000001
37,42,1440000,3,1,2,0,0,1900.6944444999999,0.11194400000000002,0.34342499999999998,0.88573500000000005,0.69444450000000002,0.44282799999999994,0.79181299999999999,1500,2.027822,125.5,6.9444445000000004,3.4722222500000002,1929.5805780000001
37,43,1440000,18,4,6,0,1,3567.3611110000002,0.11462373194448355,0.38556144909437062,0.88333220926636413,4.1666667500000001,0.44572174999999997,0.11627974999999997,932.19373449999989,1.7918544999999999,43.375,50,17.36111125,1955.5708215
37,45,1440000,32,2,13,1,0,6350.6944444999999,0.12303350475682739,0.38446827731011468,0.87383491558221282,4.1666670000000003,0.53871799999999992,0.52452275000000004,910.46193500000004,1.8130437500000001,280.78070174999999,63.194444499999996,18.05555575,428.96116825000007
37,47,1440000,31,6,12,0,0,6210.4166665000002,0.13666073476490917,0.2491990127479754,0.86415190741374481,3.4722222500000002,0.67547699999999999,0.71180650000000001,1429.0605573333335,1.1413289999999998,468.83333333333331,13.888888750000001,5.5555554999999996,2251.0536169999996
37,48,1440000,38,9,11,0,1,13583.333333499999,0.11756756462187123,0.25693120485672344,0.86354110884468438,15.972222500000001,0.54700625000000003,3.3068577500000003,940.05705725000007,1.6715155000000002,219.34375,47.222222249999994,77.083333250000024,2079.6174550000001
37,49,1440000,1,0,1,0,0,473.61111100000005,0.11124500000000002,0.50244,0.88132700000000019,0,0.15683325000000001,0.80761575000000008,555.51676799999996,1.580236,0,0,0,1052.0946779999999
37,50,1440000,176,47,46,5,4,60806.944444250003,0.12731421179271746,0.44789109465288413,0.87078034723966236,65.972222249999987,0.91935750000000016,2.9477529999999996,475.41205249999996,1.3937927499999998,600.70833325000001,50.694444499999996,175.6944445,791.43915950000007
37,51,1440000,153,15,39,12,15,50846.527777750001,0.15696230518042856,0.48521984338767077,0.87362270819048726,45.13888875,0.45253700000000002,6.0201577500000001,348.17836124999997,1.7781837500000002,590.8375145,136.80555575,343.05555549999997,936.63070574999995
37,52,1440000,159,5,11,44,3,11760.416666750001,0.12669750457713411,0.39137646784780106,0.89010146064327866,2.0833335000000002,0.093503500000000003,8.7003387500000002,852.17851633333339,1.6380429999999999,19.333333333333332,6.2500002499999994,26.38888875,1784.2270873333334
37,53,1440000,20,0,3,1,0,6074.3055555000001,0.093155999999999989,0.41025600000000007,0.85697400000000001,7.6388889999999998,0,2.4826407500000003,1315.1686730000001,1.8824269999999999,0,4.1666667500000001,6.9444445000000004,1780.181202
37,54,1440000,10,3,3,0,0,4893.0555555000001,0.11818975163252751,0.38693770139133393,0.87248173062716528,2.0833335000000002,0,0.46307549999999997,1140.1938269999998,1.5424934999999997,0,2.0833332499999999,34.722222250000002,1153.483005
37,55,1440000,16,0,3,0,1,9544.4444445000008,0.1189684668218258,0.39602708614717458,0.86466957159482571,17.36111125,0.42306225000000003,0.71320725000000007,1062.1472584999999,1.7632514999999997,198.41666649999999,11.111110999999999,16.666666749999997,961.75839649999989
37,57,1440000,37,2,14,8,2,18216.666666749999,0.11625946828305804,0.39818069815499674,0.86209697686037734,22.222222250000002,0.85218599999999989,7.6734359999999997,437.45619800000003,1.7676492499999998,326.875,23.611111500000003,136.11111099999999,2705.7876367500003
37,58,1440000,8,0,2,1,0,3238.8888887500002,0.083786843052958068,0.34980964536880255,0.85716630038648356,6.25,0,3.7816502499999998,876.29145950000009,1.4683155000000001,110,6.25,22.916666749999997,2824.5870840000002
37,68,1440000,8,3,1,0,0,149.3055555,0.067765999999999993,0.23103399999999999,0.83010699999999993,0.69444450000000002,0.29368225000000003,1.07390575,1500,1.0114040000000002,0,2.0833332499999999,4.8611110000000002,3000
37,70,1440000,4,0,3,0,0,188.88888899999998,0.065515000000000004,0.19727900000000001,0.87561100000000003,0,0.20189775000000001,0.40770475,1500,1.277034,0,0,14.583333249999999,3000
37,71,1440000,5,1,1,0,0,1754.8611112499998,0.077933626433767431,0.21059079976381803,0.86490337989619637,0,0.49920775000000001,5.8959322499999995,1500,1.0644469999999999,0,3.4722222500000002,29.861111000000001,3000
37,72,1440000,3,0,0,0,0,2452.0833335000002,0.08656468224309076,0.26913577740226696,0.86310309175951694,1.388889,0,5.2213227499999997,1500,1.3246093333333333,0,2.0833335000000002,16.666666750000001,2683.5295073333332
37,74,1440000,42,4,7,0,0,5661.8055557500002,0.090838199926285543,0.23535685551430438,0.8562963114193699,6.25,0.58074199999999998,6.9494197500000006,439.72855066666665,1.7897429999999999,15,18.055555499999997,36.111111000000001,517.91155199999992
37,75,1440000,15,1,3,0,1,2833.3333334999998,0.070744356862450078,0.20610588112723385,0.8555731232851238,2.7777777499999998,0,6.0016730000000011,1237.1796936666665,0.97992766666666653,60.44444433333333,11.111111249999999,14.583333249999999,926.31255033333332
37,81,1440000,1,0,1,0,0,165.27777775000001,0.059870000000000007,0.18909300000000001,0.8626370000000001,0,0.44957575,0.3796795,1500,0,0,0,2.0833332499999999,3000
37,96,1440000,1,0,0,0,0,356.25,0.079524999999999998,0.23403299999999999,0.83102999999999994,0,0,1.35554375,1500,0,0,0,0,3000
37,97,1440000,1,0,0,0,0,257.63888900000001,0.055327000000000001,0.213535,0.81937399999999994,0,0,0.50522400000000001,1500,0,0,0,0,3000
37,100,1440000,1,0,0,0,0,265.97222225000002,0.022887000000000001,0.15007300000000001,0.80346299999999993,0,0,0.81551249999999997,1500,0.63651400000000002,0,0,0.69444450000000002,3000
37,102,1440000,1,0,0,0,0,277.77777774999998,0.059329999999999994,0.19426199999999996,0.83722499999999989,0,0,0,1500,0,0,0,0,3000
37,104,1440000,1,0,0,0,0,472.9166667500001,0.089276999999999995,0.25750100000000004,0.82729599999999992,0,0,1.8543944999999999,1500,0,0,1.388889,0,3000
38,18,1440000,1,0,1,0,0,937.5,0.078475000000000003,0.200601,0.85208799999999996,0,0,2.1814292499999999,1500,0.63651400000000002,0,0,2.0833332499999999,3000
38,20,1440000,2,0,2,1,0,1144.4444444999999,0.10416600000000001,0.27244699999999999,0.88198199999999993,0.69444450000000002,0,4.0292872499999994,1500,1.8367539999999998,670.5,13.194444500000001,17.361110999999998,3000
38,21,1440000,19,2,5,3,1,11718.75,0.099376126518695387,0.2597682734818349,0.86428025659270047,7.6388889999999998,0.33770224999999998,14.43652475,1500,1.7768272499999997,238.16666674999999,27.777777750000002,74.999999750000001,3000
38,24,1440000,1,0,0,0,0,109.02777775000001,0.062226999999999991,0.19349,0.80291599999999996,0,0,0.35593000000000002,1500,0,0,0.69444450000000002,0,3000
38,25,1440000,2,0,0,0,0,154.16666674999999,0.042681000000000004,0.16432300000000002,0.86730499999999988,0,0,1.6657867499999999,1500,0,0,0.69444450000000002,0,3000
38,26,1440000,4,1,0,0,0,222.91666674999999,0.023002000000000002,0.20200599999999999,0.84938999999999998,0,0,1.6240807500000001,1500,0,0,0,0.69444450000000002,3000
38,28,1440000,3,0,0,0,2,3380.5555555000001,0.058572394413051378,0.17601562407604535,0.84890185250596817,2.7777780000000001,0.34299025,2.6813162500000001,1500,1.428858,0,0.69444450000000002,19.44444425,3000
38,29,1440000,5,0,2,0,1,6085.4166669999995,0.074449870135848514,0.22433261097799009,0.85635031518897886,16.666666750000001,0.71035075000000003,4.3695017499999995,1500,1.898916,403.66666666666669,16.666666499999998,88.194444500000003,3000
38,31,1440000,4,2,0,0,0,1425.6944444999999,0.083939146127199493,0.34723414222895077,0.8616233979548491,3.4722222500000002,0.17190074999999999,4.6762517499999996,1500,1.4147934999999998,0,4.1666667500000001,65.277777750000013,2927.0430980000001
38,33,1440000,25,4,7,1,1,16227.777777750001,0.13385621533757283,0.36702960621405856,0.85553285518644417,16.666666750000001,0.73312074999999988,8.6346787500000008,1010.1387012499999,1.6500217500000003,33.958333249999995,50.69444450000001,138.1944445,1503.90234025
38,34,1440000,60,3,16,4,0,19697.222222250002,0.10487665685381801,0.34436232844432368,0.8506842416090532,24.30555575,1.1167785000000001,2.5905804999999997,1136.672229,1.8383242499999999,36.041666500000005,50,151.38888900000001,1538.7978207499998
38,35,1440000,7,1,0,0,0,3781.25,0.073039058953190225,0.2668015724516713,0.84651160991732355,9.0277777500000003,0.0047402500000000005,4.3423425,1500,1.8008570000000002,15.5,13.888889000000001,71.527777749999998,2134.9163874999999
38,36,1440000,32,3,5,1,1,10592.361111,0.076243878581105637,0.2439275921456755,0.85349631239743062,18.749999999999996,0,8.3623545000000004,1500,1.7627170000000001,9.375,19.44444425,92.361111250000008,2923.4907404999999
38,37,1440000,2,1,0,0,0,1427.77777775,0.088057087548354993,0.21606124416304232,0.85341125389109429,4.1666667500000001,0,4.1123347499999996,1500,1.4710144999999999,0,7.6388887500000004,36.11111125,2370.1741829999996
38,38,1440000,19,1,8,1,1,7039.5833332500006,0.080487916740876575,0.27581229929864132,0.8556295071517096,20.13888875,0.48044575,11.442493249999998,1500,1.4882907500000002,0,12.500000249999999,168.74999999999997,1514.5686192500002
38,40,1440000,10,1,4,0,0,5073.6111112500002,0.080530677936007933,0.29257045743229632,0.84986730208047723,2.0833335000000002,0.61714125000000009,1.4402109999999999,1450.5848834999999,1.7021969999999997,55.5,0.69444450000000002,45.833333249999995,2642.394843
38,44,1440000,1,0,1,0,0,213.19444449999997,0.063715999999999995,0.19412199999999999,0.89901700000000007,0,0.281501,0.19245799999999996,895.327134,1.5406469999999999,141,18.055555500000001,2.7777777499999998,2211.0836180000001
38,46,1440000,17,0,2,1,0,1827.77777775,0.10794000000000001,0.34101100000000001,0.85678899999999991,1.388889,0.22079925,0.27166675000000001,365.98047700000001,1.430685,0,3.4722222500000002,2.0833332499999999,1774.5185989999995
38,47,1440000,5,1,3,0,1,1534.72222225,0.089667999999999998,0.24310099999999998,0.86831399999999992,0.69444450000000002,0,0.98816574999999995,1500,1.6732479999999998,89,14.583333249999999,46.527777750000006,2177.208736
38,48,1440000,4,0,0,0,0,1765.97222225,0.11183777231671163,0.29301346480024471,0.85553674911650057,3.4722222500000002,0.41895450000000001,1.0442985,1500,1.4843815,0,18.055555499999997,116.66666675,1821.7461215000001
38,49,1440000,10,1,2,0,0,8440.9722222499986,0.12763707634795107,0.46666436602305533,0.8672437601812224,9.0277777500000003,0.79554400000000003,2.1109845000000003,378.13354400000003,1.4344919999999999,457.33333349999998,15.27777775,115.97222224999999,932.726133
38,50,1440000,264,25,46,21,7,39965.972222249999,0.15425382587617437,0.50020443408455639,0.86226184909037051,53.472222250000002,0.68718299999999999,9.7291939999999997,880.06749650000006,2.0144592499999998,416.89124549999997,167.36111099999999,384.72222224999996,444.45919974999998
38,51,1440000,92,11,16,10,7,23377.083333249997,0.16097802227963731,0.48968693378508632,0.86053228571433493,44.444444249999997,0.63787949999999993,4.9928027499999992,568.24471999999992,1.8970992499999999,281.59150325000007,113.88888924999999,427.63888874999998,697.66782525000008
38,52,1440000,10,3,2,0,0,4811.8055555000001,0.19416,0.39673700000000001,0.86149799999999999,2.0833332499999999,0.30541574999999999,0.63374249999999999,612.11019400000009,1.8389859999999998,401.5,10.416666749999999,2.0833332499999999,1416.110195
38,53,1440000,69,12,8,13,7,8054.1666665000002,0.10658051836542951,0.41000069762025781,0.86528836523507169,6.9444445000000004,0.80373974999999998,1.6457937499999999,670.83416533333332,1.8014699999999999,194.83333333333334,13.194444500000001,136.80555550000003,1701.4146996666668
38,54,1440000,58,4,16,2,0,11575.694444500001,0.10451066008740324,0.41239526084278422,0.8592622223293126,20.833333499999998,0.34339550000000002,7.1602172499999996,543.52659175000008,1.7389240000000001,373.29166674999999,31.944444499999999,130.55555550000003,779.70493324999995
38,55,1440000,38,4,23,5,3,10761.111111,0.17480177226500221,0.41115679097930097,0.87657601561686604,9.0277777500000003,0.46974499999999997,3.6968317500000003,830.16944566666666,1.8072243333333335,211.65277766666665,35.416666750000005,130.5555555,518.12964766666664
38,56,1440000,2,0,1,0,0,719.44444450000003,0.114896,0.41766199999999998,0.87566299999999997,0,0.41676149999999995,1.0203440000000001,750.23205499999983,1.2130080000000001,0,6.25,52.08333325000001,2043.574519
38,57,1440000,33,0,5,0,1,4180.5555555000001,0.096435912956814251,0.40529282591363081,0.85796921860465336,10.416666750000001,0.38977574999999998,0.96017350000000001,490.91667600000005,1.6337055,0,7.6388889999999998,85.416666499999991,2195.420881
38,58,1440000,5,1,0,2,0,609.02777775000004,0.069920999999999997,0.30040100000000003,0.83653299999999997,0,0,0.94902675000000003,1124.6847749999999,1.153742,0,2.0833332499999999,6.9444445000000004,2359.783203
38,64,1440000,1,0,0,1,0,453.47222225000007,0.081254999999999994,0.22162100000000004,0.84532700000000016,0.69444450000000002,0.19796225000000001,0.71182574999999992,1500,0.90025599999999995,0,1.388889,2.0833332499999999,3000
38,67,1440000,2,1,1,0,0,202.77777775000001,0.10868399999999999,0.16122,0.85047099999999987,0,0,0,1500,0,0,0.69444450000000002,0,3000
38,73,1440000,1,0,0,0,0,177.08333325000001,0.041836999999999999,0.14916099999999999,0.85980900000000005,0,0,1.0668084999999998,993.024899,0,0,0,0,1315.516196
38,74,1440000,78,7,17,3,2,6695.8333332500006,0.084418738747424032,0.23646097127097257,0.85686970701130738,2.0833335000000002,0.91127900000000006,11.166554000000001,989.71269200000006,1.6659310000000001,43.541666750000005,28.472222499999994,48.611111000000001,521.11171224999998
38,75,1440000,101,8,13,2,2,5434.0277779999997,0.10600865635745596,0.31307548575051103,0.85568899476032256,2.0833335000000002,0,4.8696584999999999,1354.3796065000001,1.4003140000000001,106.125,26.38888875,21.527777749999998,909.14283050000006
38,76,1440000,3,0,0,0,0,302.08333325000001,0.064152000000000001,0.22177199999999997,0.83349800000000007,0,0,1.2357804999999999,1500,0.63651400000000002,0,1.388889,0.69444450000000002,1749.5395429999996
38,79,1440000,2,0,1,0,0,425,0.047715,0.19480352941176471,0.8711689411764707,1.388889,0.44716499999999998,1.7755652499999999,1500,1.157213,0,0.69444450000000002,19.44444425,3000
38,97,1440000,2,1,0,0,0,1004.8611109999999,0.074210999999999999,0.262623,0.81801099999999982,0,0.41775299999999999,0.76556724999999992,1500,1.7015229999999997,0,4.1666667500000001,0.69444450000000002,3000
38,101,1440000,3,0,0,0,0,1168.0555554999999,0.056621529131602163,0.23082310582462681,0.82856364566020457,2.0833332499999999,0.78825475,1.22635775,1500,1.8109875,0,1.388889,3.4722222500000002,3000
38,102,1440000,1,0,0,0,0,252.77777774999998,0.052953,0.171289,0.84499099999999983,0,0.41904100000000005,0,1500,0,0,0,0.69444450000000002,3000
38,104,1440000,2,0,1,0,0,606.94444450000003,0.053650999999999997,0.18736700000000001,0.837476,0,0.41878599999999999,0.83395575000000022,1500,1.6281940000000001,0,1.388889,1.388889,3000
38,105,1440000,1,0,0,0,0,402.08333325000001,0.075509000000000007,0.221886,0.84532800000000008,0,0.41666700000000001,0.61546025000000004,1500,1.0335620000000001,0,0,0,3000
39,20,1440000,4,0,0,0,0,774.30555550000008,0.067061582959507121,0.19384602690701475,0.86546143049270874,0,0,1.9307615,1500,0.34657350000000003,207.72222200000002,1.388889,5.5555554999999996,3000
39,21,1440000,15,3,7,4,2,9681.25,0.086226509145683472,0.25730930844287075,0.87205349142814448,4.1666667500000001,0,15.0666435,1500,1.838759,301.36136375000001,40.972222499999994,37.5,3000
39,22,1440000,1,0,0,0,0,1500,0.087619000000000002,0.20044000000000001,0.86678500000000003,0.69444450000000002,0,2.2978945,1500,1.5755330000000001,312,0.69444450000000002,3.4722222500000002,3000
39,23,1440000,3,1,2,0,0,104.16666675,0.043985000000000003,0.21769000000000002,0.87535499999999988,0,0,1.3115405,1500,0,0,0,1.388889,3000
39,27,1440000,4,1,0,0,0,1475,0.067626999999999993,0.20806999999999998,0.83897500000000003,1.388889,0.064984749999999994,1.3996375000000001,1500,1.4052120000000001,575.5,2.7777777499999998,4.1666667500000001,3000
39,28,1440000,1,0,0,0,1,483.3333332499999,0.074827999999999992,0.30907199999999996,0.8656959999999998,1.388889,0,1.36805975,1500,1.168282,348,1.388889,16.666666750000001,3000
39,32,1440000,3,2,0,0,0,1179.8611109999999,0.15512300000000001,0.30988899999999997,0.86511499999999997,0,0,1.55665725,1500,1.7519259999999999,0,13.888889000000001,3.4722222500000002,3000
39,33,1440000,1,0,2,0,0,2409.02777775,0.17530899999999999,0.28448299999999999,0.86852099999999988,0,0,0.90140224999999996,1023.5266829999999,1.6769880000000001,0,2.7777777499999998,1.388889,2989.4487630000003
39,34,1440000,37,3,7,2,8,4176.3888889999998,0.085900607084102465,0.33718736464988602,0.8546515698365259,4.1666664999999998,0.47635799999999995,3.9849625,1008.5090633333334,1.1826593333333335,0,6.25,106.24999975000001,2419.2180213333331
39,35,1440000,9,1,3,1,1,8079.1666667499994,0.084454096613297849,0.28544087742816021,0.85538705363582235,3.4722222500000002,1.3038894999999999,5.3681532499999998,1500,1.5144100000000003,31.777777666666662,8.333333249999999,109.72222224999999,2143.161881
39,36,1440000,15,1,10,1,1,3846.5277779999997,0.075916767105664848,0.28919738274400353,0.85467327207085675,5.5555557499999999,0,5.666291750000001,1500,1.2914483333333333,18,5.5555554999999996,104.16666675,2315.2909189999996
39,37,1440000,1,1,0,0,0,1079.1666667500001,0.076110999999999998,0.24080799999999999,0.86159300000000005,0.69444450000000002,0,1.29253175,1500,1.5842949999999998,0,2.7777777499999998,20.833333249999999,1410.950709
39,38,1440000,6,1,2,0,0,2463.8888889999998,0.078194,0.28494000000000003,0.85209500000000005,5.5555554999999996,0,4.1220429999999997,1500,1.734853,39,4.8611110000000002,19.444444499999999,131.743269
39,39,1440000,1,0,0,0,0,1545.8333332499997,0.071209999999999996,0.25203999999999999,0.85332700000000006,3.4722222500000002,0,1.59714825,1500,1.350657,0,2.7777777499999998,20.833333249999999,496.36476500000003
39,42,1440000,2,0,0,0,1,241.66666674999999,0.079967999999999997,0.38561799999999996,0.88044299999999998,0,0.20391074999999997,0.39736975000000002,594.76759200000004,1.2202819999999999,0,5.5555554999999996,6.25,3000
39,43,1440000,2,1,0,0,1,2450.6944444999999,0.086252999999999982,0.29439099999999996,0.85767099999999996,2.0833332499999999,0.13512225,3.3355219999999997,1111.2623329999999,1.9243720000000002,89,12.5,11.111110999999999,3000
39,44,1440000,9,1,4,0,1,4435.4166667500003,0.10759602238900354,0.29526122295336638,0.87631059198369521,9.7222222499999997,0.814025,2.5011895000000006,1443.1745785000001,1.6297439999999999,39.75,26.38888875,18.75,2519.1523434999999
39,46,1440000,10,1,3,0,2,6296.5277777500005,0.10027426447607955,0.32890830583605979,0.86276427065182415,11.805555500000001,0,4.9146859999999997,683.97169399999996,1.6526316666666669,0,27.083333249999995,12.5,2639.7165713333334
39,49,1440000,31,3,16,0,7,12650.694444749999,0.15207317478145391,0.4412986110219711,0.86497862293477645,9.7222222500000015,1.02931825,5.4536959999999999,446.85655374999999,1.530284,170.1875,50.694444499999996,161.80555575,391.13665400000002
39,50,1440000,159,8,33,2,10,46425.694444250003,0.13679579849817203,0.47922852916093822,0.86134497908845187,45.833333000000003,0.70365199999999994,8.3752019999999998,535.83514975000003,1.68191,379.86785725000004,84.027777499999999,239.58333350000001,527.80584150000004
39,51,1440000,160,6,27,9,9,39953.472222249999,0.11084429563908507,0.43907790511515238,0.86705400903827246,44.444444499999996,0.30609800000000004,6.4957712499999998,1025.3731002500001,1.835216,179.57788449999998,70.138888999999992,126.38888899999999,556.95723325000006
39,52,1440000,31,3,1,8,10,2034.72222225,0.13678119692859639,0.39610383686146383,0.88309420068241573,2.0833335000000002,1.2727105000000001,1.5013905000000003,1024.6499509999999,1.3676809999999999,860.14285699999994,20.833333500000002,72.916666499999991,761.07411166666668
39,53,1440000,1,0,1,0,0,1417.3611109999999,0.12477000000000001,0.35922700000000002,0.85182999999999998,1.388889,0.054554749999999999,0,792.12907300000006,1.8923160000000001,0,4.8611110000000002,13.888889000000001,1694.590391
39,54,1440000,29,2,8,0,1,9836.8055554999992,0.12073211662504364,0.4220352897988463,0.86468158588086252,9.0277779999999996,1.04059075,0.71232525000000002,1226.6573373333333,1.8003753333333332,242.66666666666666,15.27777775,50.694444499999996,1397.067749
39,55,1440000,11,0,5,3,1,1071.52777775,0.093924398573564868,0.39437842903377351,0.89408622877514254,2.0833335000000002,0.61434749999999994,2.02390925,1401.6036260000001,1.4472095,459.95714300000003,15.97222225,140.27777775000001,1167.4083589999998
39,56,1440000,1,0,0,0,0,267.36111099999999,0.095334000000000002,0.33533099999999999,0.88397300000000001,0,0.12616824999999998,1.9738279999999999,1500,0,0,7.6388889999999998,29.166666749999997,2140.7518049999999
39,57,1440000,12,0,6,0,1,9333.3333334999988,0.10597020922619564,0.40281110193474207,0.85577362090779996,6.9444447500000006,0.83742749999999988,0.62790075000000001,869.62709700000005,1.5230537499999999,195.75,15.27777775,86.111111000000008,1132.7331144999998
39,58,1440000,11,0,4,0,0,2427.77777775,0.096385971395110001,0.30921499199208896,0.83287960354661217,3.4722222500000002,0.68326775000000006,0.491786,1500,1.7457750000000001,0,9.7222222499999997,18.75,785.94867149999982
39,59,1440000,2,0,0,1,0,325,0.066785999999999998,0.25692300000000001,0.86810300000000018,0,0.17440375,0.82337075000000004,1500,1.0397209999999999,0,1.388889,6.25,1516.5817960000002
39,61,1440000,4,0,0,0,0,59.027777750000006,0.18647082351128744,0.39028923540258542,0.90833535292027412,0,0.07585349999999999,1.8809262499999999,1500,0,0,1.388889,1.388889,3000
39,63,1440000,2,0,1,0,0,137.5,0.051987999999999999,0.25900600000000001,0.8759389999999998,0,0.43623725000000002,0,1500,0,0,0,2.0833332499999999,3000
39,65,1440000,1,1,0,0,0,220.83333325000001,0.051128,0.23644200000000001,0.88231799999999994,0,0,0.79441100000000009,1500,0,0,0,2.7777777499999998,3000
39,67,1440000,1,0,0,0,0,184.02777775000001,0.059426,0.24912600000000001,0.85582099999999994,0,0.46000074999999996,0.3611895,1500,0.63651400000000002,0,2.7777777499999998,0.69444450000000002,3000
39,70,1440000,10,0,1,1,1,1488.1944442500003,0.06311389220723114,0.20937674708220255,0.86127554083030233,1.388889,0.67699600000000004,2.8712370000000003,1500,1.3628035000000001,0,2.7777777499999998,31.944444499999999,3000
39,71,1440000,1,0,0,0,0,224.30555550000003,0.056861000000000002,0.22039699999999995,0.85261600000000015,0,0,0.21426325000000002,1500,0,0,0,0,3000
39,73,1440000,11,3,4,0,0,545.13888874999998,0.04780309809001311,0.18590518853257651,0.85536109426600493,0.69444450000000002,0,2.8410527499999998,1500,0.86131449999999987,0,2.7777780000000001,2.7777777499999998,1728.5232884999998
39,74,1440000,4,0,3,0,0,641.66666674999999,0.048929519478997471,0.17755963421319329,0.86157507900597796,0,0.0073622499999999999,2.5783485000000002,1500,0.31269233333333335,0,0,8.3333335000000002,1130.8810399999998
39,75,1440000,15,1,8,0,0,2461.8055557499997,0.083119926093288596,0.22293872214237556,0.856576350070685,5.5555557499999999,0.32234849999999998,5.07672875,1500,1.2706503333333332,0,8.333333249999999,50,1463.958065
39,76,1440000,1,0,0,0,0,731.25,0.063895000000000007,0.15631300000000001,0.84107600000000005,0,0,0.82802149999999997,1500,0.63651400000000002,0,0,2.7777777499999998,1929.7082989999999
39,78,1440000,4,0,1,0,1,2568.75,0.093103727493699856,0.24159391916638889,0.84035854393171217,4.1666667500000001,0.08859199999999999,4.1535932499999992,1500,1.4081685000000002,55,8.3333332500000008,16.666666499999998,3000
39,79,1440000,1,0,0,0,0,1915.27777775,0.084836999999999996,0.19572999999999999,0.84645800000000004,1.388889,0.3330225,1.6829689999999999,1500,1.9522259999999996,32,4.8611110000000002,12.5,3000
39,93,1440000,1,0,0,0,0,359.72222225000002,0.091194999999999998,0.242312,0.85010200000000002,0,0,1.7248107500000001,1500,0.63651400000000002,0,0.69444450000000002,0,3000
39,96,1440000,4,0,2,0,0,1534.02777775,0.077295000000000003,0.27055799999999997,0.83676000000000006,1.388889,0.45603675000000005,3.8518750000000002,1500,1.6992590000000001,373,2.0833332499999999,4.8611110000000002,3000
39,97,1440000,3,0,1,1,0,1068.75,0.077182000000000001,0.265787,0.84922699999999995,0,0.24143574999999998,0.90652824999999992,1500,1.9723269999999999,0,4.1666667500000001,1.388889,3000
40,18,1440000,5,0,0,0,2,247.91666674999999,0.103725,0.18836,0.84051100000000001,0,0,2.379051,1500,0,0,0,0,3000
40,20,1440000,1,0,0,0,0,291.66666674999999,0.032787999999999998,0.17092299999999999,0.84229799999999999,0,0,1.4799247499999997,1500,0,0,0,2.0833332499999999,3000
40,22,1440000,1,0,0,0,0,402.08333325000001,0.085732000000000003,0.20136500000000002,0.87998700000000007,0,0,0.78548825,1500,1.1437079999999999,0,0.69444450000000002,4.8611110000000002,3000
40,24,1440000,1,5,0,0,0,111.11111100000001,0.091725000000000001,0.18584999999999999,0.83447299999999991,0,0.45855074999999995,0.86314400000000002,1500,0,0,0,0.69444450000000002,3000
40,27,1440000,1,0,0,0,0,443.75,0.060861999999999999,0.23397399999999999,0.83125899999999997,0,0,0.46003249999999996,1500,1.6663330000000001,0,3.4722222500000002,6.9444445000000004,3000
40,32,1440000,2,0,0,0,0,1713.8888890000003,0.12345100000000001,0.28892600000000002,0.8712479999999998,2.7777777499999998,0,1.5216834999999997,1500,1.466907,0,3.4722222500000002,6.25,3000
40,34,1440000,3,0,0,2,0,1093.75,0.096386123812287075,0.40548984824464546,0.87129234348893625,6.25,0.85164675000000001,3.1050927499999998,1371.8608956666667,1.4749126666666665,0,4.1666667500000001,126.38888875000001,1645.532125
40,35,1440000,54,9,11,3,2,10675,0.08577417740035885,0.3182953546057134,0.85317146304964953,11.805555499999999,1.2429104999999998,8.6591062499999989,1500,1.7818012500000002,67.041666750000005,30.555555499999997,228.47222225000002,1088.2550135000001
40,36,1440000,22,1,1,2,0,5574.9999997499999,0.080823867837189145,0.27350184329833244,0.85569659840553547,4.8611112500000004,0.36245275000000005,4.9292090000000002,1500,1.5561913333333335,27.75,6.25,129.16666650000002,1310.599612
40,37,1440000,7,1,0,0,1,2151.3888890000003,0.060113521949693979,0.28250507101426259,0.85051182892186872,6.25,0,4.6899572500000009,1500,1.3402605000000001,0,4.1666667500000001,65.972222249999987,1917.4482604999998
40,38,1440000,2,0,1,0,0,928.47222224999996,0.054608729244140015,0.23910707030328202,0.84938600972166645,0,0,2.4436252499999997,1474.9864049999999,1.4302710000000001,0,4.1666667500000001,40.277777749999998,1070.2166850000001
40,39,1440000,3,0,2,0,0,1089.5833332499999,0.10004000000000002,0.28756199999999998,0.85340799999999994,1.388889,0,2.5434904999999999,1500,1.2440169999999999,0,2.7777777499999998,66.666666750000005,833.61200999999994
40,46,1440000,6,0,3,0,0,4908.3333332499997,0.080886112903325286,0.30477879244419093,0.84063969354866841,2.7777777499999998,0,2.9957587500000002,304.79492099999999,1.7889785,44.5,20.833333249999999,14.583333500000002,3000
40,47,1440000,8,0,2,1,1,4223.6111112499993,0.097586297599501673,0.34611258204652201,0.8480873367319901,6.25,0,3.4715465000000001,871.95740749999993,1.762011,44,31.25,23.61111125,2714.8541850000006
40,48,1440000,10,0,2,2,0,3523.6111110000002,0.10371105380377048,0.36391701340445981,0.87783723255690438,5.5555557499999999,0.65871075000000001,0.44904425000000009,703.47470999999996,1.0777216666666667,44.083333333333336,4.1666667500000001,59.722222000000002,1616.9930673333331
40,49,1440000,27,1,6,4,3,9816.6666667499994,0.11559307456122346,0.41663327808466094,0.85753109451014353,11.11111125,0.90756824999999985,2.7733154999999998,731.11864199999991,1.1317729999999999,238.125,9.7222222499999997,153.47222199999999,1189.64489925
40,50,1440000,75,9,17,4,1,16766.666666750003,0.14351156113351021,0.44147554912194326,0.85103635644474462,25.694444499999999,0.8279645000000001,2.3024009999999997,773.08011299999998,1.572524,373.27248666666662,52.083333249999995,271.52777775000004,783.83972566666671
40,51,1440000,299,21,30,41,10,17517.36111125,0.10351595829543474,0.41814658616487832,0.86093168602581649,30.555555500000001,1.0177455,4.2879907500000005,1365.0624579999999,1.8187745,744.56944425000006,36.805555500000004,349.86111124999996,431.43122025000008
40,52,1440000,54,5,9,4,3,3662.4999997500004,0.1114863191128848,0.42843545032158037,0.86764294273653664,6.9444445000000004,0.61054050000000004,6.0688734999999996,1500,1.1913689999999999,71.5,35.416666750000005,90.972222500000001,1203.815382
40,53,1440000,13,7,3,1,0,3784.72222225,0.22635495045865198,0.41275430275240721,0.85136404954092937,3.4722222500000002,0,3.0441247500000004,1500,1.5559915000000002,0,12.5,7.6388889999999998,2049.2169804999999
40,54,1440000,18,0,14,1,4,5665.2777775000004,0.096991144397624379,0.31060770703512064,0.86400358249555409,3.4722222500000002,0.71511750000000007,1.6827779999999999,616.36459033333324,1.4937166666666666,48.333333333333336,20.13888875,286.66666650000002,2270.1974410000003
40,55,1440000,3,0,0,0,0,1355.5555555000001,0.12014900000000001,0.32834000000000002,0.86193500000000001,2.0833332499999999,0.38273600000000008,1.0795447499999999,299.70240099999995,1.5634729999999997,0,2.7777777499999998,109.72222224999999,1967.0866350000001
40,56,1440000,10,1,4,0,0,2564.5833334999998,0.16549240698784978,0.32810933143800902,0.87347188004351961,3.4722222500000002,0.41704599999999997,1.94732675,973.25154050000015,0.96245200000000009,63.600000000000001,11.111110999999999,18.05555575,1880.157798
40,57,1440000,19,1,3,0,0,9349.9999999999982,0.11407744295903882,0.33568358957206912,0.83694898997318901,6.25,0.86208024999999999,5.7759282500000007,623.44945499999994,1.4557876666666669,15.333333333333334,20.138888999999999,43.75,775.88119699999993
40,58,1440000,11,1,7,0,0,2375,0.14826400000000001,0.35667600000000005,0.855518,0,0.30919074999999996,1.228694,1487.9558999999999,2.0448409999999999,90,9.0277777500000003,14.583333249999999,219.04203199999998
40,67,1440000,3,1,0,0,0,272.22222225000002,0.10930400000000001,0.28136899999999998,0.87007199999999985,0,0.48296999999999995,0.38185324999999998,1500,1.5229549999999998,0,3.4722222500000002,4.8611110000000002,3000
40,70,1440000,1,0,0,0,0,227.08333325000001,0.087977,0.23771900000000001,0.85014999999999996,0,0,0.27090575,1500,0,0,0,4.1666667500000001,3000
40,72,1440000,4,0,0,0,0,557.63888899999995,0.064166000000000001,0.163634,0.85958600000000007,0,0,1.4327305000000001,1500,0.94334799999999996,0,0.69444450000000002,6.9444445000000004,3000
40,75,1440000,9,0,2,0,0,2127.77777775,0.072693335835687919,0.23883497323852348,0.87026733322450378,6.9444445000000004,0.87816649999999996,6.784880499999999,1500,1.5772119999999998,0,5.5555554999999996,48.611111000000001,2412.5613145000002
40,76,1440000,3,0,2,0,0,742.36111125000002,0.074058680074683469,0.14615125350803118,0.84866409728732928,0,0,3.07524525,1464.454035,0.31825700000000001,0,3.4722222500000002,1.388889,3000
41,22,1440000,1,0,0,0,0,394.44444449999997,0.069439000000000001,0.18954599999999999,0.85780000000000001,1.388889,0,1.1505937500000001,1500,1.1939420000000001,0,0,16.666666750000001,3000
41,23,1440000,1,0,0,0,0,152.77777775000001,0.038837000000000003,0.09311599999999999,0.87357499999999999,0,0,0.87083050000000006,1500,0,0,0.69444450000000002,0.69444450000000002,3000
41,25,1440000,1,0,0,1,0,238.88888900000001,0.057783999999999995,0.15396400000000002,0.85731200000000007,0.69444450000000002,0,2.0859035000000001,1500,1.4750760000000001,0,0,4.1666667500000001,1642.7460379999998
41,27,1440000,1,0,0,0,0,76.388889000000006,0.045047000000000004,0.13344200000000001,0.82256499999999999,0,0,0.082813999999999999,1500,0,0,0,0,3000
41,28,1440000,2,0,0,0,0,190.27777775000001,0.093116999999999991,0.21608899999999998,0.8319979999999999,0,0,1.2595575000000001,1500,1.0986120000000001,0,0,0,3000
41,29,1440000,13,0,1,0,2,1729.1666667499999,0.08078031284995292,0.22538252128558364,0.84801496465672421,1.388889,0.1446585,4.8159844999999999,1500,0.96539275000000002,0,3.4722225000000004,39.583332999999996,3000
41,30,1440000,2,0,0,0,0,115.27777775000001,0.052400000000000002,0.23875399999999997,0.87428300000000014,0,0.27458575000000002,0.84098075000000005,1500,1.220607,0,0,0,3000
41,34,1440000,13,0,1,2,0,475.69444450000003,0.15563399999999999,0.35250900000000002,0.86647000000000007,0.69444450000000002,0.0015679999999999999,0.51243000000000005,609.58768499999996,1.8065069999999996,57,2.7777777499999998,28.472222249999998,1728.8093699999997
41,35,1440000,46,7,15,3,4,18322.222222499997,0.093114845550378994,0.34320357826742565,0.85294994117643563,11.111110999999999,0.84078149999999996,12.08005425,1476.83228325,1.9926932500000001,116.698387,71.527777749999998,123.61111100000001,357.86532099999999
41,36,1440000,10,2,3,0,1,6910.4166665000002,0.077123587076676089,0.29192611335544261,0.85439855994372249,4.8611110000000002,0,4.4191582500000006,1500,1.7806605,29.25,4.8611110000000002,46.527777749999998,739.0182135
41,38,1440000,2,0,1,0,0,1957.6388889999998,0.078346216743320429,0.25502422845066497,0.85201420468189981,1.388889,0,3.1735399999999996,560.55221099999994,0.82581050000000011,0,1.388889,37.5,2288.4463405000001
41,43,1440000,2,1,0,0,0,2251.3888889999998,0.091662999999999981,0.25339,0.84521299999999988,0,0.19554574999999999,0,1500,0,0,6.25,4.1666667500000001,3000
41,48,1440000,16,1,5,1,2,13274.305555499999,0.11589391655763284,0.38745568673822972,0.86360381496206384,12.5,0.45993649999999997,2.8029692499999999,676.84728849999999,1.8830009999999999,81.9375,26.38888875,77.777777749999984,1189.9578715
41,49,1440000,98,3,6,4,1,22923.611111249997,0.11964354422885475,0.35909781557072695,0.85689625519537205,22.916666750000001,0.95367424999999995,4.8198970000000001,619.70937474999994,1.7327932499999998,74.40625,33.333333249999995,120.83333325,922.05938349999985
41,50,1440000,42,5,4,2,1,10468.055555749999,0.09394267394179473,0.33803823119301446,0.84349813088794579,13.194444499999999,1.2261167500000001,1.24307425,1371.7942420000002,1.5999043333333334,31.904762000000002,13.194444500000001,40.972221999999995,1352.7878046666667
41,51,1440000,12,1,2,0,0,718.05555550000008,0.10041378336407494,0.373061043515032,0.86373500677161175,8.333333249999999,0,3.4536332500000007,1419.1299375000001,1.4469129999999999,59.75,4.1666667500000001,34.722222250000002,1328.878432
41,52,1440000,31,4,8,4,2,7166.6666665000002,0.087232997093358466,0.38660429283034486,0.84876173333346416,19.444444499999999,0.54065374999999993,2.8974660000000001,1439.8246153333332,1.7161500000000001,498,9.0277779999999996,38.194444499999996,1918.1265129999999
41,53,1440000,2,0,0,0,0,888.19444450000015,0.060710523059329377,0.32384120640287339,0.87212831821666548,2.0833335000000002,0.64827175000000004,1.8279945,1500,0.51986049999999995,0,5.5555554999999996,23.611111000000001,2486.8785305000001
41,54,1440000,11,0,3,0,0,1113.8888887500002,0.14707704489037191,0.4170353884075278,0.87689606608399207,3.4722222500000002,0.38681674999999999,1.0765452499999999,857.79466566666667,1.4698690000000001,0,11.111111249999999,173.61111124999999,1408.0025050000002
41,55,1440000,15,2,5,3,3,785.41666674999988,0.13486600000000001,0.50310299999999997,0.88241599999999998,1.388889,0.21721075000000004,1.2913397499999999,756.69845100000009,1.662377,100.09523799999999,12.5,178.47222224999999,1373.7991039999999
41,56,1440000,3,1,3,0,0,2360.4166664999998,0.12778934539580047,0.38988871521034291,0.86943467343320313,0,0.11077374999999999,4.8303902499999998,968.45388749999995,1.6720060000000001,77.333333499999995,20.138888999999999,72.916666500000005,1691.0408174999998
41,57,1440000,31,2,5,0,0,7861.8055555000001,0.11838520280888037,0.36353079436503744,0.83790866557745447,6.9444445000000004,0.57676099999999986,4.9377702499999998,828.43388266666659,1.8146276666666665,36.333333333333336,15.277777749999998,27.777777750000002,1665.7757116666667
41,60,1440000,1,0,0,0,0,50,0.034722000000000003,0.16930799999999999,0.81969199999999998,0,0,0.67245575000000002,1500,0,0,0,0,3000
41,63,1440000,7,0,0,0,0,104.16666675,0.057905999999999992,0.25976300000000002,0.80727599999999999,0,0.44330600000000003,0,1500,0,0,2.7777777499999998,2.0833332499999999,3000
41,65,1440000,1,1,0,0,0,63.888888999999999,0.060860999999999998,0.31487399999999999,0.90260899999999999,0,0,1.0240830000000001,1500,0,0,0,0,3000
41,67,1440000,2,0,1,0,0,27.777777750000002,0.048438000000000002,0.16796700000000001,0.89808700000000019,0,0,0,1500,0,0,0,0,3000
41,70,1440000,11,1,2,0,1,486.11111099999994,0.066507308573086718,0.21251999856952458,0.87739918000079831,0,0.15799050000000001,0.76772800000000008,1500,0.60650400000000004,0,0,25,3000
41,73,1440000,16,3,4,0,0,329.16666674999999,0.039456622362137317,0.27051872154895679,0.88354341773322953,0,0,1.2662272500000002,1500,0.41849400000000003,0,6.25,0,3000
41,74,1440000,2,0,1,0,0,121.52777775000001,0.090137999999999996,0.22983699999999999,0.95285200000000003,0,0,0.66963450000000002,1500,1.56071,0,2.0833332499999999,0,3000
41,75,1440000,32,0,6,0,1,841.66666674999988,0.073763905940742197,0.28691453217831686,0.87071468069232827,1.388889,0.025837499999999999,1.668245,1227.4989785,1.6696574999999998,0,7.6388887500000004,4.8611112500000004,3000
41,76,1440000,2,0,1,0,0,635.41666674999999,0.088417999999999997,0.18287699999999998,0.86314299999999999,0,0.16934749999999998,0.89397175000000006,255.37627200000006,1.194453,0,0,4.1666667500000001,3000
41,79,1440000,2,0,1,0,0,100.69444449999999,0.043864,0.19417599999999999,0.86670599999999998,0,0.42277075000000003,0,1500,0,0,0,2.0833332499999999,3000
41,94,1440000,1,0,0,0,0,168.0555555,0.064225000000000004,0.22035500000000002,0.82012099999999988,0.69444450000000002,0.067801750000000008,1.440482,1500,1.6560480000000002,0,0,3.4722222500000002,3000
42,24,1440000,1,0,1,0,0,299.30555550000003,0.091655999999999987,0.183975,0.839951,0,0.14559025,0,1500,0.86756299999999997,1717,2.0833332499999999,1.388889,1218.2058509999999
42,25,1440000,1,0,0,0,0,537.5,0.075120000000000006,0.22556000000000001,0.86404400000000003,4.8611110000000002,0.49161699999999997,1.0069379999999999,1500,1.004076,0,2.0833332499999999,17.361110999999998,663.75209100000006
42,27,1440000,3,0,0,1,0,458.3333332499999,0.061947000000000002,0.27227899999999999,0.85713500000000009,0.69444450000000002,0,1.2886605,1500,1.0397209999999999,0,0,23.611110999999998,2188.8919019999998
42,29,1440000,10,0,0,0,0,2695.8333332500001,0.073564360123646269,0.20470300875834052,0.84445481555898627,6.25,0.45021124999999995,1.4682567499999999,1500,1.2192290000000001,64.5,8.333333249999999,15.97222225,3000
42,33,1440000,2,0,1,0,0,1219.4444444999999,0.075518989749385035,0.32922299202754418,0.83758591913411762,2.7777777499999998,0,3.1361015000000001,956.89852300000007,1.7087225000000004,0,0.69444450000000002,54.166666750000005,2566.394233
42,34,1440000,7,1,0,0,1,1777.7777780000001,0.073869179688048722,0.33069961718410562,0.85763768359461567,1.388889,0.49751349999999994,3.5332192499999993,667.67469249999999,1.5780635000000001,46.5,1.388889,85.416666750000005,1556.9386030000001
42,35,1440000,12,3,6,0,0,8360.4166664999993,0.085478892183479011,0.29792385314304609,0.84716141523348254,10.416666750000001,0.45245499999999994,10.136223000000001,1364.7277303333333,1.8936233333333334,63.166666666666664,9.0277777500000003,71.527777750000013,695.16631200000006
42,36,1440000,4,1,0,1,0,1756.25,0.076071,0.27609400000000001,0.85680599999999996,0.69444450000000002,0,2.1686434999999999,1500,1.4861180000000001,0,1.388889,57.638888999999999,856.52727200000004
42,37,1440000,2,1,0,0,0,30.555555500000001,0.064399999999999999,0.40955900000000001,0.86335499999999987,0,0,0.69237199999999999,1450.6490739999999,0,0,0.69444450000000002,0.69444450000000002,2198.1565019999998
42,39,1440000,3,2,0,0,0,2376.3888887499998,0.075614300992136077,0.26627813734667588,0.84959682232758971,3.4722222500000002,0.57019025000000001,5.0910627499999999,1451.4177063333332,1.3802289999999999,0,1.388889,14.583333250000003,3000
42,43,1440000,22,3,10,1,1,7959.7222220000003,0.088490279357969923,0.28964140010523964,0.85953548298736637,7.6388889999999998,0.91476250000000003,8.4806017499999999,1500,1.7735189999999998,34.375,19.444444499999999,51.388888999999999,3000
42,44,1440000,1,0,0,0,0,1172.9166667500001,0.079150999999999999,0.28023999999999999,0.85305400000000009,1.388889,0,1.5971012500000001,1500,1.2926950000000001,0,1.388889,7.6388889999999998,3000
42,48,1440000,50,4,12,8,1,11353.472222000002,0.12712804397835481,0.39791255238855178,0.86776704648605674,22.916666750000001,0,4.1821397500000002,435.30454000000003,1.6564359999999998,81.727777666666668,43.055555750000003,79.166666500000005,1118.047266
42,49,1440000,137,16,23,7,12,31895.138888999998,0.11904611611406923,0.3882949176120713,0.85725841662132818,29.861111000000001,1.0179325000000001,4.1971175000000001,473.27506774999995,1.9690002499999999,129.53892525000001,165.27777774999998,85.416666499999991,508.10643600000003
42,50,1440000,12,1,2,0,0,7739.5833332499997,0.13044983867267554,0.36889597604348301,0.85309133432030404,5.5555554999999996,0.57330524999999999,0,1005.6634409999999,1.5537920000000001,31,16.666666750000001,26.388889000000002,1097.7702079999999
42,52,1440000,20,0,4,2,0,6327.7777777500005,0.084044285557605278,0.35006975032867493,0.83250831639587131,12.5,0.91009575000000009,2.1979614999999999,747.41668700000002,1.6340969999999999,57.5,5.5555557499999999,31.944444499999999,2857.3917989999995
42,53,1440000,12,0,2,0,0,4785.4166665000002,0.096574147148010242,0.32756301581768854,0.85534691786417349,4.1666667500000001,0.90588049999999998,2.1502242499999999,958.65483633333338,1.1236280000000001,0,5.5555554999999996,74.305555749999996,2067.0245530000002
42,54,1440000,6,0,2,0,0,974.99999999999989,0.09063331908597641,0.37411483547542751,0.86307318874658845,2.0833335000000002,0.41612125,1.8675962500000001,806.19732866666664,1.6381469999999998,0,13.888889000000001,159.02777775000001,1089.6524483333333
42,55,1440000,2,0,0,0,1,352.77777774999998,0.18268199999999998,0.53340200000000004,0.87387099999999995,0.69444450000000002,0.49182749999999997,1.5688522499999997,694.44141000000002,1.9134799999999998,0,13.194444500000001,84.027777749999998,312.21328099999999
42,56,1440000,2,0,2,0,0,2539.5833332500001,0.22650599999999999,0.362398,0.8756879999999998,1.388889,0.15428900000000001,0.8858474999999999,350.73580600000003,2.0024220000000001,50,18.75,5.5555554999999996,966.86583599999994
42,57,1440000,12,2,3,0,0,6054.1666667500003,0.12370041247989205,0.33173741706787946,0.83452276646023016,0.69444450000000002,0.83226624999999999,0.58440874999999992,1183.3276914999999,0.85342299999999993,0,12.5,4.1666667500000001,2475.6649864999999
42,63,1440000,33,4,1,0,0,418.75,0.066485000000000002,0.223771,0.85690400000000011,2.7777777499999998,0.43526499999999996,0,1500,1.6736880000000001,0,4.1666667500000001,2.0833332499999999,3000
42,64,1440000,2,0,0,0,0,282.63888899999995,0.045093673217175369,0.12509851106157938,0.86081639311527469,0.69444450000000002,0,0,1500,1.6724129999999999,0,0.69444450000000002,2.0833335000000002,3000
42,65,1440000,2,1,0,0,0,93.055555500000011,0.03295,0.298317,0.88431499999999996,0,0,0.13187000000000001,1500,0,0,0.69444450000000002,0,3000
42,69,1440000,1,1,0,0,0,95.138888999999992,0.101438,0.192215,0.88373099999999993,0,0,1.202,1500,0,0,0,0,3000
42,76,1440000,2,0,0,0,0,194.44444449999997,0.09364299999999999,0.40176100000000003,0.89973400000000003,0,0.48722725,0.79430125000000007,815.506843,0.63651400000000002,0,0,9.0277777500000003,3000
42,77,1440000,14,2,5,0,0,1327.7777777499998,0.064630494246951178,0.21575130334297388,0.86657631432903515,0.69444450000000002,0.65961524999999999,4.2440007499999997,1055.1328413333333,1.2225156666666666,0,9.7222222499999997,18.750000249999999,3000
42,78,1440000,4,0,1,0,0,766.66666674999988,0.062461000000000003,0.16728699999999999,0.85884300000000002,0,0,2.25700675,775.87842000000001,0.69314700000000007,0,3.4722222500000002,0.69444450000000002,3000
42,79,1440000,8,1,2,0,1,1469.4444444999999,0.058365,0.17872299999999999,0.82684099999999994,0.69444450000000002,0,1.14861375,1500,1.7140880000000001,0,2.0833332499999999,2.0833332499999999,3000
42,80,1440000,1,0,0,0,0,134.72222224999999,0.046292,0.35219800000000001,0.80613900000000016,0,0,0.76745450000000004,1500,0,0,1.388889,0,3000
43,23,1440000,1,0,0,0,0,236.11111099999999,0.046189999999999995,0.17257800000000001,0.81522300000000003,0,0.23915549999999999,1.07554825,1500,0.63651400000000002,0,0,2.0833332499999999,3000
43,24,1440000,1,0,1,0,0,357.63888900000001,0.086698999999999998,0.23521300000000001,0.87979799999999997,0,0.073458250000000003,2.715023,1500,0.735622,0,0.69444450000000002,4.1666667500000001,1197.9155410000001
43,25,1440000,4,0,2,0,1,3175,0.077781547244094487,0.23024695866141731,0.85108571456692916,1.388889,0,4.2731674999999996,1500,1.6600545000000002,62.5,6.9444445000000004,9.0277777500000003,418.29037049999999
43,26,1440000,6,5,1,0,0,1093.75,0.088367999999999974,0.24059899999999995,0.84175199999999994,0,0,2.0032375,1500,1.8427419999999999,0,11.111110999999999,2.0833332499999999,534.80098299999997
43,27,1440000,1,0,0,0,0,243.75,0.101253,0.20916299999999999,0.85019699999999998,0,0,1.6187932500000002,1500,0,0,0,7.6388889999999998,2066.5398489999998
43,28,1440000,8,0,2,0,0,5688.8888889999998,0.078308610839796108,0.21518155126939167,0.84997040234390053,4.1666667500000001,0,2.8667730000000002,1500,1.7587250000000001,120,15.97222225,14.583333249999999,3000
43,29,1440000,64,1,5,5,7,9519.4444445000008,0.098432728698576361,0.27447605901547661,0.85445274751967837,4.8611110000000002,0.75663924999999999,5.8767527500000005,1500,1.705225,988.16666666666663,37.5,43.75,3000
43,33,1440000,2,1,0,0,0,925,0.063851420420262706,0.27728114715212598,0.85296119519420055,0,0,1.6418005000000002,1284.6528549999998,1.3825709999999998,0,3.4722222500000002,7.6388889999999998,1805.1157229999999
43,34,1440000,1,0,0,0,0,571.52777775000004,0.071039000000000005,0.29574299999999998,0.86226900000000006,1.388889,0.34300575,1.7524882500000001,282.42330099999998,1.2130080000000001,0,0.69444450000000002,8.3333332500000008,1974.9061690000001
43,35,1440000,8,0,0,0,0,5895.8333332499997,0.081501203533626526,0.31407468904598435,0.85891700376917623,3.4722222500000002,0.73341425000000005,4.0880872500000001,500.84918699999997,1.7737890000000001,16.5,13.888888750000001,60.416666750000005,1821.1179774999998
43,39,1440000,7,0,4,0,0,3994.4444444999999,0.078784735569832259,0.2984870688441385,0.84889033327513241,4.1666664999999998,1.0084264999999999,5.8656239999999995,1500,1.7233186666666669,0,7.6388889999999998,38.19444450000001,3000
43,42,1440000,2,0,1,0,0,698.61111100000005,0.091914999999999997,0.32023200000000002,0.84301100000000007,0.69444450000000002,0.025835750000000001,0.41592449999999992,1500,1.6698130000000002,0,2.7777777499999998,17.361110999999998,3000
43,43,1440000,4,0,1,0,0,2184.7222219999999,0.064751933249454538,0.30825675079770165,0.86944588747573004,0.69444450000000002,0.53393975000000005,0.98625050000000003,1500,1.8695035,0,2.7777777499999998,24.305555500000001,3000
43,44,1440000,3,1,2,0,0,243.75,0.082702999999999999,0.23077199999999995,0.90299500000000021,0.69444450000000002,0,2.6605675,1500,0.63651400000000002,0,10.416666749999999,3.4722222500000002,3000
43,48,1440000,4,1,2,0,1,3995.8333332500001,0.15432905926266877,0.42466136009646965,0.85789902485232472,8.333333249999999,0.15370624999999999,4.0314959999999997,750.10100550000004,1.3770145,39.5,3.4722222500000002,55.555555500000004,1936.0637700000002
43,49,1440000,119,7,27,3,4,30445.138889000002,0.14007929091488858,0.39117501633169044,0.8554092627905463,20.833333249999999,1.0557029999999998,6.5997617499999999,393.99179800000002,1.9402450000000002,97.110073249999999,75.694444250000004,61.111110749999995,1573.54998125
43,50,1440000,1,0,2,0,0,1818.75,0.117933,0.344578,0.86982999999999977,0.69444450000000002,0.23044049999999999,1.6664584999999998,789.3796779999999,1.6313450000000003,0,1.388889,1.388889,1595.5953689999997
43,51,1440000,2,0,1,0,0,3051.3888889999998,0.078585000000000002,0.311639,0.84717999999999993,8.3333332500000008,0,0.54798449999999999,1068.9876160000001,1.2312689999999999,0,0.69444450000000002,9.0277777500000003,2528.9496140000001
43,52,1440000,12,1,2,0,0,6378.4722222499995,0.079830815351198028,0.32601036047914778,0.83041502819815105,7.6388887500000004,0.068772749999999994,1.7728472500000001,749.67072200000007,1.6352994999999999,31.166666499999998,4.8611112500000004,20.833333249999999,3000
43,53,1440000,31,1,1,0,1,4929.1666665000012,0.085367748098275423,0.31776158114992625,0.85146592814824729,9.7222222499999997,0.52805574999999993,0.52146100000000006,313.60296700000004,1.6578334999999997,42.75,5.5555554999999996,44.444444499999996,2310.2103675000003
43,54,1440000,6,0,1,1,0,2949.3055555000001,0.092051632212166348,0.2723541725928863,0.86600932258048924,1.388889,0.36363624999999999,0.4004315,520.29889600000001,1.0675450000000002,0,4.8611112500000004,57.63888875,1100.4383545000001
43,55,1440000,27,2,12,9,8,4703.4722220000003,0.13934335744881027,0.36948237058924227,0.86397359087560632,3.4722222500000002,0.79453750000000001,0.37264899999999995,319.02603699999997,1.8381155000000002,41.899999999999999,45.138888999999992,65.277777750000013,313.74498649999998
43,63,1440000,18,3,0,0,0,875.69444450000015,0.063790437747531015,0.16546655749368466,0.85726001268787189,0,0.33314925000000001,1.83984725,1500,1.221454,0,0.69444450000000002,10.416666500000002,3000
43,64,1440000,31,4,3,0,0,345.83333325000001,0.062997036156402661,0.18918040963203336,0.86440877910361025,0,0.71287300000000009,1.83885875,1500,0.68964599999999998,0,1.388889,6.25,3000
43,68,1440000,1,1,0,0,0,293.05555550000003,0.068051,0.21430399999999999,0.85801499999999997,0,0.12685775000000002,0.89850399999999997,1500,0.63651400000000002,0,0.69444450000000002,1.388889,3000
43,69,1440000,1,0,1,0,0,34.027777750000006,0.17277999999999999,0.37637100000000001,0.82322000000000017,0,0.33426149999999999,0.6502445,1500,0,0,0,5.5555554999999996,3000
43,77,1440000,8,1,1,0,1,1165.97222225,0.070301128647393671,0.2003645247147964,0.87605646634996859,2.0833335000000002,0.43777900000000003,1.5442045,567.64768700000002,1.6381570000000001,0,2.7777777499999998,13.888889000000001,3000
43,78,1440000,14,3,4,0,0,1111.1111110000002,0.095953342500124633,0.24078817562545254,0.87608132625000057,0.69444450000000002,0.39827199999999996,2.3245709999999997,483.50526400000007,1.539307,0,3.4722222500000002,11.111111249999999,3000
43,79,1440000,8,0,3,0,1,590.2777779999999,0.10796312470965999,0.19772711765478659,0.86180248235920542,0.69444450000000002,0.42337825000000001,3.0976219999999999,1500,0.97431450000000008,0,1.388889,0,3000
43,80,1440000,1,0,1,0,0,326.38888900000001,0.092299000000000006,0.25346099999999999,0.85982499999999995,0,0,0.52553050000000001,1500,1.0114040000000002,0,0.69444450000000002,0.69444450000000002,3000
43,93,1440000,1,0,0,0,0,157.63888899999998,0.130879,0.32233299999999998,0.8458389999999999,0.69444450000000002,0.093261499999999997,0.1374755,1500,0.69314700000000007,0,0,2.7777777499999998,3000
44,22,1440000,8,0,1,1,1,946.52777775000004,0.05028816287651152,0.21599554512111596,0.86500239618598784,1.388889,0,2.6326694999999996,1500,1.121853,0,0,16.666666500000002,3000
44,23,1440000,1,0,0,0,0,230.55555550000003,0.046024000000000002,0.197986,0.86229599999999995,0,0,2.0267150000000003,1500,0,0,0,0.69444450000000002,3000
44,24,1440000,1,0,2,0,0,77.777777749999998,0.10935299999999999,0.30034299999999997,0.83085700000000007,0,0,1.9348040000000002,1500,0,0,1.388889,0.69444450000000002,1870.0144210000001
44,25,1440000,4,0,0,1,1,815.97222224999996,0.051582591490275151,0.15133786041154237,0.82256117361046266,0,0,1.01437825,1500,0,0,0,0,1483.3841296666667
44,27,1440000,3,0,0,0,0,383.33333325000007,0.05025684420027083,0.23331164854536948,0.84167800000581083,0,0,0.53365200000000002,1500,0,0,0.69444450000000002,0,2433.9491885000002
44,28,1440000,2,0,1,1,0,2800.6944444999999,0.084599272749520033,0.1988142092734283,0.87048260401671163,1.388889,0.45701200000000003,0.60280649999999991,1317.5939860000001,1.2248480000000002,316.75,2.0833335000000002,28.472222249999998,3000
44,29,1440000,1,0,0,0,0,1428.47222225,0.077991999999999992,0.22547199999999998,0.85705400000000009,2.0833332499999999,0.13474525000000001,2.2292782500000001,1112.4397670000001,1.5749970000000002,0,2.0833332499999999,19.444444499999999,3000
44,33,1440000,3,0,0,0,0,1674.3055555000001,0.06452999999999999,0.29225800000000002,0.84824300000000008,0.69444450000000002,0,2.86386275,1375.0125909999999,1.8793900000000001,0,5.5555554999999996,25.694444499999999,1652.1453210000002
44,34,1440000,10,3,3,0,1,8472.9166667499994,0.15296695311858644,0.2782835980657431,0.85051912712074929,0.69444450000000002,0.32828674999999996,4.4404802500000002,313.74180000000007,1.8647395,116,18.055555499999997,4.1666664999999998,338.69339050000002
44,35,1440000,2,0,1,0,0,613.88888899999995,0.080883470589585796,0.35161600001639054,0.89406942081507512,0.69444450000000002,0.18256174999999999,0.91207024999999997,752.80106049999995,1.5439515000000001,19.5,5.5555554999999996,11.805555750000002,1623.5822344999999
44,36,1440000,10,1,1,0,0,4350.6944444999999,0.10822507246630717,0.37479492801374342,0.86543510901853449,4.1666667500000001,0.8183109999999999,3.2957862499999999,1050.800076,1.6959890000000002,0,14.583333249999999,38.194444499999996,2498.6321735000001
44,38,1440000,1,0,1,0,0,1456.25,0.073660000000000003,0.298763,0.83634200000000003,1.388889,0,1.0117467500000001,1500,1.5867850000000003,0,0.69444450000000002,3.4722222500000002,3000
44,41,1440000,2,1,0,0,0,661.11111100000005,0.062047999999999992,0.28022600000000003,0.85587299999999999,1.388889,0.42046825000000004,0.91182199999999991,1500,1.560735,0,0,19.444444499999999,3000
44,42,1440000,1,0,0,0,0,188.88888899999998,0.071400999999999992,0.21192800000000003,0.81124300000000005,0,0.02404125,0,1500,0,0,0,0.69444450000000002,3000
44,48,1440000,17,0,7,0,0,11060.416666499999,0.10668272763233566,0.36786506040047495,0.85879960714509873,17.361111000000001,0.87890475000000001,4.18426425,424.45645500000001,1.8579513333333333,68.518518666666665,29.166666750000005,63.19444450000001,2855.5492713333333
44,49,1440000,156,6,21,27,13,14762.5,0.11138893037913615,0.33435436024105697,0.85034735083250568,13.888888750000001,0.037532749999999997,3.3869902499999998,633.64169599999991,1.7783059999999999,102.3,35.416666500000005,63.888888999999999,2640.428985
44,50,1440000,1,0,1,0,0,833.33333325000012,0.065674999999999997,0.26172299999999998,0.88629500000000005,0.69444450000000002,0,1.8479595000000002,1366.598303,1.0987750000000001,103,0.69444450000000002,9.7222222499999997,3000
44,52,1440000,4,0,0,0,0,453.47222224999996,0.081371767226836464,0.35178927715772124,0.8486474165413872,0.69444450000000002,0.90525049999999996,0.81159474999999992,1500,0,0,0.69444450000000002,6.25,3000
44,54,1440000,2,0,1,0,1,230.55555550000003,0.11176099999999999,0.36431599999999997,0.86047300000000004,0,0.17219200000000001,0.71091899999999997,717.23637199999996,0.79631200000000002,0,2.7777777499999998,11.805555499999999,1012.871144
44,55,1440000,5,0,1,0,0,3283.3333332500001,0.077882178510069261,0.28226690186077968,0.8700589974619114,0,0.50977324999999996,1.3475042500000001,453.0719545,1.6617,16.5,6.9444442499999992,12.5,1086.6846780000001
44,56,1440000,2,0,1,0,0,2600.6944444999999,0.18847273831992456,0.35228958317951775,0.88141611775697382,0.69444450000000002,0.91356775000000001,1.4899674999999999,604.42152499999997,1.9310390000000002,0,13.888888750000001,8.3333335000000002,1453.6689609999999
44,57,1440000,16,6,6,0,1,8843.75,0.1431733791126403,0.33309586784441725,0.83391998060473582,4.8611112500000004,0.33964175000000002,1.5970292500000001,344.66944699999999,1.7356169999999997,38.285714500000005,22.916666499999998,21.527778000000001,2615.1774880000003
44,58,1440000,1,0,1,0,0,881.25,0.081315999999999999,0.289219,0.82214900000000002,0.69444450000000002,0,0,683.05149100000006,0.56233500000000003,0,0,0.69444450000000002,3000
44,63,1440000,5,0,1,0,0,76.388889000000006,0.068400000000000002,0.13548399999999999,0.9494999999999999,0.69444450000000002,0,0,1500,0,0,2.0833332499999999,0,3000
44,67,1440000,1,1,0,0,0,19.444444499999999,0.101211,0.29519600000000001,0.82349599999999989,0,0,0.89155174999999998,1500,0,0,0,0,3000
44,68,1440000,1,0,1,0,0,195.13888899999998,0.16552700000000001,0.31290200000000001,0.8614440000000001,0,0,0.9128837500000001,1500,0,0,0,0,3000
44,76,1440000,1,0,0,1,0,1543.0555555000001,0.049798000000000002,0.251892,0.84552700000000003,0,0,1.581782,413.04549300000008,0,0,0.69444450000000002,1.388889,3000
44,77,1440000,28,2,10,0,1,2538.8888889999998,0.047756251641202882,0.17646396280056487,0.86432216520791472,1.388889,0.40000249999999998,0.99005650000000012,951.97769549999998,1.4108655000000001,0,4.8611112500000004,6.25,3000
44,78,1440000,2,0,2,0,0,422.22222224999996,0.070882445721545645,0.22121445065743517,0.87574938321509799,0.69444450000000002,0.39871375000000003,1.7002434999999998,1304.609361,0.99193149999999985,0,0,6.9444445000000004,3000
44,79,1440000,9,0,5,3,2,7174.305555500001,0.092559000000000002,0.31183,0.84101899999999996,4.8611110000000002,0.46406125000000004,2.8093615000000001,1500,2.0775990000000002,1136,19.444444499999999,18.055555500000001,3000
44,82,1440000,1,0,0,0,0,375,0.064693000000000001,0.26499200000000001,0.80777700000000008,0,0,1.38778325,1500,0,0,0,0,3000
44,86,1440000,1,0,0,0,0,93.055555500000011,0.044652999999999998,0.30965100000000001,0.830619,0,0,1.45938725,1500,0,0,0.69444450000000002,1.388889,3000
44,100,1440000,1,0,0,0,0,329.16666674999999,0.059695000000000005,0.23200799999999999,0.83792299999999997,0,0,1.2359959999999999,1500,0,0,0,0,3000
45,21,1440000,6,0,0,1,1,38.888888999999999,0.023806999999999998,0.26584600000000003,0.93540699999999999,0,0,1.80282925,1500,0,0,0,5.5555554999999996,3000
45,22,1440000,1,0,0,0,0,222.91666674999999,0.025763999999999999,0.19114500000000001,0.8481280000000001,0,0,1.05787125,1500,1.6769880000000001,0,0,0,3000
45,27,1440000,4,0,0,0,0,248.61111099999999,0.084403999999999993,0.17538199999999998,0.86944400000000011,0,0,0.81235575000000004,1204.04078,0,0,0.69444450000000002,2.0833332499999999,2696.9066910000001
45,28,1440000,1,0,0,0,0,96.527777750000013,0.15243499999999999,0.11714300000000001,0.82335300000000011,0,0,0.30217125,945.52886199999978,0,0,0,0,3000
45,32,1440000,2,0,1,0,0,601.38888899999995,0.085201875289184145,0.25414590531305609,0.83481087297879231,0,0,3.4139399999999998,547.13357499999995,0.6660895,0,0,2.7777777499999998,2410.5507734999997
45,33,1440000,1,0,0,0,0,36.805555499999997,0.027275000000000001,0.262434,0.77356199999999986,0,0,0.82859174999999996,1314.186473,0.63651400000000002,0,1.388889,0.69444450000000002,1357.7761599999999
45,34,1440000,8,0,6,0,2,6755.5555557500002,0.13517436739317248,0.2589547285155025,0.85623253351160888,2.0833335000000002,0.85007374999999996,5.6624872500000007,1089.1100629999999,1.8925853333333333,51,57.63888875,15.972222,908.60739833333332
45,35,1440000,3,0,2,1,0,9779.1666665000012,0.14243859252967514,0.25230492998152987,0.84418440818061391,2.0833335000000002,0.75521550000000004,3.3961527499999993,1404.4241285000001,1.8981710000000001,0,6.25,5.5555557499999999,1215.0150834999999
45,36,1440000,18,2,12,1,2,11309.72222225,0.10141110051541116,0.29394367628580781,0.84991702118379497,7.6388889999999998,0.33264175000000001,4.6929322499999993,1500,1.7922386666666668,75.261904666666652,39.583333500000002,62.5,2687.9258470000004
45,37,1440000,23,4,9,0,3,7065.2777777500005,0.085268742284154139,0.29516254137931963,0.86195725260472345,2.0833335000000002,0.49179325000000002,4.02389375,1500,1.9619473333333335,42.117647000000005,43.055555749999996,25.694444250000004,3000
45,44,1440000,2,0,1,0,0,843.75,0.063366266667991999,0.20239907901876802,0.86968831851861605,2.0833332499999999,0.43690649999999998,0.42919225,1500,0,0,0,2.7777777499999998,3000
45,47,1440000,1,0,0,0,0,340.97222225000002,0.081646000000000024,0.39627699999999999,0.88514300000000001,1.388889,0.43459624999999996,0.24067750000000002,857.94139000000007,1.093375,0,1.388889,7.6388889999999998,3000
45,48,1440000,28,2,12,1,0,12591.666666500001,0.093425883686249392,0.35475494495952575,0.85210799812474547,12.500000249999999,0.84643400000000002,0.31891025000000001,1162.5268739999999,1.1339090000000001,42.174999999999997,8.333333249999999,47.222222000000002,3000
45,49,1440000,1,0,0,0,0,497.22222225000007,0.087328000000000003,0.29293800000000003,0.87946800000000003,0.69444450000000002,0,2.481303,1500,0.90025599999999995,0,0.69444450000000002,11.805555499999999,3000
45,50,1440000,1,0,0,0,0,281.94444449999997,0.090196999999999999,0.45805000000000007,0.88185300000000022,1.388889,0,0.98568425000000004,1500,0.95027099999999987,0,0.69444450000000002,2.7777777499999998,3000
45,53,1440000,2,0,1,1,0,1145.8333332499999,0.070406978181525387,0.26598619575933996,0.84785237515216039,0.69444450000000002,0.47330074999999999,1.8466442500000002,1500,0.367811,0,0,2.0833332499999999,2861.7029085000004
45,54,1440000,3,0,0,0,0,4208.3333334999998,0.074003560396038545,0.29642118630358549,0.84656722458741229,4.8611110000000002,0.42288000000000003,1.9705217499999998,1500,1.3096700000000001,0,2.0833335000000002,9.7222222499999997,2229.7849860000001
45,55,1440000,8,0,5,0,1,9247.9166665000012,0.1358979318912707,0.36040936036673143,0.84861270526386934,9.0277777500000003,0.29285699999999998,5.1454250000000004,929.83413033333329,1.8616319999999997,82.066666666666663,6.9444447500000006,16.666666750000001,1000.1553483333333
45,56,1440000,21,2,7,4,3,6256.25,0.1945430448440974,0.34678946375873621,0.85371963358899394,4.1666670000000003,0.1268715,4.2068060000000003,750.14420333333339,1.5424156666666669,104.33333333333333,20.13888875,9.7222225000000009,1189.3514049999999
45,57,1440000,7,1,5,1,0,5904.1666665000002,0.16203780686959154,0.35426379110850204,0.84830112679379222,1.388889,0.52112375,1.6013254999999997,805.3268230000001,1.7730300000000001,57,14.583333499999998,23.61111125,2231.7571164999999
45,61,1440000,1,0,1,0,0,59.722222250000002,0.015644999999999999,0.39388100000000004,0.82147399999999982,0,0,0.12679974999999999,1500,0,0,0,3.4722222500000002,3000
45,64,1440000,1,0,0,0,0,297.22222225000002,0.059807000000000006,0.166626,0.88028400000000007,0,0.42088074999999991,1.07940525,1500,0.63651400000000002,0,3.4722222500000002,0.69444450000000002,3000
45,68,1440000,4,1,3,0,0,543.75000000000011,0.080483187740781156,0.22777975862608138,0.85474645594258847,0.69444450000000002,0,2.6168802499999999,1500,0.60650400000000004,0,1.388889,0,3000
45,74,1440000,1,0,0,1,0,143.75,0.10888100000000001,0.28761999999999999,0.78086999999999995,0,0,1.31529775,837.83026999999993,0,0,1.388889,0,3000
45,75,1440000,2,0,4,3,5,2998.6111110000002,0.081282000000000007,0.30143700000000001,0.847356,4.1666667500000001,0,2.2896104999999998,1276.838618,1.7545959999999998,0,3.4722222500000002,17.361110999999998,3000
45,76,1440000,26,4,5,0,1,811.11111099999982,0.052436300513536246,0.22815951198769055,0.87091259417690747,0,0.93302200000000013,2.2973025000000002,388.60130100000003,0.63651400000000002,0,0,8.3333332500000008,3000
45,77,1440000,1,0,0,0,0,15.27777775,0,0.070327000000000001,0.91447299999999998,0,0,0.38045825,1266.5650419999999,0,0,0,0.69444450000000002,3000
45,79,1440000,2,0,0,0,0,1431.25,0.066573631730522276,0.22971028966483284,0.82827930373592806,0.69444450000000002,0.44752324999999998,0.85112900000000014,1500,0.81448049999999994,0,0,10.416666500000002,3000
45,80,1440000,1,0,3,0,0,2252.77777775,0.091682,0.34631999999999996,0.8431280000000001,6.9444445000000004,0.42208024999999993,3.3174052499999998,1023.736879,1.7845890000000002,178,4.1666667500000001,20.138889000000002,3000
45,81,1440000,3,0,3,0,0,1770.8333332500001,0.10969397333295158,0.25935557803925252,0.86075117333333162,1.388889,0.42675150000000001,3.9183762499999997,517.36853550000001,1.4636640000000001,151.09999999999999,9.7222220000000004,34.722222250000002,3000
45,82,1440000,1,0,0,0,0,2258.3333332500001,0.053530999999999988,0.13201099999999999,0.90105800000000003,1.388889,0.49221075000000009,0.38852174999999994,898.53872799999999,0.84636600000000006,0,0.69444450000000002,6.25,3000
46,13,1440000,1,0,0,0,0,218.75,0.057566999999999986,0.13150699999999999,0.82060300000000008,0,0,1.5021742499999999,1500,0,0,0.69444450000000002,0,3000
46,15,1440000,10,0,3,0,0,1781.9444444999999,0.071321279811495136,0.25431726694400919,0.85179988269788609,1.388889,0,6.6799142499999995,1500,1.6174346666666666,0,4.8611110000000002,9.7222222499999997,3000
46,16,1440000,1,0,0,0,0,656.25,0.070413000000000003,0.15437899999999999,0.86211000000000004,0.69444450000000002,0,1.5238277499999999,1500,1.2996510000000001,340,0,4.1666667500000001,3000
46,17,1440000,1,1,1,1,0,1056.25,0.047870000000000003,0.14458599999999999,0.85783399999999999,2.7777777499999998,0,2.0590085,1500,1.36964,0,0.69444450000000002,7.6388889999999998,3000
46,22,1440000,1,0,1,0,0,254.86111099999999,0.064982999999999999,0.21453200000000006,0.87221299999999991,0,0,1.1158635000000001,1500,0.63651400000000002,0,1.388889,0.69444450000000002,1851.6490170000004
46,23,1440000,2,0,1,0,0,1140.97222225,0.086802999999999977,0.174761,0.85411599999999999,0.69444450000000002,0,2.3729167499999999,1500,1.4127450000000001,0,2.7777777499999998,1.388889,1289.878927
46,24,1440000,3,2,1,0,1,1812.5,0.12886600000000001,0.21995400000000001,0.85901700000000003,1.388889,0,1.5110554999999999,1499.2407280000002,1.4322139999999999,192,2.7777777499999998,0.69444450000000002,1475.120381
46,27,1440000,1,0,0,0,0,509.02777774999993,0.055251999999999996,0.18237200000000001,0.84074199999999999,0,0.0019675000000000001,0,420.25049299999995,0.90025599999999995,729,1.388889,0.69444450000000002,3000
46,28,1440000,1,0,0,0,1,27.777777750000002,0.15665799999999999,0.63,0.94741000000000009,0,0,0.1731615,1032.163595,0,0,0,0.69444450000000002,3000
46,33,1440000,2,0,1,0,0,831.94444450000015,0.060421000000000009,0.24766400000000002,0.84687999999999997,2.0833332499999999,0,1.4860179999999998,1500,1.7440459999999998,0,1.388889,9.0277777500000003,1858.9554350000001
46,34,1440000,2,0,6,0,0,1411.1111109999999,0.065699112696718742,0.21656451476356278,0.84171741633855302,2.0833332499999999,0.25190250000000003,3.9793105,1500,1.6787720000000002,0,14.583333500000002,6.9444445000000004,1670.9055365000004
46,35,1440000,6,2,2,0,0,925,0.172128,0.256162,0.87309599999999987,0.69444450000000002,0,1.1327782499999999,1500,1.6083109999999998,0,11.111110999999999,2.7777777499999998,1888.9675100000002
46,36,1440000,1,0,0,0,0,717.36111100000005,0.074212,0.24666300000000002,0.87362999999999991,0,0.13549124999999998,1.6358502499999998,1500,1.5218910000000001,0,1.388889,3.4722222500000002,3000
46,37,1440000,6,1,0,0,1,7942.3611112500002,0.095991623152637651,0.28498015572251106,0.85348284593860813,4.8611110000000002,1.1439014999999999,5.8715774999999999,1500,1.8567726666666666,0,15.97222225,28.472222249999998,3000
46,39,1440000,2,0,0,0,0,454.1666667500001,0.14581249846636998,0.29340409175757054,0.89134511620944201,0,0,2.5211237499999997,1500,0.51986049999999995,0,0,0.69444450000000002,3000
46,42,1440000,1,1,0,0,0,275.69444449999997,0.066563999999999998,0.287609,0.88232999999999995,0,0,2.10456975,1500,0,0,0,2.7777777499999998,3000
46,47,1440000,19,1,4,0,0,7498.6111110000002,0.090124324134131753,0.33831243258012955,0.84704647295793656,7.6388889999999998,0.91265099999999999,2.3551160000000002,383.54712666666666,1.4497500000000001,78.842592666666661,9.7222220000000004,31.944444749999999,2674.5973180000001
46,49,1440000,1,0,0,0,0,800,0.055411000000000002,0.21096100000000001,0.87199500000000008,0.69444450000000002,0,1.1689665,1500,1.747868,0,0,6.9444445000000004,3000
46,50,1440000,1,0,0,0,0,181.9444445,0.070292999999999994,0.292624,0.87846399999999991,0.69444450000000002,0,0.46359899999999998,1500,1.0397209999999999,0,0,13.194444500000001,3000
46,51,1440000,6,0,0,0,1,107.63888899999999,0.057348000000000003,0.25189600000000001,0.8250559999999999,1.388889,0,1.7190792500000001,1500,0,0,0,5.5555554999999996,3000
46,53,1440000,8,0,0,1,0,662.5,0.094005126836171321,0.31154306184860453,0.86142904612187321,0,0.32014500000000001,1.7958567500000002,1500,0.69314700000000007,0,0.69444450000000002,6.25,2854.0475470000001
46,54,1440000,4,0,3,0,1,8427.7777777499978,0.17679593869566715,0.34176980619683967,0.82504560514116343,4.1666667500000001,0.46771374999999993,1.3135545,1295.9380700000002,1.5749795,57.25,18.055555499999997,14.583333249999999,1501.844859
46,55,1440000,31,2,18,1,1,4510.4166667500003,0.13958373656652023,0.32981342571195538,0.86433178598930149,6.25,0.28478425000000007,3.7049687499999999,425.83578666666665,1.6680003333333335,89.916515333333336,68.055555749999996,147.22222225000002,629.29567166666664
46,56,1440000,31,4,8,1,2,10435.416666749999,0.11352064963000016,0.32864652818252238,0.85326471438068552,5.5555557499999999,0.81012374999999992,2.1258077499999999,840.43541233333337,1.265314666666667,17,36.11111125,36.805555500000004,657.0780606666666
46,57,1440000,1,0,1,0,0,766.66666674999988,0.091211,0.27723200000000003,0.82362099999999994,0.69444450000000002,0,1.2067127500000001,1500,1.0397209999999999,0,0,0.69444450000000002,2151.8533269999998
46,59,1440000,6,1,1,0,0,4809.0277777499996,0.15892896101080642,0.32987533992777357,0.82655680014442801,1.388889,0.48359525000000003,1.8200205,1447.6469489999999,1.4985660000000001,25,10.416666749999999,1.388889,3000
46,71,1440000,1,0,0,0,0,102.77777775000001,0.08277000000000001,0.32346399999999997,0.82935900000000007,0,0.30846099999999999,0.89701349999999991,1500,0,0,0.69444450000000002,0,3000
46,75,1440000,4,0,0,0,0,229.16666674999999,0.10399899999999999,0.454235,0.86722600000000005,0,0,1.7348952499999999,1387.8381359999998,0,0,1.388889,12.5,3000
46,78,1440000,1,0,0,0,0,695.13888899999995,0.048504000000000005,0.22565100000000002,0.84710499999999989,0,0.42785100000000004,1.1353135000000001,1500,0.90025599999999995,0,0,4.8611110000000002,3000
46,79,1440000,1,0,0,0,1,247.22222225000002,0.18295899999999998,0.365228,0.84382900000000016,0,0,0.45135499999999995,1500,0,0,0,0,3000
46,81,1440000,2,1,0,0,0,1009.02777775,0.071667091534955998,0.18149866964897612,0.87834512525844599,0.69444450000000002,0,3.7792442499999996,1302.1981925,0.97019500000000003,0,1.388889,37.5,3000
46,93,1440000,1,0,0,0,1,2648.6111110000002,0.081407000000000007,0.28831499999999999,0.81824799999999998,2.0833332499999999,0.45464674999999999,1.8450487499999999,1500,1.9620630000000001,188,9.0277777500000003,9.0277777500000003,3000
47,15,1440000,1,0,0,0,0,53.472222250000002,0.019923,0.17019999999999999,0.92207500000000009,0,0,0.65522924999999999,1500,0,0,0,2.0833332499999999,3000
47,16,1440000,6,0,2,1,0,2425.6944444999995,0.060780827083352702,0.13520255912040524,0.86691389149896991,0,1.0024495,3.88733825,1314.850586,0.65179666666666669,79.333333333333329,0,13.888889000000001,3000
47,18,1440000,2,0,0,0,0,962.5,0.051844000000000008,0.133767,0.84577800000000003,0,0.41895250000000001,2.4725165000000002,1500,1.6307990000000001,0,0,1.388889,3000
47,20,1440000,1,0,1,0,0,362.5,0.058214000000000002,0.23098000000000002,0.86128899999999997,0,0,1.0726659999999999,1500,0,0,0.69444450000000002,1.388889,3000
47,22,1440000,4,1,1,0,0,2175.6944444999999,0.10400799999999998,0.212917,0.84370200000000006,2.0833332499999999,0.48123925000000001,1.1999679999999999,1500,1.629901,0,7.6388889999999998,6.25,1329.539227
47,23,1440000,36,3,11,9,1,8657.6388889999998,0.086332331595270345,0.22683644188594154,0.86351945103060956,8.3333335000000002,0.46402775000000007,6.1006864999999992,1300.058853,1.945692,224.14898966666664,34.722222249999994,39.583333500000002,397.40731399999999
47,24,1440000,6,5,7,0,0,6671.5277779999997,0.090616824398837725,0.22836132913494273,0.87058650598513831,5.5555554999999996,0.18649174999999998,6.8618484999999998,592.90274799999997,1.3725309999999999,0,8.3333335000000002,27.777777750000002,557.56726866666679
47,28,1440000,1,0,0,0,0,306.94444449999997,0.068337999999999996,0.18992100000000003,0.86820099999999989,0,0,0.85560499999999995,1500,0,0,0,0,3000
47,34,1440000,2,0,0,0,0,67.361110999999994,0.031988000000000003,0.18518499999999999,0.83919799999999989,0,0,0,1500,0,0,0,0,2862.6949460000001
47,36,1440000,4,0,0,3,0,231.25,0.11664099999999999,0.34590599999999999,0.89277900000000021,6.9444445000000004,0.033935,1.48157575,1500,1.791793,0,0,27.777777750000002,3000
47,37,1440000,5,1,2,0,2,4448.6111110000002,0.076142321105225355,0.28019175554172215,0.84739577942556787,5.5555554999999996,0.45065049999999995,5.3131845000000002,1500,2.0310765000000002,0,5.5555554999999996,9.0277777500000003,3000
47,39,1440000,3,1,0,1,0,23.611110999999998,0.034320999999999997,0.12303199999999999,0.93530000000000002,0,0,0.51365050000000001,1500,0.95027099999999987,0,3.4722222500000002,0.69444450000000002,3000
47,45,1440000,17,0,3,4,1,4040.2777777500005,0.079504999999999992,0.321438,0.84993399999999997,0,0,2.8981534999999998,1376.6732910000001,1.7222609999999998,0,0,13.194444500000001,2745.7326090000001
47,46,1440000,20,0,2,1,0,2890.97222225,0.082457267835421871,0.28520178669143326,0.84204884218011711,0.69444450000000002,0,3.150277,1237.0770183333334,0.37364999999999993,12,3.4722222500000002,10.416666750000001,2081.5748673333333
47,47,1440000,5,0,1,0,0,2525,0.079789247524752471,0.34551751237623762,0.85964576980198015,0.69444450000000002,0.41886650000000003,3.2093060000000002,439.20795699999996,1.4497715,0,2.0833332499999999,19.444444500000003,1924.1316999999999
47,48,1440000,1,0,0,0,0,49.305555500000004,0.079804,0.292356,0.95505799999999985,0,0,0.84519650000000002,1014.284138,0,0,0,0,1392.3508750000001
47,49,1440000,1,0,0,0,0,1285.4166667500001,0.070563000000000001,0.272754,0.84526900000000005,2.0833332499999999,0,0.939836,1500,0.94044799999999995,0,0,3.4722222500000002,3000
47,53,1440000,3,0,3,0,0,8146.5277777499996,0.083748119000957147,0.32029137311437517,0.86404503989436754,3.4722222500000002,0.53825049999999997,2.7443672500000003,1500,1.3253550000000001,31.5,6.9444442499999992,59.722222250000002,2946.7376170000002
47,54,1440000,8,3,4,0,0,6035.4166665000002,0.15930897065928082,0.32688902600330144,0.83197931998621033,3.4722222500000002,0.72871425000000001,1.4719210000000003,1484.3171733333331,1.4264729999999999,0,18.05555575,42.361111000000001,2166.414225
47,55,1440000,15,1,7,0,0,3516.6666667499999,0.10833199999999998,0.38565900000000003,0.84095200000000003,3.4722222500000002,0.42277049999999999,2.3911154999999997,740.76888700000006,2.0243660000000001,39.399999999999999,11.111110999999999,6.9444445000000004,1191.535032
47,56,1440000,11,1,7,0,0,5783.3333334999998,0.10764800888545316,0.38670428241993332,0.83182798967337102,2.0833335000000002,0.8741452500000001,3.6799130000000004,1244.6680316666668,1.6992506666666669,47.060606000000007,18.05555575,11.805555750000002,1507.2503346666665
47,60,1440000,3,0,0,0,0,206.94444450000003,0.065704859063041923,0.27230740603961462,0.82127618792227819,0,0,0,1500,0,0,0,0,3000
47,66,1440000,1,0,0,0,0,163.1944445,0.041368000000000002,0.28472600000000003,0.87387999999999988,0,0,1.7800084999999999,1500,0,0,0,1.388889,3000
47,70,1440000,1,0,0,0,0,26.388889000000002,0.037311000000000004,0.089473999999999998,0.91866800000000004,0,0,0.48042375000000004,1500,0,0,0,0,3000
47,72,1440000,15,1,1,0,1,1075,0.082338432817270227,0.31046083204296554,0.84212874418614503,0.69444450000000002,0.15915674999999999,1.0002804999999999,958.08054699999991,0.77200100000000016,0,2.7777777499999998,2.7777777499999998,3000
47,83,1440000,8,3,3,0,0,510.4166667500001,0.086091619051133272,0.25836803402118036,0.81930331973345272,0,0.90210500000000016,2.5791962499999999,300.22707199999996,1.0651599999999999,0,1.388889,5.5555557499999999,3000
47,85,1440000,4,2,0,0,0,992.36111099999994,0.056763000000000001,0.191389,0.838696,0,0,2.1488767500000003,1500,1.7001650000000001,0,0,2.0833332499999999,3000
47,88,1440000,1,0,1,0,0,214.58333325000001,0.11429499999999999,0.27184599999999998,0.82548799999999989,0,0,0.24696874999999999,1500,0,0,0,0,3000
47,92,1440000,1,0,0,0,0,165.27777775000001,0.053296000000000003,0.30798399999999998,0.87315900000000002,0,0.43182550000000008,0.42872650000000001,1500,0.65322499999999994,0,0,11.805555499999999,3000
47,93,1440000,1,0,0,0,0,194.44444449999997,0.067601999999999995,0.25811200000000001,0.91193999999999997,1.388889,0.068941500000000003,0.27277575000000004,1500,1.7328679999999999,1046,1.388889,2.0833332499999999,3000
47,96,1440000,1,0,1,0,0,275.69444449999997,0.10718699999999999,0.28768699999999997,0.86172900000000008,0,0,3.0683397499999994,1500,0.56233500000000003,0,0,4.1666667500000001,3000
48,11,1431645.1784876999,5,0,1,0,0,61.467744356152323,0.051902999999999991,0.29608000000000001,0.81698999999999999,0,0.31623704448768886,0.66263759642043918,1500,0,0,0,4.8894795618243618,3000
48,13,1440000,2,0,0,0,0,245.83333325000001,0.14025899999999999,0.20390999999999998,0.85720499999999999,0.69444450000000002,0.099114500000000008,0.48418725000000001,1500,0.59826999999999997,0,0.69444450000000002,3.4722222500000002,3000
48,15,1440000,3,0,1,0,0,37.5,0.022221999999999999,0.39503300000000002,0.88230699999999995,0.69444450000000002,0.53657275000000004,0.49068624999999999,1500,0,0,0,3.4722222500000002,3000
48,16,1440000,6,1,0,1,0,165.27777775000001,0.068331243695920876,0.14366202520997565,0.88430785714061166,0,0.44334075000000006,3.3942027499999998,788.61710900000003,0,0,0,4.1666667500000001,3000
48,19,1440000,6,1,6,0,0,888.88888900000006,0.15642,0.198597,0.88335200000000003,2.7777777499999998,0.47256699999999996,4.3460922499999999,1500,1.9096599999999999,209.25,13.194444500000001,13.888889000000001,2029.1054219999999
48,20,1440000,1,0,1,0,0,461.80555549999997,0.042908999999999996,0.17952100000000001,0.86363400000000001,0,0,2.3354650000000001,1500,0,0,0.69444450000000002,1.388889,2172.1716719999999
48,21,1440000,13,5,4,0,6,2474.3055555000001,0.14608800000000002,0.245419,0.87513200000000013,2.0833332499999999,0.43685924999999998,2.1542950000000003,939.95355500000005,1.8873520000000001,454.16666700000002,21.527777749999998,14.583333249999999,1420.099702
48,23,1440000,13,1,7,1,1,2360.4166665000002,0.095378569285337028,0.22255196468555741,0.85820390467739083,1.388889,0.061571750000000001,2.7317839999999998,660.13351349999982,1.5955775000000001,0,10.416666749999999,7.6388889999999998,765.41635149999991
48,24,1440000,5,0,0,0,0,604.16666674999999,0.073104999999999989,0.22821,0.84667399999999982,0.69444450000000002,0.54199249999999999,2.4084634999999999,737.11877199999992,1.4451860000000001,0,3.4722222500000002,9.7222222499999997,613.86215800000002
48,25,1440000,1,0,0,0,1,611.80555549999997,0.091194000000000011,0.25046399999999996,0.88170999999999999,4.8611110000000002,0,2.0631777499999999,1188.4619289999998,0,0,0.69444450000000002,4.1666667500000001,1240.9843740000001
48,31,1440000,3,0,0,1,0,290.97222225000002,0.044217000000000006,0.22643200000000002,0.85092299999999998,0,0.11355599999999999,2.0378599999999998,1500,0,0,0,0.69444450000000002,3000
48,32,1440000,1,0,0,0,0,227.77777774999998,0.036488,0.23310100000000006,0.8485299999999999,0.69444450000000002,0.112179,1.8488720000000001,1500,1.5912839999999999,0,0.69444450000000002,0,3000
48,35,1440000,1,1,0,0,0,336.80555550000003,0.046886000000000004,0.23304,0.83287700000000009,0,0.42046549999999999,1.0937680000000001,1500,1.308605,0,3.4722222500000002,2.0833332499999999,3000
48,36,1440000,6,0,1,1,0,233.33333325000001,0.051763000000000003,0.18093199999999998,0.84834599999999982,0,0.46425175000000002,2.6657052500000002,1500,0.69314700000000007,0,2.0833332499999999,0.69444450000000002,3000
48,44,1440000,11,1,1,0,1,4685.4166665000002,0.085900210018763176,0.33962544864183847,0.84029320468414592,16.666666749999997,1.1154525,7.9354765,607.49162699999999,1.458542,18.5,4.1666667500000001,65.277777750000013,3000
48,45,1440000,12,0,5,1,0,3566.6666667500008,0.10706485163543947,0.43351457067700261,0.82729289544381857,5.5555557499999999,0.40634450000000005,9.1054619999999993,709.39627466666661,1.4744493333333333,38.333333333333336,7.6388889999999998,115.277778,2841.4818653333332
48,46,1440000,14,0,10,1,0,4426.3888889999998,0.075880754471336742,0.282283323187556,0.83735697176023582,6.25,0.14857025000000001,2.69941575,542.80126050000013,0.98758299999999999,0,4.1666667500000001,9.7222222499999997,1320.0036879999998
48,47,1440000,25,0,13,0,1,19163.888889000002,0.089054345049985856,0.35025999916650619,0.83778908649806949,18.749999750000001,1.2055622500000001,3.4606897500000002,439.16397699999999,1.6723045000000001,80.277580999999998,29.86111125,77.083333249999995,578.18349649999993
48,48,1440000,2,0,0,0,0,338.19444449999997,0.069957000000000005,0.40290599999999999,0.87978999999999996,2.0833332499999999,0,1.27989975,1019.979097,1.6779810000000002,0,2.7777777499999998,10.416666749999999,571.13656400000002
48,50,1440000,10,5,3,0,1,4064.5833334999998,0.10927906509443817,0.33339688074552226,0.83447719032984424,0.69444450000000002,0.40768349999999998,0.69541950000000008,1500,1.4385506666666665,42.555555666666663,3.4722222500000002,2.0833332499999999,2140.2664920000002
48,51,1440000,8,0,0,0,0,2145.1388887500002,0.077038855292997629,0.28978613920371127,0.85003218711559991,4.8611112500000004,0.54835600000000007,1.5236039999999997,1500,0.85878999999999994,0,0.69444450000000002,30.555555500000001,2611.4192293333331
48,52,1440000,11,0,3,1,0,3333.3333332500001,0.077706316249088109,0.36236341853621795,0.83810373812445382,13.194444499999999,0.67882174999999989,6.0079685000000005,1500,1.3165467500000001,15.75,0.69444450000000002,50.694444499999996,3000
48,53,1440000,2,1,0,0,0,255.55555550000003,0.047907999999999999,0.36301800000000001,0.86529899999999993,0.69444450000000002,0.063256500000000007,0,1500,0.69314700000000007,89.939393999999993,0,2.7777777499999998,3000
48,54,1440000,1,0,2,0,0,3960.4166667499999,0.17416199999999998,0.354217,0.83194199999999996,1.388889,0.13018399999999999,0.69324049999999993,1500,1.9019429999999999,105.5,7.6388889999999998,2.0833332499999999,3000
48,55,1440000,4,0,2,0,0,2886.1111112499998,0.11433278248296704,0.31061421222323032,0.82809126275267753,1.388889,0.54854175000000005,1.6274432499999998,1500,1.405481,0,3.4722222500000002,4.1666667500000001,2756.4539710000004
48,59,1440000,6,2,5,0,0,3481.25,0.14890615978456015,0.33187381328545779,0.83824892818671459,2.7777777499999998,0.70620125,1.5560722499999999,1500,0.75324249999999993,55.666666500000005,10.416666749999999,2.0833335000000002,3000
48,60,1440000,2,0,2,0,0,286.11111125000002,0.069551155336731965,0.3864848689239363,0.85056640776825199,0,0,1.3740439999999998,1500,0,0,0.69444450000000002,0.69444450000000002,3000
48,63,1440000,2,0,0,0,0,543.05555550000008,0.082551393862459979,0.33182284910718496,0.83890286444997431,0,0.95564425000000019,0.49857575000000004,678.6274595000001,0.79339249999999995,0,0.69444450000000002,2.7777777499999998,3000
48,69,1440000,1,0,0,0,0,63.888888999999999,0.069054999999999991,0.31166700000000003,0.86467399999999994,0,0,1.5455799999999997,1500,0,0,0,1.388889,3000
48,71,1440000,1,0,0,0,0,362.5,0.063661999999999996,0.21086199999999999,0.82860800000000001,0,0,0.84205550000000007,534.70144900000003,0,0,0,1.388889,3000
48,72,1440000,12,0,2,1,0,3643.0555555000001,0.089944991040748143,0.32497299618729864,0.82965299008765281,2.7777777499999998,0.51690100000000005,4.2263297499999997,464.16657200000003,1.7797769999999999,132.5,6.25,11.111110999999999,3000
48,84,1440000,5,1,0,0,1,1604.8611112499998,0.07818849286022897,0.32509382648402546,0.84091292038226118,1.388889,0.55828849999999997,2.8066162499999998,1483.9213629999999,1.643734,38.5,4.8611110000000002,4.1666664999999998,3000
48,85,1440000,1,0,0,0,0,1101.3888890000001,0.084898000000000001,0.241117,0.8547499999999999,0,0.079213999999999993,1.13156875,1500,1.9226710000000002,420,2.0833332499999999,2.7777777499999998,3000
48,88,1440000,2,1,0,0,0,216.66666674999999,0.096962999999999994,0.24305599999999997,0.82748500000000003,0,0,0.95315674999999978,1500,0.69314700000000007,0,1.388889,2.0833332499999999,3000
48,95,1440000,2,0,0,1,1,1994.4444444999999,0.082380869778301072,0.25061550278448053,0.8268658944975662,2.0833335000000002,0,4.9072264999999993,1500,1.7509739999999998,0,1.388889,8.333333249999999,3000
49,12,1440000,1,0,0,0,0,331.94444449999997,0.068291999999999992,0.17343599999999998,0.88756599999999997,0.69444450000000002,0,0.75815600000000005,1500,1.2130080000000001,0,0.69444450000000002,1.388889,3000
49,18,1440000,3,0,1,0,0,238.19444449999997,0.076159000000000004,0.149253,0.92020900000000017,0,0,3.3140952500000003,1500,0.79631200000000002,175,0.69444450000000002,14.583333249999999,3000
49,19,1440000,5,2,1,0,0,3593.0555555000001,0.13413053034394934,0.20414763548479997,0.87047676265853735,2.0833332499999999,0.49067299999999997,2.2377812499999998,1116.3398485,1.7755304999999999,0,13.194444499999999,9.7222222499999997,1632.3448295000001
49,20,1440000,27,3,17,2,9,8629.8611112499984,0.15411435841311136,0.25799456401370591,0.8753503124647446,6.9444445000000004,0.75079924999999992,4.3014130000000002,972.49826599999994,1.6431053333333336,340.17307699999998,39.583333250000003,144.44444449999997,659.15472266666666
49,21,1440000,41,2,24,7,3,4206.9444444999999,0.12841521591385363,0.23665107180666378,0.87999479283656701,3.4722222500000002,0.88493849999999996,10.608412749999999,426.22708299999999,1.5824805,243.97916674999999,47.916666500000005,78.472222249999987,838.1806287500001
49,22,1440000,3,1,1,0,0,2132.6388889999998,0.12024899999999998,0.22119499999999997,0.84310299999999994,2.0833332499999999,0.21258674999999999,0.38254249999999995,1370.3763140000001,1.6294870000000001,0,2.7777777499999998,2.0833332499999999,1950.5367210000002
49,25,1440000,2,0,1,0,0,95.833333499999981,0.04194778271342299,0.23642154321601991,0.91876282609066806,0,0,2.219014,1500,0.31825700000000001,0,0,1.388889,2446.4761974999997
49,45,1436341.399988,13,3,7,0,1,4074.9365020662212,0.13131823577652926,0.44265927062971683,0.84185822091235019,4.1772799419762787,0.77988369618069808,3.859935917774366,538.598342,1.7997704999999999,58.5,36.899305360440621,71.013757509775985,2745.0282710000001
49,46,1440000,6,0,1,0,1,2581.9444444999999,0.095896531735670434,0.37278253012010876,0.84283793464303181,10.416666750000001,0.96129775000000006,8.5632372500000002,1016.165632,1.154771,0,9.0277777500000003,52.083333249999995,1910.7244546666666
49,47,1440000,26,0,1,0,0,14803.47222225,0.083165888821061129,0.32068457465893796,0.83573307984249245,6.25,0.35756274999999998,8.9500674999999994,1033.7329777499999,1.5130457499999999,35.125,15.97222225,31.25,944.08740599999987
49,48,1440000,20,2,8,2,1,13013.194444500001,0.10461186706838385,0.34698144607543385,0.85055049495681301,14.583333250000003,0.74874799999999997,2.7553720000000004,949.69165775000022,1.8982367500000004,90,36.805555499999997,80.555555499999997,849.61071375000017
49,49,1440000,2,0,0,1,0,2175.6944444999999,0.073892590169074193,0.36648734439868286,0.85807507373115255,4.1666667500000001,0,3.8443372499999997,1308.5303215000001,0.98509050000000009,40,1.388889,10.416666750000001,1156.8481860000002
49,50,1440000,3,0,2,0,0,385.41666674999999,0.070953000000000002,0.398814,0.81972299999999998,3.4722222500000002,0.49143050000000005,0.058569250000000003,1500,1.5050720000000002,71.666667000000004,0.69444450000000002,2.0833332499999999,1314.1756760000001
49,51,1440000,5,0,0,0,0,1902.7777779999999,0.08220884963418007,0.38380904671141697,0.83538264817881758,4.8611110000000002,0.76811899999999989,5.1231844999999998,1500,0.73471399999999998,15.666666666666666,4.1666667500000001,34.722222250000002,1816.729327
49,52,1440000,16,0,6,0,0,5870.1388889999998,0.106619902756732,0.37954359753692163,0.84295257210411001,25,0.55683375000000002,5.4064687500000002,1500,1.4768660000000002,97.166666666666671,3.4722222500000002,102.77777774999998,2720.500363666667
49,53,1440000,2,0,0,0,0,3830.5555555000001,0.073531497462164808,0.29873814612104943,0.83972418817984096,0.69444450000000002,0.11313050000000001,3.5216850000000002,1500,0.87403350000000002,0,1.388889,24.30555575,3000
49,54,1440000,8,2,3,1,0,11505.555555500001,0.14639738809798641,0.346440613291147,0.80870341302481441,4.1666664999999998,0,5.8384462499999996,1500,1.5627279999999997,56.777777666666672,29.166666749999997,13.194444499999999,3000
49,55,1440000,4,1,2,0,0,3488.1944444999999,0.10824549273325422,0.29915067728423594,0.81788471212363878,0.69444450000000002,0.66595249999999995,0.59369725000000007,1500,0.7952285,74.4375,6.9444445000000004,5.5555554999999996,3000
49,56,1440000,2,0,0,0,0,11.805555499999999,0.080882000000000009,0.27647100000000002,0.72058800000000001,0,0,0,1500,0,0,0,8.3333332500000008,3000
49,65,1440000,1,0,0,0,0,50,0.016674999999999999,0.371,0.80974599999999997,0,0.25119975,0,1500,0,0,0.69444450000000002,0,3000
49,69,1440000,3,0,1,0,0,241.66666674999999,0.047688000000000001,0.22303599999999998,0.88834400000000002,0,0,1.4726735,1302.7686289999999,0,72.5,3.4722222500000002,4.8611110000000002,3000
49,70,1440000,10,2,7,0,1,6561.8055557499993,0.13802671435960132,0.33013635453487716,0.81636032416181425,6.25,0.38468874999999997,3.0786057499999995,614.5647233333334,1.8986509999999999,84.166666666666671,13.888888750000001,4.8611112500000004,3000
49,71,1440000,7,0,2,0,0,1428.47222225,0.078963043267100186,0.22672321147432925,0.83055482401478775,0,0.60084024999999996,2.9877077500000002,1031.4437960000002,1.286057,0,0.69444450000000002,1.388889,3000
49,73,1440000,1,0,0,0,0,170.83333325000001,0.10761199999999999,0.30058999999999997,0.81231699999999996,0,0,0.43103524999999998,1500,0,0,0,0.69444450000000002,3000
49,79,1440000,2,0,0,0,0,1367.3611110000002,0.071782415440872327,0.22224594413662646,0.83021556069022984,0,0,1.5942387500000001,1500,1.0668884999999999,0,3.4722222500000002,2.0833332499999999,3000
49,85,1440000,3,0,1,0,0,956.25,0.066874254174384057,0.22148005882429883,0.85818581989752263,1.388889,0.50139575000000003,0.43458424999999995,1500,0.89545649999999988,555.5,1.388889,15.277778,3000
49,86,1440000,1,0,0,0,0,382.63888899999995,0.056385000000000005,0.21890799999999999,0.81908700000000001,0.69444450000000002,0,1.11266025,1500,0.69314700000000007,0,0,0,3000
49,90,1440000,1,0,0,0,0,263.19444449999997,0.061502999999999995,0.158245,0.80763099999999999,0,0,1.0859544999999999,1500,0,0,0.69444450000000002,0.69444450000000002,3000
49,91,1440000,1,0,1,0,0,1795.8333332499997,0.058595000000000001,0.18721699999999999,0.85032399999999997,1.388889,0.26197500000000001,0.81073200000000001,1500,1.5919410000000001,0,1.388889,5.5555554999999996,3000
49,92,1440000,5,0,1,0,5,586.11111100000005,0.097895161141313011,0.22292629857544019,0.80777563981372813,0,0.26472075,3.0632160000000002,1500,1.2153955000000001,0,1.388889,5.5555554999999996,3000
49,94,1440000,1,0,1,0,0,207.63888899999998,0.063774999999999998,0.34849999999999998,0.89097000000000004,0,0,2.9547305000000001,1500,0,0,0.69444450000000002,15.97222225,3000
49,97,1440000,2,0,0,0,0,134.72222224999999,0.069510000000000002,0.29530800000000001,0.81127099999999996,0,0,1.627084,1500,0.67301199999999994,550,2.0833332499999999,2.0833332499999999,3000
50,11,1440000,5,0,1,0,1,2205.5555557500002,0.063566599497220239,0.17369377581981343,0.85416659005000428,2.0833332499999999,0,4.6172330000000006,1500,1.027876,0,2.7777777499999998,13.194444500000001,3000
50,14,1440000,2,0,1,0,0,3217.3611110000002,0.064329999999999998,0.15776700000000002,0.88665699999999992,0.69444450000000002,0.60094824999999996,1.6512580000000001,1500,1.6525509999999999,0,0.69444450000000002,7.6388889999999998,3000
50,19,1440000,2,0,0,0,1,436.11111100000005,0.087024000000000004,0.16476099999999999,0.88240799999999997,0.69444450000000002,0.064969250000000006,0.68731274999999992,400.52173099999999,1.277034,0,2.7777777499999998,5.5555554999999996,1505.9871069999999
50,20,1440000,28,5,10,0,4,10344.444444500001,0.13533224597229454,0.22743555719635022,0.8637243301558154,8.333333249999999,0.41174700000000003,4.6444229999999997,375.96728066666668,1.9621006666666669,321.5,55.555555500000004,61.111111000000001,312.16945333333337
50,21,1440000,29,3,14,2,2,6031.25,0.12787557915932785,0.22881913932050568,0.85796749038607456,7.6388889999999998,0.51558524999999999,4.9630307499999997,867.28110349999997,1.6068182500000001,335.28125,61.805555750000003,151.38888900000001,910.11193100000003
50,22,1440000,2,0,0,1,0,1643.0555555000001,0.087050000000000002,0.20946399999999998,0.83725899999999998,0,0.18120174999999999,0.33189074999999996,1500,1.355677,112,2.0833332499999999,10.416666749999999,1803.8946329999999
50,46,1005067.1679723,5,0,0,0,0,130.30235836953085,0.06620157609231507,0.34539558926856917,0.87478487848671549,16.914292592654139,0.090492220717438288,5.5630187421184338,1500.0000000000002,0.30676841126364757,0,3.979833475278979,68.586331819689605,2320.4616309310431
50,47,1430943.8981540001,7,0,0,0,0,396.24194961903299,0.055149000000000004,0.24974099999999999,0.85350499999999996,0,0,0,1198.725938,1.6326310000000002,0,0.69883947322467199,0,1170.4539789999999
50,48,1440000,19,0,6,0,0,11754.861111,0.08728855290393138,0.32808756566492964,0.83788042494243564,9.0277777499999985,0.87947025000000012,2.69818625,530.07016299999998,1.5770973333333334,49.714285666666676,15.277778,30.555555500000001,450.95762533333334
50,49,1440000,36,7,10,2,7,13845.138888749996,0.10846608898021591,0.38651923017510242,0.83419930817067867,15.97222225,1.09424275,2.4274202499999999,1016.1513675000002,1.7955272500000001,94.188552000000001,58.333333499999995,126.38888899999998,603.39486299999999
50,50,1440000,38,0,11,1,5,17970.833333249997,0.10070622706560055,0.39978211805417396,0.8392216427854613,13.888888750000001,0.13289874999999998,2.6357537500000001,1500,1.6632703333333334,52.019607999999998,61.805555500000011,93.055555499999997,449.81084233333337
50,51,1440000,13,0,1,0,1,3085.4166667499999,0.078634192212668347,0.36347636461661459,0.85029367026816205,11.805555500000001,0,6.0077542500000005,1500,1.33822,0,0.69444450000000002,111.80555575,1613.285631
50,52,1440000,2,0,0,0,0,1295.8333332500001,0.078905888531318955,0.34171426206165662,0.85982544855341414,3.4722222500000002,0,5.0393352499999997,1500,1.011404,0,0,18.055555499999997,2383.5359054999999
50,53,1440000,7,2,1,1,0,4265.2777777499996,0.1413217841082548,0.33615786063047493,0.81005933441961964,6.25,0,3.9733165000000006,1500,0.89396299999999995,62,12.5,40.972222250000002,3000
50,55,1440000,2,0,0,0,0,120.83333325,0.061850000000000002,0.28879299999999997,0.861599,0,0.26234200000000002,0.6242645,1500,0,0,0,1.388889,2943.9703690000001
50,58,1440000,1,0,0,0,0,694.44444450000003,0.07739299999999999,0.31385400000000002,0.85498200000000002,2.7777777499999998,0.45180500000000007,1.9251939999999998,1500,0.50040200000000001,0,0.69444450000000002,15.97222225,1573.3890619999997
50,67,1440000,8,0,0,0,0,235.41666674999999,0.068453,0.333399,0.76096300000000006,0,0,1.0230934999999999,1500,0,0,0,0,3000
50,69,1440000,1,0,6,0,3,373.61111100000005,0.092035000000000006,0.2402,0.86082999999999987,2.7777777499999998,0.057697249999999999,0.98396725000000007,561.68007399999999,1.8982519999999998,0,29.166666749999997,27.083333250000003,3000
50,70,1440000,6,0,11,0,0,1630.5555555000001,0.11340499999999999,0.27224599999999999,0.86567700000000003,2.7777777499999998,0,0.76515600000000006,536.90536699999996,1.8353720000000002,105.40000000000001,3.4722222500000002,27.083333250000003,3000
50,72,1440000,1,0,0,0,0,620.13888899999995,0.058675000000000005,0.289549,0.79500100000000018,0,0,2.0272139999999998,1500,1.332179,44,0.69444450000000002,0,3000
50,75,1440000,1,0,0,0,0,284.02777774999998,0.062913999999999998,0.29231999999999997,0.82526200000000005,0,0,0.26411024999999999,1500,0,0,0,0,3000
50,78,1440000,1,0,0,0,0,634.02777775000004,0.066562999999999997,0.26386300000000001,0.8266969999999999,0,0.42337674999999991,0.61178599999999994,1500,1.0397209999999999,0,0,0.69444450000000002,3000
50,92,1440000,1,0,0,0,1,929.16666674999988,0.077215999999999993,0.23842099999999999,0.83881099999999997,2.7777777499999998,0.43526099999999995,1.8515090000000001,1500,1.6575830000000003,36,0,15.97222225,3000
51,7,1460458.9510415001,3,0,0,0,0,313.6000498975925,0.040668999999999997,0.133631,0.88745799999999997,0.68471632104885105,0,1.4468031425964794,1500,1.5595809999999997,0,0,0,3000
51,11,1440000,1,0,0,1,0,75,0.029718999999999999,0.13586900000000002,0.84550400000000003,0,0,0,1196.0873369999999,0,0,0,0,3000
51,12,1440000,9,0,6,1,1,6318.75,0.075125296955890403,0.21149311363955758,0.85950735454460547,2.7777777499999998,0,11.548830999999998,1107.1630553333334,1.8371116666666667,517.33333333333337,25,32.638888999999999,3000
51,13,1440000,7,0,0,1,0,2405.5555555000001,0.072887000000000007,0.18677800000000003,0.86087599999999997,2.7777777499999998,0,3.2147077500000001,1413.9440099999999,1.7483,0,8.3333332500000008,14.583333249999999,3000
51,19,1440000,5,0,0,2,0,3531.9444444999999,0.085434541093112312,0.20566113016107734,0.84201234368830435,5.5555557499999999,0.63555374999999992,2.7615467499999999,770.12905450000005,1.173943,88.5,3.4722222500000002,20.833333250000003,1205.8546945000001
51,20,1440000,78,0,14,4,5,17975,0.10624145545516232,0.26410704299962917,0.85197102743009823,18.75,0.95342475000000004,2.6201734999999999,1108.8047343333333,1.5435943333333333,329.78632499999998,32.638889000000006,81.944444500000003,585.56001800000001
51,21,1440000,68,6,22,6,7,17304.166666749999,0.11494139112288168,0.29898007962128642,0.85494547259004283,13.194444249999998,1.2607072500000001,4.4033875,1399.5800697500001,1.8639519999999998,359.76719125,92.361111249999993,125,1391.1699294999999
51,22,1440000,4,2,2,0,0,4429.8611112499993,0.089169942781351513,0.23710174118223551,0.84945827433783883,6.25,0.3095155,2.1923322499999998,1500,1.4285460000000001,0,2.7777777499999998,18.75,2391.7301859999998
51,26,1440000,1,0,0,0,0,417.36111100000005,0.06905,0.15824199999999999,0.86202000000000012,0.69444450000000002,0,1.5907285,1500,1.0397209999999999,0,1.388889,4.1666667500000001,3000
51,48,1440000,6,0,0,0,0,1285.4166667499999,0.081245502429021829,0.41921638087311219,0.83955810697207456,4.8611110000000002,0.42751999999999996,3.060314,1443.9342830000001,0.80773399999999995,0,3.4722222500000002,26.388889000000002,1043.037644
51,49,1440000,45,2,15,7,2,15926.388888750002,0.11713177395996847,0.25768757211979604,0.83338373314721514,17.36111125,0.15043224999999999,8.9503625000000007,1402.3413552499999,1.6362000000000001,346.5,30.555555500000001,93.749999750000015,843.59471450000012
51,50,1440000,66,1,15,8,2,15563.88888875,0.090914797162295419,0.26941622804829451,0.83989860757633772,32.63888875,1.534796,6.7520984999999998,1338.8211329999999,1.70012075,299.25694449999997,39.58333325000001,248.61111124999994,1436.7279522499998
51,51,1440000,25,2,5,0,0,9825.6944442500007,0.080292180648730324,0.28844257544790169,0.83122794833498226,15.97222225,0,3.7283080000000002,1500,1.3493472500000001,237.08333325000001,6.9444445000000004,80.555555500000011,2033.6563102499999
51,52,1440000,16,1,5,2,1,12762.5,0.17019935945144621,0.23709225448920987,0.8475206044726048,5.5555557499999999,0,2.74381275,1500,1.8727179999999999,161,38.88888875,4.8611112500000004,2949.2537904999999
51,57,1440000,8,2,2,2,1,6571.5277777499996,0.082643952974629273,0.32259254094882001,0.82061154750068943,10.416666500000002,0.87714375,5.2195229999999997,1500,1.8968939999999999,83.944444499999989,5.5555554999999996,61.805555750000003,341.2223515
51,58,1440000,5,0,8,0,0,8701.3888889999998,0.090676089624838294,0.30338040422936147,0.82212453184346146,11.805555499999999,0.15466949999999999,7.1307605000000009,1500,1.7672890000000001,42.166666666666664,28.472222250000005,39.583333249999995,1107.1652139999999
51,59,1440000,4,0,4,0,0,3982.6388889999998,0.087888999999999995,0.27025700000000002,0.81284299999999998,4.8611110000000002,0.17421099999999998,2.2840542500000001,1500,1.789031,39.5,9.7222222499999997,8.3333332500000008,2137.0913390000001
51,64,1440000,2,0,0,0,0,1202.0833334999998,0.057000155977404848,0.20915331716027638,0.8415799999983643,0,0.65665574999999998,0.54797750000000001,1500,0.57452999999999999,0,0.69444450000000002,6.25,2947.0241369999999
51,65,1440000,2,0,0,0,0,369.44444449999997,0.042019999997775039,0.28382507518410793,0.86351728571738073,0,0.28060499999999999,0.039948000000000004,1358.7929239999999,0.25020100000000001,0,0,1.388889,2389.4351845000001
51,68,1440000,9,0,0,0,0,216.66666674999999,0.036483999999999996,0.30504300000000001,0.87370200000000009,0.69444450000000002,0.35206375000000001,1.3178430000000001,176.257936,1.332179,0,2.7777777499999998,2.0833332499999999,3000
51,69,1440000,3,0,0,0,0,145.83333325000001,0.069023000000000001,0.34540100000000007,0.80337799999999993,0.69444450000000002,0,1.9248387500000002,1073.4106869999998,0,0,0,0,3000
51,86,1440000,1,0,0,0,0,716.66666674999999,0.11321099999999999,0.26085000000000003,0.89162600000000003,0,0.46252550000000003,0.63769425000000002,946.76347499999997,1.054721,0,0.69444450000000002,1.388889,3000
51,87,1440000,2,0,0,0,0,2257.6388889999998,0.10752772869889159,0.26994429006462695,0.85905396431868963,2.7777777499999998,0,1.7146477500000001,1454.6374139999998,1.1375900000000001,0,2.7777777499999998,5.5555554999999996,2905.9448724999997
51,88,1440000,1,0,1,0,0,691.66666674999999,0.088161000000000003,0.183832,0.85021200000000008,0,0,1.5862639999999997,1500,0,0,0,0,2854.892953
51,91,1440000,2,0,0,0,0,1179.8611110000002,0.079743901117475674,0.31359860094376146,0.84400584520328681,3.4722222500000002,0.43422299999999997,1.228056,1500,0.87152799999999986,128,4.8611110000000002,18.055555500000001,2401.4951110000002
51,97,1440000,1,0,0,0,0,75.694444499999989,0.073649999999999993,0.20400799999999999,0.84590300000000007,0,0,0.99242450000000004,1500,0,0,0,1.388889,3000
52,9,1440000,2,0,0,0,0,168.0555555,0.083748000000000003,0.18215200000000001,0.82524599999999992,0,0.1600915,0.55845075,1500,0,0,0,0,3000
52,11,1440000,1,0,1,0,0,477.0833332499999,0.078972000000000001,0.13530300000000001,0.85388999999999993,0,0,0.87887525000000011,1282.477306,0.95027099999999987,0,0.69444450000000002,1.388889,3000
52,12,1440000,1,0,0,0,0,31.944444499999999,0.11636099999999999,0.25260700000000003,0.83882999999999996,0,0,1.5372107500000001,995.59409399999993,0,0,0.69444450000000002,0.69444450000000002,3000
52,16,1440000,1,0,1,0,0,1089.5833332499999,0.159721,0.26835900000000001,0.89480200000000021,5.5555554999999996,0,1.1232727500000002,1028.340999,1.7711779999999999,173,4.1666667500000001,11.805555499999999,3000
52,17,1440000,11,0,7,1,1,7193.0555557499993,0.067270347171322201,0.21958671307207855,0.85468060417065927,10.416666750000001,0.74962874999999995,3.0281877499999994,585.68415800000002,1.7237169999999999,738.10000000000002,20.833333250000003,37.5,3000
52,18,1440000,5,0,0,0,0,4453.4722222500004,0.07665385981600209,0.21090514876023614,0.84095068906901482,6.9444445000000004,0.67312850000000002,4.0848377499999993,960.2351564999999,1.7708785,487.5,8.3333335000000002,25.694444499999999,2772.2508474999995
52,21,1440000,8,1,1,1,1,8916.6666665000012,0.10554931775700999,0.23821040560746642,0.85709620280372922,4.8611110000000002,0.42481175000000004,2.6033894999999996,1500,1.9167070000000002,344.45833349999998,9.7222222499999997,31.25,1936.0947435000003
52,48,1440000,2,1,1,0,0,452.77777774999993,0.050270000000000002,0.101284,0.89373099999999994,0,0,1.78784575,1500,1.3510389999999999,0,0,15.27777775,2168.23407
52,49,1440000,31,5,15,3,1,14678.47222225,0.10089444656298681,0.23243982386338183,0.84553157699760717,19.44444425,0,9.2335320000000003,926.37119599999983,1.71924275,266.17605624999999,17.36111125,208.33333299999998,1599.3168200000002
52,50,1440000,21,1,9,0,2,7069.4444444999999,0.09783844115856033,0.22448278074751743,0.84981259931252151,15.97222225,0.98119475,3.9928852500000001,520.66098,1.4797527500000001,220.65000000000001,18.75,163.88888875000001,1453.3889750000001
52,51,1440000,8,1,2,0,0,3729.1666667499999,0.14341624785840118,0.24090552681570201,0.85262060502758197,4.1666667500000001,0.43225274999999996,0.94037225000000002,1364.8187216666668,1.6091893333333334,117.44444433333334,18.750000250000003,39.58333325000001,1821.0644923333332
52,52,1440000,1,0,0,0,0,1473.6111109999999,0.16747200000000001,0.21897800000000003,0.89785800000000004,0,0,0,1500,0,0,1.388889,1.388889,2801.0615699999998
52,57,1440000,10,0,9,0,1,11393.055555499999,0.085501344812882921,0.35067529324590369,0.82221260020727061,14.583333500000002,0.97094275000000008,7.268033,1500,1.841702,860.26666666666665,27.083333249999995,79.861111000000008,734.95257500000014
52,58,1440000,1,0,4,0,0,3802.7777777500005,0.15273299999999998,0.38138899999999998,0.802921,2.0833332499999999,0.43183325000000006,1.21812725,1500,1.8255029999999999,238.42857100000001,14.583333249999999,5.5555554999999996,914.54970900000001
52,65,1440000,18,1,2,0,0,2397.22222225,0.093616061413151389,0.30820456662550283,0.80846078563221091,0,0.8443352500000002,3.8930722499999999,323.69753750000001,1.5772804999999999,0,6.9444445000000004,11.805555750000002,1152.6942565000002
52,68,1440000,2,0,0,1,0,86.805555500000011,0.063728999999999994,0.143014,0.76595299999999999,0,0,1.1313102500000001,1092.2828029999998,0,0,0.69444450000000002,0,3000
52,80,1440000,3,0,0,0,0,372.22222225000002,0.062226999999999998,0.17910000000000001,0.84253999999999996,0,0,1.01321225,1500,0,0,0,0.69444450000000002,3000
52,87,1440000,2,0,0,0,0,1411.1111112500002,0.080261075294669859,0.23868767175108335,0.84919171112194147,4.1666667500000001,0.49544725000000001,0.73798925000000004,1500,1.5718855,115.16666650000002,9.7222222499999997,6.9444445000000004,2284.7584200000001
52,89,1440000,4,1,3,0,0,4251.3888889999998,0.12674199999999999,0.33003299999999997,0.87303999999999993,2.0833332499999999,0.44880800000000004,2.1142157500000001,1500,1.9019150000000005,52,4.8611110000000002,35.416666749999997,1194.407557
52,90,1440000,9,0,2,0,2,15699.305555499999,0.087015775335022583,0.27361599858456753,0.84961420064579452,9.7222222499999997,0.73670475000000002,6.5371712500000001,1500,1.5326147500000002,0,11.805555499999999,25,1265.000006
52,91,1440000,18,0,8,0,1,17679.861110999998,0.093009218390330509,0.32671056039105345,0.84032638713223262,13.888889000000001,0.88485274999999997,6.2425612499999996,1500,1.6867536666666667,145.25,33.333333250000003,65.277777749999984,1664.6861723333332
52,92,1440000,2,0,0,0,1,559.02777775000004,0.069544110560947434,0.34067330558454306,0.82995254533936214,2.0833335000000002,0,2.0324537499999997,1500,1.0608389999999999,0,0.69444450000000002,12.5,2597.5689365000003
52,93,1440000,1,0,0,0,0,390.27777774999993,0.042832000000000002,0.25715700000000002,0.84372900000000006,1.388889,0,1.5529772499999999,1500,0.96670400000000012,0,0.69444450000000002,3.4722222500000002,3000
53,7,1440000,1,0,0,0,0,254.86111099999999,0.049423000000000002,0.17472599999999999,0.85007299999999997,0,0.22699149999999996,0.32377050000000002,1500,0,0,0,0,3000
53,9,1440000,5,0,1,0,1,105.5555555,0.041095,0.215475,0.82277199999999995,0,0,0.039941000000000004,1500,0,0,0,0.69444450000000002,3000
53,16,1440000,13,2,4,3,2,10212.49999975,0.090352511627963594,0.23397140718071277,0.85555685522921765,10.416667,0,7.1093085,837.30282566666654,1.8304683333333331,157.77777766666665,34.722222250000002,31.944444499999999,3000
53,17,1440000,2,0,0,0,0,2261.1111112500002,0.071059827395682687,0.21311209705133749,0.84942807002442566,1.388889,0.85001525,1.8020779999999996,301.47071949999997,1.135866,0,9.7222222499999997,12.5,3000
53,21,1440000,5,0,7,2,1,7689.5833334999998,0.12216398013216406,0.21977739935031293,0.85775951919091409,5.5555557499999999,0.83411199999999996,3.2972587499999997,1500,1.6959015000000002,565.16666674999999,21.527777749999998,15.27777775,2958.6435174999997
53,48,1459973.998140583,19,4,7,0,0,1929.4864179688952,0.055191834219592076,0.18277805963581956,0.84350972417473447,2.739774793999334,0,4.7509419817297989,1500,1.3723984999999999,0,1.369887520289534,30.13752298057241,2020.1111655000002
53,49,1440000,25,0,7,5,1,8042.3611110000002,0.094658042655866345,0.22436771384168322,0.84102312900442466,4.8611112500000004,0,7.758588500000001,1274.6813036666667,1.8440400000000001,692.68888900000002,14.583333249999999,59.027777499999999,1040.0010783333335
53,50,1440000,30,0,6,4,2,5035.4166667500003,0.10528803489166717,0.29726422079739767,0.85705047483106966,6.9444447500000006,0.87100975000000003,3.1434939999999996,996.88556233333327,1.485495,307.33333333333331,24.305555500000001,250.00000025,471.50177533333334
53,51,1440000,37,5,9,1,4,7795.1388887499998,0.15212201006693568,0.28382395946597466,0.86017358538998523,8.333333249999999,1.0486105000000001,1.77832075,1401.5609143333334,1.4691333333333334,253.42857133333337,49.305555749999989,53.472222250000002,1283.0387330000001
53,52,1440000,7,0,1,1,0,1272.9166667499999,0.19565449808996718,0.22822163938970261,0.89083587725049507,0,0,1.3608690000000001,1500,1.1269285,0,9.0277777500000003,0.69444450000000002,2196.4333474999999
53,53,1440000,3,2,1,0,0,1262.5,0.213784,0.195134,0.87271200000000004,0.69444450000000002,0,0,1500,1.5851,158,2.7777777499999998,0.69444450000000002,3000
53,54,1440000,2,1,0,0,0,2688.8888889999998,0.177284,0.21693800000000002,0.85756200000000005,0,0,1.5147122499999999,1500,1.7993919999999999,316.5,33.333333250000003,2.0833332499999999,2834.3457050000002
53,56,1440000,4,0,1,0,1,4994.4444442499998,0.10703942644657991,0.22510458509269063,0.81979115711890327,10.416666750000001,0.78280199999999989,4.0945514999999997,1500,1.2219346666666666,257.16666666666669,3.4722222500000002,61.11111125,2380.0001069999998
53,57,1440000,1,0,0,0,0,351.38888900000001,0.060534000000000004,0.26761099999999999,0.83874699999999991,0.69444450000000002,0,1.53275775,1500,1.277034,0,3.4722222500000002,2.0833332499999999,1656.694923
53,59,1440000,1,1,0,0,0,662.5,0.063206999999999999,0.24783200000000002,0.831758,0.69444450000000002,0.52702150000000003,2.03065425,1500,1.149152,0,0,3.4722222500000002,3000
53,60,1440000,1,0,0,1,0,147.22222224999999,0.088373999999999994,0.45056000000000002,0.86629800000000001,0,0.53506949999999998,0.78060649999999987,1500,1.3862940000000001,0,0,13.888889000000001,3000
53,64,1440000,4,0,0,0,0,572.91666650000002,0.069655840001220742,0.33992663999176048,0.78848080000095488,0,0.31191325000000003,1.3949784999999999,1402.788689,0.28116750000000001,0,1.388889,1.388889,1489.4296605
53,65,1440000,4,1,2,0,0,3843.75,0.069913219872778126,0.27362236169744542,0.82958644173473162,4.8611112500000004,0.57378300000000004,5.1625094999999996,815.45726649999995,1.8906864999999999,22.25,13.194444499999999,19.44444425,302.88269000000003
53,66,1440000,1,0,0,0,0,864.58333325000012,0.087696999999999997,0.319193,0.84503400000000006,0,0.042638000000000002,0.12900125000000001,664.92890299999999,0.68290799999999996,0,0,2.0833332499999999,729.55816100000004
53,67,1440000,5,0,0,0,0,315.27777774999998,0.042351,0.144901,0.84830699999999992,0,0,1.0230975,1167.0038769999999,0,0,0.69444450000000002,0.69444450000000002,1873.7763760000005
53,69,1440000,3,0,0,0,0,521.52777775000004,0.069003177097281668,0.33778361384580341,0.79259792676310559,0,0,1.443362,1500,0.52746000000000004,0,3.4722222500000002,1.388889,3000
53,76,1440000,1,0,0,0,0,105.5555555,0.043972000000000004,0.27043299999999998,0.88425999999999993,0,0.49413974999999999,0,1500,0,0,0.69444450000000002,1.388889,3000
53,86,1440000,1,0,0,0,0,334.72222225000002,0.091166999999999998,0.247754,0.84151299999999996,0,0,0.26990875000000003,1500,0,0,3.4722222500000002,0,3000
53,88,1440000,11,2,4,1,0,6320.8333334999988,0.12279603691477607,0.29730562096270285,0.85885726038215304,3.4722225000000004,0.46322699999999994,2.5428162500000004,903.58156766666673,1.2651773333333334,177.88888900000001,24.305555499999997,33.333333250000003,810.20763166666666
53,89,1440000,35,4,19,0,5,18374.305555250005,0.1375715650252429,0.37654175063356515,0.87554732450211026,9.0277777500000003,0.83195474999999985,10.63309975,843.29507299999989,1.909373,424.86080600000008,79.861110999999994,45.138888999999999,513.65091025000004
53,90,1440000,56,3,24,3,13,36412.5,0.1095041175953692,0.3905880609907087,0.86866552519355233,17.361111000000001,1.22949825,14.613951249999998,1474.27436425,1.8896172500000001,406.44364324999998,80.555555499999997,81.25,426.98826624999998
53,91,1440000,5,0,8,0,0,12138.194444500001,0.090594893872633142,0.30728475227393498,0.84795396378513621,2.7777777499999998,0.060266249999999993,3.2141289999999998,1500,1.7304615000000001,403.83333349999998,14.583333500000002,20.13888875,847.25479200000007
53,97,1440000,9,0,1,1,1,177.08333325000001,0.10040199999999999,0.27390599999999998,0.85728400000000005,0,0,2.0321484999999999,1500,0.69314700000000007,0,2.0833332499999999,0,3000
54,16,1440000,27,2,8,1,0,9763.8888889999998,0.089770174608953701,0.20461821934570137,0.86819606593177823,19.444444500000003,1.3417345000000001,8.60669225,1021.3991280000001,1.6403840000000001,47,18.05555575,40.972222250000002,3000
54,18,1440000,1,0,0,0,0,1159.02777775,0.079489000000000004,0.226492,0.86604199999999998,0,0.31920225000000002,2.7348622499999999,1500,1.153742,0,0.69444450000000002,2.0833332499999999,2929.9087440000003
54,19,1440000,1,0,0,0,0,1343.75,0.083807000000000006,0.198856,0.85058199999999995,2.0833332499999999,0,1.17111575,1500,1.6405990000000001,0,6.25,4.8611110000000002,2187.6210430000001
54,21,1440000,1,0,0,0,0,913.88888900000006,0.13079299999999999,0.25316100000000002,0.91177000000000008,0,0.41668349999999998,0.55260874999999998,1500,1.2281059999999999,0,0.69444450000000002,19.444444499999999,3000
54,48,899382.17504070012,1,0,0,0,0,325.77919395249381,0.091562000000000004,0.21824000000000002,0.86007400000000001,3.3356230123909669,0,0.76838547524997003,1500,0,0,1.1118744708885815,1.1118744708885815,2100.6631280000001
54,49,1440000,35,1,7,1,0,2343.75,0.066443923852389231,0.21398249896532462,0.82884553392627347,6.9444445000000004,0,5.62768275,1500,0.95214899999999991,0,2.7777780000000001,30.555555500000001,1492.3912446666668
54,50,1440000,44,1,10,3,0,11215.972222249999,0.11123725366909817,0.23746565884545562,0.84641103256779782,6.9444445000000004,0.74436449999999987,4.3977734999999996,1183.317483,1.2569005000000002,613.25,13.888888749999998,97.916666750000005,1038.5376247499998
54,51,1440000,41,2,14,4,2,12870.833333250001,0.13437004726445748,0.23976487029250956,0.84600160542785996,10.416666499999998,0.79186875000000001,6.3976107500000001,513.8121577500001,1.5968547499999999,387.02380975,41.666666750000005,93.055555499999997,985.67696924999984
54,52,1440000,17,0,2,1,2,6086.1111110000002,0.1506002222738563,0.24385767001430264,0.84858837517160723,2.0833335000000002,0.31052099999999999,2.5891434999999996,1193.9989556666667,1.6007323333333334,502.95454533333339,36.805555750000003,43.055555749999996,1234.3828466666666
54,53,1440000,6,0,0,0,0,602.77777775000004,0.18729200000000004,0.23536500000000002,0.877579,0,0,0,1500,0.69314700000000007,0,0.69444450000000002,2.7777777499999998,1999.9151969999998
54,54,1440000,15,0,2,0,2,3711.8055555000001,0.085883958092096244,0.2257108533212204,0.82634684116000201,6.9444445000000004,0.45541899999999996,4.7628762499999997,1500,1.4720003333333331,180.55555566666666,20.138888999999999,68.75,1787.8318759999997
54,55,1440000,2,0,1,0,0,3979.8611110000002,0.086074406735178785,0.27006418164426532,0.81480843098930367,5.5555554999999996,0.84770824999999994,0.48724899999999993,1500,1.2700659999999999,273.25,4.8611112500000004,34.722222250000002,2472.3082639999998
54,56,1440000,19,4,9,0,2,9744.4444442500007,0.099211862742253146,0.27614405972033179,0.8340171706100119,5.5555554999999996,0.81752524999999987,8.0402494999999998,1500,1.8339116666666668,496.80292400000002,44.444444499999996,63.194444499999996,3000
54,57,1440000,9,0,10,0,2,1697.9166665000002,0.10319017055245462,0.21157131288313216,0.84378699877319097,3.4722222500000002,0.57010625000000004,1.7322837500000001,1500,1.4256175000000002,378.78571449999998,15.27777775,66.666666500000005,2936.3908735
54,58,1440000,8,0,6,0,1,2760.4166665000002,0.079366406037524012,0.22829106993694259,0.83746440201285699,2.0833332499999999,1.01395225,0.92920700000000001,1500,1.1468663333333333,58.333333333333336,4.8611112500000004,49.305555750000003,3000
54,59,1440000,1,0,0,0,0,180.5555555,0.085264999999999994,0.26733699999999999,0.76373000000000002,0.69444450000000002,0,1.0023715,1500,0,0,0,2.0833332499999999,2557.960231
54,62,1440000,1,0,1,0,0,161.8055555,0.066513000000000003,0.24480500000000002,0.80464300000000011,0,0,1.5061864999999997,1500,0.50040200000000001,0,0.69444450000000002,0.69444450000000002,2950.91131
54,65,1440000,1,0,1,0,0,50,0.056510000000000005,0.268231,0.92875400000000008,0,0,0,847.34704099999999,0,0,0,0,1548.6413109999999
54,67,1440000,4,0,0,0,0,138.1944445,0.082262000000000002,0.26235599999999998,0.82547800000000005,0,0,0.7469967500000001,1500,0,0,0,0,2618.805531
54,68,1440000,1,0,0,0,0,98.611111000000008,0.039685000000000005,0.18724499999999999,0.82823400000000003,0,0,0.69602775000000006,1500,0,0,0.69444450000000002,0,3000
54,69,1440000,1,0,0,0,0,59.027777749999998,0.054362000000000008,0.34935100000000002,0.84196700000000002,0,0,0.66209200000000001,1500,0,0,0,0,3000
54,75,1440000,1,0,0,0,0,93.75,0.10542600000000001,0.19808399999999998,0.84187999999999996,0,0.19984100000000002,0.81628599999999985,1500,0.69314700000000007,0,0.69444450000000002,0.69444450000000002,3000
54,88,1440000,9,0,11,2,0,5231.9444442499998,0.097040019112325071,0.27588244677456358,0.85139499774385163,13.888888750000001,1.1628150000000002,5.9814462499999994,976.53548599999999,1.270912,123.22916675,22.916666749999997,94.444444250000004,1420.2501090000001
54,89,1440000,17,1,9,0,2,16175,0.099873959428027959,0.29413409458172002,0.85319143366816852,7.6388887500000004,0.98750749999999987,7.1003177499999994,775.50034849999997,1.7060167500000001,250.85416674999999,40.972222500000001,69.444444250000004,978.17529050000007
54,90,1440000,25,1,20,1,0,17589.583332999999,0.096765442694134174,0.3426000570889367,0.85486155312097467,12.5,1.5074434999999997,5.9984087499999994,1469.4032015,1.5508802500000001,473.42857150000003,28.472221999999995,61.805555500000004,579.79568775000007
54,91,1440000,8,0,3,0,0,7125,0.094157273391630006,0.33930819697819808,0.85530308177368208,2.0833332499999999,0,4.791933750000001,1025.257251,1.3071044999999999,48,9.0277777500000003,25,1487.4450745000001
54,92,1440000,1,0,1,0,0,640.27777775000004,0.092050000000000007,0.27723500000000001,0.81554199999999999,0.69444450000000002,0,0.85711749999999998,312.24965099999997,1.0905989999999999,0,0,0.69444450000000002,2421.7762539999999
54,94,1440000,1,0,0,0,1,201.38888899999998,0.038835000000000001,0.26038499999999998,0.80837700000000001,0,0,0.71144025,1500,1.332179,0,0,0,3000
54,97,1440000,1,0,1,0,0,5.5555554999999996,0.18749999999999997,0.62,0.87501200000000023,0,0,0,1500,0,0,0,0,3000
55,9,1440000,1,0,0,0,0,344.44444449999997,0.041911000000000004,0.141538,0.83809,0,0,0.14660125000000002,1500,0,0,0,0.69444450000000002,3000
55,16,1440000,3,0,0,0,0,1311.1111109999997,0.075224304025547986,0.17070730401759943,0.90465803919548293,0.69444450000000002,1.4633397499999998,3.8098539999999996,481.11313099999995,0.231049,0,9.0277779999999996,23.611111000000001,2971.1909603333334
55,17,1440000,5,0,1,1,0,2670.8333334999998,0.093688394175300185,0.2206154175766625,0.87128503276122493,0.69444450000000002,0,2.7411815000000002,927.76657849999992,1.3690089999999999,0,6.9444445000000004,11.111110999999999,2243.9458549999999
55,18,1440000,1,0,0,0,1,816.66666674999988,0.082058000000000006,0.206342,0.86614899999999995,0,0.27684074999999997,1.5385467500000003,1500,1.1627000000000001,0,0.69444450000000002,2.0833332499999999,1610.5484739999999
55,19,1440000,3,1,1,0,0,2690.97222225,0.10522152851585348,0.20624263096787823,0.87727212206445426,2.0833335000000002,0.26450475000000001,3.3081460000000003,1500,1.5253645,71.5,5.5555554999999996,4.8611110000000002,1691.3879130000003
55,49,1185019.7350240999,23,5,9,2,0,3401.6977842163537,0.091869554304821244,0.27151416084905933,0.83078776921544861,5.0632067387514379,0,6.9895980307803898,1500,1.483134733037192,211.70925055766764,1.6671969482445792,62.280188592419911,2298.003545818467
55,50,1440000,72,3,16,12,4,12585.416666749999,0.10353943960705772,0.26091755266750172,0.84515398372247186,11.805555499999999,0.59931449999999997,10.868304499999999,1342.4080325,1.1545015000000001,269.09090900000001,20.138888999999999,116.66666649999999,1638.7518077499999
55,51,1440000,144,10,46,19,25,18051.38888875,0.11964670370083885,0.28705856878498937,0.85979722224358368,7.6388889999999998,0.98430474999999995,8.4124040000000004,754.25320924999994,1.7109267500000001,435.91512550000004,100.00000025000001,123.61111125000001,569.22744100000011
55,52,1440000,17,2,10,0,1,6940.9722224999996,0.11901898079017342,0.25573195287630918,0.85529467563772843,4.8611112500000004,0.57120375000000001,2.5516227500000004,506.93838400000004,1.62624075,309.5,25,27.083333000000003,923.80970224999987
55,53,1440000,21,1,8,4,0,10101.388889000002,0.10991652722346601,0.20807916306876265,0.8398599951195751,9.7222222500000015,0.58201399999999992,3.1197912500000005,1389.765834,1.3519767499999999,38.333333250000003,14.583333499999998,79.166666750000005,687.76654475000009
55,55,1440000,1,0,0,0,0,311.11111099999999,0.101243,0.18816300000000005,0.81419200000000003,1.388889,0,0.80995800000000007,1500,1.6582279999999998,833,1.388889,6.25,2464.432159
55,56,1440000,1,0,1,0,0,93.055555500000011,0.075911000000000006,0.199908,0.87538600000000011,0.69444450000000002,0,0.59979099999999996,1500,1.6715950000000002,0,0,4.1666667500000001,2921.9701260000002
55,57,1440000,15,1,7,0,0,7926.3888887499998,0.11552911766255596,0.21278290205010758,0.81985108025230902,1.388889,0,3.0193282499999996,1500,1.7301745000000002,0,10.416666750000001,9.7222222500000015,3000
55,58,1440000,1,0,1,0,0,2512.5,0.095910999999999996,0.22027099999999999,0.81137099999999995,1.388889,0.44019799999999998,0.96198849999999991,1500,1.6615220000000002,470.28571399999998,3.4722222500000002,4.1666667500000001,3000
55,59,1440000,7,3,3,0,0,2694.4444442499998,0.097486012370980604,0.21060467087601328,0.84431151211362088,2.0833335000000002,0.86154949999999986,0.42918450000000002,1500,1.4648393333333334,182.12121200000001,6.9444445000000004,9.0277777500000003,2035.9934453333333
55,60,1440000,1,0,0,0,0,1825.6944444999999,0.12289000000000003,0.22003699999999998,0.84504799999999991,0.69444450000000002,0.42293350000000002,0,1500,1.1900759999999999,0,2.7777777499999998,0.69444450000000002,1246.6051130000001
55,61,1440000,1,1,0,0,0,414.58333325000001,0.053435000000000003,0.177756,0.85415300000000005,0,0.35835400000000001,0.13313549999999999,1500,1.309016,198,0.69444450000000002,4.8611110000000002,1254.0140490000001
55,64,1440000,2,0,1,1,0,140.27777775000001,0.068002999999999994,0.19090399999999999,0.82539200000000001,1.388889,0,0.9076742499999999,1500,1.0296530000000002,0,0,1.388889,2972.2923510000001
55,66,1440000,14,0,7,1,0,1077.0833335,0.12344207737173615,0.2188329071627669,0.86391258091423073,0.69444450000000002,0.42682225000000001,0.31133175000000002,449.13782449999997,1.6572015,0,6.9444445000000004,8.333333249999999,961.20067449999999
55,67,1440000,12,0,2,0,0,483.33333325000001,0.11932281755035774,0.26367524282697297,0.81553059336781841,0,0,3.5493357500000005,1361.3518697500001,0.79100824999999997,0,5.5555557499999999,4.1666670000000003,1637.8582507499996
55,69,1440000,11,1,2,0,0,522.91666674999988,0.095153143429797277,0.37132944755279795,0.80722689642126655,0,0,2.2803352499999998,1500,0.47513549999999993,0,1.388889,1.388889,3000
55,72,1440000,1,0,1,0,0,210.41666674999999,0.083040000000000003,0.27860100000000004,0.787269,0,0,0.081735249999999995,1500,0,0,0,0,3000
55,79,1440000,4,0,0,0,0,2.7777777499999998,0.25,0.62,0.75002500000000005,0,0,0.96018974999999995,1500,0,0,0,0,3000
55,85,1440000,2,0,0,0,0,576.38888900000006,0.078120359035128803,0.24949829398388695,0.82036861446115927,0,0,3.8032610000000004,1500,0,0,0,0,3000
55,87,1440000,3,0,1,0,0,257.63888875000004,0.053715455538401319,0.26661341509125336,0.78570927763330145,0,0,1.7265809999999997,1500,0.63651400000000002,0,2.7777777499999998,2.0833332499999999,2827.9315775
55,88,1440000,2,0,2,0,0,346.52777774999998,0.088374999999999995,0.27197500000000008,0.87753700000000012,0.69444450000000002,0.21141199999999999,0.73148150000000012,1500,1.8566229999999997,0,5.5555554999999996,2.7777777499999998,2072.5408039999998
55,89,1440000,5,1,0,0,0,1172.22222225,0.085797999999999999,0.28608099999999997,0.83770699999999998,0,0.15706524999999999,0.44537100000000002,1463.0545830000001,1.7345270000000002,0,1.388889,4.8611110000000002,1856.8306519999996
55,90,1440000,5,0,2,0,0,3659.72222225,0.087400231119426727,0.2725205571155353,0.83630176565458469,2.0833335000000002,0.82207850000000005,3.5588465,1500,1.391178,0,3.4722222500000002,9.0277777500000003,1587.7001523333333
55,92,1440000,2,1,0,1,0,637.5,0.048606000000000003,0.24638299999999999,0.87537700000000018,0.69444450000000002,0.41667124999999988,0.41184475000000004,1500,1.479133,0,0,0.69444450000000002,3000
55,93,1440000,1,0,0,0,0,756.25,0.093119000000000007,0.27464499999999997,0.84620499999999987,0,0.22718474999999999,0.07069774999999999,1500,1.494175,0,0,0.69444450000000002,3000
55,94,1440000,1,1,0,0,0,3903.4722222499995,0.098323000000000008,0.241925,0.84555400000000014,2.0833332499999999,0.093073500000000003,0,1500,1.524707,1128,1.388889,0.69444450000000002,3000
55,95,1440000,1,0,0,0,1,298.61111099999999,0.069947999999999996,0.32952300000000001,0.79048200000000002,0.69444450000000002,0,2.07662375,1500,1.3055450000000002,0,1.388889,0,3000
56,7,1440000,8,0,2,0,1,2469.4444442499998,0.08490566451069706,0.22866423397063804,0.86333779443180714,6.9444445000000004,0,3.7421964999999999,1500,1.6217964999999999,163.25,6.25,9.0277777500000003,3000
56,17,1440000,3,2,3,0,0,2768.75,0.134718,0.25334499999999999,0.86289500000000008,4.1666667500000001,0,2.32719275,1111.334887,1.9314439999999999,821,12.5,3.4722222500000002,1590.6688869999998
56,18,1440000,2,1,1,0,0,1404.1666667500001,0.131132,0.210344,0.85634100000000002,0,0,1.3278847499999999,648.32613800000001,1.8734520000000003,0,5.5555554999999996,1.388889,1017.156583
56,49,502335.81686899997,8,0,2,2,1,2199.6230816040566,0.097062267187823875,0.24909339962786139,0.86970571364472316,5.9721003880865684,0,5.4983226593793901,1500,1.7232863135321914,592.51734348117918,8.2343828994109494,23.759536927600241,2826.9961993424204
56,50,1440000,152,5,30,33,9,19814.583333499999,0.10129433410432825,0.25711457684086392,0.85088699334099804,9.7222222499999997,0.41464774999999998,10.865703,1500,1.870876,507.03964925000002,92.361111249999993,43.055555750000003,2199.9728745000002
56,51,1440000,227,6,49,39,11,22815.972222000004,0.10896546553043032,0.32204136560706365,0.85669849800644005,15.27777775,1.09132575,15.398255750000001,1366.0905647500001,1.6911602499999998,433.18023175000002,54.16666674999999,177.08333349999998,1576.4798455
56,52,1440000,41,0,9,13,0,8434.0277777499996,0.10214202536011439,0.28453772548331829,0.84158124174554239,13.194444750000001,1.0116595000000002,6.8989140000000004,1223.1493,1.3737887500000001,223.04166674999999,23.611111249999997,97.916666750000005,1531.1332200000002
56,53,1440000,24,1,10,4,0,4934.7222224999996,0.12484995524849667,0.23993046200287213,0.82539360385708849,7.6388889999999998,0.47308175000000008,3.4049870000000002,1500,1.663894666666667,37.333333333333336,13.888889000000001,166.66666674999999,647.61378233333335
56,54,1440000,15,1,6,4,6,3564.5833335000007,0.092249659457195779,0.18117664660097993,0.83835888856643326,4.8611112500000004,0.87186275000000002,6.589398000000001,1500,1.59900625,8.25,10.416666750000001,16.666666499999998,526.54927499999997
56,56,1440000,1,0,1,0,0,769.44444450000015,0.035538,0.149786,0.88665799999999995,0,0.42566975000000007,1.0768845,1500,0.32508300000000001,0,0.69444450000000002,11.805555499999999,2402.8531109999999
56,57,1440000,4,0,4,0,0,1849.3055555000001,0.094921000000000005,0.19530699999999998,0.80498700000000001,2.7777777499999998,0.45317524999999997,1.0093637500000001,1500,1.7606330000000001,677.81818199999998,4.1666667500000001,2.7777777499999998,3000
56,58,1440000,3,0,0,0,0,488.19444450000003,0.070796999999999999,0.23058299999999995,0.80259999999999998,2.0833332499999999,0.38800524999999997,0.80039174999999996,1500,0.93688799999999994,0,0,3.4722222500000002,3000
56,59,1440000,2,0,0,0,0,615.97222224999996,0.058189644875936211,0.2015266663069899,0.83773183764746229,0,0,0,1500,0,0,0,0.69444450000000002,1826.1557275000002
56,60,1440000,1,0,0,0,0,17.361110999999998,0.18285199999999996,0.34999999999999998,0.74934400000000012,0.69444450000000002,0,0,1500,1.9949160000000001,0,0.69444450000000002,0,444.10011500000002
56,61,1440000,1,1,0,0,0,1277.77777775,0.12720300000000001,0.23539200000000002,0.81152800000000014,0,0,0,1500,1.9949160000000001,182,0.69444450000000002,2.0833332499999999,450.99950599999988
56,62,1440000,1,0,0,0,0,93.055555500000011,0.062563999999999995,0.27596300000000001,0.84568799999999988,0,0,0.89908074999999998,1500,1.0549200000000001,0,0.69444450000000002,0,2302.2684380000001
56,63,1440000,1,0,1,0,0,490.27777774999993,0.055537000000000003,0.144201,0.87400900000000004,0,0.43778100000000003,0.92739174999999996,1500,0,0,0.69444450000000002,1.388889,3000
56,64,1440000,10,1,2,0,0,752.77777775000004,0.072940868086606783,0.19045348800924072,0.84495805995399476,2.7777777499999998,0.45916749999999995,1.5072452499999998,1500,1.1512484999999999,0,0,4.8611110000000002,2549.1876075
56,65,1440000,26,3,3,1,0,2265.27777775,0.098253369401357177,0.18846036388488077,0.85710149724208451,2.0833335000000002,0.89282375000000014,3.4172064999999994,1227.2327280000002,1.0192127499999999,76.854166750000005,2.7777780000000001,17.36111125,1366.3447505000001
56,66,1440000,109,11,23,2,1,9337.5000002499983,0.07662708894836176,0.21209155131654311,0.84397592696725376,7.6388889999999998,1.6669704999999997,5.510412249999999,676.16629950000004,1.9148277499999997,762.16666674999988,28.472222249999998,34.722222250000002,434.78578199999993
56,67,1440000,17,1,6,1,0,5390.2777779999997,0.11899671308904909,0.23691069930428157,0.84986563488779243,5.5555557499999999,0.1995835,2.6575392500000001,1301.3003196666666,1.5042516666666668,366.66666666666669,14.583333499999998,18.055555500000001,1017.5299103333334
56,68,1440000,2,0,0,0,0,110.41666675,0.090010000000000007,0.23413,0.81037700000000001,0,0,0.62377274999999999,1500,0.63651400000000002,0,0,2.0833332499999999,1992.1441929999996
56,69,1440000,4,0,1,0,0,404.86111100000005,0.074463000000000001,0.19825899999999999,0.79962100000000003,0,0,2.9480877500000005,1500,0,0,0.69444450000000002,0,3000
56,74,1440000,2,0,1,1,0,372.91666674999999,0.10483099999999999,0.263237,0.78861700000000001,0.69444450000000002,0.44005375000000002,1.1499792499999999,1500,1.0114040000000002,0,0,0,3000
56,84,1440000,2,1,0,0,0,498.61111100000005,0.057176999999999992,0.21792499999999998,0.83749200000000013,0,0,1.3225864999999999,1500,0.56233500000000003,0,0,0,3000
56,88,1440000,7,0,2,0,0,703.47222224999996,0.085297544914422874,0.24188910661578755,0.82803440078987134,0.69444450000000002,0.70886174999999996,0.31168049999999997,1500,1.0894869999999999,0,4.1666667500000001,9.0277779999999996,3000
56,90,1440000,1,0,1,0,0,70.833333249999995,0.136245,0.20847499999999999,0.89424500000000007,0,0,0.61626424999999996,1500,0,0,0,0,3000
56,91,1440000,1,0,0,0,0,641.66666674999999,0.043505000000000002,0.23061399999999999,0.826075,0,0,0.00040125000000000002,1500,0.63651400000000002,0,0,0,2765.2917130000001
56,96,1440000,1,0,0,0,0,291.66666674999999,0.062964999999999993,0.28913299999999997,0.80994500000000003,2.0833332499999999,0.33620824999999999,1.6200902500000001,1500,1.6094379999999999,0,0.69444450000000002,2.0833332499999999,3000
57,50,1440000,88,2,10,53,3,9312.5,0.11200637248284533,0.23967574220701993,0.84107256972429634,9.7222222499999997,0.79074575000000025,10.7881015,1500,1.711525,367.60416674999999,26.388888999999999,121.52777775000001,2930.0266704999999
57,51,1440000,176,1,16,130,4,11680.555555499999,0.12009226070164676,0.28163180511299551,0.84030175957174236,15.27777775,0.95541850000000006,9.2119595000000007,1467.2250602500001,1.4423487500000001,289.36387175000004,23.611111000000001,210.41666674999999,2723.5924464999998
57,52,1440000,75,2,15,31,3,10197.222222249999,0.084773022064862674,0.22122194701732159,0.84484024700344174,17.361111000000001,1.1243795000000001,9.0107689999999998,1019.6717257500001,1.5681834999999997,114.64285724999999,13.888888999999997,187.49999975000003,2116.05185575
57,53,1440000,23,0,7,2,1,5273.6111112500002,0.094296516065303426,0.24073883276265251,0.85055600039499435,5.5555554999999996,1.2315827499999998,8.2499012500000006,1255.9851717500001,1.5583957499999999,194.25,15.27777775,159.02777775000001,1041.9737807500001
57,54,1440000,15,2,9,1,2,4209.7222222500004,0.078080552786856272,0.17929068294162631,0.86695825948547511,2.7777780000000001,0.57662400000000003,6.1041277500000009,1500,1.4567017499999999,0,12.5,43.75,447.44287375000005
57,55,1440000,2,0,3,0,0,90.972222250000002,0.039827000000000001,0.41384799999999994,0.89049200000000006,2.0833332499999999,0.25235425,0.10584400000000001,1500,1.153742,0,0.69444450000000002,9.0277777500000003,1313.0804640000001
57,57,1440000,4,1,0,0,0,218.05555550000003,0.097280999999999992,0.28466799999999998,0.82802299999999995,0,0,2.6217969999999999,1500,1.695743,0,2.7777777499999998,1.388889,3000
57,62,1440000,1,0,1,0,0,218.05555550000003,0.10270399999999999,0.21123899999999998,0.80529099999999998,0,0,0.77333000000000018,1500,0.95027099999999987,0,0,0,2603.6421500000001
57,65,1440000,6,0,2,0,0,845.83333325000012,0.087977,0.23721199999999998,0.84254099999999998,1.388889,0.13614200000000001,0.36196075,1500,1.4860329999999999,0,2.7777777499999998,7.6388889999999998,1365.738036
57,66,1440000,4,0,3,0,0,1052.77777775,0.090453999999999979,0.29687600000000003,0.84389099999999984,0.69444450000000002,0.32805174999999998,0.72796125,1488.8616,1.429719,0,0.69444450000000002,11.805555499999999,993.83048000000008
57,67,1440000,3,0,0,0,0,754.16666650000002,0.079775893185508498,0.23841697421795424,0.82206536556215326,0.69444450000000002,0.70768224999999996,1.21742025,1500,1.0969825,0,3.4722222500000002,19.44444425,1407.8286419999999
57,68,1440000,11,0,2,0,0,408.33333325000001,0.068113727884800357,0.19957952723481215,0.82777353741204773,0,0.84683275000000013,0.45405200000000007,1500,0.80312849999999991,45,0.69444450000000002,15.97222225,2722.2603370000002
57,70,1440000,1,0,0,0,0,17.361110999999998,0.12,0.36000000000000004,0.93333999999999995,0,0.113749,0,1500,0.69314700000000007,0,0.69444450000000002,2.7777777499999998,3000
57,72,1440000,7,1,1,1,0,2136.8055555000001,0.077889,0.24563900000000002,0.82394999999999996,0,0.42786875000000002,2.5841745,1500,1.4734349999999998,108,6.25,6.9444445000000004,3000
57,73,1440000,17,3,4,1,0,3962.5,0.088619568698928564,0.27257859288300246,0.8312366954076843,4.8611110000000002,0.40424775000000002,4.5228815000000004,1500,1.7130113333333332,290.33333333333331,13.194444500000001,11.805555750000002,3000
57,77,1440000,5,0,0,0,0,47.91666674999999,0.066320000000000004,0.11391,0.84356699999999996,0,0,0.62703549999999997,1500,0,0,0.69444450000000002,0,3000
57,88,1440000,1,0,0,0,0,477.0833332499999,0.082698999999999995,0.22089899999999998,0.84404400000000002,0,0.42744799999999994,0.76704150000000004,1500,1.077556,0,0,2.7777777499999998,3000
57,98,1440000,1,0,0,0,0,281.94444449999997,0.087171999999999999,0.25358400000000003,0.91986599999999996,0,0,1.2445925,1500,1.0397209999999999,0,0,0,3000
58,50,1143965.4416420001,29,0,4,19,0,5786.0384580261898,0.12232822137221817,0.24501097186943643,0.83451249029998309,1.748304493692431,0.73578874778450398,2.8825558472419321,1500,1.7015085883681496,271.03430573398504,21.543319653911148,30.788991679016867,3000
58,51,1440000,159,4,24,100,2,13348.61111125,0.098037108885883906,0.22221430236194864,0.83124715908831959,15.27777775,1.0537314999999998,13.43329825,1393.8509094999999,1.6173650000000002,564.69101725000007,37.5,225.69444425000003,3000
58,52,1440000,23,1,3,14,2,2076.3888887500002,0.081481040802891966,0.18216262207294151,0.85507280401199071,36.111111000000001,0.66381799999999991,1.5679897499999997,487.62470400000007,1.1480140000000001,257.28333333333336,3.4722222500000002,24.305555500000001,2105.4819896666668
58,53,1440000,30,0,5,7,0,4893.0555555000001,0.077311951745385313,0.21285940576128751,0.84000350454166517,6.9444445000000004,0.77635374999999995,10.291234000000001,973.03377374999991,1.0653477500000001,260.5,7.6388889999999998,40.972222250000002,1076.15977475
58,54,1440000,29,0,6,6,4,4388.8888887499998,0.092931145727781897,0.25849478354498345,0.85549410363941147,6.9444445000000004,0.67590949999999994,11.412358749999999,1500,1.5453989999999997,497.82142849999997,7.6388892500000001,200.69444425000003,664.20036750000008
58,55,1440000,12,0,3,6,0,2195.8333332500001,0.090490685641502117,0.18190055977186537,0.85768079664731733,1.388889,0.73521799999999993,1.6003209999999999,1500,0.88385899999999995,16,1.388889,13.194444750000001,1628.1285166666664
58,56,1440000,1,0,1,0,0,32.638888999999999,0.031914999999999999,0.091563999999999993,0.9601059999999999,0,0.31768625,0.56039150000000004,1500,0,0,0,3.4722222500000002,2984.0803170000004
58,61,1440000,1,0,1,0,0,520.13888899999995,0.062153,0.21284499999999998,0.82254799999999995,0,0,0.80228874999999999,1500,1.0735430000000001,0,0.69444450000000002,0,3000
58,64,1440000,1,0,0,0,0,168.0555555,0.057778999999999997,0.24077600000000005,0.79701499999999992,0,0,1.1738955,1353.2151019999999,0,0,0.69444450000000002,0.69444450000000002,3000
58,65,1440000,9,1,1,0,0,485.41666674999993,0.064086907013647068,0.26336142347904612,0.85128696995361464,0,0.86114975000000005,0.59388974999999999,319.03842949999995,0.86435999999999991,300,1.388889,9.7222222499999997,2610.6687554999999
58,66,1440000,8,0,4,0,0,346.52777775000004,0.082082809620571615,0.18780127654383041,0.82911693386230201,0.69444450000000002,0,2.34229975,1134.2152760000001,1.2984169999999999,0,0.69444450000000002,3.4722222500000002,2401.4012200000002
58,67,1440000,3,0,1,0,0,936.80555550000008,0.057769189770059758,0.20050672571979611,0.81053373461790346,0.69444450000000002,0,1.2547997500000001,1500,1.0811644999999999,0,0.69444450000000002,6.25,2517.3891670000003
58,71,1440000,4,1,2,0,0,576.38888900000006,0.099334330120504799,0.25282161205083969,0.81099854698769958,0,0,2.0355414999999999,1500,0.22528049999999999,0,0,0,3000
58,73,1440000,1,0,0,0,0,384.72222225000007,0.064851999999999993,0.26588099999999998,0.82563199999999992,0.69444450000000002,0.41932450000000004,0,1500,0.80181899999999995,0,2.0833332499999999,1.388889,3000
58,75,1440000,1,0,0,0,0,156.25,0.089507000000000003,0.1754,0.84750400000000004,0,0,1.0654837500000001,1500,0,0,0,1.388889,3000
58,76,1440000,3,0,0,0,0,50.694444499999996,0.10501600000000001,0.19552999999999998,0.76873400000000003,0,0,0.42026675000000002,1500,0,0,0.69444450000000002,0,3000
58,84,1440000,1,0,0,0,0,126.38888899999999,0.097942999999999988,0.17788199999999998,0.80774899999999994,0,0,0.59710099999999999,1500,0,0,0,0,3000
58,89,1440000,1,0,0,0,0,124.3055555,0.044642000000000001,0.46953500000000004,0.86149900000000001,0,0,0.15754649999999998,1500,0,0,0.69444450000000002,0,3000
58,90,1440000,1,0,1,0,0,435.4166667500001,0.077723,0.243365,0.82790799999999998,0,0,0.93241900000000011,1500,0,0,0,0.69444450000000002,3000
58,93,1440000,2,0,0,0,0,687.5,0.10124862221922402,0.31338443030595858,0.84699087677077012,0,0.62034850000000008,0,1500,0.65986499999999992,222.25,0,8.333333249999999,3000
58,95,1440000,1,0,0,0,0,271.52777774999998,0.077826999999999993,0.28498699999999999,0.83364500000000019,0,0,0.72271225000000006,1500,0,0,1.388889,0,3000
58,98,1440000,1,0,3,0,0,873.61111099999994,0.13248699999999999,0.29875100000000004,0.91682399999999986,0,0,0,1500,1.242453,193.5,0,2.7777777499999998,3000
58,99,1440000,3,0,5,0,0,1106.25,0.123742,0.38707799999999998,0.88999099999999998,0,0,2.3010890000000002,1500,1.4927379999999999,218.625,3.4722222500000002,2.7777777499999998,3000
58,104,1440000,1,0,0,0,0,68.055555500000011,0.08675200000000001,0.30259000000000003,0.76592999999999989,0,0,0.84106499999999995,1500,0,0,0.69444450000000002,0,3000
59,11,1440000,2,0,0,1,0,986.80555550000008,0.079110042927459476,0.20970432301075193,0.85967925334285822,4.8611112500000004,0,3.1785804999999998,1500,1.5660324999999999,25,2.7777777499999998,6.9444445000000004,3000
59,51,1332348.9081540001,134,1,12,80,3,7345.7314860592851,0.077623958610419375,0.20111783242918371,0.84383369585553913,7.5055413998560345,0.37414484122607172,9.6361562252262054,1365.2609593618174,1.7819945475246064,622.28047062809912,14.649684530555112,99.18366747547357,3000
59,52,1440000,11,0,4,6,0,2454.8611112499998,0.089877592926357136,0.22245286987429777,0.83731500933504899,11.111111249999999,0.30389375000000002,2.2362347499999999,405.94204966666666,1.2671299999999999,0,1.388889,19.444444750000002,2587.7814119999998
59,53,1440000,13,1,0,7,1,3012.5,0.071635000000000004,0.18995399999999998,0.84445200000000009,2.0833332499999999,0.41864825,4.7130974999999999,1284.6019130000002,1.5933449999999998,0,1.388889,34.027777750000006,2095.3534690000001
59,54,1440000,29,0,12,8,0,5652.7777777499996,0.086355462407777209,0.23595045110550947,0.83381726756707353,4.1666670000000003,0.94014624999999985,8.1213944999999992,1500,1.4011115000000001,161.08333325000001,5.5555557499999999,48.61111125,1760.2892935
59,55,1440000,11,0,4,2,0,3229.8611112499998,0.098576759190934865,0.24442408342343147,0.85557485895513086,7.6388887500000004,0.46412799999999987,2.3582804999999998,1500,1.5866585000000002,443.08928550000002,9.7222222499999997,43.75,2517.8416035
59,65,1440000,13,1,4,0,0,746.52777775000004,0.070508000000000001,0.17064300000000002,0.82651299999999994,2.0833332499999999,0.42429449999999996,1.1505542499999999,856.97169599999995,1.2481070000000001,73,2.7777777499999998,1.388889,3000
59,69,1440000,4,0,1,0,0,450.69444449999997,0.087118360555002924,0.26866306933754264,0.82952038366704117,0.69444450000000002,0,2.1128127499999998,1500,0.54930600000000007,0,0,0,3000
59,70,1440000,3,0,0,0,0,45.833333250000003,0.14090899999999998,0.13414500000000001,0.85110599999999992,0,0,0.35742275000000001,1500,0,0,0,0,3000
59,95,1440000,1,1,0,0,0,109.72222224999999,0.058720000000000001,0.19727999999999998,0.84288299999999994,0,0,1.23631,1500,0.80181899999999995,0,0.69444450000000002,0,3000
59,96,1440000,1,0,0,0,0,67.361110999999994,0.131302,0.26060300000000003,0.84629500000000002,0,0,0.22299699999999995,1500,0,0,0.69444450000000002,0,3000
59,99,1440000,2,0,3,0,0,1109.72222225,0.098476999999999995,0.322577,0.87404999999999999,0.69444450000000002,0,2.9162339999999998,1500,1.792405,180,2.0833332499999999,4.1666667500000001,3000
59,105,1440000,1,0,0,0,0,81.944444499999989,0.10413599999999999,0.14401900000000001,0.85039599999999993,0,0.44272375000000003,0.8577205,1500,1.279854,0,1.388889,0,3000
60,10,1440000,1,0,0,0,0,39.583333250000003,0.023396,0.130191,0.90936299999999981,0,0,0.51222049999999997,1500,0.68373899999999999,0,0,1.388889,3000
60,51,1498885.6441752,48,1,10,25,1,10504.705538027525,0.069313384337913772,0.17788089972094737,0.84042167810619617,2.668649100809227,0,12.804161041974165,1500,1.4590843739597541,517.10394956329537,12.005741245645261,48.685356998105377,3000
60,52,1440000,4,0,1,1,0,569.44444450000015,0.075020246344504021,0.20555648293405293,0.81260078048904738,0,0,2.0482285,1283.4930575000001,0.47513549999999993,0,2.0833335000000002,1.388889,3000
60,53,1440000,8,0,1,4,0,175.69444449999997,0.042363138366653078,0.22240932406673225,0.86855175096915915,0,0.11917125000000001,2.3192797500000002,1361.2526809999999,1.3858650000000001,0,2.7777780000000001,1.388889,2935.2217420000002
60,54,1440000,35,1,10,3,2,5063.8888887500007,0.10392242457472493,0.26095548326889884,0.8400522051565299,3.4722222500000002,0.10897125000000001,5.0316169999999998,1500,1.8977769999999996,230.91025633333334,19.444444499999999,31.25,2761.1836943333333
60,55,1440000,23,0,9,3,0,10343.055555499999,0.080563924936277218,0.21519805116187304,0.84642245776819491,8.333333249999999,0.11834874999999999,8.0549937499999995,1500,1.3132567500000001,239.375,18.75,27.777777750000002,2967.6592687500001
60,56,1440000,1,0,0,0,0,327.08333325000001,0.117217,0.212839,0.84011000000000002,10.416666749999999,0.4411195,0.47104974999999999,1500,0.86756299999999997,0,0,2.0833332499999999,3000
60,58,1440000,1,0,0,0,0,503.47222225000007,0.078413999999999998,0.23612399999999997,0.81560199999999994,0,0,1.223319,1500,1.14906,0,0,3.4722222500000002,3000
60,59,1440000,3,0,2,0,0,911.80555549999985,0.081127000000000005,0.16903299999999999,0.83747199999999988,1.388889,0.21800375000000002,2.2020140000000001,1500,1.1538839999999999,0,2.7777777499999998,6.9444445000000004,3000
60,60,1440000,35,3,9,3,4,2740.97222225,0.091098516848752253,0.22398304991081999,0.83116201469447992,2.7777777499999998,0,3.8927809999999998,1500,1.5343359999999999,212,11.805555499999999,18.05555575,3000
60,64,1440000,6,0,2,0,0,592.36111100000005,0.065308000000000005,0.17758800000000005,0.81632700000000002,0,0,0.90979850000000007,1066.2955159999999,0.69314700000000007,0,1.388889,0,3000
60,95,1440000,4,1,0,0,0,817.36111100000005,0.085425000000000001,0.31372699999999998,0.83455400000000013,3.4722222500000002,0,3.0624169999999995,1500,1.7852320000000002,0,2.7777777499999998,0.69444450000000002,3000
61,51,1537986.6940237,12,0,2,6,0,2487.6678159486355,0.071637999999999993,0.192972,0.82929200000000003,1.9506019731232933,0,2.7210788599550204,1500,1.6570290000000001,457.5,0,1.9506019731232933,3000
61,52,1440000,4,0,1,2,0,442.36111100000005,0.092345999999999998,0.19716800000000001,0.81254899999999997,0,0,2.3919337500000002,1500,1.043353,0,1.388889,0.69444450000000002,3000
61,53,1440000,3,0,0,2,0,361.80555550000003,0.078240999999999991,0.22650900000000002,0.82956299999999994,0,0,0.39981,1500,0,0,0,0,3000
61,55,1440000,6,0,5,0,0,1604.8611112499998,0.078001491562146086,0.2404630428386382,0.82857412202528868,4.1666667500000001,0,4.3378257500000004,1500,1.2214180000000001,560,0.69444450000000002,34.722222250000002,3000
61,63,1440000,1,0,0,0,0,109.02777775000001,0.044759,0.20586199999999999,0.82844099999999998,0,0,0.26396575,1500,0,0,0,0,3000
61,65,1440000,4,0,8,0,0,4507.6388887499998,0.11272183392391061,0.22616391911878039,0.82959945201046659,3.4722222500000002,0.42588650000000006,3.6977487500000001,1033.9274,1.7065250000000001,348.88999999999999,22.222222250000002,8.3333335000000002,3000
61,79,1440000,2,0,0,0,0,141.66666674999999,0.15359800000000001,0.33033899999999999,0.78798199999999996,0,0,1.02204425,1500,0.69314700000000007,0,0,0,3000
61,87,1440000,1,0,0,0,0,299.30555550000003,0.057819000000000002,0.31226900000000002,0.82626699999999997,0,0.11333000000000001,1.2007395000000001,1500,1.277034,0,0,1.388889,3000
62,7,1440000,1,0,1,0,0,218.75,0.075833999999999999,0.35448000000000002,0.87172000000000005,2.7777777499999998,0.44745424999999994,0,1500,0.69314700000000007,0,0,11.111110999999999,3000
62,54,1440000,2,1,1,0,0,567.36111100000005,0.080386936352134827,0.24623103916634498,0.84481906119970929,0,0,3.7323010000000001,1500,0,0,0,2.7777780000000001,3000
62,59,1440000,2,0,1,0,0,246.52777774999998,0.078937000000000007,0.20222899999999999,0.81664499999999995,0,0.46401599999999993,1.0124985,1500,0,0,0.69444450000000002,2.0833332499999999,3000
62,65,1440000,2,0,1,0,0,934.72222224999996,0.065106999999999998,0.23615600000000003,0.83708199999999999,0.69444450000000002,0.43036525000000003,1.3387027499999999,977.72738200000015,1.314416,0,2.7777777499999998,10.416666749999999,3000
62,69,1440000,1,1,0,0,0,140.97222224999999,0.084362000000000006,0.20744800000000002,0.78767699999999996,0,0,0,1500,0,0,0.69444450000000002,0,3000
62,91,1440000,2,1,0,0,0,105.5555555,0.071409,0.200845,0.83088099999999998,0,0,1.6541552500000001,1500,0,0,1.388889,0,3000
62,103,1440000,2,0,0,0,0,266.66666674999999,0.10283199999999999,0.19173100000000001,0.83471499999999998,0,0.48426350000000007,0,1500,0.69314700000000007,0,2.0833332499999999,0,3000
63,53,1440000,3,1,0,0,0,579.16666649999991,0.054053906476766299,0.18646321583138323,0.8186578345319192,0,0,0.48980924999999997,1500,0,0,1.388889,0,3000
63,55,1440000,2,0,1,0,0,598.61111100000005,0.079285999999999995,0.263295,0.83757499999999996,0,0.11223524999999998,1.2997017500000001,1500,1.2342679999999999,0,1.388889,2.7777777499999998,3000
63,65,1440000,51,3,22,0,2,5186.8055555000001,0.1084437330299016,0.27391065899136813,0.82769239001225003,4.8611112500000004,0.83712074999999997,9.3937767499999989,454.08900500000004,1.8514292499999998,397.29166674999999,28.472222250000005,31.944444500000003,3000
63,83,1440000,1,0,0,0,0,79.861110999999994,0.082064999999999999,0.27566299999999999,0.80723500000000004,0,0,0,1500,0,0,0,0,3000
64,55,1440000,5,0,0,0,0,2600.6944444999999,0.065466078771829264,0.22270739252476998,0.83046400427218559,2.0833335000000002,0.24210774999999998,3.1172895,1500,1.2610190000000003,50,2.7777777499999998,3.4722222500000002,3000
64,56,1440000,6,3,1,0,0,870.13888875000009,0.086706940142122213,0.23228171747740597,0.83650624819880715,0.69444450000000002,0.45056099999999999,2.3275902500000001,1500,0.90635449999999995,115.5,0.69444450000000002,11.805555500000001,3000
64,57,1440000,2,0,2,0,0,871.52777775000004,0.076589730674321593,0.24333910995714475,0.85281674184157219,0.69444450000000002,0.67254199999999986,1.3282277499999999,1500,1.1022970000000001,0,5.5555554999999996,11.805555500000001,3000
64,60,1440000,2,0,0,0,0,563.88888899999995,0.062163000000000003,0.17499500000000001,0.86598600000000003,0.69444450000000002,0,1.84469325,1500,0.79631200000000002,0,0.69444450000000002,4.1666667500000001,3000
64,75,1440000,2,1,0,0,0,101.38888899999999,0.17819599999999999,0.28458499999999998,0.79153899999999999,0,0,1.0418527500000001,1500,0,0,1.388889,0,3000
64,93,1440000,4,0,0,0,0,868.75,0.076021000000000005,0.270511,0.8356610000000001,0.69444450000000002,0.46287675,1.04256175,1500,1.6222199999999998,0,2.0833332499999999,0,3000
65,55,1440000,14,1,3,0,1,4265.2777777499996,0.089023483230056946,0.23052377694522877,0.85239101953774532,0.69444450000000002,0,6.8986929999999997,1500,1.824749,254.66666649999999,15.27777775,10.416666750000001,3000
65,56,1440000,6,0,1,0,0,858.33333325000012,0.1002778689321792,0.25066446925927127,0.81867469741040089,0.69444450000000002,0.47600025000000001,3.53574425,1500,1.0405789999999999,0,0.69444450000000002,11.805555500000001,3000
65,78,1440000,1,0,0,1,0,63.888888999999999,0.083225999999999994,0.40917399999999998,0.79444799999999993,0,0,1.0456544999999999,1500,0,0,0,0,3000
65,80,1440000,5,0,0,0,0,40.972222249999994,0.12108099999999999,0.21751900000000005,0.85425899999999999,0,0,0.85450849999999978,1500,0,0,0,0,3000
65,97,1440000,1,0,0,0,0,239.58333325000001,0.074564000000000005,0.24827299999999997,0.85272300000000001,0,0,2.1017257499999999,1500,0,0,3.4722222500000002,0.69444450000000002,3000
65,105,1440000,10,0,0,0,0,2279.8611112499998,0.10093465366945345,0.38086349405705933,0.84520940420330781,0,0,1.0132325,1500,0.98620750000000001,0,5.5555554999999996,0,3000
65,106,1440000,3,0,1,0,0,2113.1944444999999,0.085421357212019461,0.27886467992380243,0.83896223332325826,2.0833335000000002,0.5950725,2.2542472500000001,1500,1.8520654999999999,0,3.4722222500000002,3.4722222500000002,3000
66,55,1440000,2,1,0,0,0,395.13888899999995,0.065692,0.15298200000000001,0.83241399999999999,0,0,0.11114,1500,0,0,0,0,3000
66,57,1440000,4,0,1,1,0,917.36111099999994,0.099911,0.22394800000000001,0.83626599999999995,0.69444450000000002,0.42971400000000004,0.73827249999999989,1500,1.1324160000000001,240,0,9.7222222499999997,3000
66,58,1440000,2,0,2,0,0,536.11111099999994,0.075999867875170754,0.23938471761222649,0.85262763990161361,0,0.37670100000000006,0.22528825000000002,1500,0.89907649999999995,0,0,11.805555500000001,3000
66,60,1440000,2,0,2,0,0,88.888889000000006,0.071754999999999999,0.27013300000000001,0.81244300000000003,0,0,1.3236555000000001,1500,0.56233500000000003,0,0.69444450000000002,0,3000
66,65,1440000,3,0,1,0,1,729.86111099999994,0.10064623596405591,0.25837735394777595,0.82469564034305431,2.0833335000000002,0.83928150000000012,1.7650135000000002,876.65244799999994,0.57452999999999999,0,4.1666667500000001,3.4722222500000002,3000
66,74,1440000,1,1,0,0,0,172.91666674999999,0.050238999999999999,0.25186399999999998,0.78704099999999999,0,0,1.9198950000000001,1500,0,0,0.69444450000000002,0.69444450000000002,3000
66,75,1440000,1,0,0,0,0,58.33333325000001,0.040757000000000002,0.308064,0.86374799999999996,0,0.24414549999999996,0,1500,1.2396590000000001,0,0,0,3000
66,76,1440000,2,0,0,0,0,122.22222224999999,0.027363999999999996,0.25575700000000001,0.8428230000000001,0,0.16737425,0.086516750000000003,1500,1.2511559999999999,0,0,1.388889,3000
66,80,1440000,4,0,0,0,0,67.361110999999994,0.071026000000000006,0.32290999999999997,0.75908599999999993,0,0,0.85305125000000004,1500,0,0,0,0,3000
66,85,1440000,1,0,0,0,0,195.13888899999998,0.090804999999999997,0.36970500000000001,0.81711199999999995,0,0.41666674999999997,1.3290362499999999,1500,1.3061069999999999,0,2.0833332499999999,9.0277777500000003,3000
67,65,1440000,2,0,1,0,0,587.50000000000011,0.078471443264042984,0.23735513711033446,0.83628833806138814,0.69444450000000002,0.87131999999999987,1.150506,329.12580600000001,1.6489620000000003,0,7.6388889999999998,4.8611112500000004,3000
67,83,1440000,1,1,0,0,0,65.972222250000002,0.050895000000000003,0.34469499999999997,0.79625299999999999,0,0,0.57637125,1500,0,0,0,0.69444450000000002,3000
67,93,1440000,1,0,0,0,0,106.9444445,0.13301400000000002,0.33759400000000001,0.79897099999999999,0,0.4914985,0.78504125000000013,1500,0.69314700000000007,0,0.69444450000000002,2.0833332499999999,3000
68,54,1440000,3,0,0,0,0,600,0.073424442125004166,0.20247340046515916,0.82521501388253493,0,0,1.4998770000000003,1500,0.51986049999999995,0,0,0,3000
68,56,1440000,2,0,1,0,0,1131.9444444999999,0.064995999999999998,0.17186099999999999,0.81970700000000007,0.69444450000000002,0,0.37961174999999997,1500,0,0,0,0.69444450000000002,3000
68,58,1440000,1,0,1,0,0,373.61111100000005,0.084788000000000002,0.27369499999999997,0.81665299999999996,0,0,0.98146849999999997,1500,0,0,0,0,3000
68,59,1440000,1,0,0,0,0,888.88888900000006,0.082625000000000004,0.28787099999999999,0.82190599999999991,0,0.46032600000000007,0,1500,0.96496300000000002,0,0,2.0833332499999999,3000
68,78,1440000,9,0,0,0,0,86.111110999999994,0.091826999999999992,0.26719399999999999,0.81336000000000008,0,0,0.50711974999999998,1500,0,0,0,0,3000
68,81,1440000,1,0,0,0,0,9.0277777500000003,0,0.30766199999999999,0.88461499999999982,0,0.42356250000000001,0.35144425000000001,1500,0.69314700000000007,0,0,0,3000
68,85,1440000,14,0,0,0,0,545.13888875000009,0.040956242038759243,0.17719506369694993,0.84895408280141471,0,0.83868725000000011,0.61559174999999999,1500,0.34657350000000003,0,0.69444450000000002,2.0833335000000002,3000
68,92,1440000,3,1,0,0,0,816.66666674999988,0.046817999999999999,0.130776,0.86323700000000003,0,0.18366375000000004,0.54473149999999992,1500,0.56233500000000003,0,1.388889,0.69444450000000002,3000
68,93,1440000,1,1,0,0,0,63.888888999999999,0.15215999999999999,0.21583200000000002,0.82350300000000021,0,0,0.49406,1500,0,0,0,0,3000
68,102,1440000,1,0,0,0,0,240.27777774999998,0.077529000000000001,0.20119999999999996,0.83127299999999982,0,0,0.7768520000000001,1500,0,0,1.388889,0,3000
68,117,1440000,1,0,0,0,0,65.972222250000002,0.078417000000000001,0.28119299999999997,0.88347399999999998,0,0,0.58547925000000001,1500,0,0,0,0,3000
69,57,1440000,3,0,0,0,0,525.69444449999992,0.07565721400449002,0.2008934306453756,0.83894194848190651,0,0,0.75609625000000003,1500,0,0,0.69444450000000002,0,3000
69,58,1440000,15,1,3,0,0,3952.0833332500001,0.079345528553248779,0.20057806308188714,0.81629878228744313,6.9444442499999992,0.97270924999999986,3.4777247500000006,1500,1.1829973333333332,0,7.6388889999999998,19.444444499999999,3000
69,63,1440000,3,1,0,0,0,154.86111100000002,0.042608999999999994,0.18978499999999995,0.88439100000000004,1.388889,0.41994325000000005,2.4615962499999999,1500,1.0397209999999999,0,5.5555554999999996,0,3000
69,65,1440000,4,0,2,0,0,960.41666674999988,0.064570714388613559,0.16581597035398674,0.86000930874932746,2.7777777499999998,0,1.35574325,1500,0.98061850000000006,0,0.69444450000000002,7.6388887500000004,3000
69,66,1440000,1,0,0,0,0,361.11111099999999,0.10557999999999999,0.176677,0.86056299999999997,0,0.41739775000000001,1.4023270000000001,1500,1.1921950000000001,0,0.69444450000000002,1.388889,3000
69,70,1440000,2,0,2,0,0,20.833333249999999,0,0.085710000000000022,0.91822000000000015,0,0,0.19818375000000002,1500,0,0,0,0,3000
69,82,1440000,1,0,1,0,0,75.694444499999989,0.079038999999999998,0.28268300000000002,0.83025799999999994,0,0.051258500000000005,0,1500,0,0,0,0,3000
69,84,1440000,2,0,1,0,0,1234.72222225,0.091143000000000002,0.295767,0.80915899999999996,2.7777777499999998,0.4183332500000001,1.88918075,1500,1.203141,0,1.388889,6.25,3000
69,85,1440000,12,1,6,0,0,3204.1666667499999,0.081007623538135676,0.2414081547485275,0.81799976788364503,2.7777777499999998,0.82118350000000018,3.913745,1500,0.88421499999999997,166.66666666666666,3.4722222500000002,6.25,3000
69,91,1440000,1,0,0,0,0,93.055555500000011,0.098286999999999999,0.22696599999999997,0.796759,0,0,0.15842774999999998,1500,0,0,0,0,3000
69,108,1440000,2,1,0,0,0,334.02777774999998,0.058550000000000005,0.25261300000000003,0.87121399999999993,0,0.43967974999999998,1.28413475,1500,1.36869,0,0,0.69444450000000002,3000
70,57,1440000,8,0,0,7,0,984.0277779999999,0.071863084688069651,0.18754420466295416,0.8536891884247062,0,0.56610249999999995,1.25752025,1500,0.58247899999999997,0,0,10.416666750000001,3000
70,64,1440000,8,1,0,0,1,1073.6111110000002,0.086238893919984072,0.22261701681743729,0.86374369340219104,0.69444450000000002,0,0.79446324999999984,1500,0.96370749999999983,0,5.5555554999999996,4.8611112500000004,3000
70,65,1440000,2,0,1,0,0,419.44444450000003,0.083652999999999991,0.23650800000000002,0.84351599999999993,0,0,1.2576592500000001,774.48755599999993,1.279854,0,0.69444450000000002,0,3000
70,66,1440000,21,0,6,1,0,4954.1666667500003,0.093095372582553335,0.22127748668357972,0.8434312792265436,4.1666664999999998,0.59175575000000002,2.3877337500000002,965.85620199999983,0.98420333333333343,666.16666666666663,4.8611112500000004,47.916666750000005,3000
70,78,1440000,2,0,3,0,0,576.38888899999995,0.081377000000000005,0.26014499999999996,0.80782799999999999,0,0.27273900000000001,0,1500,1.723635,0,2.7777777499999998,2.0833332499999999,3000
70,79,1440000,3,0,1,0,0,668.75,0.084856000000000001,0.24670400000000001,0.81070200000000003,1.388889,0.39739050000000004,1.438574,1500,1.4593590000000001,0,2.0833332499999999,0,3000
70,85,1440000,3,1,3,0,0,2451.3888887500002,0.093839473370812582,0.3285697988655662,0.82840649716743642,4.1666664999999998,0,6.9667575000000008,1500,1.2634586666666667,0,4.8611112500000004,4.1666667500000001,3000
70,90,1440000,1,0,0,0,0,90.972222250000002,0.084500999999999993,0.20741799999999999,0.82634599999999991,0,0,1.23207775,1500,0,0,0,0,3000
70,91,1440000,2,1,0,0,0,298.61111099999999,0.047876000000000002,0.21347399999999997,0.81002600000000002,0,0,0.69422075000000005,1500,0.69314700000000007,0,0.69444450000000002,0,3000
71,55,1440000,48,6,14,0,2,1899.3055555000001,0.096407195611866878,0.29014201645350896,0.83832846435141173,2.0833332499999999,0.78336374999999991,4.2633235000000003,1500,1.524165,0,5.5555554999999996,1.388889,3000
71,56,1440000,45,3,12,3,2,8448.6111110000002,0.073583245109301074,0.21387212888376189,0.84718369044881314,4.1666667500000001,0.89038249999999985,2.9182792499999994,1500,1.7603796666666667,489.91666666666669,17.36111125,18.055555500000001,3000
71,58,1440000,19,0,9,0,2,4481.9444444999999,0.089969280445457447,0.2213981597456727,0.83063227765785075,4.8611112500000004,0.62759600000000004,2.4898262500000001,1500,1.6500319999999999,394.33333333333331,19.44444425,18.75,3000
71,64,1440000,2,0,3,0,0,2565.97222225,0.073596000000000009,0.127137,0.91116200000000003,1.388889,0,1.4370499999999999,1500,1.4438770000000001,200,0.69444450000000002,2.0833332499999999,2617.4238719999998
71,65,1440000,4,0,1,1,0,256.25,0.083345000000000002,0.24710399999999999,0.87460899999999997,3.4722222500000002,0.36306074999999999,0.45976300000000009,713.90653099999997,1.1105129999999999,0,0,4.8611110000000002,2410.9156429999998
71,67,1440000,3,0,1,0,0,2536.8055555000001,0.12631575198475375,0.28938223131665902,0.83764003257606945,2.0833335000000002,0.286298,1.3818954999999999,1430.4098489999999,1.2309474999999999,56,11.111110999999999,18.75,2722.5076825000001
71,77,1440000,1,0,1,0,0,237.5,0.069004999999999997,0.33983000000000002,0.79765600000000003,0,0.2741865,0.029793750000000001,1500,1.0549200000000001,0,0.69444450000000002,2.0833332499999999,3000
71,78,1440000,2,1,1,0,0,789.58333325000012,0.066607,0.26746199999999998,0.83719200000000005,2.0833332499999999,0.43913675000000002,1.4514294999999999,1500,1.7671580000000002,0,4.1666667500000001,2.0833332499999999,3000
71,91,1440000,3,0,0,0,0,103.47222224999999,0.093214999999999992,0.22933300000000001,0.78843599999999991,0,0.097151500000000002,0,1500,0,0,0.69444450000000002,0,3000
72,55,1440000,2,0,0,0,0,761.11111100000005,0.068366999999999997,0.21021100000000001,0.83657900000000007,0,0.42227224999999996,0.52630325,1500,0.95569999999999999,0,0.69444450000000002,3.4722222500000002,3000
72,56,1440000,1,0,0,0,0,559.72222224999996,0.080949999999999994,0.24395799999999998,0.8260860000000001,0,0,1.3179265,1500,1.0986120000000001,808,0.69444450000000002,2.0833332499999999,3000
72,57,1440000,4,1,2,0,0,30.555555500000001,0.079067999999999999,0.22335000000000002,0.85154500000000011,0,0,1.11538475,1500,0,0,0,0.69444450000000002,3000
72,58,1440000,8,0,2,0,0,1290.97222225,0.08516000376544218,0.23309355406117513,0.83419220494888968,2.0833332499999999,0.48282425000000001,3.21088175,1500,0.67087949999999996,0,0,6.9444445000000004,3000
72,66,1440000,11,0,9,0,1,5832.6388889999998,0.12574846612619694,0.30214027812699612,0.86735788474786113,5.5555557499999999,0.35890500000000003,3.6682077500000001,999.63809400000002,1.4912646666666665,364,41.666666499999998,40.277778000000005,1214.6005539999999
72,67,1440000,42,9,12,1,2,17564.583333499999,0.13169372952997874,0.27729141809992641,0.8506345130272972,7.6388887500000004,0.65670850000000003,7.9415614999999988,1500,1.6518137500000003,413,91.66666674999999,65.277777749999998,1666.4044592499997
72,68,1440000,7,1,2,1,0,2406.9444444999999,0.10271073167918625,0.25085637334145156,0.81908687766886945,2.0833335000000002,0,4.7220097500000007,1500,1.3698279999999998,448.5,9.7222222499999997,18.75,2709.3321139999998
72,77,1440000,1,1,0,0,0,182.63888899999998,0.130851,0.247417,0.78603400000000001,0,0.45259950000000004,0.3604965,1500,1.0549200000000001,0,0,0.69444450000000002,3000
73,57,1440000,1,0,1,0,0,285.41666674999999,0.073610999999999996,0.17932100000000001,0.79736899999999999,0,0,0.46796575000000001,1500,0,0,0,0,3000
73,60,1440000,1,1,0,0,0,2036.8055555000001,0.157664,0.24066300000000002,0.85319400000000001,0,0,0,1500,0,0,2.0833332499999999,0,3000
73,61,1440000,4,0,3,0,0,3713.1944444999999,0.13884968468298975,0.23139689115392567,0.84421071273611403,1.388889,0,2.1482497500000002,1500,1.4227920000000001,720,8.333333249999999,2.0833335000000002,3000
73,64,1440000,1,0,0,0,0,383.33333325000001,0.085809999999999997,0.21387199999999998,0.87470700000000001,1.388889,0.42185375000000003,2.34041275,1500,1.5797620000000001,0,6.25,6.25,302.04132599999997
73,65,1440000,80,9,22,9,6,5265.2777779999997,0.11337692060159871,0.29175329095210906,0.85584018662605787,1.388889,0.68534975000000009,3.9442244999999994,546.84623550000003,1.7510204999999996,314.60714300000001,50.694444499999989,69.444444500000003,1082.720233
73,66,1440000,72,7,22,4,5,7235.4166667499994,0.13230999270496699,0.33705116671276425,0.86181900998148209,6.25,0.70685149999999997,6.1237087499999996,726.48496775000001,1.8112215,413.20833325000001,61.11111125,53.472222249999994,410.53188200000005
73,67,1440000,13,2,7,1,3,9036.8055557500011,0.10382049780970355,0.29728096380505892,0.8458093152999453,4.8611112500000004,0.93515475000000003,6.3293487499999994,1489.11003525,1.6613742499999999,202.47435900000002,39.583333249999995,49.305555750000003,1007.0294395000001
73,68,1440000,22,0,12,0,0,10984.72222225,0.11927274231881008,0.30781535092909418,0.84089314306480512,5.5555554999999996,0.61108775000000004,4.2244060000000001,1500,1.4796066666666667,82.5,30.555555500000001,50,1925.1730236666667
73,71,1440000,1,0,0,0,0,90.277777749999998,0.085630999999999999,0.23868400000000001,0.85758899999999993,0,0,0.96949375000000004,1500,0.63651400000000002,0,0,0,3000
73,83,1440000,4,0,0,0,0,61.111111000000001,0.040000000000000001,0.325266,0.84244500000000022,0,0,1.45786175,1500,0,0,0,0,3000
73,89,1440000,3,1,0,0,0,525.69444450000003,0.065402000000000002,0.28325700000000004,0.80508500000000005,0,0,1.74329925,1500,1.4614719999999999,0,0.69444450000000002,0,3000
73,118,1440000,1,0,0,0,0,124.3055555,0.072762999999999994,0.23146999999999998,0.87254699999999996,0,0,0.93923124999999996,1500,0,0,0,0,3000
74,52,1465671.5952329999,5,0,3,0,1,1768.8073778189737,0.06977207050041459,0.2016452328627851,0.83373518541412073,4.093686710473686,0.45812794968606652,4.9132569370287156,1500,1.8338668069069197,101.69551813572001,1.3418116114186798,20.854954930258923,3000
74,53,1440000,2,0,0,1,0,613.19444449999992,0.087894970554647595,0.25002508492690034,0.83223312117603654,0,0.43373475,1.36945425,1500,0.80484999999999995,33.5,0,6.9444445000000004,3000
74,60,1440000,18,2,7,1,1,2424.3055555000001,0.15330556173023413,0.22709352191350299,0.84918183185334573,2.0833335000000002,0.86767424999999998,2.6196925000000002,1500,1.7560500000000001,109.5,20.13888875,16.666666749999997,3000
74,61,1440000,3,0,1,0,0,1247.22222225,0.10501500000000001,0.21401799999999996,0.83562199999999998,1.388889,0.42089124999999999,2.53126725,1500,1.6508189999999998,0,9.0277777500000003,5.5555554999999996,3000
74,62,1440000,3,0,2,0,0,1825.6944444999999,0.097489066566418814,0.24127791289526437,0.82601069151896034,0.69444450000000002,0.50718425,2.4759220000000002,1500,1.5294595000000002,0,0.69444450000000002,5.5555557499999999,2543.9917555000002
74,63,1440000,2,0,0,0,0,231.25,0.11451699999999999,0.316942,0.84981399999999996,0.69444450000000002,0.11907225,1.2523612499999999,1500,0,0,0.69444450000000002,0,1863.0181770000002
74,64,1440000,1,0,0,0,0,704.16666674999999,0.080736000000000002,0.20328099999999999,0.83259300000000003,0,0,1.8235087500000005,1500,0.63651400000000002,0,0.69444450000000002,0.69444450000000002,1649.6040330000001
74,65,1440000,6,0,0,0,0,1887.5,0.089004509936168472,0.25606683112841588,0.8344915978670554,4.1666667500000001,0.47327349999999996,3.3994010000000001,1500,0.55055900000000002,40,8.333333249999999,11.805555750000002,1138.3661010000001
74,66,1440000,134,7,43,2,5,27137.5,0.11444624271960085,0.33915064634780656,0.84987035754129925,9.0277779999999996,0.39133675000000001,11.246882250000001,1446.1953834999999,1.8149409999999999,488.72500000000002,83.33333325000001,75.694444500000003,430.35411499999992
74,67,1440000,141,11,42,13,15,36185.416666500001,0.10631782207764344,0.34474674546599765,0.83654089909222995,15.972222500000001,1.2013400000000001,19.606325500000001,1500,1.8653287500000002,609.77298800000005,84.722222249999987,107.63888899999999,531.65257899999995
74,68,1440000,38,3,18,0,6,14757.638889,0.093348523598896838,0.3161979767541529,0.8299234118393255,14.583333499999998,0.74598200000000003,13.57248725,1500,1.7262630000000001,180.504762,32.63888875,108.33333325,1468.8315016666666
74,69,1440000,1,0,0,0,0,125.6944445,0.050005000000000001,0.25192199999999998,0.79957300000000009,0.69444450000000002,0.41203900000000004,1.95634375,1500,0.95027099999999987,0,1.388889,2.0833332499999999,2377.4726140000002
74,75,1440000,2,0,0,0,0,792.36111125000002,0.10446085801970351,0.28932532427301116,0.82965792024719665,2.0833332499999999,0.50871699999999997,0.49026225000000007,1500,1.2062030000000001,0,4.8611110000000002,4.1666667500000001,3000
74,76,1440000,5,0,0,0,0,459.02777774999993,0.076688000000000006,0.22690900000000003,0.77500200000000008,0,0.15368175000000001,0.093497499999999997,1500,0.69314700000000007,0,0,0,3000
74,79,1440000,1,0,1,0,0,162.5,0.059688999999999999,0.29819299999999999,0.81527099999999997,0,0.36641725000000008,0,1500,1.236685,0,1.388889,0.69444450000000002,3000
74,81,1440000,2,0,0,0,0,251.38888900000001,0.057588,0.23244099999999998,0.81551300000000015,0,0,0.27826824999999999,1500,0,0,0,0,3000
74,82,1440000,6,0,1,0,0,54.16666674999999,0.080030999999999991,0.21839699999999998,0.80558799999999997,0,0,1.1343885,1500,0,0,0,0,3000
74,85,1440000,1,0,0,0,0,23.611110999999998,0.029412000000000001,0.38056499999999999,0.81249099999999996,0,0,0.19511524999999996,1500,0,0,0,0.69444450000000002,3000
75,51,753463.3873997,1,0,0,0,0,1515.2049732657688,0.074375999999999998,0.177455,0.83019500000000013,0,0,1.6965599728547383,1500,1.332179,0,1.2939411566000436,11.645469477762836,3000
75,61,1440000,1,0,1,0,0,23.611110999999998,0.064706,0.11838499999999999,0.93529400000000007,0,0,0.11207475000000001,1500,0,0,1.388889,0.69444450000000002,3000
75,63,1440000,4,0,1,0,0,518.05555549999997,0.098796999999999996,0.22733100000000001,0.82263500000000001,1.388889,0.22526149999999995,1.208631,1500,1.0805739999999999,0,1.388889,8.3333332500000008,2970.036556
75,64,1440000,1,0,0,0,0,639.58333325000001,0.078928999999999999,0.22001500000000002,0.83051700000000006,0,0.053178250000000003,2.11630875,1500,1.120571,0,0,5.5555554999999996,2183.92283
75,65,1440000,6,0,2,0,0,2234.02777775,0.10084559061127725,0.28654334752733324,0.82436551569670979,2.0833332499999999,0.44952875000000003,3.7182227500000007,1500,1.1046255,350.39999999999998,4.1666667500000001,32.638888999999999,1428.7037155
75,66,1440000,30,3,11,2,2,17619.444444500001,0.10216066604908032,0.28002296015275924,0.83724691179251864,13.194444249999998,0.68600599999999989,8.8511972500000002,1500,1.7664732500000002,140.82954549999999,38.194444249999997,43.055555500000004,1132.2249859999999
75,67,1440000,38,3,6,1,2,10813.88888875,0.096347142563816227,0.29795399184513016,0.83950619804794158,4.8611112500000004,1.028818,6.5754877499999997,1500,1.5903824999999998,439.875,15.97222225,44.444444249999997,955.18776674999992
75,69,1440000,2,0,0,0,0,348.61111099999999,0.075628000000000001,0.24705799999999997,0.78019399999999994,0,0,1.1668875000000001,1500,0,0,1.388889,0,2442.224228
75,71,1440000,1,0,0,1,0,197.91666674999999,0.039424000000000001,0.22898299999999999,0.82704899999999992,0,0.42125375000000004,0.93663925000000003,1500,0.67301199999999994,0,1.388889,0.69444450000000002,3000
75,74,1440000,1,0,1,0,0,386.11111100000005,0.084082000000000004,0.28034599999999998,0.82377500000000003,0,0,0.40516950000000007,1500,0,0,0,0,3000
76,55,1440000,1,0,0,0,0,390.97222225000007,0.053214999999999998,0.164409,0.84758899999999993,0,0,1.6244020000000003,1500,0,0,0,0,3000
76,57,1440000,7,1,1,1,0,1843.0555555000001,0.090655314243511143,0.275134757352265,0.84684114167089397,3.4722222500000002,0.43674475000000001,4.3355139999999999,1500,1.5577969999999999,0,5.5555554999999996,18.055555500000001,3000
76,61,1440000,1,0,1,0,0,363.19444449999997,0.075914999999999996,0.27668000000000004,0.82080599999999992,0,0,1.53049375,1500,0,0,2.7777777499999998,0,3000
76,64,1440000,1,1,0,0,0,56.944444499999996,0.10857600000000001,0.29524600000000001,0.75122,0,0,0,1500,0,0,0,0,3000
76,65,1440000,1,0,0,0,0,901.38888900000006,0.088871000000000006,0.24512300000000004,0.85105800000000009,0.69444450000000002,0,2.7620732499999998,1500,0.75954699999999997,0,4.1666667500000001,15.97222225,2219.139424
76,66,1440000,3,0,1,0,0,4021.5277779999997,0.089528973406365717,0.23842665325468554,0.80918018045290363,3.4722222500000002,0,2.6353050000000002,1500,1.1743866666666667,932.55555566666669,2.7777780000000001,8.3333335000000002,2392.4673659999999
76,67,1440000,3,0,0,0,0,2497.9166665000002,0.071693421740332899,0.23968529329935509,0.80051480650540552,0.69444450000000002,0,1.7243517500000001,1500,1.5056280000000002,0,4.8611110000000002,3.4722222500000002,1806.2475549999999
76,71,1440000,1,0,0,0,0,164.58333325000001,0.079029999999999989,0.270152,0.80825000000000014,0,0,0.62121674999999998,1500,0,0,0,0,3000
76,73,1440000,2,0,1,0,0,125,0.067267999999999994,0.18091500000000002,0.83716599999999997,0,0.17437850000000002,0.13591149999999999,1500,0,0,0.69444450000000002,0,3000
76,75,1440000,3,0,0,0,0,16.666666750000001,0.069436999999999999,0.26918700000000001,0.821438,0,0,0.29162424999999997,1500,0,0,0,0,3000
76,88,1440000,1,1,0,0,0,302.77777774999998,0.066625000000000004,0.23904099999999998,0.808778,0,0,0.19578499999999999,1500,0,0,1.388889,0,3000
76,89,1440000,8,0,0,0,0,74.305555500000011,0.088578999999999991,0.32055500000000003,0.72958599999999985,0,0,0.59465424999999994,1500,0,0,0,0,3000
76,106,1440000,1,0,0,0,0,400.69444449999997,0.111402,0.43928100000000003,0.85542800000000008,0,0,0.47454324999999992,1500,0.86756299999999997,0,3.4722222500000002,0,3000
77,57,1440000,9,1,0,0,2,2168.7500000000005,0.081445330451721504,0.23042403938663283,0.82167177617674303,2.0833332499999999,0,6.7074872500000007,1500,1.6888320000000001,27,5.5555557499999999,6.25,3000
77,59,1440000,1,0,0,0,0,279.86111099999999,0.103334,0.21887600000000001,0.81463499999999989,0,0.11936125,0.97745525,1500,0,0,0,0.69444450000000002,3000
77,62,1440000,8,1,1,0,0,669.44444449999992,0.10762171058260048,0.23565251556060193,0.84443772406839435,4.8611110000000002,0.80825949999999991,1.0078864999999999,1500,1.1033820000000001,408.83333349999998,4.1666667500000001,0.69444450000000002,3000
77,63,1440000,1,0,0,0,0,211.80555550000003,0.107804,0.17740500000000001,0.87706800000000007,0,0,0,1500,0.45056099999999999,519.79999999999995,0,0,3000
77,65,1440000,4,0,0,0,0,225,0.034430000000000002,0.21077699999999999,0.784466,0,0,0,1500,0,0,0,0.69444450000000002,3000
77,75,1440000,6,0,0,0,0,165.97222224999999,0.065026,0.29302500000000004,0.80178000000000005,0,0.45413050000000005,1.01477525,1500,1.329661,0,0,2.0833332499999999,3000
77,78,1440000,3,0,0,0,0,14.583333249999999,0.147171,0.35867599999999999,0.730186,0,0,0.78894925000000016,1500,0,0,0,0,3000
77,122,1440000,1,0,0,0,0,102.77777775000001,0.059822000000000007,0.206261,0.84680300000000008,0,0,1.4008594999999999,1500,1.0397209999999999,0,0,0.69444450000000002,3000
78,56,1440000,8,0,0,0,0,291.66666674999999,0.094079999999999997,0.24205900000000002,0.79398000000000002,0,0,1.0478835,1500,0.95027099999999987,0,0.69444450000000002,0.69444450000000002,3000
78,61,1440000,1,0,0,0,0,445.13888899999995,0.078140000000000001,0.21579099999999996,0.83871599999999991,2.0833332499999999,0.49729950000000001,1.004434,1500,1.4007120000000002,0,2.7777777499999998,1.388889,3000
78,74,1440000,4,0,0,0,0,170.13888899999998,0.10122699999999998,0.31320399999999998,0.81430700000000011,0,0,0.94917124999999991,1500,0,0,0,0,3000
78,111,1440000,1,0,0,0,0,195.83333325000001,0.039773000000000003,0.198245,0.85579899999999998,0,0.41996225000000004,1.3177495000000001,1500,0,0,0,0,3000
79,77,1440000,1,0,1,0,0,156.9444445,0.088891999999999999,0.28669,0.81305499999999997,0,0.49941525000000003,0.93369649999999993,1500,1.1988490000000001,0,0,2.0833332499999999,3000
79,78,1440000,11,0,3,0,0,1740.27777775,0.10941792258585943,0.28305350558679782,0.81344084397444671,2.0833335000000002,0.88846150000000002,2.5503844999999998,1500,1.450698,0,6.25,6.25,3000
79,79,1440000,1,0,0,0,0,78.472222250000002,0.084798999999999999,0.141127,0.80507899999999999,0.69444450000000002,0.43059424999999996,0,1500,0,0,0.69444450000000002,1.388889,3000
80,76,1440000,1,0,0,0,0,109.02777775000001,0.091430999999999998,0.36730999999999997,0.83668700000000007,0,0,0.88778849999999998,1500,0,0,0.69444450000000002,0.69444450000000002,3000
80,77,1440000,1,0,0,0,0,35.416666749999997,0.039226999999999998,0.38789400000000002,0.81742500000000007,0,0,0,1500,0,0,0,0,3000
80,111,1440000,1,0,0,0,0,128.47222224999999,0.075227000000000002,0.29574299999999998,0.88472299999999982,0,0.43437475000000003,0.89456550000000001,1500,0,0,0,0,3000
81,112,1440000,1,0,0,0,0,4.1666667500000001,0.25,0.61660000000000004,0.75,0,0.20884724999999998,0.23394825,1500,1.0986120000000001,0,0,0,3000
82,76,1440000,1,0,0,0,0,11.805555499999999,0,0.047794000000000003,0.76477600000000001,0,0,0.65272299999999994,1500,0,0,0,0,3000
82,77,1440000,1,0,0,0,0,36.111111000000001,0.079601999999999992,0.21758700000000003,0.89844199999999996,0,0,0.93234150000000005,1500,0,0,0,0,3000
83,77,1440000,1,0,1,0,0,56.25,0.034722000000000003,0.32913000000000003,0.82559799999999994,0,0,1.2869709999999999,1500,0,0,0,0.69444450000000002,3000
83,115,1440000,1,0,0,0,0,2086.1111110000002,0.076163999999999996,0.30476999999999999,0.82979500000000017,1.388889,0.047866499999999999,0.98226425000000006,1500,1.828773,0,0.69444450000000002,1.388889,3000
84,115,1440000,1,0,0,0,0,370.13888900000001,0.074888999999999997,0.241808,0.85532399999999997,0,0.0024315000000000001,0.26455850000000003,1500,1.4900939999999998,0,0,0,3000
87,115,1440000,1,0,0,0,0,313.88888900000001,0.059590999999999998,0.26994000000000001,0.83222200000000002,0,0,0.85795674999999993,1500,1.0986120000000001,0,0,0.69444450000000002,3000
88,115,1440000,1,0,0,0,0,113.88888899999999,0.060504999999999989,0.120848,0.88265400000000005,0,0,1.7858109999999998,1500,0,0,2.7777777499999998,0,3000
88,122,1440000,1,0,0,0,0,69.444444499999989,0.104504,0.35838799999999998,0.86934600000000006,0,0.43152875000000002,1.5685900000000002,1500,0.45056099999999999,0,4.1666667500000001,0.69444450000000002,3000
