FID,OBJECTID,Y1,Y2,Y3,Y4,X1,X2,X3,X4,X6,X7,X8,X10,X14,X17,X18,X19,X22
2,3,0,2,0,0,6247.222222222223,0.09955286794130724,0.16422761227212093,0.8421111160515784,0.0,0.0,0.7522343003722223,1.4584173649045928,0.0,5.555555555555556,22.222222222222225,1500.0,3000.0
6,7,0,1,0,0,1522.2222222222224,0.13663959854014598,0.31214434306569344,0.8711647810218979,0.0,0.30038471608787287,3.535844387777778,1.3862943611198906,33.0,8.333333333333334,2.777777777777778,529.491154464,815.94954129
8,9,0,0,0,0,10608.333333333334,0.24035938727415554,0.4581298245614035,0.8967413720869337,0.0,0.9847996809577516,0.7284396705027778,1.4981727034911148,66.0,16.666666666666668,11.111111111111112,609.895023587,348.11992312
14,15,0,1,0,0,875.0,0.07583396825396825,0.35448031746031744,0.8717199999999999,11.1111111111,1.7898174372878268,0.0,0.6931471805599453,0.0,0.0,44.44444444444445,1500.0,3000.0
16,17,1,1,0,0,17341.666666666668,0.08853917988146724,0.23668500720807303,0.8491557264135832,11.1111111111,1.2380618487933561,2.3249948153000006,1.2047097568065015,0.0,8.333333333333334,63.88888888888889,1500.0,2143.29683403
26,27,1,2,0,0,7450.0,0.10825633855331843,0.2997268456375839,0.864736129753915,5.55555555556,0.0,4.7563503618055565,1.768692125885029,318.166666667,27.777777777777782,33.333333333333336,1045.08652837,680.38193535
29,30,3,7,1,2,7144.444444444445,0.1728709175738725,0.4022944790046656,0.8868211897356144,58.3333333333,0.0,8.109187294111111,2.002156387057907,207.333333333,44.44444444444445,405.5555555555556,352.576902865,1111.83089405
36,37,0,2,0,0,11127.77777777778,0.11005711432850725,0.33484276085871195,0.8622610584123814,5.55555555556,0.7765856537533101,4.025104459805556,1.4456832418740029,49.0,2.777777777777778,36.111111111111114,749.374965001,3000.0
40,41,0,0,0,0,327.7777777777778,0.11174237288135594,0.22139406779661017,0.8606677966101696,0.0,1.1341659947488523,0.0,0.6931471805599453,0.0,0.0,0.0,1500.0,3000.0
46,47,2,1,0,1,7250.0,0.12886624521072795,0.21995386973180078,0.8590168582375479,5.55555555556,0.0,6.04422220988889,1.4322139043602349,192.0,11.111111111111112,2.777777777777778,1499.24072821,1475.12038073
49,50,7,5,0,0,12483.333333333334,0.10195554072096127,0.3089750333778371,0.8723151980418336,27.777777777799997,1.3796654387051535,8.829152604916668,1.8694337562670233,91.8,27.777777777777782,322.22222222222223,1500.0,522.7491384
58,59,0,0,0,0,7147.2222222222235,0.11600761756704235,0.366981111542946,0.8668722891566265,2.77777777778,1.5049307410737875,4.280417896888889,1.7741574590175988,0.0,2.777777777777778,77.77777777777779,1500.0,1078.62847301
59,60,1,2,0,0,18158.333333333336,0.16723842741318645,0.2479365152210494,0.8681969863851919,25.0,0.08133173080508395,10.086196752250002,1.850506288127805,71.0,44.44444444444445,44.44444444444445,426.758506587,202.08007982
64,65,0,0,0,0,5205.555555555556,0.08462897545357523,0.2268425827107791,0.8602116862326574,0.0,0.0,7.427382919055555,1.5661111386327906,0.0,0.0,27.777777777777782,1357.69036916,1085.33184876
80,81,0,4,1,1,18925.0,0.10825320710406575,0.25659693233524145,0.8365188756788492,58.3333333333,0.0,23.70027672463889,1.371209996139044,43.6666666667,44.44444444444445,461.11111111111114,1500.0,297.95613055
85,86,3,3,7,1,6180.555555555556,0.1791221573033708,0.33084844943820224,0.8982830561797752,5.55555555556,0.0,0.2585398165502778,1.7098674060782921,44.5,25.0,47.22222222222223,548.609681946,634.4030338
88,89,1,4,4,0,4997.222222222223,0.15442023346303504,0.181569927737632,0.8402590883824347,0.0,0.0,8.849016671555557,1.9043994973833667,128.625,58.333333333333336,19.444444444444446,660.627198609,419.10125836
90,91,8,10,3,2,53466.66666666667,0.1845756961762261,0.4371313954696592,0.8657999532418953,25.0,1.6702162177034712,7.685795608805556,2.0211247924411775,141.8,216.66666666666669,294.4444444444445,400.767985305,744.59383814
92,93,0,0,0,0,1908.3333333333335,0.06573231441048034,0.2298564774381368,0.8528195050946141,0.0,0.0,1.4693801135194444,1.310783678099714,0.0,0.0,8.333333333333334,1500.0,3000.0
96,97,1,5,0,1,25480.55555555556,0.13998407282241362,0.33836858170718415,0.856413572440859,16.6666666667,1.6666775373580944,2.199533340905556,1.883768298701422,0.0,61.11111111111112,69.44444444444446,536.289443514,1053.2124362
99,100,0,0,0,0,288.8888888888889,0.08861346153846153,0.12329807692307693,0.8613769230769232,0.0,0.0,4.436151562555556,0.0,0.0,0.0,0.0,1500.0,3000.0
101,102,0,2,0,1,13413.88888888889,0.15076042658935598,0.45689904742182647,0.88098256367778,5.55555555556,0.5519580842362026,0.45468658502222226,1.2357187296450576,460.0,44.44444444444445,113.88888888888891,128.378103668,1290.82940294
116,117,1,0,1,1,31136.111111111113,0.08591882415915783,0.2571819520028549,0.862906343117138,25.0,0.0,6.175548207055557,1.8173150216353258,59.5,16.666666666666668,86.11111111111113,1139.17684865,561.87708319
122,123,1,2,2,1,25933.333333333336,0.10896049700085689,0.3589689160239931,0.8545753427592117,83.3333333333,1.5903828231951365,4.997079825555556,1.7157434764708215,0.0,22.222222222222225,377.7777777777778,890.645540801,853.95317966
139,140,0,0,0,0,6697.222222222223,0.06453036084612193,0.2922578183326421,0.8482434259643302,2.77777777778,0.0,11.455451389222224,1.879390130807903,0.0,22.222222222222225,102.77777777777779,1375.01259111,1652.14532118
142,143,0,3,0,0,12900.0,0.08210450043066322,0.2095620585701981,0.8700701981050819,11.1111111111,0.7076446572347733,14.240615874222225,1.8392777123107433,0.0,11.111111111111112,88.8888888888889,1500.0,2883.25384169
144,145,2,8,3,3,9455.555555555557,0.14810760869565218,0.40310992949471214,0.8724962690951822,5.55555555556,0.12252232170236453,2.7963921408055556,1.7480990437519652,0.0,169.44444444444446,66.66666666666667,759.253122611,169.53940066
146,147,3,0,0,0,1363.888888888889,0.06811384928716904,0.20714623217922606,0.8831089613034623,30.555555555599998,0.0,1.7006134184055555,1.2628643221541278,0.0,0.0,83.33333333333334,1500.0,2458.76243085
151,152,1,4,10,1,29527.77777777778,0.13285039510818436,0.3807022765757291,0.8687754750705551,13.888888888899999,0.032000652965192736,6.528505834305555,1.4999681856290297,128.2,91.66666666666667,202.7777777777778,229.601626913,271.73289423
157,158,0,3,7,1,38905.55555555556,0.13569390975296303,0.33936544338140795,0.8934506140225618,19.4444444444,0.37068482950287884,5.036089875333334,1.2208662975503237,118.222222222,30.55555555555556,202.7777777777778,131.86188304,680.85314523
170,171,3,5,1,4,13550.0,0.13722166871668717,0.37167242722427224,0.8655134686346863,5.55555555556,0.0,13.228789560083335,1.8467819981525784,157.0,38.88888888888889,263.8888888888889,1083.01621674,587.97853185
173,174,4,7,3,0,38400.0,0.18253194444444445,0.32279728732638885,0.8775131148726851,16.6666666667,0.0,8.518754584694445,1.880413135469338,72.6666666667,180.55555555555557,150.0,757.565038873,211.33917477
175,176,0,6,0,0,46894.444444444445,0.12286576235043241,0.27432630612486675,0.8895333668996565,30.555555555599998,1.352469512588494,4.650890599277778,1.8975778449060474,99.3333333333,36.111111111111114,44.44444444444445,887.610535286,812.16651745
185,186,3,19,1,1,28058.333333333336,0.1900094545094545,0.5256529056529057,0.8852918423918423,33.333333333300004,0.8386820444567575,10.251785716583333,2.0545380055418336,242.166666667,166.66666666666669,216.66666666666669,439.415437453,226.33886332
193,194,1,0,0,0,1208.3333333333335,0.07389586206896552,0.28996597701149424,0.8937910344827587,13.888888888899999,2.1713047066466324,0.0,1.482156220749018,0.0,0.0,77.77777777777779,1500.0,1579.10923254
198,199,0,0,0,0,630.5555555555557,0.13087885462555066,0.3223334801762115,0.8458387665198238,2.77777777778,0.37304581083825267,0.5499017007666668,0.6931471805599453,0.0,0.0,11.111111111111112,1500.0,3000.0
199,200,2,0,0,0,3969.4444444444453,0.05676326102169349,0.19138943317004897,0.838696011196641,0.0,0.0,8.595506557277778,1.700164942414579,0.0,0.0,8.333333333333334,1500.0,3000.0
221,222,1,0,0,0,15613.88888888889,0.09832294965308665,0.24192469311510406,0.845553869418253,8.33333333333,0.3722939227857587,0.0,1.5247073930301434,1128.0,5.555555555555556,2.777777777777778,1500.0,3000.0
223,224,0,0,0,0,361.11111111111114,0.08563076923076923,0.23868384615384616,0.8575892307692308,0.0,0.0,3.877974845166667,0.6365141682948128,0.0,0.0,0.0,1500.0,3000.0
228,229,1,4,0,0,3963.888888888889,0.06462403644008409,0.16323924316748423,0.8094039243167483,0.0,1.1477126854492705,6.2671691615555565,1.367458001155287,0.0,13.888888888888891,16.666666666666668,1500.0,3000.0
237,239,0,1,0,0,566.6666666666667,0.06288235294117647,0.16420882352941177,0.8523156862745098,13.984472394299999,0.0,2.4930574612333336,0.6829081047004717,0.0,0.0,30.55555555555556,1168.45241496,2510.69540465
241,243,0,0,0,0,1780.5555555555559,0.07814024960998439,0.21579095163806553,0.8387159126365055,8.33333333333,1.9891981425688088,4.017736035916667,1.4007118881730545,0.0,11.111111111111112,5.555555555555556,1500.0,3000.0
242,244,0,3,1,0,12758.333333333334,0.07453753537992598,0.28539775745699975,0.8461052688874374,22.2222222222,0.0,9.989012780944446,1.8395371546726542,58.6666666667,27.777777777777782,163.8888888888889,1500.0,3000.0
251,253,5,4,3,1,8988.88888888889,0.1579891841779975,0.37041928306551297,0.8679069839307787,5.55555555556,1.68870769358883,2.279123526127778,1.9653007036017305,51.5,50.0,216.66666666666669,121.823505261,1974.24576326
271,273,0,0,0,0,4808.333333333334,0.0756106296938186,0.2768736568457539,0.8663626227614096,0.0,0.09437047589004025,5.7547791289444445,0.6931471805599453,0.0,0.0,2.777777777777778,935.305581003,3000.0
283,285,1,0,0,0,3269.444444444445,0.0854251486830926,0.31372710280373833,0.8345537807986406,13.888888888899999,0.0,12.24966817927778,1.7852324145727863,0.0,11.111111111111112,2.777777777777778,1500.0,3000.0
288,290,0,3,0,0,2261.1111111111113,0.1842686732186732,0.4629055282555282,0.8811042997542997,8.33333333333,1.0541379281725753,0.0,1.5857708352080968,0.0,13.888888888888891,380.5555555555556,668.056314943,1099.26815874
297,299,0,0,0,0,244.44444444444449,0.04,0.3252659090909091,0.8424454545454545,0.0,0.0,5.831447459500001,0.0,0.0,0.0,0.0,1500.0,3000.0
299,301,1,4,0,7,2441.666666666667,0.1416957906712173,0.3885938566552901,0.8710128555176337,0.0,1.7992177662322575,2.8543534695555555,1.8233161510761033,209.0,16.666666666666668,27.777777777777782,248.78150981,306.81347696
307,310,9,3,0,1,57325.0,0.16551609730096428,0.35882529437418226,0.8906292629742695,22.2222222222,0.7432618383689356,7.8397036584722235,1.941152529919126,404.6,172.22222222222226,150.0,283.912851177,901.48529118
312,315,0,5,1,0,9597.222222222224,0.07973021707670043,0.21314958031837913,0.8358152821997105,11.1111111111,1.7094298100660061,13.976402813638892,1.9556244536398044,74.0,30.55555555555556,63.88888888888889,1500.0,3000.0
313,316,1,2,0,1,5877.777777777778,0.058365311909262765,0.17872268431001892,0.8268410207939509,2.77777777778,0.0,4.5944548865,1.71408754118701,0.0,8.333333333333334,8.333333333333334,1500.0,3000.0
314,317,0,1,0,0,13927.777777777781,0.09662734343837256,0.312034363781412,0.8637046868767452,5.55555555556,0.9970851166066557,11.973853626777778,1.2594620020102774,84.0,30.55555555555556,188.8888888888889,1500.0,1811.60125785
320,323,0,0,0,0,6019.444444444445,0.09929552376557452,0.21387286571296724,0.8975017074296262,5.55555555556,2.1451136009634406,2.0054707238583336,1.8101931499228907,87.0,11.111111111111112,13.888888888888891,1223.05915624,1076.00776665
329,332,0,5,1,1,9616.666666666668,0.07952830733679954,0.21595563258232237,0.8441311958405546,13.888888888899999,0.0,10.086491608944446,1.9102552388091216,782.0,27.777777777777782,108.33333333333334,1423.36858789,790.69803568
335,338,0,2,1,1,22475.0,0.11571872450871339,0.22475415894203435,0.8703173278951922,36.1111111111,0.0,16.933772267861112,1.5616393671297257,59.2857142857,2.777777777777778,86.11111111111113,390.523652269,1473.07227766
339,342,0,11,1,2,4583.333333333334,0.14070563636363637,0.3668013939393939,0.8638891515151514,8.33333333333,0.14166739628048866,5.746402354472222,1.477508451683235,145.0,47.22222222222223,724.444444444444,334.33913353,2126.86887149
350,353,4,7,1,0,29033.333333333336,0.12424182931496364,0.3058522196708764,0.8608900019135094,11.1111111111,0.08750129354416368,8.004078721111112,1.8000892136868947,66.0,125.0,113.88888888888891,1500.0,641.61988897
356,359,1,2,0,0,9069.444444444445,0.12190937212863706,0.23504147013782542,0.8457449923430321,16.6666666667,1.6672137719129674,4.420721058388889,1.537781446681525,292.6,52.77777777777778,200.0,122.438883635,1131.59460442
365,368,0,1,0,0,986.1111111111113,0.10561521126760563,0.22033126760563382,0.8263535211267605,2.77777777778,0.8797779221225948,0.6580527002916667,1.0635215028672123,0.0,2.777777777777778,5.555555555555556,1500.0,3000.0
369,372,0,1,0,0,1580.5555555555557,0.0672518453427065,0.20868629173989456,0.8880574692442883,5.55555555556,0.7650626135803229,5.140321812972223,1.0888999753452235,0.0,2.777777777777778,33.333333333333336,1500.0,3000.0
377,380,1,0,1,0,15338.88888888889,0.0755220934444042,0.31393833755885553,0.8141975371242304,33.333333333300004,1.7908366860702074,9.324769856694445,1.8486014769670398,0.0,8.333333333333334,155.55555555555557,1500.0,429.87779864
386,389,1,2,0,0,5886.111111111112,0.10085441245870694,0.26599443133553563,0.8633917413874469,16.6666666667,0.0,6.041251176333334,1.7843714756824238,0.0,8.333333333333334,69.44444444444446,579.635388316,2787.18830527
395,398,3,2,0,1,17669.44444444445,0.1546723785568307,0.35901502908347743,0.8652675522716554,13.888888888899999,0.0,8.246303141333335,1.9427077429719428,36.0,100.0,88.8888888888889,1500.0,1806.76476078
403,406,0,0,0,1,4869.444444444445,0.08773827723901884,0.13752310325156875,0.8717834569309755,5.55555555556,1.13515760488915,8.846650168611111,1.8335533871524743,69.0,19.444444444444446,180.55555555555557,534.582677797,758.76923375
410,413,0,2,0,0,986.1111111111113,0.07031774647887325,0.1703974647887324,0.8566543661971832,11.1111111111,0.0,0.38728437192222226,1.0735428464085233,0.0,2.777777777777778,11.111111111111112,1500.0,3000.0
419,422,0,0,0,0,2491.666666666667,0.0960314381270903,0.33575808249721295,0.8705430323299889,0.0,0.0,0.0,1.4750763110546947,590.0,0.0,97.22222222222223,658.428903514,1190.38532864
424,427,4,8,15,2,10625.0,0.10357749019607843,0.30372334640522874,0.8684863267973856,22.2222222222,0.0,4.310963043666667,1.7080120124338025,115.666666667,36.111111111111114,483.33333333333337,1500.0,159.35205692
430,433,0,1,0,0,1430.5555555555557,0.08669941747572815,0.2352126213592233,0.8797980582524272,0.0,0.2938333760369652,10.860092384888889,0.7356219397587946,0.0,2.777777777777778,16.666666666666668,1500.0,1197.91554051
432,435,0,5,3,10,18402.77777777778,0.11814869433962263,0.3146386566037736,0.8578673509433962,13.888888888899999,1.4386197144547523,9.601990180361112,2.006160635590877,73.5,66.66666666666667,197.22222222222226,1255.4879151,359.53572093
442,445,0,0,0,0,11122.222222222224,0.11126538461538461,0.33778843656343654,0.871977872127872,22.2222222222,1.2866474608360314,8.565158069444445,1.2978529008039708,0.0,8.333333333333334,47.22222222222223,1500.0,892.32379618
443,446,0,1,0,0,2791.666666666667,0.0573265671641791,0.19569114427860695,0.8654909452736318,0.0,0.0,5.07050581538889,1.5686180884913832,0.0,2.777777777777778,75.0,1500.0,3000.0
447,450,1,3,1,2,9247.222222222224,0.11106650645839593,0.35890576749774705,0.8389485731450886,63.88888888889999,0.7396183671532814,1.9079592611444445,1.5665841125042401,588.5,19.444444444444446,533.3333333333334,498.918496832,657.6156917
451,454,0,5,0,0,22252.77777777778,0.10199428286106603,0.36657709399575583,0.840492535264012,25.0,2.05468695591166,6.505228903388888,1.9469611289765536,149.142857143,55.555555555555564,100.0,52.6890494843,29.60748093
452,455,0,2,0,0,1580.5555555555557,0.15479191564147626,0.30199859402460455,0.8460648506151143,0.0,1.088416631276458,1.2453267119416669,1.5602982517726536,0.0,16.666666666666668,25.0,529.622770267,920.22552616
453,456,0,0,0,1,3052.777777777778,0.08326251137397633,0.24694549590536852,0.8319096451319381,8.33333333333,0.0,3.393205409944445,0.8785518318773369,0.0,5.555555555555556,11.111111111111112,1500.0,3000.0
456,459,0,1,0,1,17405.55555555556,0.09718175869773381,0.21947990743696136,0.8185649537184806,2.77777777778,0.0,22.751646635944446,1.9370101358237908,52.4,25.0,94.44444444444446,1500.0,2022.70952086
458,461,0,0,0,0,2844.444444444445,0.07582724609375,0.2458197265625,0.858908203125,0.0,0.0,5.8289242830555565,1.732552088116943,0.0,0.0,13.888888888888891,1500.0,1664.06793467
470,473,4,7,1,3,38950.0,0.18864828840393666,0.43507024675509914,0.8623552845528455,22.2222222222,1.6759615178988165,10.435114528694445,1.8717242230670803,129.125,202.7777777777778,336.11111111111114,166.472527231,289.50260404
478,481,3,1,0,0,597.2222222222223,0.06776558139534883,0.23103441860465118,0.8301069767441861,2.77777777778,1.1747291057539582,4.295623442805557,1.0114042647073518,0.0,8.333333333333334,19.444444444444446,1500.0,3000.0
487,490,0,2,0,0,7275.0,0.1179332187857961,0.3445777395952654,0.8698298587247042,2.77777777778,0.921762393990836,6.665834248777777,1.631345420808597,0.0,5.555555555555556,5.555555555555556,789.379677798,1595.59536923
489,492,2,1,0,1,16997.222222222223,0.10876121915345645,0.2540709266219971,0.854603938552051,25.0,0.0,9.017692181222225,0.8383312341064695,113.0,8.333333333333334,61.11111111111112,1100.66504508,917.67487098
494,497,1,0,1,0,7025.0,0.07607073942269672,0.27609446421510475,0.8568062475286674,2.77777777778,0.0,8.674573772833336,1.4861182531292052,0.0,5.555555555555556,230.55555555555557,1500.0,856.5272718
501,504,6,6,0,0,22491.666666666668,0.11652303322218105,0.38251752500926267,0.8711235395825614,13.888888888899999,1.337041434344994,11.80501847625,1.7371931259105393,56.0,58.333333333333336,102.77777777777779,1500.0,639.01908793
503,506,0,2,0,0,5258.333333333334,0.05388684627575278,0.18394638140517697,0.8934388272583201,27.777777777799997,0.37531588641633795,7.108930850555557,1.114153952430587,0.0,5.555555555555556,77.77777777777779,985.256391571,1062.12574038
523,526,1,4,13,0,11458.333333333334,0.07947975757575758,0.2509117818181818,0.8823375757575758,66.6666666667,1.9706805278624082,8.311016910722223,1.614502831220114,92.0,16.666666666666668,250.0,367.121432309,357.49435715
529,532,0,0,0,0,2519.444444444445,0.0796077177508269,0.36764057331863287,0.8574353914002205,22.2222222222,1.8523197388245567,1.7529375151555557,1.2048762065511598,0.0,0.0,38.88888888888889,448.789282122,3000.0
544,547,0,3,1,0,24297.222222222223,0.09315608780153196,0.41025589344918256,0.856974494112267,30.555555555599998,0.0,9.930562689361112,1.8824274344531526,0.0,16.666666666666668,27.777777777777782,1315.16867328,1780.18120208
549,552,0,0,0,0,2066.666666666667,0.050938575268817204,0.2648451612903226,0.8967474462365592,2.77777777778,1.8918319377903303,9.389960442833333,1.4750763110546947,0.0,0.0,52.77777777777778,816.521729954,3000.0
558,561,0,0,0,0,4383.333333333334,0.10391863117870723,0.28444340937896073,0.8725516476552598,13.888888888899999,0.7252991897695198,2.3915804726916665,1.584373290522919,43.0,2.777777777777778,44.44444444444445,1100.60274735,1581.82740436
564,567,3,3,1,0,4325.0,0.07933551701991008,0.26801682723185616,0.8753847141939627,5.55555555556,0.0,14.623002808666667,2.100575093322732,156.826086957,41.66666666666667,122.22222222222224,1500.0,256.27276962
571,574,16,18,5,2,51997.222222222226,0.16481100486137082,0.3397520968000427,0.8895379934825578,22.2222222222,0.5133804812313568,5.270900005444445,1.8798224228057963,484.526315789,283.33333333333337,197.22222222222226,240.375683629,797.83928789
574,577,0,3,0,0,8188.8888888888905,0.14473327679782905,0.22696546811397558,0.8440641451831751,2.77777777778,0.0,7.183075432638891,1.3747764025076898,1440.0,22.222222222222225,5.555555555555556,1500.0,3000.0
584,587,0,0,0,0,3605.555555555556,0.08887118644067796,0.24512326656394454,0.8510577041602465,2.77777777778,0.0,11.048292780805557,0.7595473914748635,0.0,16.666666666666668,63.88888888888889,1500.0,2219.1394241
585,588,1,2,0,0,7602.777777777778,0.11194380708805261,0.34342451589331385,0.885734636463281,2.77777777778,1.7713117720557023,3.1672515535833337,2.0278221643129126,125.5,27.777777777777782,13.888888888888891,1500.0,1929.58057809
592,595,0,8,2,0,21702.77777777778,0.0978625495968258,0.29134591066171767,0.8457577627031869,50.0,1.8031105553248472,10.938738005305556,1.7568017996830319,365.777777778,33.333333333333336,377.7777777777778,1500.0,1087.35476757
596,599,0,0,0,0,5344.444444444445,0.09448487525987527,0.21212697505197506,0.8876827442827442,11.1111111111,0.0,6.540131729888889,1.5189967772767472,30.0,8.333333333333334,41.66666666666667,729.715731276,2373.18791055
599,602,0,2,0,2,7216.666666666667,0.09189199384141647,0.23775816012317166,0.8245779830638953,16.6666666667,0.49613522200503746,9.109489922527779,1.7695945142955627,361.666666667,50.0,108.33333333333334,1500.0,1496.2817254
607,610,6,5,1,3,38122.222222222226,0.158888866219761,0.4131911104634217,0.8707081025939959,5.55555555556,0.5361377515443768,12.528709910944446,1.8172662831989492,92.3888888889,113.88888888888891,50.0,453.734578242,384.81173768
608,611,0,3,2,0,7402.777777777778,0.1792494559099437,0.5256493808630395,0.8853615009380864,13.888888888899999,1.6689902602279976,3.579650674611112,1.5749253671835093,425.740384615,344.4444444444445,452.7777777777778,289.145238193,325.19739398
616,619,1,2,0,0,21008.333333333336,0.11397552558508528,0.309690810524924,0.8622731852439508,16.6666666667,0.23312527301809324,5.255236870333333,1.6667634197733323,0.0,80.55555555555556,111.11111111111113,1207.02423837,954.15178944
617,620,0,0,0,0,6808.333333333334,0.1222126070991432,0.3214870257037944,0.8674173398612812,0.0,1.5166382194879853,5.0463323486944445,1.6366993420320988,0.0,52.77777777777778,44.44444444444445,297.753647221,800.05038882
632,636,2,5,3,2,17183.333333333336,0.1655573714839961,0.3521136922082121,0.8809145651471063,5.55555555556,1.4410242597265237,8.827557080916668,1.7415181915915543,96.0,258.33333333333337,77.77777777777779,1500.0,42.24270613
640,644,0,2,1,0,23427.77777777778,0.1139497747213659,0.447517144889732,0.8659376689589756,175.0,0.14476725864298862,1.041544153113889,1.7935594659326903,313.0,16.666666666666668,125.0,873.690827274,1097.90950751
644,648,1,9,1,0,19036.111111111113,0.10463491901357069,0.4029347876842259,0.8519876258572887,33.333333333300004,1.6819807956291697,0.0,1.6632930611263221,94.5,19.444444444444446,108.33333333333334,983.406383447,3000.0
647,651,0,0,0,0,6783.333333333334,0.16432960687960688,0.265559828009828,0.8537841113841114,8.33333333333,1.7963359335437166,6.619888024777778,1.638571501635707,54.0,11.111111111111112,105.55555555555556,513.912109279,1457.7603623
648,652,25,22,2,5,48255.55555555556,0.1092985551462123,0.2778118696753396,0.8749508404328805,55.555555555599994,1.7086452366081533,5.567661505638889,1.7719612162253522,56.0,130.55555555555557,355.5555555555556,443.552779905,274.88732445
650,654,1,5,0,1,17933.333333333336,0.1094793990086741,0.3420177973977695,0.8698342936802974,22.2222222222,1.6958302986337253,5.076735891333334,1.8968353987995212,95.8571428571,75.0,136.11111111111111,736.13836913,556.06997501
653,657,0,1,0,0,8963.88888888889,0.10706916640842888,0.4055671831422374,0.84868159281066,19.4444444444,1.361659890156834,6.776445673250001,1.5911252006166545,73.75,13.888888888888891,172.22222222222226,221.357414107,672.68141601
659,663,0,0,0,0,200.0,0.034722222222222224,0.16930833333333334,0.8196916666666667,0.0,0.0,2.6898227372416668,0.0,0.0,0.0,0.0,1500.0,3000.0
660,664,2,4,2,10,31536.111111111113,0.1086917026336651,0.2617872104289615,0.871580216682815,22.2222222222,0.5700772335506723,10.466498614694444,1.9266063777123061,60.0,136.11111111111111,125.0,283.530574743,603.18135525
662,666,0,0,0,0,694.4444444444445,0.0577676,0.2486188,0.825068,0.0,0.0,2.134608475352778,0.0,0.0,2.777777777777778,0.0,1500.0,2216.7468296
678,683,0,1,0,1,2055.555555555556,0.15668567567567568,0.28492999999999996,0.8927397297297297,5.55555555556,1.1559957577062638,3.5065354183333337,1.7515953172353522,190.0,33.333333333333336,27.777777777777782,1500.0,1756.18456799
687,692,2,5,0,1,17061.111111111113,0.16689107782481277,0.3323346629762292,0.8888000162813415,19.4444444444,0.059109247700037754,7.903873763444446,1.9719502416115116,110.0,72.22222222222223,172.22222222222226,655.007785379,830.41591001
689,694,0,1,0,0,627.7777777777778,0.08889159292035399,0.28668982300884954,0.8130553097345132,0.0,1.997661388274991,3.734786097194444,1.1988493129136213,0.0,0.0,8.333333333333334,1500.0,3000.0
693,698,6,85,3,39,52111.11111111112,0.15070695628997866,0.33871706289978676,0.8878835980810235,11.1111111111,0.8673830859272041,2.8609932931111115,1.6012917979300196,366.571428571,222.22222222222226,258.33333333333337,422.808211305,238.55954554
694,699,0,2,0,0,4686.111111111112,0.07795245998814464,0.2413133372851215,0.8043674570243036,0.0,0.0054308401576516376,5.312635916361112,1.5014980181675646,0.0,16.666666666666668,16.666666666666668,1500.0,3000.0
695,700,1,4,0,0,31208.333333333336,0.09746163773920784,0.37808166444147756,0.8902477169559413,16.6666666667,1.3523172280531464,5.716263556194446,1.8658799568245685,0.0,41.66666666666667,216.66666666666669,453.664984277,751.69899039
696,701,0,2,0,0,20625.0,0.14073828956228956,0.3059749898989899,0.8846686868686868,8.33333333333,0.0,8.493823433611112,1.3704887725613062,107.545454545,13.888888888888891,50.0,980.079763283,320.18894142
698,703,0,0,0,0,4469.444444444445,0.0763644499689248,0.23173064014916098,0.820700124300808,2.77777777778,0.0,7.3567302752222234,1.6046986871138442,68.0,27.777777777777782,55.555555555555564,1500.0,2068.17434538
709,714,0,0,0,0,3844.4444444444453,0.07531228323699422,0.16745736994219654,0.8492082369942197,0.0,0.7041076931923146,5.347603746083334,1.3563362969912938,0.0,2.777777777777778,22.222222222222225,1495.50714669,1411.50461571
713,719,3,1,1,0,23252.77777777778,0.12169192450125432,0.38348100585354195,0.8360039302353363,41.666666666699996,1.678915224110087,0.7319175947972223,1.7818438917570445,0.0,5.555555555555556,102.77777777777779,272.718917776,1979.89969001
716,722,2,3,0,1,10622.222222222224,0.17678496338912134,0.36063951359832636,0.8515436715481172,5.55555555556,1.2825739500567601,4.072262248777778,1.775560614433024,0.0,61.11111111111112,100.0,716.897505169,353.27771009
723,729,2,3,0,0,23213.88888888889,0.12914331697977743,0.3897542658848869,0.840162498504248,38.8888888889,0.00950973277307758,12.888002135166667,1.7467671848861435,55.3333333333,52.77777777777778,347.22222222222223,1500.0,365.00466953
724,730,1,3,0,1,5466.666666666667,0.13175279471544715,0.3705823678861789,0.8416036585365854,5.55555555556,1.4281152290598913,1.3751828756361113,1.6132506918990774,58.0,13.888888888888891,144.44444444444446,612.467831396,3000.0
734,740,4,7,0,0,6094.444444444445,0.12350838650865997,0.28569908842297176,0.8745762078395625,50.0,0.0,0.0,0.7937081204977798,72.0714285714,36.111111111111114,483.33333333333337,880.646435383,931.3192195
735,741,0,5,3,0,22141.666666666668,0.08550327436958977,0.2895075272864132,0.8494767908668925,16.6666666667,0.0,5.024288061722221,2.0576736437388154,92.8421052632,52.77777777777778,158.33333333333334,1500.0,2475.37740963
737,743,0,0,0,0,3786.1111111111118,0.09722105649303009,0.2598468818782098,0.8579072633895819,5.55555555556,0.0,2.062651733811111,1.0805738483648537,0.0,0.0,13.888888888888891,1500.0,1975.97920457
747,753,0,1,0,0,2894.444444444445,0.09981468330134358,0.23876813819577736,0.8206612284069098,2.77777777778,0.20231000652916387,10.518471217027779,1.2571993609353709,0.0,2.777777777777778,22.222222222222225,1500.0,3000.0
752,758,0,0,0,0,5905.555555555556,0.09008988711194732,0.306950987770461,0.8251215898400752,2.77777777778,0.0,1.2733513308805557,1.488036044178116,0.0,2.777777777777778,0.0,1366.1657906,1504.50461381
754,760,0,0,0,0,513.888888888889,0.07522702702702702,0.2957427027027027,0.8847227027027027,0.0,1.73749868744485,3.5782621863611115,0.0,0.0,0.0,0.0,1500.0,3000.0
761,767,0,2,0,0,4736.111111111112,0.07325853372434017,0.2064707331378299,0.8616117302052786,0.0,0.0,9.17726367313889,1.7587970335523455,0.0,8.333333333333334,33.333333333333336,1500.0,3000.0
763,769,7,7,3,0,28219.44444444445,0.07253616497686781,0.198819175115661,0.859726774288808,30.555555555599998,0.0,6.383994349250001,1.8386482724624886,119.0,11.111111111111112,86.11111111111113,1500.0,1005.38099812
764,770,0,1,0,0,5669.444444444445,0.12477025967662911,0.3592270455658991,0.8518303282704557,5.55555555556,0.21821873202746217,0.0,1.8923156291019723,0.0,19.444444444444446,55.555555555555564,792.129073176,1694.59039111
774,780,2,3,0,0,3322.2222222222226,0.08795635451505017,0.3916948996655519,0.9073003344481606,0.0,1.3322907114800593,0.0,1.9629913010792523,603.333333333,63.88888888888889,2.777777777777778,1500.0,282.39512463
775,781,0,0,0,0,269.4444444444445,0.13130206185567012,0.2606030927835052,0.8462948453608247,0.0,0.0,0.8919875699000002,0.0,0.0,2.777777777777778,0.0,1500.0,3000.0
776,782,0,0,0,0,7075.0,0.07781177856301531,0.2223551629367884,0.8326705535924618,0.0,0.0,9.031390056083334,1.689846245245001,0.0,38.88888888888889,5.555555555555556,1500.0,3000.0
792,798,0,8,0,1,3983.3333333333335,0.11816011157601115,0.19679504881450488,0.8527875174337518,11.1111111111,0.5313047635505023,6.50017796936111,1.7688578988466406,757.571428571,52.77777777777778,247.22222222222226,1500.0,3000.0
799,805,0,0,0,0,5283.333333333334,0.09846661409043113,0.22950951629863303,0.8365555205047318,86.1111111111,0.0,10.120111532194445,0.9404223942825616,0.0,8.333333333333334,127.77777777777779,1500.0,963.19950416
800,806,0,1,0,0,5669.444444444445,0.06989970602645762,0.19688985791278785,0.8729009799118079,5.55555555556,0.9004306672389821,8.48796564313889,1.591352520264095,0.0,5.555555555555556,44.44444444444445,1400.04642576,1835.79540084
804,810,0,1,0,0,3408.3333333333335,0.09420945395273024,0.2465885085574572,0.8823022004889977,5.55555555556,0.0,7.534961708333334,0.8655013604939206,0.0,0.0,11.111111111111112,1251.18810736,2663.14042545
805,811,0,0,2,0,191.66666666666669,0.0550695652173913,0.5859333333333333,0.8152289855072463,4.128465459709999,0.0,6.547249050305557,1.6052871132634852,185.0,11.111111111111112,19.444444444444446,1500.0,2984.57024559
808,814,0,0,0,0,1575.0,0.05514902998236332,0.24974144620811287,0.853505291005291,0.0,0.0,0.0,1.6326309271543518,0.0,2.777777777777778,0.0,1198.72593849,1170.45397891
816,822,0,0,0,0,1094.4444444444446,0.07755583756345177,0.20090913705583754,0.8781550761421321,8.33333333333,0.0,5.840104053861112,1.224068338005115,0.0,11.111111111111112,19.444444444444446,1500.0,3000.0
825,831,0,0,0,0,1936.1111111111113,0.08718880918220948,0.24819999999999998,0.8798697274031563,2.77777777778,1.6852183190656416,0.5890543308777778,1.856326471175901,90.0,13.888888888888891,86.11111111111113,1500.0,1354.79555295
829,835,0,2,1,0,4072.2222222222226,0.10085668485675306,0.2357141882673943,0.8789665075034107,8.33333333333,1.209222734887557,3.3584593224444443,1.7225372751617853,132.142857143,8.333333333333334,133.33333333333334,1403.30671742,1294.27693718
831,837,0,1,1,0,2672.2222222222226,0.10129864864864864,0.3225130977130977,0.8667287941787941,8.33333333333,1.7465390068819269,4.630129541250001,1.7152835804899946,147.0,11.111111111111112,55.555555555555564,368.071845558,1970.68291036
837,843,0,0,0,0,11080.555555555557,0.06642770117824016,0.21446049135121584,0.8636535472549511,8.33333333333,1.8480467554582367,12.326735248583335,1.9845377849775072,50.0,19.444444444444446,122.22222222222224,1500.0,3000.0
849,855,1,4,1,1,14133.333333333334,0.09266493710691824,0.2643342177672956,0.8703374606918239,86.1111111111,0.9469983335649874,7.59600125113889,1.58557109641767,0.0,19.444444444444446,116.66666666666667,796.241908547,1034.37337927
866,872,1,3,0,0,50636.11111111112,0.13592023149925941,0.3182195732075265,0.8905971803170771,33.333333333300004,1.4842877423968368,0.9421790386194446,1.6668369231390514,146.833333333,91.66666666666667,125.0,272.621084171,487.6669594
873,879,0,1,0,0,1452.777777777778,0.07591510516252391,0.2766797323135755,0.820806309751434,0.0,0.0,6.1219745830833325,0.0,0.0,11.111111111111112,0.0,1500.0,3000.0
880,886,0,1,0,0,1475.0,0.12163634651600752,0.395556120527307,0.8444225988700564,5.55555555556,1.0832987474430107,10.363300897972223,1.310783678099714,0.0,0.0,152.7777777777778,880.125638764,3000.0
883,889,0,1,2,4,11747.222222222224,0.07801685977772523,0.2582044927878931,0.8539455899739892,8.33333333333,1.8811411623405052,6.13017302913889,1.9520579583942583,1750.0,27.777777777777782,66.66666666666667,1500.0,3000.0
884,890,11,10,0,0,68941.66666666667,0.14502761593940125,0.3047314557395544,0.8929571537934646,19.4444444444,0.38197034369644955,3.539273298583334,1.9781812292692114,49.0,100.0,61.11111111111112,305.416021745,1608.26089352
886,892,36,32,3,3,66933.33333333334,0.10184079100265604,0.2642715305444887,0.8672821920650731,83.3333333333,0.22249527923963242,7.612790893055557,2.0057491609093874,76.1111111111,80.55555555555556,100.0,1071.78898139,561.35696468
887,893,0,0,0,0,5894.444444444445,0.16747163053722902,0.21897822808671066,0.897858246936852,0.0,0.0,0.0,0.0,0.0,5.555555555555556,5.555555555555556,1500.0,2801.06156982
894,900,0,1,0,0,4116.666666666667,0.08381012145748988,0.2547000674763833,0.8557964237516869,13.888888888899999,0.0,6.1296266766944445,1.838798692937445,0.0,0.0,72.22222222222223,1500.0,1810.07774671
902,908,1,7,0,0,13991.666666666668,0.15435155846734167,0.3489318244987096,0.8856097478657932,13.888888888899999,1.8664412320060386,6.258997234805555,2.0050411910567156,150.5,150.0,261.11111111111114,251.043186339,1183.94480006
903,909,0,1,0,0,4997.222222222223,0.10760194552529183,0.21753513062812674,0.855566259032796,0.0,1.2941145942884968,5.086754024777778,1.3456584072945852,0.0,13.888888888888891,41.66666666666667,960.811490523,988.74070794
906,912,0,1,0,0,29072.222222222226,0.1499696541180967,0.252052044716224,0.8426257691572712,5.55555555556,1.6814821103155628,6.344192972777779,1.976266184526568,0.0,11.111111111111112,5.555555555555556,1500.0,1398.58465808
909,915,0,1,0,0,17650.0,0.17198564683663836,0.2789356310985206,0.892172127793516,0.0,0.5989720675320328,1.6325376421972224,1.8150324413595493,0.0,19.444444444444446,2.777777777777778,603.950474075,2023.70217812
911,917,1,0,0,0,1211.1111111111113,0.06662522935779816,0.2390412844036697,0.808777752293578,0.0,0.0,0.7831401604777778,0.0,0.0,5.555555555555556,0.0,1500.0,3000.0
924,930,0,1,0,1,17577.77777777778,0.21548772123893803,0.3045092920353982,0.8871193900126422,5.55555555556,0.0,0.812071434225,1.517016011969015,47.0,55.555555555555564,211.11111111111111,726.354212796,469.15491147
926,932,1,2,0,0,16486.111111111113,0.07018143218197136,0.1970782645324347,0.8401185846672283,38.8888888889,0.0,13.261598315583335,1.956913640750747,644.333333333,38.88888888888889,52.77777777777778,1500.0,3000.0
928,934,0,3,0,0,11961.111111111111,0.07983641430562007,0.3421928471899675,0.829611936832327,22.2222222222,1.6784285633823763,3.125597531861111,1.6979463652450535,58.5,2.777777777777778,61.11111111111112,274.934676066,2930.71490899
929,935,0,0,0,0,305.5555555555556,0.04504727272727272,0.1334418181818182,0.8225645454545455,0.0,0.0,0.3312562059805556,0.0,0.0,0.0,0.0,1500.0,3000.0
931,937,0,0,1,1,16633.333333333336,0.10500484301937207,0.24687997661990646,0.8648568470273882,11.1111111111,0.0,7.087968294583334,1.8786879490716055,532.25,11.111111111111112,72.22222222222223,1500.0,2126.50214569
936,942,1,6,0,0,11291.666666666668,0.08116924969249692,0.24121943419434194,0.8216661500615007,11.1111111111,1.5948978773109217,12.829403870583334,1.6615059890900479,500.0,13.888888888888891,25.0,1500.0,3000.0
937,943,0,1,1,1,17766.666666666668,0.08951263289555972,0.26181283614759226,0.8647352876797998,27.777777777799997,0.0,8.062556990222223,1.8041555804541956,175.0,22.222222222222225,188.8888888888889,1500.0,722.45776154
943,949,0,1,0,0,1827.777777777778,0.07433601823708207,0.25351975683890576,0.8289407294832827,0.0,1.955668873982779,0.5886687185166668,1.1154518674988072,0.0,13.888888888888891,30.55555555555556,1500.0,3000.0
945,951,0,2,1,0,3313.888888888889,0.06365817267393126,0.2271815590947192,0.81909564124057,2.77777777778,0.0,9.543021022583334,1.0547209169068124,0.0,5.555555555555556,25.0,1500.0,1889.41801053
949,955,0,0,0,0,680.5555555555557,0.1012269387755102,0.31320367346938777,0.8143073469387755,0.0,0.0,3.7966845489722227,0.0,0.0,0.0,0.0,1500.0,3000.0
955,961,0,4,3,3,7122.2222222222235,0.17573085023400936,0.3401991809672387,0.8383691107644305,5.55555555556,0.37104796545424584,4.647712650555556,1.639706357415607,133.0,44.44444444444445,30.55555555555556,1033.05050945,725.52411695
962,968,1,7,0,3,15511.111111111113,0.08847295845272207,0.3004664577363897,0.8598770594555873,5.55555555556,0.6898611011687693,9.133305629861114,2.0350007212400425,86.3529411765,150.0,36.111111111111114,1500.0,3000.0
964,970,1,1,0,0,2016.6666666666667,0.07977341597796143,0.3686063360881543,0.8957730027548209,2.77777777778,0.16044316339090162,0.715155901788889,1.7233733142855276,0.0,0.0,11.111111111111112,1500.0,547.81410419
970,976,0,3,0,0,7544.444444444445,0.12984959499263624,0.38960776877761416,0.866004234167894,0.0,0.44309543136333995,10.92845736286111,1.9577178865401907,154.666666667,63.88888888888889,108.33333333333334,740.355996924,1727.07672809
973,979,0,0,0,0,327.7777777777778,0.03029237288135593,0.22295338983050847,0.7659652542372881,0.0,0.0,0.0,0.0,0.0,0.0,0.0,1500.0,3000.0
983,989,0,2,0,0,6161.111111111112,0.10478155996393146,0.2445607303877367,0.8558054553651939,2.77777777778,2.04580178028179,1.2352331341777778,0.9324344481126398,180.666666667,16.666666666666668,44.44444444444445,513.884549307,969.10911745
984,990,0,16,4,2,22977.77777777778,0.09807072050290135,0.20376743230174083,0.8251779980657641,19.4444444444,1.0929213929735753,16.218226197333333,1.7572785804482325,57.8571428571,50.0,211.11111111111111,1500.0,1272.4645065
988,994,1,2,13,0,30819.44444444445,0.11563435781883731,0.4131042902208202,0.8899254168544389,58.3333333333,0.7979404601747192,0.6802067117861113,1.3726044989330657,0.0,69.44444444444446,322.22222222222223,266.113269217,1199.65193557
990,996,1,4,0,3,27794.44444444445,0.129146272236658,0.3965995502698381,0.865976813911653,30.555555555599998,1.2018465947451018,8.478590396861113,1.836264592085181,78.3333333333,72.22222222222223,311.11111111111114,879.920575069,879.75930021
995,1001,0,3,0,0,10263.88888888889,0.07359648173207037,0.12713723951285522,0.9111616508795669,5.55555555556,0.0,5.7481995113333335,1.4438768461482279,200.0,2.777777777777778,8.333333333333334,1500.0,2617.42387175
997,1003,0,0,1,0,1163.888888888889,0.04421670644391409,0.22643174224343673,0.8509233890214797,0.0,0.45422379555562825,8.151440210472224,0.0,0.0,0.0,2.777777777777778,1500.0,3000.0
999,1005,4,5,8,4,32455.555555555562,0.14207070352618967,0.4363552721670661,0.874348810338925,27.777777777799997,0.15906443880563648,10.693563631166668,1.723147177282682,140.727272727,247.22222222222226,202.7777777777778,978.065095,201.05476826
1019,1025,1,11,0,3,63375.0,0.2534721499013807,0.5243742800788955,0.8866248082401929,2.77777777778,1.5053560500898895,9.382352110222222,1.9180685447486814,108.833333333,288.8888888888889,75.0,208.098634034,262.03616573
1034,1040,2,4,0,1,9705.555555555557,0.10760835718374356,0.2742231825987407,0.8897468803663423,2.77777777778,0.0,11.058859215055556,1.972812536728585,0.0,22.222222222222225,27.777777777777782,347.033338638,927.89954219
1035,1041,0,0,0,0,2425.0,0.08528453608247423,0.3000577319587629,0.8766400916380297,2.77777777778,0.0,9.267948024555556,1.8751218560198153,0.0,0.0,52.77777777777778,1500.0,2570.47014073
1043,1049,0,1,0,0,2080.555555555556,0.06215273698264352,0.21284539385847798,0.8225483311081442,0.0,0.0,3.2091550174166668,1.0735428464085233,0.0,2.777777777777778,0.0,1500.0,3000.0
1064,1070,4,9,0,1,41786.11111111112,0.11083365020275211,0.3051166522635113,0.8611468257661371,58.3333333333,0.0,8.863908157333332,1.9424396734353375,276.1,52.77777777777778,108.33333333333334,631.266714564,347.56258729
1070,1076,1,1,1,0,5630.555555555556,0.12087202762703503,0.24612229896398619,0.8357567340897879,0.0,0.0,7.9560868658888895,1.430349831409688,0.0,22.222222222222225,5.555555555555556,1500.0,3000.0
1071,1077,4,2,1,1,40400.0,0.1351825220022002,0.32554129537953796,0.868620950220022,44.4444444444,1.4368556592098496,4.481243788555556,1.8680106513015877,525.0,63.88888888888889,161.11111111111111,513.229662946,595.27089396
1074,1080,0,4,0,0,2708.3333333333335,0.14300123076923077,0.4364642051282051,0.8907951794871795,11.1111111111,1.7609357178142986,8.211113298666668,1.028480489387482,0.0,19.444444444444446,116.66666666666667,860.319050365,1006.14719435
1077,1083,0,4,0,1,1863.8888888888891,0.07970834575260805,0.166797913561848,0.8473178837555887,0.0,0.294848882440076,9.436233939000001,1.5999714209268676,0.0,2.777777777777778,13.888888888888891,1500.0,3000.0
1079,1085,3,9,2,1,31402.77777777778,0.10279054400707652,0.25177097744360905,0.8767476514816452,30.555555555599998,1.6772397099059695,4.519292674805556,1.7858209574008805,59.5,41.66666666666667,172.22222222222226,565.478925264,2574.49065532
1090,1096,0,0,0,0,1094.4444444444446,0.10189492385786802,0.31323502538071063,0.8817700507614212,0.0,2.200683970047829,5.287354354027778,0.6931471805599453,0.0,5.555555555555556,61.11111111111112,542.508391516,2913.57288112
1091,1097,0,1,0,0,4527.777777777778,0.06499564417177914,0.1718610429447853,0.8197066871165645,2.77777777778,0.0,1.5184465166611114,0.0,0.0,0.0,2.777777777777778,1500.0,3000.0
1093,1099,1,0,0,0,366.6666666666667,0.06511666666666667,0.34904318181818184,0.874455303030303,0.0,0.0,5.45387366938889,0.8675632284814612,0.0,0.0,13.888888888888891,1500.0,3000.0
1097,1103,4,7,1,0,22141.666666666668,0.14033342115167483,0.374221954585372,0.8712946807176013,30.555555555599998,0.0,12.063388974666667,1.889974634465436,83.5555555556,47.22222222222223,111.11111111111113,408.88351642,701.18345848
1103,1109,5,7,4,4,56783.333333333336,0.09117191566382937,0.25936390764113104,0.8815511789453087,55.555555555599994,0.2555927052211835,0.0,1.9075660862843447,150.666666667,75.0,250.0,399.924642083,562.81760367
1117,1123,0,1,0,0,2541.666666666667,0.0884183606557377,0.18287672131147542,0.8631432786885246,0.0,0.6773903916468076,3.5758869442777788,1.194453006323357,0.0,0.0,16.666666666666668,255.376271668,3000.0
1128,1134,0,0,0,0,16.666666666666668,0.25,0.6166,0.75,0.0,0.8353888940651313,0.9357934317166666,1.0986122886681096,0.0,0.0,0.0,1500.0,3000.0
1133,1139,0,15,6,2,3069.444444444445,0.093920814479638,0.2489762895927602,0.8333156561085973,0.0,0.0,8.146127395638889,1.8062748277832312,0.0,13.888888888888891,86.11111111111113,1500.0,1470.62998957
1134,1140,0,3,6,1,10313.88888888889,0.06725041745219498,0.1689661190412066,0.8495948289792621,11.1111111111,1.6962456936451107,12.872909500277782,1.7085518317624089,0.0,22.222222222222225,83.33333333333334,1217.62655574,1816.78094247
1135,1141,1,3,0,0,5413.88888888889,0.08568429964084147,0.25608978963571066,0.8637333504361211,13.888888888899999,0.0,11.514293881527779,1.7432033703968126,0.0,2.777777777777778,111.11111111111113,1500.0,1427.17385613
1140,1146,0,0,0,1,966.6666666666667,0.07996752873563219,0.3856183908045977,0.880442816091954,0.0,0.8156430756369685,1.589479004741667,1.2202821662722372,0.0,22.222222222222225,25.0,594.767591672,3000.0
1142,1148,0,1,1,1,6525.0,0.0929933588761175,0.24576968922945933,0.8517947211579395,8.33333333333,1.5718715061782251,16.560603323,1.7359961664909243,832.0,13.888888888888891,113.88888888888891,1500.0,1006.29364208
1144,1150,1,0,0,0,297.22222222222223,0.03202990654205608,0.179803738317757,0.8576,0.0,0.0,1.7369122948055553,0.0,0.0,0.0,0.0,1500.0,3000.0
1149,1155,0,1,0,0,13619.444444444445,0.1700274117887008,0.32675245767897204,0.9110780338568223,11.1111111111,0.4999790226006493,4.770661322472224,1.5085230769129987,66.0,22.222222222222225,75.0,426.315689353,1117.5667971
1153,1159,0,1,0,0,2394.444444444445,0.07928642691415312,0.2632948955916473,0.8375745939675173,0.0,0.448941145030216,5.198806649861112,1.2342678660790765,0.0,5.555555555555556,11.111111111111112,1500.0,3000.0
1167,1173,0,0,1,0,1697.2222222222224,0.07077479541734862,0.1580050736497545,0.8200047463175123,0.0,0.0,6.456312451444444,1.0670895187820832,0.0,0.0,38.88888888888889,1500.0,1876.41337219
1171,1177,0,1,0,0,94.44444444444446,0.06470588235294118,0.11838529411764706,0.9352941176470588,0.0,0.0,0.44829939732777785,0.0,0.0,5.555555555555556,2.777777777777778,1500.0,3000.0
1176,1182,8,20,2,5,64019.44444444445,0.12412256692845056,0.3010576343992711,0.8715772161235735,41.666666666699996,0.0,11.3338816855,1.8877920944754467,45.8333333333,286.11111111111114,194.44444444444446,329.066431444,462.75005722
1180,1186,2,2,0,0,6186.111111111112,0.08187723394701392,0.2155136955545577,0.866865424337674,41.666666666699996,0.0,9.362408207055557,1.464837926698031,53.0,0.0,16.666666666666668,1348.08090014,765.83872624
1187,1193,0,1,1,0,2897.2222222222226,0.08246596356663471,0.2621478427612656,0.8737868648130392,25.0,0.0,11.610209603444444,1.5995073429310143,0.0,2.777777777777778,88.8888888888889,1254.76466162,2634.22405656
1197,1203,0,0,0,0,1052.777777777778,0.06150343007915567,0.15824459102902375,0.8076311345646437,0.0,0.0,4.34381798288889,0.0,0.0,2.777777777777778,2.777777777777778,1500.0,3000.0
1198,1204,0,0,0,0,2936.1111111111113,0.0722763481551561,0.18293084200567644,0.8329964995269631,0.0,0.821876485795963,2.636366444177778,1.3208883431493221,0.0,0.0,55.555555555555564,1500.0,1885.58530197
1221,1227,0,1,0,0,3986.1111111111118,0.1308191637630662,0.3368374912891986,0.8929941463414635,19.4444444444,0.5560262773058534,6.219684184333334,1.9808576209364628,66.6,13.888888888888891,75.0,381.819989671,1530.44158466
1222,1228,0,1,0,0,72.22222222222223,0.0,0.4230769230769231,0.9615384615384616,0.0,0.6748945728019082,0.7707898670944445,1.0549201679861442,0.0,0.0,5.555555555555556,343.010503011,1523.0878352
1224,1230,1,1,0,0,16825.0,0.2474407792636619,0.43248096417368337,0.8887156182928843,0.0,0.0,1.5026735376777778,1.775251050379496,0.0,138.8888888888889,36.111111111111114,1500.0,1578.7953964
1231,1237,1,0,1,0,419.4444444444445,0.06054105960264901,0.2567039735099338,0.8599602649006624,0.0,0.0,6.263870145583334,0.0,0.0,0.0,0.0,1500.0,3000.0
1238,1244,0,0,0,0,3261.1111111111113,0.08170511073253833,0.23584403747870528,0.8735751277683134,5.55555555556,0.0,6.328493852722223,1.343789894614714,0.0,8.333333333333334,50.0,1220.81165848,2236.35357617
1243,1249,0,0,0,0,1208.3333333333335,0.0641519540229885,0.22177172413793103,0.8334981609195403,0.0,0.0,4.943121809805556,0.6365141682948128,0.0,5.555555555555556,2.777777777777778,1500.0,1749.53954345
1244,1250,1,3,4,0,4633.333333333334,0.10375893285371703,0.33631720623501193,0.8782489808153477,11.1111111111,0.3275016416514296,5.553135331083334,1.9028194580609328,0.0,16.666666666666668,338.8888888888889,1247.48748743,382.88083305
1247,1253,0,0,0,0,7802.777777777778,0.07411334994660022,0.30108914204343185,0.8514107511569954,8.33333333333,0.37406639524537094,1.7895635667305556,1.4629652027146502,0.0,5.555555555555556,27.777777777777782,1500.0,2315.082051
1250,1256,1,0,0,0,11630.555555555557,0.12289644136613327,0.23383570575591117,0.8361168139479341,11.1111111111,0.0,6.310917933694444,1.655838099296882,65.125,16.666666666666668,63.88888888888889,1034.85573966,2724.32052439
1251,1257,2,4,0,0,10791.666666666668,0.13109752895752896,0.47917088803088803,0.8419867181467181,11.1111111111,1.683494046122158,14.025333197888889,1.9862897112238382,59.0,133.33333333333334,138.8888888888889,464.728852715,2490.05654203
1258,1264,0,4,0,0,7663.8888888888905,0.163684813338166,0.4915772381297572,0.9011402319681043,0.0,1.1783784009636136,0.0,2.03130644971226,902.4,88.8888888888889,8.333333333333334,180.716892568,508.37440803
1263,1269,0,0,0,0,5655.555555555556,0.10759847740667977,0.31280373280943025,0.8472266208251474,25.0,0.0,1.6654415500583335,1.7793445368186946,0.0,0.0,69.44444444444446,605.306340537,2496.14983165
1277,1283,0,0,0,0,8427.77777777778,0.06487491760052735,0.19302722478576137,0.8721329597890572,2.77777777778,0.294106967331199,1.772106512088889,1.4881020597182566,0.0,0.0,52.77777777777778,448.419512178,1682.52950931
1281,1287,0,0,0,0,705.5555555555557,0.05950393700787402,0.18226889763779527,0.9198244094488189,0.0,1.7549376119753475,4.980425161666667,1.8424406447166164,0.0,2.777777777777778,16.666666666666668,1500.0,456.12618146
1285,1291,0,3,0,0,3430.555555555556,0.07325109311740892,0.25884194331983806,0.8427628340080973,5.55555555556,0.017523394842167233,6.909214438888889,0.9200143217164168,75.0,19.444444444444446,38.88888888888889,598.029893226,1069.80182448
1286,1292,1,2,0,0,4663.88888888889,0.13314198927933293,0.26373186420488387,0.9015181060154853,2.77777777778,0.0,2.840458388,1.5247073930301436,0.0,0.0,22.222222222222225,383.347839111,1414.06699449
1287,1293,0,1,0,0,11613.88888888889,0.08509923463286295,0.284159124611337,0.8342364266921789,2.77777777778,1.724701487328089,7.893020457916667,1.6778265247127835,0.0,11.111111111111112,61.11111111111112,1500.0,1256.29779126
1304,1310,0,0,0,0,211.11111111111111,0.10876447368421052,0.4094078947368421,0.8375263157894737,0.0,0.7625495811260059,0.0,0.0,0.0,8.333333333333334,0.0,1500.0,3000.0
1306,1312,2,0,0,0,2919.444444444445,0.0762244529019981,0.16021817316841103,0.8808663177925784,0.0,0.0,5.032926664027778,0.6365141682948128,0.0,2.777777777777778,5.555555555555556,1500.0,3000.0
1308,1314,0,0,0,0,1225.0,0.0631265306122449,0.213887074829932,0.8317473922902494,0.0,0.0,1.6378985117638891,0.0,0.0,0.0,0.0,1500.0,3000.0
1312,1318,0,1,0,0,927.7777777777779,0.08648203592814371,0.3769823353293413,0.8739419161676646,0.0,2.1530015563587757,2.0452943243916666,1.2206072645530175,0.0,19.444444444444446,208.33333333333334,1500.0,2893.47523439
1314,1320,0,3,0,1,8125.0,0.1320134017094017,0.30515644444444445,0.9053430427350427,5.55555555556,0.0,12.139969729777778,1.8570070044793956,178.5,83.33333333333334,94.44444444444446,695.334074151,1070.11356428
1332,1338,0,1,0,1,13133.333333333334,0.15625158629441627,0.3503718908629441,0.8595824873096447,5.55555555556,0.757309882691325,1.248917995613889,1.602120506484864,115.0,16.666666666666668,102.77777777777779,1500.0,478.63396758
1340,1346,2,13,1,3,27325.0,0.25126263088339945,0.4763841821693606,0.8914208905154011,0.0,1.609554917581712,9.697186887,1.9353450867860174,370.166666667,161.11111111111111,327.7777777777778,394.411232332,111.95625844
1357,1363,0,1,0,0,17461.111111111113,0.13339077314667516,0.2170533884823417,0.84860672923958,2.77777777778,0.0,5.665754393611111,2.0828065201037216,0.0,16.666666666666668,52.77777777777778,1500.0,579.069889
1364,1370,4,1,0,0,28983.333333333336,0.18399374161395438,0.29908652482269504,0.8815697431474027,11.1111111111,0.6535945830699312,9.09680637613889,1.893925857885528,244.0,116.66666666666667,66.66666666666667,578.15235768,576.88287734
1371,1377,2,12,0,0,27330.555555555562,0.1253232848866755,0.24709296676491513,0.8787490395365383,25.0,0.3277696702999682,4.917370380944445,1.8435828627229625,88.25,83.33333333333334,108.33333333333334,997.328374288,383.57667829
1372,1378,1,16,1,1,27950.0,0.11470872589942357,0.33413363148479425,0.8630040349831047,13.888888888899999,0.5301375149832901,6.506048555333335,1.7258159576173844,639.4,77.77777777777779,141.66666666666669,1284.78153396,389.20385082
1373,1379,0,0,0,0,2788.888888888889,0.05365756972111554,0.2171453187250996,0.8306958167330677,8.33333333333,1.7265517277384799,4.1794177650833335,1.7648085399020736,0.0,5.555555555555556,11.111111111111112,1500.0,3000.0
1384,1390,0,0,0,0,2127.777777777778,0.0821345953002611,0.2272297650130548,0.8249719321148825,0.0,0.0,6.422838997972224,0.8486855577264172,0.0,2.777777777777778,8.333333333333334,1500.0,3000.0
1392,1398,0,0,0,0,24752.77777777778,0.07716258556839861,0.3203326787117046,0.823569386151947,11.1111111111,0.0,4.037204945361111,1.5098452168770296,88.0,11.111111111111112,58.333333333333336,1500.0,1587.42967058
1394,1400,3,3,2,0,60183.333333333336,0.13210752792393612,0.43014252284685683,0.8709456798670728,5.55555555556,0.12418207074985364,6.107342874972223,1.8183484572732176,117.8,63.88888888888889,305.5555555555556,537.628993688,417.74464628
1409,1415,1,1,0,0,950.0,0.08575584795321636,0.1799111111111111,0.9475912280701754,0.0,0.0,0.0,0.0,0.0,2.777777777777778,0.0,1500.0,3000.0
1415,1421,0,0,0,0,900.0,0.03442993827160494,0.21077716049382714,0.7844663580246913,0.0,0.0,0.0,0.0,0.0,0.0,2.777777777777778,1500.0,3000.0
1419,1425,0,0,0,0,8313.88888888889,0.1152564984964918,0.27771483461409957,0.8343043100567992,0.0,0.0,4.475156737972223,1.297334655082625,0.0,19.444444444444446,38.88888888888889,1500.0,1898.87355049
1422,1428,4,12,0,4,28844.44444444445,0.23625628852080124,0.5107397630970725,0.8923926521571648,13.888888888899999,0.11608401877588077,13.945700578722224,1.8684678533818897,342.195488722,233.33333333333334,647.2222222222223,192.177489891,35.61863185
1437,1443,0,0,0,0,4975.0,0.099928810720268,0.3584209380234506,0.8532346733668341,5.55555555556,0.0,10.639796599055556,1.2181950724180415,0.0,8.333333333333334,58.333333333333336,1500.0,3000.0
1438,1444,0,1,5,0,11650.0,0.11534115402956605,0.3140235813066285,0.8377093705293276,16.6666666667,0.5399382639173874,4.29183441325,1.816860762907464,393.666666667,50.0,141.66666666666669,859.992478043,1305.9276166
1455,1461,1,0,1,0,1122.2222222222224,0.09091089108910891,0.2136769801980198,0.8887470297029704,0.0,1.3446346961267002,9.373157943055556,0.88029443440734,0.0,8.333333333333334,122.22222222222224,1500.0,392.31882798
1460,1466,1,1,0,0,5594.444444444445,0.1859362959285005,0.37747070506454816,0.8937072492552135,5.55555555556,0.16653325439358213,0.0,0.813118340710925,1600.0,38.88888888888889,166.66666666666669,801.360789146,1913.69564988
1462,1468,0,0,0,0,2116.666666666667,0.12344343832020997,0.33302808398950134,0.8329455380577429,2.77777777778,0.0,9.735271247277778,1.407649049014366,0.0,11.111111111111112,88.8888888888889,1500.0,3000.0
1463,1469,0,0,0,0,3055.555555555556,0.07916927272727273,0.3543947272727273,0.8524244545454546,5.55555555556,0.0,10.585856254333335,1.0937704472491419,0.0,8.333333333333334,33.333333333333336,601.213942468,824.70456649
1490,1497,0,0,0,0,958.3333333333334,0.07456376811594202,0.24827333333333335,0.8527228985507246,0.0,0.0,8.406903197861112,0.0,0.0,13.888888888888891,2.777777777777778,1500.0,3000.0
1495,1502,0,0,0,0,497.2222222222223,0.044642458100558655,0.46953463687150837,0.8614994413407822,0.0,0.0,0.630186045263889,0.0,0.0,2.777777777777778,0.0,1500.0,3000.0
1506,1513,3,7,6,3,22119.44444444445,0.09389054376491272,0.2592450207208339,0.8522423584076353,11.1111111111,1.666668166351207,16.220354214833332,1.3335939784535147,337.25,36.111111111111114,227.77777777777783,1500.0,1800.7933882
1507,1514,3,5,3,3,45591.66666666667,0.102499573508804,0.21918305002132454,0.8906470176079937,19.4444444444,0.0,14.558233161500002,2.082139053177873,0.0,138.8888888888889,50.0,64.865441818,1192.51044929
1510,1517,0,0,0,0,708.3333333333334,0.04183725490196078,0.1491611764705882,0.8598090196078431,0.0,0.0,4.267233867527779,0.0,0.0,0.0,0.0,993.024898827,1315.51619603
1522,1529,0,1,0,0,2561.1111111111113,0.09204999999999999,0.2772347071583514,0.8155422993492407,2.77777777778,0.0,3.428470079611111,1.0905994737794789,0.0,0.0,2.777777777777778,312.249650778,2421.77625401
1525,1532,0,13,2,1,14991.666666666668,0.08032319807300352,0.15595584584028163,0.8233572355012043,2.77777777778,0.8079245433174163,13.615777055861114,1.7099295845249638,54.25,30.55555555555556,119.44444444444446,1500.0,1811.97937594
1526,1533,0,1,0,0,27.777777777777782,0.0,0.24165,0.9,0.0,0.0,5.92124068725,0.0,0.0,0.0,8.333333333333334,1500.0,3000.0
1530,1538,0,0,0,0,94.44444444444446,0.029411764705882353,0.3805647058823529,0.8124911764705882,0.0,0.0,0.7804613308472222,0.0,0.0,0.0,2.777777777777778,1500.0,3000.0
1533,1541,0,0,1,0,1872.2222222222226,0.08830830860534124,0.26604362017804156,0.8348495548961423,0.0,1.734938600812277,3.4500813015277787,0.9165525293817653,67.0,0.0,25.0,1500.0,3000.0
1540,1548,1,0,0,0,5900.0,0.06762735404896422,0.20807029190207157,0.8389750941619585,5.55555555556,0.25993897136391175,5.598550040277778,1.405212139233332,575.5,11.111111111111112,16.666666666666668,1500.0,3000.0
1560,1568,0,0,0,0,3286.1111111111113,0.07571360946745562,0.314338292476754,0.8577715131022823,2.77777777778,0.3028417437868996,0.365958291638889,0.5623351446188083,0.0,2.777777777777778,52.77777777777778,1500.0,3000.0
1572,1580,0,0,1,0,955.5555555555557,0.05778372093023256,0.1539642441860465,0.8573122093023255,2.77777777778,0.0,8.343614226500002,1.4750763110546947,0.0,0.0,16.666666666666668,1500.0,1642.74603776
1582,1590,0,1,0,0,416.6666666666667,0.052482666666666664,0.341494,0.8575733333333333,0.0,0.0,0.42500539303055557,0.0,0.0,2.777777777777778,2.777777777777778,1500.0,3000.0
1597,1605,11,11,1,0,29530.555555555562,0.07895937353024175,0.22525605305239393,0.8602859749788354,25.0,0.0,17.020697216222228,1.9435994214497225,54.75,52.77777777777778,161.11111111111111,1500.0,146.79612062
1599,1607,0,1,0,0,2436.1111111111113,0.09730342075256557,0.3697491448118586,0.8350976054732041,0.0,0.0,6.325224992750001,1.7262728703534944,160.0,13.888888888888891,25.0,721.100133396,3000.0
1605,1614,0,0,0,0,6555.555555555556,0.14529542372881357,0.35006190677966104,0.885442754237288,0.0,0.0,7.098577702361112,1.6796025844117757,0.0,19.444444444444446,19.444444444444446,693.302953136,1094.19907662
1609,1618,0,5,0,0,4425.0,0.12374187068424357,0.38707834274952924,0.8899909604519773,0.0,0.0,9.20435605713889,1.4927378121570123,218.625,13.888888888888891,11.111111111111112,1500.0,3000.0
1615,1624,0,0,0,1,3513.888888888889,0.12263588932806324,0.3998307509881423,0.8353789723320159,11.1111111111,0.0,8.484394459250002,2.058364110167144,0.0,22.222222222222225,50.0,829.370101083,1907.95709133
1627,1637,2,3,0,1,19291.666666666668,0.09312077753779698,0.29174044636429086,0.860631403887689,5.55555555556,0.6147271191139729,4.0731343735,1.3971529247045018,0.0,55.555555555555564,127.77777777777779,1417.89713329,693.99681033
1640,1650,0,1,3,0,9611.111111111111,0.11081864161849711,0.28642213872832367,0.8276254624277457,2.77777777778,1.6702271310575107,5.53736960988889,1.8145455531391648,0.0,36.111111111111114,161.11111111111111,1500.0,2720.10668241
1647,1657,2,2,0,1,15072.222222222224,0.11740875414670106,0.3292807040176926,0.8619862145226687,16.6666666667,0.4939275167250399,4.804028543611111,1.522493664067476,95.625,94.44444444444446,158.33333333333334,1500.0,1249.68154447
1652,1662,0,0,0,0,6400.0,0.2376030815972222,0.40275225694444444,0.8803202690972223,5.55555555556,1.683191371115902,2.1086805263138895,1.591685536959538,1240.0,27.777777777777782,47.22222222222223,1500.0,1385.99223995
1655,1665,2,4,1,1,5761.111111111112,0.16663886210221793,0.22918997107039535,0.8508026518804243,2.77777777778,1.757375731403158,7.2715441427777785,1.7569017572398593,219.0,36.111111111111114,38.88888888888889,1500.0,3000.0
1658,1668,0,0,0,0,4863.88888888889,0.08669880068532267,0.23028092518560822,0.839430668189606,8.33333333333,1.7795836632673214,2.4242668963972225,1.6797321735783681,0.0,5.555555555555556,27.777777777777782,1500.0,1799.89946861
1661,1671,1,5,1,0,5597.222222222223,0.07644148883374689,0.21163607940446652,0.8536495781637717,19.4444444444,0.6194947793577096,2.643682605952778,1.0401362063976196,153.333333333,16.666666666666668,150.0,1500.0,801.67858361
1677,1687,0,1,0,0,594.4444444444445,0.08698971962616822,0.2541607476635514,0.8606995327102803,2.77777777778,1.816635699768538,0.0,0.6365141682948128,0.0,0.0,19.444444444444446,1500.0,1603.42099226
1681,1691,0,0,0,0,4330.555555555556,0.09124958306606801,0.2659978191148172,0.8783860166773573,8.33333333333,1.7351610368514176,4.310221153166666,1.3710750458379213,0.0,5.555555555555556,119.44444444444446,1500.0,2025.11331423
1690,1700,2,18,5,2,56136.111111111124,0.22134077886090353,0.5808514820129645,0.8864819288435846,27.777777777799997,1.5937819662188706,9.955962382638889,1.9619342637837311,646.482142857,472.222222222222,781.11111111111,227.154135224,714.54056885
1691,1701,0,3,0,0,2552.777777777778,0.07901915125136018,0.33410500544069643,0.8593764961915126,13.888888888899999,1.6681766164322331,2.0679097968527778,1.4340127620988241,59.5,8.333333333333334,211.11111111111111,558.912755601,475.86875432
1695,1705,0,4,1,0,14869.444444444447,0.09120014944890716,0.2573149262096021,0.8800828881001308,13.888888888899999,1.1443026169262838,10.771602198055556,1.7907665257346825,53.0,25.0,138.8888888888889,1147.20423193,744.67496135
1697,1707,3,7,9,2,17563.88888888889,0.10537907638779061,0.2856218725288629,0.877931962675945,5.55555555556,1.8513527849156264,7.401056677583333,1.9988842556074187,78.75,58.333333333333336,38.88888888888889,1500.0,127.64959434
1702,1712,1,0,0,0,4019.4444444444453,0.07421119557705598,0.2626234968901175,0.8180110573600553,0.0,1.6710117432898037,3.062269464805556,1.7015233278558095,0.0,16.666666666666668,2.777777777777778,1500.0,3000.0
1706,1716,3,3,0,0,9402.77777777778,0.19054047267355984,0.3819866174298375,0.8732051698670605,0.0,0.9569193179268668,6.760620355444445,1.7521968470552451,68.0,22.222222222222225,22.222222222222225,937.291228826,660.76364936
1713,1723,0,0,0,0,780.5555555555557,0.09080462633451958,0.3697049822064057,0.8171120996441281,0.0,1.6666668951889672,5.316145172000001,1.3061066090853948,0.0,8.333333333333334,36.111111111111114,1500.0,3000.0
1722,1732,0,0,0,0,11.111111111111112,0.25,0.62,0.750025,0.0,0.0,3.840759392166667,0.0,0.0,0.0,0.0,1500.0,3000.0
1734,1744,0,1,0,0,22972.222222222223,0.08601977025392987,0.3306040991535671,0.8422388512696494,8.33333333333,1.4302514201034304,7.405168100722223,2.088787905080776,84.5,30.55555555555556,41.66666666666667,1130.60157644,529.20345976
1741,1751,0,0,0,0,1166.6666666666667,0.062965,0.28913261904761905,0.809944761904762,8.33333333333,1.344833168298071,6.480360679055556,1.6094379124341005,0.0,2.777777777777778,8.333333333333334,1500.0,3000.0
1751,1761,1,1,0,0,4422.222222222223,0.07428128140703517,0.32287060301507536,0.8758204145728643,33.333333333300004,0.0,4.388439069972223,0.9677495768581963,0.0,5.555555555555556,186.11111111111111,1378.07417792,1365.61754407
1752,1762,12,14,4,3,35563.8888888889,0.15391393423416386,0.363052159650082,0.9101787862219792,25.0,0.3131895522139093,5.594265070611112,1.957964832019908,140.476744186,202.7777777777778,152.7777777777778,283.737136185,408.241717
1762,1772,4,9,1,0,29761.111111111113,0.1028485439611723,0.2835311088295688,0.8641071681911517,91.6666666667,1.8642242090227945,5.911762160666667,1.3009447983643767,722.0,8.333333333333334,300.0,572.366226871,1175.79861853
1766,1776,2,2,0,3,21822.222222222223,0.12742062118126274,0.30402631109979633,0.8903350305498982,25.0,0.5358180618871397,4.0902022190555565,1.8477984990860024,110.6,69.44444444444446,366.6666666666667,627.104832343,1417.35539376
1769,1779,3,21,3,40,64397.222222222226,0.1590815252555752,0.3687675063624207,0.893401199154553,22.2222222222,0.8344686677071882,7.627893931083333,2.0119873753674122,519.18,300.0,161.11111111111111,336.217166278,348.1558045
1771,1781,1,0,0,0,461.11111111111114,0.07760240963855422,0.14430722891566264,0.8976686746987952,0.0,1.773363350360762,11.641888121944447,0.0,0.0,0.0,11.111111111111112,489.812875895,3000.0
1774,1784,0,0,0,0,469.4444444444445,0.09171597633136094,0.1524147928994083,0.8328585798816568,0.0,0.0,1.696160016552778,0.0,0.0,2.777777777777778,0.0,1500.0,3000.0
1777,1787,0,1,0,0,15283.333333333334,0.1067032897128317,0.23972726281352236,0.8373807888040713,2.77777777778,0.0,7.157366198861111,1.9165338698228382,645.666666667,11.111111111111112,58.333333333333336,900.675323426,940.53145894
1798,1808,1,1,0,0,1980.5555555555559,0.12193828892005609,0.28596816269284714,0.8862058906030855,16.6666666667,0.007874902590267772,4.822891126250001,1.8590225537257765,0.0,16.666666666666668,177.7777777777778,1500.0,749.564178
1801,1811,0,1,0,0,4408.333333333334,0.14809747952110902,0.24901335853812223,0.8614502205419029,0.0,1.685421127275308,1.3344144745444446,1.6731183626432506,0.0,0.0,11.111111111111112,1500.0,2790.55472167
1817,1827,0,0,0,0,755.5555555555557,0.06616764705882353,0.3368117647058823,0.8734783088235294,2.77777777778,1.6666666738483567,5.610075554861111,0.6365141682948128,0.0,11.111111111111112,52.77777777777778,1500.0,2193.9568272
1820,1831,0,0,0,0,1030.5555555555557,0.055326684636118596,0.21353504043126686,0.8193735849056604,0.0,0.0,2.0208964437944448,0.0,0.0,0.0,0.0,1500.0,3000.0
1824,1835,1,2,1,0,3013.888888888889,0.08315502304147467,0.23868718894009217,0.8393414746543779,0.0,0.0,6.209854103166666,1.4877983800016508,0.0,11.111111111111112,58.333333333333336,1500.0,1031.04517924
1826,1837,0,3,0,0,4672.222222222223,0.07703026159334125,0.2807895362663496,0.8531469084423305,8.33333333333,1.7423618301604276,6.788557574027777,1.7395464803475695,0.0,5.555555555555556,33.333333333333336,1500.0,3000.0
1836,1847,0,2,0,0,9152.77777777778,0.08899232169954475,0.33872934749620637,0.8687972078907436,13.888888888899999,0.0,3.6708084757777777,1.821757428944326,0.0,47.22222222222223,52.77777777777778,1309.39440478,2131.87982062
1837,1848,0,0,0,0,61.11111111111112,0.15288636363636365,0.08018181818181819,0.8052045454545455,0.0,0.0,3.4436478045833336,0.0,0.0,2.777777777777778,0.0,1500.0,3000.0
1845,1856,1,0,0,0,2880.555555555556,0.06572304725168755,0.21435284474445515,0.8571257473481195,2.77777777778,0.0,6.218617930527779,0.8523965380247237,0.0,11.111111111111112,30.55555555555556,1500.0,3000.0
1852,1863,1,2,2,1,22477.77777777778,0.10304242461690559,0.3438777063766683,0.8708127780523974,11.1111111111,0.0,10.239849848055556,1.949617535066395,98.7857142857,97.22222222222223,127.77777777777779,1500.0,764.80487154
1855,1866,0,0,0,0,1183.3333333333335,0.09034460093896714,0.18512089201877935,0.8872577464788731,0.0,0.0,4.369833099777779,0.0,0.0,0.0,8.333333333333334,1500.0,3000.0
1856,1867,0,0,0,0,922.2222222222223,0.05508524096385542,0.3817816265060241,0.8467316265060241,2.77777777778,0.0,5.930346821194445,1.1189600186289752,0.0,2.777777777777778,27.777777777777782,1500.0,2195.1378735
1884,1895,0,0,1,0,2488.888888888889,0.10499598214285714,0.30731964285714286,0.8306628348214286,2.77777777778,0.0,10.283184800972222,1.0905994737794789,67.0,0.0,41.66666666666667,1500.0,2947.00598028
1886,1897,10,7,4,2,34519.444444444445,0.13649596845578177,0.29863739438319786,0.8527578820310614,13.888888888899999,1.817688012228285,0.0,1.9090573667710706,73.5,91.66666666666667,63.88888888888889,1500.0,121.41485517
1888,1899,1,0,0,0,19463.88888888889,0.11923418010560867,0.3071381903810475,0.8714661338661338,13.888888888899999,0.5863385155370194,4.355212071527778,1.6168136200118395,75.0,16.666666666666668,119.44444444444446,1500.0,1018.88593212
1895,1906,1,2,0,0,2325.0,0.12118028673835125,0.27411863799283154,0.8795365591397849,8.33333333333,0.7459667930105757,5.875527631722222,1.516746241332335,0.0,13.888888888888891,30.55555555555556,173.442378659,240.85509528
1899,1910,0,4,1,0,2311.1111111111113,0.08614002403846154,0.24710901442307692,0.8217290865384614,5.55555555556,0.435885021111795,5.773067847583333,1.9256033449767025,408.5,2.777777777777778,22.222222222222225,1500.0,2607.68125063
1900,1911,2,5,0,2,39466.66666666667,0.1428119580518018,0.3484471565315315,0.8648481700450451,13.888888888899999,0.564782529418878,2.508251155044445,1.9422229299854499,407.344086022,80.55555555555556,344.4444444444445,191.422742359,362.22561805
1911,1922,3,12,1,1,27250.0,0.10779922528032619,0.23776771661569826,0.8463941794087665,44.4444444444,1.4698918664447214,12.582949949138891,1.8145746793051143,116.5,100.0,86.11111111111113,627.277559295,1293.23656342
1915,1926,0,0,1,0,813.888888888889,0.06811843003412969,0.24531228668941976,0.9082556313993174,11.1111111111,0.0,0.0,1.3862943611198906,0.0,0.0,22.222222222222225,1500.0,1119.45909832
1918,1929,5,6,2,2,15533.333333333334,0.09795724248927037,0.23651571888412018,0.8609140021459227,2.77777777778,0.03587011118407883,8.087459543416669,1.9339937816624986,106.375,13.888888888888891,52.77777777777778,426.469212721,1497.702254
1921,1932,0,1,0,0,4133.333333333334,0.07414065860215054,0.22137466397849465,0.8606252688172044,8.33333333333,0.0,2.546896293516667,1.4455321651015138,0.0,75.0,41.66666666666667,1500.0,3000.0
1932,1943,1,7,1,0,70013.88888888889,0.13695286649474311,0.3532930212259472,0.8664885419559611,66.6666666667,1.6925110968437524,9.861735404666668,1.9239164117429812,544.765957447,97.22222222222223,244.44444444444449,1003.09259426,444.00783861
1944,1955,0,0,0,0,5891.666666666667,0.08778175388967469,0.2131860914662895,0.8577024045261669,5.55555555556,1.6666707644168328,9.382877467777778,1.3827554113797142,49.0,13.888888888888891,77.77777777777779,1498.13602623,1146.83979381
1946,1957,0,0,0,0,441.6666666666667,0.09001006289308176,0.23412955974842767,0.810377358490566,0.0,0.0,2.4950906108499997,0.6365141682948128,0.0,0.0,8.333333333333334,1500.0,1992.14419298
1954,1965,1,2,0,2,8894.444444444445,0.20331208619612742,0.35958116801998746,0.8861914116177388,2.77777777778,0.06370654667214726,8.168806953583333,2.002361153377966,67.0,119.44444444444446,177.7777777777778,627.267423703,812.23767683
1958,1969,0,0,0,0,1180.5555555555557,0.15298847058823528,0.3675228235294118,0.8890792941176471,8.38869377607,1.2797519959827233,2.1121011514194445,1.1289337328756952,0.0,5.555555555555556,55.555555555555564,412.987178158,3000.0
1965,1976,2,8,15,2,17191.666666666668,0.08895999353692034,0.2642881402488286,0.8384942478591048,44.4444444444,0.35062744789166195,15.981897090972224,1.7088166582834245,458.571428571,30.55555555555556,313.8888888888889,1367.00788392,2373.76934329
1966,1977,0,1,0,0,275.0,0.05628484848484848,0.3712141414141414,0.9017515151515151,0.0,1.675607043479543,0.0,0.0,0.0,0.0,5.555555555555556,1500.0,3000.0
1967,1978,0,1,0,0,2427.777777777778,0.17061853546910755,0.25864702517162474,0.8944489702517162,0.0,0.0,0.0,0.8675632284814612,0.0,8.333333333333334,0.0,1500.0,2119.72925211
1968,1979,1,14,1,1,29875.0,0.12858662947466296,0.34162457461645745,0.8962005578800558,61.111111111099994,0.1656620134515226,5.6957863469722225,1.9496734715445128,149.0,58.333333333333336,144.44444444444446,595.574113613,369.39742061
1973,1984,0,6,0,1,47900.0,0.12898278821619114,0.34473013221990256,0.8994940559035026,180.555555556,1.5344765976795893,13.511210227722222,1.4955550511885107,229.4,77.77777777777779,144.44444444444446,189.964208839,423.04730315
1979,1990,0,3,0,0,11536.111111111111,0.12587734168071274,0.2514207560799422,0.8654235251625331,5.55555555556,1.1781311379409969,0.37191540328055556,1.7274116128135908,486.0,36.111111111111114,8.333333333333334,1500.0,2613.61499092
1989,2000,0,0,0,2,805.5555555555557,0.059722068965517246,0.22555862068965518,0.8715575862068965,0.0,0.0,3.212636748361111,1.0397207708399179,0.0,0.0,19.444444444444446,1500.0,3000.0
1992,2003,0,0,0,0,1608.3333333333335,0.07550863557858375,0.22188583765112263,0.8453278065630397,0.0,1.6666675694447786,2.461841434825,1.0335620542068176,0.0,0.0,0.0,1500.0,3000.0
1994,2005,0,0,0,0,2330.555555555556,0.09868831942789034,0.39134100119189513,0.87389189511323,2.77777777778,0.0,4.655043339888889,1.7347757932637864,88.0,38.88888888888889,30.55555555555556,1164.55465035,2463.79923821
2001,2012,0,1,0,0,3525.0,0.07797635933806146,0.2544104018912529,0.858074231678487,16.6666666667,1.7100995590231336,4.738408440472223,1.5902107282630609,0.0,11.111111111111112,30.55555555555556,628.572057673,1571.6991296
2007,2018,0,2,0,0,5627.777777777778,0.13744402764067126,0.31808134254689047,0.8243526159921026,5.55555555556,1.1560521074779886,1.6515422714416668,1.3167868319828966,0.0,13.888888888888891,13.888888888888891,1500.0,3000.0
2019,2030,7,9,1,1,27850.0,0.0925955515659286,0.3252024236983842,0.8660224615998404,72.2222222222,0.0,16.496668585388893,1.8582672918342997,102.285714286,47.22222222222223,533.3333333333334,419.643294638,780.48535127
2020,2031,1,1,0,0,16086.111111111113,0.12678848212743912,0.2377599032982214,0.8916695907442583,5.55555555556,0.3888744119225592,7.730176661611112,1.8196099494223033,48.0,13.888888888888891,22.222222222222225,714.860869737,550.54016503
2024,2035,0,1,0,0,141.66666666666669,0.0,0.32810392156862744,0.856664705882353,0.0,0.0,7.246701116722222,1.5654451070633328,0.0,0.0,2.777777777777778,972.098827621,3000.0
2027,2038,0,0,0,1,6066.666666666667,0.08397678571428573,0.28153076923076925,0.8451117216117215,8.33333333333,0.0,6.127409387277779,1.6970450516025273,0.0,19.444444444444446,50.0,1159.3151527,3000.0
2028,2039,1,1,0,0,4305.555555555556,0.0737554193548387,0.15497109677419355,0.8259132258064517,2.77777777778,1.6919087338251526,14.511760999916667,1.5459898600072755,0.0,11.111111111111112,83.33333333333334,1500.0,3000.0
2030,2041,0,3,1,1,8947.222222222224,0.13502868674324744,0.46919944116733936,0.8840220428438373,0.0,0.6216754738436502,2.4176919592055555,0.8308095735918315,0.0,38.88888888888889,225.0,171.986077403,777.85324011
2038,2049,1,0,0,0,4688.88888888889,0.085798163507109,0.28608133886255926,0.8377069312796208,0.0,0.6282614576423888,1.7814839672722222,1.7345271679755052,0.0,5.555555555555556,19.444444444444446,1463.05458294,1856.83065238
2045,2056,0,2,0,0,9636.111111111111,0.17530887863937733,0.28448258864226,0.8685207840876333,0.0,0.0,3.605609289888889,1.6769877743224173,0.0,11.111111111111112,5.555555555555556,1023.52668265,2989.44876325
2051,2062,0,0,0,0,2708.3333333333335,0.0913228717948718,0.4678505641025641,0.8967191794871795,8.33333333333,1.481793735021531,5.952816242694444,0.0,0.0,47.22222222222223,13.888888888888891,1500.0,1387.39680314
2056,2067,15,19,12,3,57619.44444444445,0.1075638914332546,0.3096205177650292,0.8715135515595622,80.5555555556,1.8215045241715,10.58839557425,2.044362590648744,128.285714286,94.44444444444446,216.66666666666669,488.708315251,1320.09133431
2059,2070,0,0,1,0,11197.222222222224,0.09152609774249566,0.2873058546266435,0.8561737534110642,2.77777777778,1.0796349330883384,0.0,1.5865180933284089,73.0,13.888888888888891,127.77777777777779,1500.0,1050.31933448
2061,2072,1,3,1,1,42577.77777777778,0.11472797494780794,0.3891901878914405,0.8633945981210855,41.666666666699996,0.0,6.116468020527778,1.8556731948113057,107.0,94.44444444444446,163.8888888888889,755.615090484,973.16960526
2062,2073,0,3,2,0,12466.666666666668,0.1033947192513369,0.23924721479500893,0.8490795900178253,19.4444444444,0.0,0.0,1.8970843194047462,790.166666667,72.22222222222223,36.111111111111114,1500.0,2811.57885085
2063,2074,0,0,0,0,5063.88888888889,0.07497910038398245,0.18519813494240264,0.8343511793746572,2.77777777778,1.6703889196830424,4.129703473305556,1.5465632987371174,0.0,11.111111111111112,41.66666666666667,1500.0,3000.0
2069,2080,0,5,0,0,13755.555555555557,0.11052332390953151,0.3705112479806139,0.8335375807754443,22.2222222222,1.401582651368212,13.108542559555557,1.7220191149831732,116.5,8.333333333333334,147.22222222222226,1500.0,2698.56310726
2075,2086,3,4,2,0,6575.0,0.08918846641318125,0.24380616814533165,0.8771265314744402,11.1111111111,1.9330952636714782,0.0,1.428514373020019,0.0,11.111111111111112,61.11111111111112,1500.0,3000.0
2084,2095,3,15,0,0,7350.0,0.11678136810279667,0.24903272864701437,0.8312119425547998,5.55555555556,0.0,5.522924732111112,2.0031774308596852,250.0,52.77777777777778,16.666666666666668,630.853542763,3000.0
2085,2096,0,0,0,0,2113.888888888889,0.12340985545335086,0.23163863337713533,0.8789194480946124,2.77777777778,1.043695203301207,3.409769829277778,0.0,0.0,2.777777777777778,33.333333333333336,67.4444350021,3000.0
2088,2099,0,0,0,0,1338.888888888889,0.08199273858921162,0.2037533195020747,0.8345197095435685,0.0,1.3645485753855209,1.9684867006916669,1.4708084763221114,0.0,5.555555555555556,5.555555555555556,1500.0,3000.0
2089,2100,0,1,0,0,2294.444444444445,0.0625858353510896,0.24901912832929782,0.8420811138014528,2.77777777778,0.0,13.897793962944446,1.0549201679861442,70.6666666667,13.888888888888891,25.0,651.484390902,753.70213684
2094,2105,0,0,0,0,125.0,0.09258888888888889,0.17936,0.951111111111111,2.77777777778,0.0,2.199564417041667,1.0549201679861442,0.0,0.0,16.666666666666668,1500.0,3000.0
2097,2108,0,0,0,0,6375.0,0.07521938997821351,0.36158832244008715,0.8594399564270153,11.1111111111,0.0,8.703895166361113,0.6931471805599453,0.0,2.777777777777778,13.888888888888891,1295.90629129,1353.44531352
2107,2118,0,0,0,0,269.4444444444445,0.09474536082474228,0.29379896907216496,0.854919587628866,0.0,0.0,0.0,1.459481873869085,0.0,5.555555555555556,5.555555555555556,1500.0,1640.64996213
2110,2121,0,0,0,0,2075.0,0.07008781793842035,0.14410722891566266,0.8391080321285141,2.77777777778,0.0,3.6609992691944444,0.0,0.0,2.777777777777778,2.777777777777778,1500.0,3000.0
2113,2124,0,1,0,0,2186.1111111111113,0.03992071156289708,0.1466841168996188,0.9089349428208386,2.77777777778,1.6175767640026173,1.2275582609972222,1.8449872418905604,0.0,0.0,11.111111111111112,193.594405498,1594.46824275
2120,2131,0,5,1,1,19550.0,0.15804505541346972,0.4645719664677465,0.875713796533106,11.1111111111,0.07339856420295063,6.367983986916666,1.6441280687244568,375.25,30.55555555555556,147.22222222222226,662.221331289,1201.40228679
2124,2135,3,6,2,2,40702.77777777778,0.10392333310584864,0.392072346959667,0.8739125844536955,13.888888888899999,1.0253509526191635,6.988533407805557,2.0058621533492094,84.4117647059,136.11111111111111,113.88888888888891,1500.0,556.11561287
2128,2139,0,0,2,2,7463.8888888888905,0.11100200967621883,0.4755105321920357,0.8876643840714551,44.4444444444,1.7366317513111063,5.050900378861111,1.8051453534285744,448.25,75.0,111.11111111111113,596.67122204,955.58045995
2130,2141,0,0,0,1,8113.8888888888905,0.16037148236905172,0.460374666210202,0.8893609380349196,8.33333333333,0.0,4.611764943583333,1.9989913977132892,429.0,86.11111111111113,97.22222222222223,494.185801356,964.08159517
2136,2147,1,5,9,1,22811.111111111113,0.11521192157817828,0.291982976132489,0.8353928397467122,19.4444444444,0.7302614389323752,16.28720389916667,1.5173861000369038,365.363636364,47.22222222222223,152.7777777777778,1399.73556239,1415.23554609
2137,2148,0,1,0,0,1219.4444444444446,0.037549430523918,0.18630455580865604,0.8786166287015945,0.0,0.0,6.151521131250001,0.0,0.0,2.777777777777778,30.55555555555556,1500.0,2184.70809834
2143,2154,0,0,0,0,1377.777777777778,0.04191068548387097,0.1415375,0.8380903225806451,0.0,0.0,0.5864051273166667,0.0,0.0,0.0,2.777777777777778,1500.0,3000.0
2148,2159,0,2,0,0,969.4444444444446,0.12867679083094555,0.3230329512893983,0.7941492836676217,0.0,1.7416106040233887,4.601806898611111,1.7121199287310218,0.0,13.888888888888891,44.44444444444445,545.323898155,803.79810357
2156,2167,1,2,0,0,23425.0,0.2530697260761295,0.30776578916162695,0.9048683268113364,2.77777777778,1.61984799312597,0.0,1.887589279336946,661.0,86.11111111111113,22.222222222222225,762.162544923,928.54130537
2162,2173,9,13,1,9,89302.7777777778,0.15696291642041743,0.36196797100998473,0.9003550157081092,38.8888888889,1.6687147139656795,13.591984403277777,1.9537390559136374,116.285714286,172.22222222222226,188.8888888888889,571.717419399,246.61575138
2172,2183,0,0,0,0,2830.555555555556,0.11442217860647694,0.28354906771344457,0.8448695780176644,16.6666666667,1.8930943105508504,4.059800507805556,0.7243478506709501,80.0,11.111111111111112,41.66666666666667,1500.0,1429.26453976
2179,2190,1,7,3,1,33800.0,0.14283964497041418,0.5143365877712032,0.8612124178172256,47.2222222222,0.7201326792060235,7.54010466438889,2.0619051230415004,456.113636364,122.22222222222224,216.66666666666669,1290.77448964,464.69514093
2186,2197,7,11,1,2,40169.444444444445,0.17632324182283382,0.2832207869441947,0.8706959269760044,13.888888888899999,0.16447816426006706,6.730858463277778,1.7705882938167776,82.8333333333,197.22222222222226,66.66666666666667,812.490804506,521.81616768
2187,2198,0,0,0,0,4525.0,0.08647949662369551,0.22401663597298954,0.8495452424800491,0.0,1.6695953970845743,4.6079681498888885,1.379770525118945,0.0,2.777777777777778,61.11111111111112,1500.0,3000.0
2188,2199,0,2,0,0,1436.1111111111113,0.10749013539651837,0.28268220502901353,0.876125918762089,0.0,1.083464252941029,2.5250435549916666,1.4300764807158275,0.0,0.0,13.888888888888891,610.311856795,3000.0
2199,2210,4,15,26,13,7211.111111111112,0.09637399845916796,0.31039842064714945,0.8588641371340524,2.77777777778,0.0,7.601364183166667,1.3983001267917328,111.0,8.333333333333334,111.11111111111113,1007.77548741,3000.0
2200,2211,1,2,0,0,4638.88888888889,0.09679868263473053,0.2774082035928144,0.8740403592814372,5.55555555556,1.8373431046388895,0.0,1.6041589907159786,0.0,13.888888888888891,77.77777777777779,1500.0,3000.0
2201,2212,0,1,0,0,2766.666666666667,0.08816054216867471,0.1838324297188755,0.8502120481927711,0.0,0.0,6.345056167138891,0.0,0.0,0.0,0.0,1500.0,2854.89295261
2203,2214,0,1,0,0,4988.88888888889,0.10501497772828508,0.21401770601336303,0.835622271714922,5.55555555556,1.683564670372705,10.125069481416666,1.6508186859012592,0.0,36.111111111111114,22.222222222222225,1500.0,3000.0
2212,2223,1,5,0,0,2694.444444444445,0.10662690721649484,0.25451340206185563,0.8872597938144331,5.55555555556,1.6696501231283605,0.0,1.4977261618057531,0.0,8.333333333333334,230.55555555555557,1395.06377564,1821.21741274
2216,2227,0,1,1,0,3669.4444444444453,0.09991120363361089,0.2239477668433005,0.8362656320968962,2.77777777778,1.7188558776928062,2.9530899160000006,1.1324163280102886,240.0,0.0,38.88888888888889,1500.0,3000.0
2231,2242,1,0,0,1,30447.222222222226,0.07706342486999361,0.29032642094699385,0.8476059301158653,11.1111111111,0.0,5.544660385555556,1.7211473448844496,50.6956521739,47.22222222222223,91.66666666666667,1500.0,434.23037998
2241,2252,0,1,0,0,11605.555555555557,0.06902850646242221,0.2227370033508856,0.8591186452848253,27.777777777799997,0.0,14.289467351888891,1.5497862578248132,0.0,11.111111111111112,63.88888888888889,1500.0,2186.02850383
2253,2264,3,6,4,0,21091.666666666668,0.0845698274726722,0.20005566969577243,0.8708198340576847,61.111111111099994,1.7415128956584178,4.926582934916667,1.7741280655941614,36.0,0.0,88.8888888888889,1500.0,2607.5869815
2260,2271,0,3,1,1,7433.333333333334,0.08875837070254111,0.30659469357249625,0.8605324364723468,0.0,0.0,9.841583886666667,1.5429485054866032,0.0,8.333333333333334,25.0,835.772697788,990.90667852
2263,2274,15,14,4,0,49461.11111111112,0.10599968549926991,0.2932293103448276,0.8816576659552959,63.88888888889999,1.1687065230017408,4.255433592666667,1.9797077273413428,132.285714286,72.22222222222223,241.66666666666669,1039.79670463,1137.85062605
2274,2285,1,0,0,0,1061.1111111111113,0.09805078534031413,0.3635565445026178,0.8872424083769633,2.77777777778,0.3031521881478966,0.0,1.8152507356487027,314.333333333,38.88888888888889,0.0,916.216442112,334.50408139
2283,2294,1,1,1,0,4225.0,0.04787034845496384,0.14458593030900724,0.8578341222879684,11.1111111111,0.0,8.236033723527779,1.3696398855145957,0.0,2.777777777777778,30.55555555555556,1500.0,3000.0
2285,2296,0,0,0,0,905.5555555555557,0.07975981595092024,0.2637730061349693,0.8085631901840492,0.0,0.0,0.0,0.0,0.0,0.0,2.777777777777778,1500.0,2121.01343359
2287,2298,0,3,0,0,5652.777777777778,0.11282692874692875,0.3232346437346437,0.8673050122850122,13.888888888899999,0.0,3.3257049925277777,0.7214636866925115,127.2,8.333333333333334,55.555555555555564,1092.35674564,2172.82007794
2288,2299,8,11,0,2,54502.77777777778,0.18135359563732736,0.337611543754141,0.8912417206054738,11.1111111111,0.4722788024889058,3.4813616841666666,1.7606408923327543,315.0,213.8888888888889,119.44444444444446,427.390804006,732.52853217
2293,2304,1,2,1,0,7650.0,0.06366815541031227,0.15024676833696443,0.8206361655773421,0.0,0.0,8.536591769555557,0.9044682673736123,656.333333333,0.0,11.111111111111112,1500.0,3000.0
2295,2306,1,0,0,0,172.22222222222226,0.11290322580645161,0.43670322580645166,0.790566129032258,0.0,1.6721437039842415,0.0,0.0,0.0,5.555555555555556,0.0,1500.0,3000.0
2297,2308,3,6,1,4,32158.333333333336,0.12377180616740087,0.37254283493132934,0.8576287898419279,36.1111111111,1.7335829360439516,5.841540689972222,1.9194394272310729,72.1,80.55555555555556,472.2222222222223,944.568966112,354.72099572
2300,2311,1,1,3,0,10288.88888888889,0.08213917386609071,0.2176572624190065,0.8588455183585313,27.777777777799997,0.0,9.993304083416668,1.9339824260589913,163.5,52.77777777777778,61.11111111111112,1500.0,577.20094663
2309,2320,0,0,0,0,7741.666666666667,0.0781124147829207,0.26631819160387515,0.8546322210261931,11.1111111111,1.2600536531658955,7.523053843833333,1.7000986142474368,0.0,30.55555555555556,52.77777777777778,1500.0,3000.0
2312,2323,0,5,0,0,32680.555555555562,0.14066338291542713,0.4018505397365066,0.8571143221419465,25.0,1.7270733123161355,2.718180959933333,1.8398514740599368,84.7307692308,58.333333333333336,94.44444444444446,481.855230739,1255.49313659
2314,2325,0,2,0,1,1611.1111111111113,0.06810913793103449,0.25274327586206896,0.8801663793103449,5.55555555556,0.010081395719085133,6.480550183611111,1.9273921261392744,0.0,5.555555555555556,52.77777777777778,503.257056199,1259.39515162
2328,2339,1,3,0,0,77.77777777777779,0.05357142857142857,0.23135714285714284,0.87155,9.83045531439,0.0,0.8177504601055556,0.410116318288409,0.0,2.777777777777778,5.555555555555556,795.763991687,2882.67964791
2351,2363,2,10,0,0,52763.8888888889,0.14532804422216372,0.4473482442748092,0.8879609739405107,33.333333333300004,0.15877497355912032,10.199542494805556,2.001013041378254,583.285714286,130.55555555555557,44.44444444444445,534.190307748,1777.28707184
2359,2371,4,9,1,1,42747.222222222226,0.2014770550393138,0.402083878094743,0.8574731821430892,36.1111111111,0.6338631710336077,6.329096011305555,1.8849031954911228,188.0,247.22222222222226,716.6666666666667,269.66323068,971.19923951
2366,2378,0,0,1,1,1011.1111111111113,0.09629258241758241,0.28750302197802197,0.8609137362637362,0.0,0.0,0.0,1.294545165844896,0.0,8.333333333333334,58.333333333333336,1022.65897256,1684.51273493
2370,2382,1,0,0,0,10755.555555555557,0.17728406508264463,0.2169380423553719,0.8575615185950414,0.0,0.0,6.058848633333334,1.799392122893575,316.5,133.33333333333334,8.333333333333334,1500.0,2834.34570461
2383,2395,1,0,0,0,255.55555555555557,0.15215978260869564,0.21583152173913045,0.8235032608695652,0.0,0.0,1.9762398977472224,0.0,0.0,0.0,0.0,1500.0,3000.0
2385,2397,1,6,1,0,23288.88888888889,0.14684061307251908,0.41294136450381674,0.8708769322519084,8.33333333333,0.053462451698932136,2.4269637357694447,1.748311326374051,196.5,72.22222222222223,127.77777777777779,274.757270179,207.63792708
2394,2406,3,18,1,1,29497.222222222226,0.08699132686693663,0.26002157453620867,0.8669751671532159,80.5555555556,0.4167638703939914,14.303317677666668,1.8472106864162285,39.5,19.444444444444446,169.44444444444446,1500.0,1829.75800717
2402,2415,0,1,0,0,2491.666666666667,0.052543366778149386,0.2231691192865106,0.8418548494983278,0.0,0.0,3.4935451636944443,1.539654447440098,0.0,2.777777777777778,22.222222222222225,1449.97281029,1457.8740014
2436,2449,1,1,0,0,1811.1111111111113,0.05026978527607362,0.10128358895705522,0.8937305214723926,0.0,0.0,7.15138252663889,1.3510394158370158,0.0,0.0,61.11111111111112,1500.0,2168.23407019
2444,2458,0,0,1,0,5555.555555555556,0.0921864,0.22562095,0.85135495,5.55555555556,0.0732712667686897,1.7321530547722226,1.1972970154342815,0.0,2.777777777777778,55.555555555555564,1269.89663406,697.50849535
2449,2463,1,1,1,1,5908.333333333334,0.06477179125528913,0.17387005171603195,0.8712435354960038,8.33333333333,0.0,8.351132517472223,1.4705046309693497,35.0,11.111111111111112,69.44444444444446,1399.40367408,1174.49886113
2453,2467,3,11,5,2,52033.333333333336,0.13917864616698697,0.299734801409353,0.8969669549434124,50.0,0.12070232689579753,3.567205263861111,2.0567203582764955,114.384615385,130.55555555555557,138.8888888888889,318.99125602,1544.69189387
2454,2468,0,1,0,0,3013.888888888889,0.09705843317972351,0.16611382488479262,0.8285272811059907,0.0,0.0,9.271919981111113,1.9620238754003332,0.0,16.666666666666668,13.888888888888891,1500.0,1616.52135276
2456,2470,0,4,0,0,43119.444444444445,0.09716537396121884,0.38594683373059335,0.8374871931971913,13.888888888899999,0.0,1.1410767449138892,1.9410441074494753,32.0,105.55555555555556,122.22222222222224,1500.0,488.38480694
2458,2472,4,5,0,0,42538.8888888889,0.1522141047407601,0.2777344782551913,0.8614987984850463,25.0,1.7612663870455527,11.741453363805556,1.9255132718455197,243.0,163.8888888888889,83.33333333333334,671.145148901,2384.03665823
2479,2493,0,1,0,0,7183.333333333334,0.05859528228924981,0.18721720804331013,0.850324052590874,5.55555555556,1.0478997130438226,3.2429284828888894,1.5919411890144377,0.0,5.555555555555556,22.222222222222225,1500.0,3000.0
2485,2499,0,3,0,0,20066.666666666668,0.06503792912513842,0.21721720653377632,0.8559292220376522,16.6666666667,1.2995237355695743,6.26098422175,1.6298510117086913,600.0,33.333333333333336,61.11111111111112,315.339567261,3000.0
2488,2502,3,3,4,0,11761.111111111111,0.07750951818611242,0.2380206896551724,0.8891956069910251,138.888888889,1.6744863143778834,3.627691160861111,1.71049990109458,109.0,13.888888888888891,63.88888888888889,992.244770894,2120.11564033
2494,2508,1,0,0,0,3202.777777777778,0.09072905464006939,0.22584024284475282,0.8732358196010408,19.4444444444,1.0046825592982003,3.2742455306388893,1.8562887966368267,0.0,5.555555555555556,97.22222222222223,1500.0,2899.33353373
2499,2513,1,2,0,0,14505.555555555557,0.19379954040597472,0.38827751819226347,0.8904603025660666,5.55555555556,0.6772692719114796,0.0,2.00317163867864,103.5,80.55555555555556,41.66666666666667,593.406990427,2129.45350869
2504,2518,0,0,2,0,6836.111111111112,0.09291958553433563,0.23469077610727346,0.8695171881349045,22.2222222222,0.0,9.250481819166668,1.3743709231557595,0.0,11.111111111111112,27.777777777777782,990.594468263,1142.99300262
2506,2520,0,0,0,0,1358.3333333333335,0.08196278118609407,0.24109713701431493,0.8848308793456032,25.0,0.0,0.0,1.0042424730540764,0.0,0.0,5.555555555555556,1500.0,526.32511713
2514,2528,0,1,0,0,19616.666666666668,0.07918741149815917,0.23148534409515717,0.8583633248371566,25.0,0.0,8.82734684836111,1.782104405340554,57.3333333333,16.666666666666668,105.55555555555556,1500.0,1016.70003336
2527,2541,2,3,1,0,47461.11111111112,0.14188830036287017,0.3283576436848882,0.8903254301767529,27.777777777799997,1.7744276140672515,3.9232153688611113,1.9086648809303461,511.818181818,86.11111111111113,83.33333333333334,549.6455964,358.36020061
2536,2550,2,3,0,1,11505.555555555557,0.21656175760502172,0.3877989618541767,0.8662293819410912,2.77777777778,0.9066548459672151,0.0,1.815171557416944,0.0,55.555555555555564,208.33333333333334,740.995392332,2285.30853807
2538,2552,0,2,0,1,10719.444444444445,0.09203801502980045,0.31488893495724285,0.8578931070225447,8.33333333333,0.0,0.0,1.6533739487391002,0.0,16.666666666666668,169.44444444444446,1500.0,1342.68205255
2550,2564,3,6,1,0,25566.666666666668,0.16047888961321166,0.2415628096479791,0.8889448609300304,8.33412851122,0.0,7.376633321722222,1.6420043234371895,134.0,97.22222222222223,61.11111111111112,442.969761485,1607.13637029
2556,2570,0,1,0,0,5825.0,0.07366027658559847,0.2987631378159275,0.836342441583214,5.55555555556,0.0,4.046986552750001,1.5867847075280475,0.0,2.777777777777778,13.888888888888891,1500.0,3000.0
2557,2571,0,0,0,0,1127.777777777778,0.08717216748768473,0.253584236453202,0.919865763546798,0.0,0.0,4.978370495583333,1.0397207708399179,0.0,0.0,0.0,1500.0,3000.0
2558,2572,0,0,0,0,2950.0,0.0744364406779661,0.19769359698681732,0.8555088512241055,11.1111111111,0.0,8.928239889000002,1.6211408895456547,0.0,19.444444444444446,52.77777777777778,1500.0,2166.49945707
2563,2577,1,0,0,0,4483.333333333334,0.11858946716232961,0.3375711276332094,0.8657287484510533,2.77777777778,0.5532089629553734,5.958613489833334,0.6897234067290986,0.0,33.333333333333336,130.55555555555557,1500.0,873.75904263
2565,2579,2,1,0,0,15516.666666666668,0.16666858216971,0.41100619405656996,0.9003008055853919,16.6666666667,0.2452188160017496,0.9511618228111112,2.054312179780644,125.0,102.77777777777779,30.55555555555556,602.174171965,811.54461195
2569,2583,0,0,0,0,2286.1111111111113,0.0710393681652491,0.2957426488456865,0.8622691373025517,5.55555555556,1.3720233543322295,7.009952868111112,1.2130075659799042,0.0,2.777777777777778,33.333333333333336,282.423301011,1974.90616891
2574,2588,1,2,0,0,17941.666666666668,0.1975907880476854,0.2974705372348661,0.8718019352840998,2.77777777778,0.0,2.999621398444445,1.8947633363085568,0.0,50.0,27.777777777777782,585.960055116,2725.02395389
2583,2597,0,2,0,0,9277.77777777778,0.11580227544910181,0.30036101796407183,0.8446179940119761,16.6666666667,1.6633226094988922,4.0523866634444445,1.5157957557664035,46.0,38.88888888888889,113.88888888888891,1500.0,1423.02520179
2587,2601,0,1,0,0,4930.555555555556,0.07181340845070423,0.18450907042253523,0.8487651267605634,8.33333333333,1.1365100843615978,1.6930361404138892,1.4377014436429414,65.8529411765,0.0,19.444444444444446,1500.0,3000.0
2598,2612,0,0,0,0,4202.777777777778,0.07353417052214144,0.2630023132848645,0.8445599471249173,8.33333333333,2.3243657684031906,3.788121847777779,1.9668375531387374,0.0,2.777777777777778,52.77777777777778,1500.0,3000.0
2599,2613,0,3,0,0,4438.88888888889,0.09847684605757197,0.32257659574468084,0.8740496871088861,2.77777777778,0.0,11.664935579416667,1.7924051871485194,180.0,8.333333333333334,16.666666666666668,1500.0,3000.0
2608,2622,1,0,0,1,6780.555555555556,0.10839049569848423,0.20323318312167143,0.844443465792708,2.77777777778,0.2711198199909033,4.686454591555556,1.9229618532334505,0.0,8.333333333333334,66.66666666666667,1500.0,314.06617453
2621,2635,7,5,5,0,17025.0,0.09441305270027738,0.30727374775656713,0.8509254853972915,19.4444444444,1.6674666266127445,1.140264545588889,1.991679308182593,81.5,19.444444444444446,122.22222222222224,904.874444094,1205.46351092
2626,2640,10,9,0,0,41038.8888888889,0.10980304589143089,0.35590770272099637,0.8628695749289291,27.777777777799997,1.6760508772419855,7.0232288267500005,1.872314165036315,108.0,94.44444444444446,213.8888888888889,1500.0,1069.90219419
2638,2652,0,2,0,0,12841.666666666668,0.07799249405148172,0.19701678563703223,0.8441117456197275,8.33333333333,1.6802141856691866,0.0,1.6247595150171947,737.666666667,13.888888888888891,16.666666666666668,1195.94706531,2340.38837853
2649,2663,0,0,0,0,247.22222222222226,0.12236629213483145,0.3764438202247191,0.9597157303370786,0.0,0.0,3.5328418785000006,0.0,48.0,2.777777777777778,30.55555555555556,1500.0,3000.0
2651,2665,0,2,0,0,311.11111111111114,0.10935267857142858,0.30034285714285713,0.8308571428571428,0.0,0.0,7.739216206027779,0.0,0.0,5.555555555555556,2.777777777777778,1500.0,1870.01442139
2652,2666,3,13,0,1,43433.333333333336,0.22372674597083655,0.5065429969301611,0.889694858019954,8.33333333333,1.1936646503571653,17.205068467083336,2.0303296244824853,428.428571429,316.6666666666667,661.1111111111112,177.089152031,210.88485057
2661,2675,0,0,0,0,1355.5555555555557,0.0599,0.21890963114754097,0.8717768442622951,0.0,0.0,7.708238859527778,0.9502705392332347,0.0,2.777777777777778,27.777777777777782,1500.0,2581.96768067
2665,2679,0,1,0,0,18600.0,0.148707825567503,0.46274198028673835,0.8886461917562724,13.888888888899999,0.6654133651730734,0.0,1.6235770296504803,0.0,147.22222222222226,180.55555555555557,791.670664645,1102.91044056
2668,2683,0,0,0,0,4705.555555555556,0.08551629279811097,0.22046050767414405,0.8734556080283353,41.666666666699996,0.0,6.565719447027777,1.358746523944169,0.0,0.0,202.7777777777778,1500.0,1832.45810344
2671,2686,0,0,2,0,12063.88888888889,0.14992106838590838,0.5142625604420907,0.8701532811420677,2.77777777778,2.0665310432250985,3.1585389340277783,1.7984878035877019,0.0,16.666666666666668,27.777777777777782,661.51918961,1038.62087801
2674,2689,1,7,4,5,28597.222222222226,0.20907133559980573,0.5286006508013599,0.8895138416707139,8.33333333333,1.6971696366591218,11.876033191527778,1.930385892075082,363.857142857,244.44444444444449,325.0,390.358221086,272.39732262
2680,2695,2,0,0,0,6827.777777777778,0.08300028478437754,0.22638047192839708,0.8378030919446705,8.33333333333,1.697796140631569,9.678978596027779,1.7769429644698564,30.0,16.666666666666668,19.444444444444446,1500.0,3000.0
2682,2697,0,1,0,0,10630.555555555557,0.06117133524954272,0.1516105565717272,0.8734241442383067,2.77777777778,0.0,8.764748313388889,1.5654451070633324,0.0,2.777777777777778,33.333333333333336,1500.0,1376.52230149
2695,2710,2,0,0,1,14458.333333333334,0.08081043227665706,0.23009865513928918,0.8457887992315083,0.0,1.0998951364770728,5.997239169722222,1.7178842404947774,51.75,11.111111111111112,58.333333333333336,1500.0,1517.93010385
2703,2718,7,8,23,2,6091.666666666667,0.11698449612403101,0.4700355221158231,0.8684395804833561,11.1111111111,1.767260966498088,6.809254399222222,1.993932978722854,800.0,30.55555555555556,263.8888888888889,1426.44628652,527.24713137
2704,2719,0,0,0,0,108.33333333333334,0.07607435897435898,0.30964871794871796,0.8921076923076924,0.0,0.0,8.58762031852778,0.0,0.0,8.333333333333334,0.0,1500.0,3000.0
2705,2720,5,4,0,6,9897.222222222224,0.14608804378332865,0.245418551782206,0.8751316306483301,8.33333333333,1.747436797449542,8.61718016475,1.8873523502622078,454.166666667,86.11111111111113,58.333333333333336,939.953555195,1420.0997015
2710,2725,0,0,0,0,1197.2222222222224,0.05781948955916474,0.3122691415313225,0.8262668213457076,0.0,0.4533200225166281,4.802957660277778,1.277034259466139,0.0,0.0,5.555555555555556,1500.0,3000.0
2726,2741,4,4,0,0,18338.88888888889,0.1522711905483187,0.3600126022417449,0.8713980460466525,19.4444444444,0.3151224969377777,4.097790539166667,1.6336561820422897,83.0,122.22222222222224,233.33333333333334,437.401743642,578.24209343
2748,2763,2,5,0,0,22038.88888888889,0.1460073607259894,0.35568220317620364,0.8569881270481472,22.2222222222,0.7213793452695465,2.20843001815,1.7913808448289301,119.6,30.55555555555556,94.44444444444446,924.34287267,1127.27558187
2760,2775,1,1,1,2,4547.222222222223,0.10826273671350031,0.32910781918142945,0.8599301160659744,33.333333333300004,0.0,11.586683892833335,1.7703976423234795,0.0,11.111111111111112,241.66666666666669,1500.0,1916.66365234
2764,2779,1,0,1,0,1533.3333333333335,0.09252536231884058,0.15788134057971012,0.8679882246376812,0.0,1.7807759610204321,0.41583229935000005,0.6931471805599453,0.0,2.777777777777778,11.111111111111112,582.9734113,1972.6924434
2767,2782,1,0,0,0,6875.0,0.12384529292929294,0.33524339393939395,0.8304271515151516,0.0,0.0,8.466626512305556,1.252762968495368,0.0,16.666666666666668,8.333333333333334,719.506816788,756.23030617
2774,2789,0,0,0,0,1325.0,0.040045911949685535,0.1207320754716981,0.8898012578616352,0.0,0.09437827526722424,2.2168581293111114,1.0397207708399179,0.0,0.0,0.0,1073.05899178,1330.5441183
2782,2798,0,0,0,0,1525.0,0.09513169398907104,0.27809817850637525,0.8554635701275045,11.1111111111,2.037544054811217,8.548533971972223,1.3296613488547582,0.0,2.777777777777778,105.55555555555556,1500.0,3000.0
2786,2802,0,0,0,0,3513.888888888889,0.12372569169960475,0.36691557312252965,0.861138814229249,13.888888888899999,0.0,6.419306397777778,0.9743147528693494,0.0,8.333333333333334,47.22222222222223,662.23723534,1867.24434655
2791,2807,0,0,0,0,4925.0,0.07492521150592217,0.21313378454596726,0.8392724760293288,2.77777777778,0.0,8.137351105444445,1.5171349869495112,0.0,5.555555555555556,13.888888888888891,1500.0,575.65100142
2811,2827,0,0,0,0,5105.555555555556,0.09318182807399347,0.3330567464635474,0.8629033732317737,2.77777777778,0.0,1.0882192830972222,1.8314973810780417,50.0,2.777777777777778,25.0,1142.0778179,2785.01097799
2812,2828,1,6,1,1,7247.2222222222235,0.15984258336527404,0.32223579915676503,0.888905212725182,0.0,0.22772305676361632,8.516604794027778,1.718856532571828,75.75,211.11111111111111,255.55555555555557,421.500711908,174.38839182
2822,2838,0,0,0,0,777.7777777777778,0.09364321428571427,0.4017614285714286,0.8997342857142857,0.0,1.9489093671903424,3.1772051678333337,0.6365141682948128,0.0,0.0,36.111111111111114,815.506842773,3000.0
2823,2839,0,1,0,0,7388.8888888888905,0.08398248120300753,0.2881476315789474,0.8382265789473684,5.55555555556,0.0,2.5116026419722224,1.5045158208332388,0.0,2.777777777777778,47.22222222222223,1186.2586117,672.44550161
2833,2849,2,13,2,2,30313.888888888894,0.09288663062402638,0.3045493173279575,0.8632414368184733,44.4444444444,0.0,17.60187247730556,1.9283521630405103,0.0,55.555555555555564,213.8888888888889,1318.60378153,156.1032578
2834,2850,0,8,0,0,22202.77777777778,0.145331952958839,0.22630561741523833,0.867819404478919,30.555555555599998,1.0427027506619952,14.183469896222222,1.9153101354701165,81.75,83.33333333333334,238.8888888888889,517.847231686,879.12179176
2844,2860,1,0,0,0,891.6666666666667,0.023001869158878505,0.202006230529595,0.849390031152648,0.0,0.0,6.496322735388889,0.0,0.0,0.0,2.777777777777778,1500.0,3000.0
2846,2862,0,4,1,1,14147.222222222224,0.09401763204398193,0.2672912428823876,0.868527763597094,13.888888888899999,1.591025003466767,6.961495763222223,1.8045583118646384,0.0,2.777777777777778,163.8888888888889,807.874010162,496.78087421
2851,2867,0,3,1,0,8427.77777777778,0.06930688859591298,0.1601517798286091,0.8330240606460119,8.33333333333,0.0,13.14432781113889,1.3997487951345402,32.0,22.222222222222225,127.77777777777779,1500.0,821.62192144
2852,2868,0,1,0,0,780.5555555555557,0.16552740213523132,0.3129017793594306,0.8614444839857651,0.0,0.0,3.651534960944445,0.0,0.0,0.0,0.0,1500.0,3000.0
2857,2873,3,4,0,0,34702.77777777778,0.17741833826943088,0.4971931881853838,0.8939055631153446,11.1111111111,0.6406189175804252,1.5035178996583336,1.7833939506246972,240.0,100.0,52.77777777777778,668.245388789,1310.52438763
2861,2877,0,0,0,0,1522.2222222222224,0.07475383211678832,0.2995275547445255,0.8529877737226277,2.77777777778,0.1289795251039615,1.6810047478638892,0.6931471805599453,0.0,0.0,25.0,1500.0,2598.0042126
2868,2884,1,1,0,1,1219.4444444444446,0.05925261958997722,0.2208503416856492,0.8739066059225512,0.0,0.6319615353567345,0.0,1.2130075659799042,0.0,0.0,33.333333333333336,1500.0,3000.0
2873,2889,0,3,0,0,4777.777777777778,0.07943709302325581,0.26517145348837207,0.8335531976744185,0.0,0.1997031368101327,5.178714306111112,1.8831028973364043,0.0,5.555555555555556,36.111111111111114,262.007058684,577.15552218
2877,2893,0,0,0,0,4597.222222222223,0.06040870090634441,0.17302906344410873,0.8360336555891239,13.888888888899999,0.0,4.395069693111112,1.544001559229629,0.0,2.777777777777778,8.333333333333334,1500.0,3000.0
2881,2897,3,1,0,0,17833.333333333336,0.1537108566978193,0.44504989096573205,0.8801606386292835,5.55555555556,0.452811530436476,0.0,0.7960284729807638,900.0,16.666666666666668,83.33333333333334,211.047010042,1082.76913177
2885,2901,0,0,0,0,5813.88888888889,0.06792876254180602,0.16772369804108936,0.8213038222646919,8.33333333333,1.351256615494244,8.245473619777778,1.5308691418879887,0.0,5.555555555555556,75.0,1500.0,1865.35798136
2887,2903,0,0,0,0,530.5555555555557,0.09927068062827225,0.34805654450261786,0.8794706806282723,0.0,0.0,10.454503184500002,1.3321790402101223,0.0,2.777777777777778,27.777777777777782,1461.22980012,3000.0
2890,2906,0,5,0,1,22427.77777777778,0.11474010403765172,0.31582059697795395,0.8649357195937577,11.1111111111,0.22284429220071458,4.302145471361112,1.7968571447171704,151.5,41.66666666666667,69.44444444444446,795.761986306,704.79263906
2893,2909,1,0,0,0,9005.555555555557,0.09166332510795805,0.25338997532387414,0.8452126773596546,0.0,0.7821826551025854,0.0,0.0,0.0,25.0,16.666666666666668,1500.0,3000.0
2896,2912,0,0,0,0,2608.3333333333335,0.07721320553780618,0.2044649627263046,0.821854739084132,0.0,0.0,9.133548072083334,1.4270610433807247,0.0,5.555555555555556,5.555555555555556,1500.0,3000.0
2900,2916,0,0,0,0,2086.1111111111113,0.06969001331557924,0.24558575233022636,0.8615266311584553,2.77777777778,0.0,2.490137235344445,1.460584866686768,0.0,2.777777777777778,11.111111111111112,1500.0,3000.0
2912,2930,2,1,2,0,916.6666666666667,0.13991848484848485,0.16154545454545455,0.9096763636363636,2.77777777778,0.0,1.5622681072416666,1.9061547465398496,0.0,0.0,22.222222222222225,165.36282894,2439.98998171
2914,2932,0,0,0,0,1230.5555555555557,0.06173092550790068,0.1409629796839729,0.8081365688487585,0.0,0.0,6.077834777944444,0.0,0.0,0.0,2.777777777777778,1500.0,3000.0
2925,2943,0,2,0,0,3647.2222222222226,0.08112650418888043,0.16903259710586443,0.8374724295506474,5.55555555556,0.8720153624727438,8.808055718722224,1.153884161960081,0.0,11.111111111111112,27.777777777777782,1500.0,3000.0
2930,2948,6,7,3,0,37877.77777777778,0.12292667204458786,0.26728066148430624,0.8796285714285714,55.555555555599994,0.0,5.400642615166667,2.0531428641562908,45.25,41.66666666666667,286.11111111111114,1043.14726131,448.89688959
2935,2953,1,0,0,0,4419.444444444445,0.09202074167190447,0.236950974230044,0.8648047768698931,11.1111111111,0.0,6.203330212972222,1.6739571005659657,36.0,13.888888888888891,105.55555555555556,1500.0,613.67545096
2936,2954,0,3,0,2,3216.666666666667,0.11911217616580312,0.32927582037996544,0.8693609671848014,22.2222222222,1.6791275904101866,1.3529773900583335,1.2457702448316295,86.2,0.0,372.22222222222223,333.837694726,749.28204458
2951,2969,0,7,0,1,12741.666666666668,0.07677453673424897,0.2831804883366035,0.853835622411162,16.6666666667,0.0,14.119107326694445,1.842028406664335,0.0,19.444444444444446,155.55555555555557,1500.0,2607.75929308
2952,2970,3,14,3,3,92202.7777777778,0.13841714518121292,0.49370572409845453,0.8697397403066911,75.0,1.5049720091444962,4.462544328416667,2.0144478013725142,598.388888889,116.66666666666667,280.5555555555556,672.341989526,640.86987499
2977,2995,0,1,0,0,1950.0,0.08581438746438746,0.22038475783475786,0.8395477207977208,19.4444444444,0.0,10.26938828525,1.688561560732004,80.0,5.555555555555556,52.77777777777778,1500.0,1156.31892685
2978,2996,0,0,0,0,2950.0,0.07870536723163842,0.15846666666666664,0.841140395480226,0.0,0.0,2.745066752625,1.6626924785092068,0.0,8.333333333333334,94.44444444444446,1500.0,3000.0
2979,2997,0,4,0,0,15211.111111111113,0.15273325420014608,0.38138886048210374,0.8029210920379839,8.33333333333,1.7273333114408524,4.872509154444445,1.8255034980562461,238.428571429,58.333333333333336,22.222222222222225,1500.0,914.54970857
3003,3021,10,9,4,0,51202.77777777778,0.14973148700699832,0.26880183366787824,0.8884877610806705,47.2222222222,0.0,1.2794696544944448,1.6755240114653691,84.6,36.111111111111114,141.66666666666669,945.112278988,719.05415225
3004,3022,0,4,0,0,16808.333333333336,0.10961041150223104,0.3040455461907123,0.8325987935878367,11.1111111111,0.41765346105060314,13.788005308805557,1.8628621753933399,436.342105263,91.66666666666667,155.55555555555557,1500.0,3000.0
3018,3036,0,0,0,0,277.7777777777778,0.167733,0.26133,0.884335,0.0,0.0,8.267851307861113,0.0,0.0,8.333333333333334,2.777777777777778,1500.0,3000.0
3030,3048,0,0,0,0,5588.88888888889,0.08695626242544731,0.31860666003976146,0.8623173459244533,0.0,1.9089629066807023,5.367214209611112,1.5551577450913907,0.0,19.444444444444446,150.0,222.347140947,2045.70196477
3036,3054,0,2,0,0,6575.0,0.1445479509928179,0.4466602450359104,0.8946757076468104,5.55555555556,0.0,4.933266678638889,1.809514255849282,303.0,44.44444444444445,66.66666666666667,840.145862269,837.14238669
3046,3064,0,3,0,1,16175.0,0.08440480851794607,0.17910686931135153,0.8478377640391551,19.4444444444,1.4580424156783853,15.137025059027778,1.786086909666874,76.0,30.55555555555556,119.44444444444446,505.261504274,1547.03561904
3053,3071,0,1,1,0,3025.0,0.06808007346189164,0.26567116620752984,0.8905763085399448,22.2222222222,0.0,4.768948823694444,1.3762512670779288,0.0,2.777777777777778,108.33333333333334,506.229330639,1394.50832817
3055,3073,1,2,0,0,2963.888888888889,0.07410281162136832,0.1908518275538894,0.843007778819119,11.1111111111,1.8366698196559423,5.955810065666666,1.2475774019093806,0.0,0.0,19.444444444444446,1500.0,2847.62521562
3056,3074,0,4,0,2,2852.777777777778,0.054331840311587144,0.14973661148977607,0.8794083739045764,2.77777777778,0.4288713042986975,7.639063021277779,1.9158938293782577,0.0,36.111111111111114,5.555555555555556,1500.0,79.89578765
3066,3084,6,8,1,0,49197.222222222226,0.1137757495341878,0.3093253345378578,0.8985327084862514,19.4444444444,0.8912100349499391,1.8494831596972225,1.8009313917096108,665.083333333,52.77777777777778,41.66666666666667,368.800914879,1290.66743633
3082,3100,8,8,1,5,58061.111111111124,0.16130821452492583,0.4956925605205243,0.8718998516888337,55.555555555599994,1.6755857392044522,4.141957100527779,2.0464083501465353,569.070175439,158.33333333333334,333.33333333333337,245.333782796,238.24718919
3091,3109,0,1,0,0,8744.444444444445,0.09348084498094027,0.26793071791613726,0.8621208386277002,16.6666666667,0.0,4.869987168305555,1.804582240298655,0.0,13.888888888888891,52.77777777777778,911.382179966,2115.05983829
3101,3119,0,1,0,0,4675.0,0.11077884729649436,0.3239244206773619,0.8961853832442067,2.77777777778,0.7221516667196387,0.11638802300333334,1.7091194253028752,298.857142857,11.111111111111112,13.888888888888891,419.431667487,1175.28025833
3103,3121,0,0,0,0,6050.0,0.09207332415059688,0.2742633608815427,0.8253532598714417,2.77777777778,1.6782354101344787,3.4516073473055555,1.6158914081111866,0.0,11.111111111111112,25.0,1500.0,1336.78434428
3107,3125,0,2,0,1,2808.3333333333335,0.0819568743818002,0.23253006923837782,0.8310201780415429,2.77777777778,1.7491204343631994,0.4289568411777778,1.0823766580809495,0.0,8.333333333333334,19.444444444444446,1500.0,2872.78174732
3119,3137,0,0,0,0,1305.5555555555557,0.08519617021276596,0.2606342553191489,0.875508085106383,0.0,1.6910682482409782,6.614768427583335,1.5390846424277733,0.0,2.777777777777778,166.66666666666669,659.989376696,1681.86193169
3122,3140,0,0,0,0,363.8888888888889,0.08743206106870229,0.4270770992366412,0.9066763358778627,0.0,0.0,8.816258039333334,1.3208883431493221,0.0,30.55555555555556,2.777777777777778,1500.0,3000.0
3127,3145,0,3,0,0,7905.555555555557,0.07644494026704146,0.22790249472944485,0.864982044975404,2.77777777778,0.0,8.453818001250001,1.4379312260280361,0.0,5.555555555555556,58.333333333333336,1500.0,2019.47484363
3130,3148,1,4,2,4,30377.77777777778,0.1314392831016825,0.34697765179224577,0.8654673006583761,13.888888888899999,1.675767351601941,10.269547941305557,1.9744897698113733,73.3,111.11111111111113,69.44444444444446,1338.67139593,855.00868194
3141,3159,1,1,0,0,1747.2222222222226,0.08819570747217806,0.18309761526232116,0.8522637519872813,5.55555555556,0.0,4.789177359861112,1.436828668963032,0.0,0.0,30.55555555555556,1500.0,3000.0
3142,3160,0,0,1,0,2447.2222222222226,0.08011123723041998,0.23122338251986377,0.8571589103291715,13.888888888899999,0.0,7.093603187055555,1.7050508175213617,50.0,8.333333333333334,16.666666666666668,1500.0,3000.0
3146,3164,0,2,0,0,31605.555555555562,0.10389339075408682,0.22569835647741254,0.8809474863772192,11.1111111111,0.025897802838004778,4.836607916861111,1.6705185509710532,0.0,44.44444444444445,36.111111111111114,647.651675281,1034.4547145
3155,3173,0,2,0,1,10519.444444444445,0.12061283337734355,0.3804357803010298,0.864448798521257,8.33333333333,1.8397455586886577,5.095409334305556,1.9103289020255976,56.875,11.111111111111112,147.22222222222226,598.07948714,1406.74613791
3156,3174,3,5,0,1,61336.111111111124,0.15418871880802498,0.4123201666591187,0.8762549522213667,36.1111111111,1.6764921255488332,3.983927418083334,1.883107384761213,164.0,172.22222222222226,127.77777777777779,367.133407343,959.79728493
3165,3183,0,1,0,0,5730.555555555556,0.06526674745516238,0.1996896752302472,0.8528027144934562,2.77777777778,1.91735781778788,6.697240881111111,1.0132843295512495,0.0,11.111111111111112,44.44444444444445,1500.0,2529.70718103
3170,3188,7,4,0,0,15411.111111111113,0.09322287310742611,0.2383869502523432,0.8549985219899062,5.55555555556,0.21970742388300057,13.053596971833334,1.9931763711207087,114.8,13.888888888888891,180.55555555555557,1500.0,261.55965168
3173,3191,0,1,0,1,15294.444444444447,0.0992081910642935,0.3710342172175808,0.8496421721758082,5.55555555556,1.8262511706338522,4.471322483527778,1.6475676312810055,383.75,44.44444444444445,25.0,1500.0,1215.56618602
3175,3193,0,1,0,0,2347.2222222222226,0.08165218934911242,0.3048433136094675,0.9016601183431953,19.4444444444,0.05185477931081212,5.895164682583334,1.8954753257061001,105.0,2.777777777777778,127.77777777777779,1500.0,1748.17028088
3181,3199,1,0,0,0,255.55555555555557,0.06086086956521739,0.3148739130434782,0.9026086956521739,0.0,0.0,4.096331939583334,0.0,0.0,0.0,0.0,1500.0,3000.0
3183,3201,0,1,2,0,1902.777777777778,0.15563430656934307,0.35250890510948907,0.8664696350364963,2.77777777778,0.006271902568178417,2.049719753605556,1.8065071652616695,57.0,11.111111111111112,113.88888888888891,609.587685019,1728.8093704
3186,3204,0,10,0,0,18838.88888888889,0.1240170746092598,0.45548597758773224,0.8917751548215866,8.33333333333,0.265822389675118,2.623790705341667,1.9179413090372894,202.857142857,133.33333333333334,740.0,790.936894968,979.28960817
3195,3213,0,0,0,0,1480.5555555555557,0.0748891181988743,0.2418076923076923,0.8553236397748593,0.0,0.009726467617080282,1.0582343529583333,1.4900935655199312,0.0,0.0,0.0,1500.0,3000.0
3198,3216,0,0,1,0,2663.888888888889,0.2184711157455683,0.2004934306569343,0.8875430656934307,0.0,0.0,5.4434756640833335,1.3862943611198906,0.0,27.777777777777782,2.777777777777778,1500.0,2273.13744299
3201,3219,0,3,0,0,2344.444444444445,0.09795912322274881,0.23820225118483412,0.8128366113744075,0.0,0.14740344729078264,1.4085947474972225,1.1851895746799308,63.0,5.555555555555556,27.777777777777782,1500.0,3000.0
3206,3224,0,0,0,1,2447.2222222222226,0.091194438138479,0.25046367763904653,0.8817099886492622,19.4444444444,0.0,8.252710513416666,0.0,0.0,2.777777777777778,16.666666666666668,1188.46192884,1240.98437387
3218,3236,5,0,0,0,444.4444444444445,0.091725,0.18585000000000002,0.8344725000000001,0.0,1.8342034698734708,3.4525759245277787,0.0,0.0,0.0,2.777777777777778,1500.0,3000.0
3226,3244,0,4,0,0,4402.777777777778,0.04932706624605679,0.15419451104100948,0.8809786750788644,2.77777777778,0.10919918531983658,2.982677881944445,1.313834033192747,0.0,0.0,44.44444444444445,1500.0,655.0888523
3229,3247,1,0,0,0,15036.111111111113,0.11659262885645669,0.2906276741178644,0.9049689451320894,5.55555555556,0.0,1.1486109812138892,1.7860243978786887,0.0,86.11111111111113,211.11111111111111,752.630843105,1147.6567404
3231,3249,0,0,0,0,1808.3333333333335,0.1018199692780338,0.34526850998463904,0.8580021505376344,5.55555555556,0.9450316905109016,2.727103918719444,1.6957425341696346,0.0,0.0,97.22222222222223,1002.31008087,1278.47628697
3236,3254,0,2,0,0,8202.77777777778,0.10728540467321368,0.28731063325431766,0.8555646461225872,16.6666666667,0.0,0.0,1.6234207833640604,400.0,8.333333333333334,466.6666666666667,963.478447991,661.52943172
3239,3257,1,2,0,0,3133.3333333333335,0.09937739361702128,0.21703794326241135,0.8363748226950355,2.77777777778,0.0,6.757708590666667,1.0473689756623104,307.416666667,0.0,11.111111111111112,1174.10060193,1072.75012712
3242,3260,0,2,0,0,5980.555555555556,0.08424709707385043,0.22872656758012078,0.8631808174640038,27.777777777799997,1.903089999006188,5.172332941027778,1.9240920529944396,346.5,19.444444444444446,150.0,1500.0,3000.0
3248,3266,0,3,0,0,363.8888888888889,0.039827480916030535,0.41384809160305347,0.8904923664122137,8.33333333333,1.0094173574051468,0.4233763236472222,1.15374194270109,0.0,2.777777777777778,36.111111111111114,1500.0,1313.08046408
3249,3267,3,2,0,2,17252.77777777778,0.1077411366929641,0.32554060537755597,0.8587272741909515,16.6666666667,0.0,13.505260529694446,1.872550240591571,90.0,75.0,86.11111111111113,1500.0,836.03357218
3252,3270,0,0,0,0,2911.1111111111113,0.12258225190839693,0.26536984732824426,0.8924328244274808,11.1111111111,1.8419510783872128,3.2112859648611116,1.1901337204464384,45.3333333333,13.888888888888891,86.11111111111113,840.160825549,946.13725985
3261,3279,2,16,20,4,28183.333333333336,0.17960094618568895,0.4871281194559432,0.8790566035876206,11.1111111111,1.184940763002705,1.2706202385472225,1.8525658043443465,448.160377358,58.333333333333336,38.88888888888889,161.171442478,1749.02865807
3265,3283,0,3,0,0,919.4444444444446,0.060174924471299095,0.12004984894259818,0.8614317220543806,2.77777777778,0.0,1.5130535400722225,1.4270610433807247,0.0,0.0,8.333333333333334,1500.0,3000.0
3266,3284,0,1,0,0,4505.555555555556,0.06829118372379778,0.1461166461159063,0.8493191122071517,2.77777777778,0.6146224531926769,6.480771061166668,1.5890551536567115,0.0,11.111111111111112,16.666666666666668,1500.0,3000.0
3270,3288,1,1,0,0,5327.777777777778,0.13023321167883212,0.3599988008342023,0.8695420750782065,22.2222222222,0.7351451422853905,2.064194679830556,1.6731606338440024,0.0,11.111111111111112,166.66666666666669,428.255004271,829.16649784
3274,3292,0,1,0,0,2733.3333333333335,0.11699166666666666,0.4536383130081301,0.8731853658536585,22.2222222222,0.0,2.9714861769722223,1.5709437919213494,0.0,30.55555555555556,94.44444444444446,1500.0,2569.29477845
3278,3296,4,5,1,0,50602.77777777778,0.16836050941428338,0.4098409233133886,0.8689637865729813,58.3333333333,1.746803809804391,7.931548610444445,1.9060769805347593,152.8,152.7777777777778,108.33333333333334,444.556153285,565.29662219
3284,3302,3,6,0,0,30811.111111111113,0.15454995492246665,0.40837731698521457,0.8666579426613775,19.4444444444,0.5008452557165902,8.00306382213889,1.9462990999981993,318.0,100.0,69.44444444444446,470.376740877,661.94209453
3290,3308,1,0,0,0,927.7777777777779,0.044126347305389224,0.17593023952095807,0.8635344311377245,0.0,0.0,8.078516653694445,0.6931471805599453,0.0,0.0,5.555555555555556,1500.0,3000.0
3291,3309,9,2,3,2,28008.333333333336,0.1595306059704453,0.4093961618565903,0.8765771496578401,2.77777777778,0.05014820488268437,13.178089014444444,2.00583397195383,554.0,288.8888888888889,75.0,139.640032601,498.52888905
3292,3310,0,1,1,0,9358.333333333334,0.10226099732858414,0.442224250519442,0.8748090234490947,11.1111111111,0.5687407356812262,3.119965015,1.8629416813606017,184.5,27.777777777777782,105.55555555555556,266.270304554,1840.14492185
3293,3311,11,9,2,1,37802.77777777778,0.11939214490410759,0.2980748181350577,0.8911191637886693,125.0,0.5588390910010591,7.278737279583334,1.2660053538885712,200.0,97.22222222222223,194.44444444444446,106.73333459,1121.40083256
3296,3314,1,3,5,0,33683.333333333336,0.14927718126340095,0.3475800841167738,0.8929003711034141,27.777777777799997,0.4532230008285246,6.96171740425,1.6980431383588805,135.875,108.33333333333334,305.5555555555556,393.779525586,1008.15005134
3310,3328,0,0,0,0,1891.6666666666667,0.08927723935389134,0.25750102790014684,0.8272957415565346,0.0,0.0,7.4175779132500015,0.0,0.0,5.555555555555556,0.0,1500.0,3000.0
3312,3330,1,4,3,0,14697.222222222224,0.10766271026271027,0.29543674163674166,0.8431465318465319,30.555555555599998,0.14287065781621813,14.677092172555556,1.6660444799974925,986.0,19.444444444444446,186.11111111111111,1500.0,845.49193904
3316,3334,2,1,0,0,244.44444444444449,0.028068181818181822,0.2084431818181818,0.902384090909091,0.0,2.383311532562436,1.6752556729972223,0.0,0.0,0.0,13.888888888888891,1500.0,3000.0
3320,3338,2,6,0,0,37652.77777777778,0.1550601401696791,0.4434448247879011,0.8621657395794909,33.333333333300004,0.007642617998398935,12.216705574,2.031783609933162,425.75,130.55555555555557,180.55555555555557,523.297193141,421.70037595
3336,3354,0,0,1,0,1097.2222222222224,0.09722278481012658,0.23845417721518988,0.8542136708860759,2.77777777778,0.0,0.0,1.294447134187166,0.0,0.0,47.22222222222223,1500.0,727.58850943
3342,3360,0,2,0,0,1736.1111111111113,0.18011664,0.24659936,0.87220144,0.0,1.6688692051546514,0.7421707505083333,1.7870633997952414,0.0,0.0,13.888888888888891,1485.92314806,814.13280626
3344,3362,3,11,4,0,10963.88888888889,0.11741297187737522,0.2852425639726374,0.878032683050418,13.888888888899999,0.598525990568327,4.554119771194445,1.5121369765329007,0.0,5.555555555555556,25.0,502.244749853,1422.17091067
3351,3369,1,1,0,0,12541.666666666668,0.06992301218161684,0.23201373200442965,0.8616145957918051,13.888888888899999,0.0,7.243653797194445,1.7499437361326267,0.0,22.222222222222225,97.22222222222223,861.905989575,1594.5901383
3354,3372,1,1,0,0,644.4444444444445,0.1001271551724138,0.4740323275862069,0.9174271551724138,0.0,0.0,1.2317027227888888,1.5832584594204766,0.0,5.555555555555556,30.55555555555556,1500.0,1472.25839895
3358,3376,0,2,0,0,2733.3333333333335,0.11511168699186992,0.4562576219512195,0.8727565040650407,13.888888888899999,0.0,6.7876324397222225,1.6044081041567961,0.0,38.88888888888889,36.111111111111114,654.567558153,1016.10504887
3364,3382,1,4,2,1,24111.111111111113,0.15848430875576036,0.39029676267281105,0.8716248271889401,5.55555555556,0.5281189773879533,15.562412491666668,2.038543993955804,89.0,113.88888888888891,166.66666666666669,677.356906818,687.31836651
3366,3384,0,1,0,0,7125.0,0.08171153996101364,0.21947571150097467,0.8678439376218323,16.6666666667,0.0,10.378875233361113,1.193549604098133,0.0,0.0,69.44444444444446,1500.0,3000.0
3370,3388,0,2,0,1,5066.666666666667,0.07348876096491228,0.20483580043859648,0.8281301535087718,5.55555555556,0.05469592401973919,11.828553925777777,1.9405664885002842,200.0,2.777777777777778,50.0,1500.0,3000.0
3377,3396,0,1,0,0,4841.666666666667,0.11222122776821572,0.26825656913367757,0.8726320711417096,5.55555555556,0.0,5.746289574277779,1.8856321003674181,0.0,5.555555555555556,316.6666666666667,1500.0,2625.92976497
3382,3401,0,1,0,1,8433.333333333334,0.08956508563899869,0.22566327404479578,0.866163372859025,16.6666666667,0.0,2.097544995841667,1.8905918187988608,35.0,2.777777777777778,119.44444444444446,1500.0,1292.18234075
3384,3403,6,6,5,0,10019.444444444445,0.11281508178541724,0.2864550041585805,0.8589220682007208,36.1111111111,1.6755012348002263,8.723452618472223,1.381848184968019,422.4,25.0,255.55555555555557,1194.90818264,527.8785969
3387,3406,0,1,0,1,922.2222222222223,0.11176084337349397,0.36431626506024095,0.8604725903614457,0.0,0.688768338115282,2.843676148222223,0.796311640173813,0.0,11.111111111111112,47.22222222222223,717.236372357,1012.87114403
3389,3408,0,0,0,0,436.11111111111114,0.1083643312101911,0.19801273885350318,0.8828019108280254,5.55555555556,0.06499888965005174,1.047905242736111,0.8018185525433372,0.0,0.0,5.555555555555556,1500.0,3000.0
3393,3412,1,2,0,0,416.6666666666667,0.043984666666666665,0.21769,0.8753553333333334,0.0,0.0,5.246162476361111,0.0,0.0,0.0,5.555555555555556,1500.0,3000.0
3404,3423,0,2,0,0,675.0,0.06779753086419753,0.28292880658436215,0.9005609053497942,2.77777777778,0.0,1.6449964175805558,1.5810937501718234,0.0,8.333333333333334,5.555555555555556,1099.53947997,3000.0
3412,3431,0,0,0,0,2644.444444444445,0.06861481092436975,0.22814191176470588,0.8525037815126051,0.0,0.0,9.645224153277777,0.6931471805599453,0.0,19.444444444444446,19.444444444444446,1500.0,1115.45941639
3417,3436,0,0,0,0,983.3333333333334,0.1402590395480226,0.203909604519774,0.8572050847457627,2.77777777778,0.3964583891903413,1.9367490399194447,0.5982695885852573,0.0,2.777777777777778,13.888888888888891,1500.0,3000.0
3436,3456,0,0,0,0,372.22222222222223,0.09828731343283582,0.22696641791044775,0.7967589552238805,0.0,0.0,0.6337114130361111,0.0,0.0,0.0,0.0,1500.0,3000.0
3443,3463,0,0,0,0,961.1111111111113,0.03431849710982659,0.19464653179190752,0.8644034682080924,0.0,0.0,9.331627994972221,1.0986122886681096,0.0,0.0,0.0,1500.0,3000.0
3445,3465,0,1,0,0,2766.666666666667,0.09903875502008032,0.23988995983935743,0.8960317269076304,44.4444444444,0.0,8.650716002083334,1.3098465388504477,0.0,2.777777777777778,188.8888888888889,1500.0,1870.19355858
3448,3468,0,0,0,0,347.22222222222223,0.0631776,0.21603039999999998,0.8992848,0.0,0.0,0.9477556583833335,1.0397207708399179,0.0,0.0,11.111111111111112,412.267566819,1161.4818428
3454,3474,3,12,0,3,49008.333333333336,0.1639825426514765,0.318051720228986,0.8928558748512158,22.2222222222,0.0,16.720426171055557,1.9193010529377232,359.75,161.11111111111111,155.55555555555557,546.08795737,1474.99009286
3458,3478,1,0,0,0,1891.6666666666667,0.06283494860499265,0.2103533039647577,0.8502612334801762,0.0,0.0,3.8505491316666665,1.0397207708399179,0.0,0.0,22.222222222222225,1500.0,3000.0
3459,3479,0,1,0,0,2016.6666666666667,0.08264986225895317,0.2578884297520661,0.8516092286501377,2.77777777778,0.0,2.9042797597499996,0.9164648855394713,0.0,2.777777777777778,72.22222222222223,1500.0,3000.0
3463,3483,1,6,41,0,5291.666666666667,0.09025217847769028,0.2131878215223097,0.8421038320209974,5.86302509028,1.4613344926020362,11.871775622333333,1.54625340353111,743.5,13.888888888888891,158.33333333333334,1500.0,3000.0
3469,3489,0,0,0,0,4363.88888888889,0.0745404201145767,0.1776041374920433,0.8250684277530235,0.0,0.16691095874418532,6.217768539583334,1.7519328434970154,0.0,8.333333333333334,16.666666666666668,1500.0,1993.85482423
3475,3495,0,0,0,0,1400.0,0.09917777777777777,0.29932579365079365,0.872818253968254,0.0,0.0,7.335555262861111,1.2406842919533958,0.0,2.777777777777778,11.111111111111112,1500.0,2694.29696154
3476,3496,0,0,0,0,1069.4444444444446,0.09533376623376623,0.3353306493506494,0.8839732467532467,0.0,0.5046729716343796,7.895311797666667,0.0,0.0,30.55555555555556,116.66666666666667,1500.0,2140.75180525
3479,3499,4,5,0,0,23658.333333333336,0.1432723611600329,0.21293935658095572,0.8544019373018669,8.33333333333,0.0,4.9790342531944445,1.8771831610316496,86.1428571429,55.555555555555564,22.222222222222225,1500.0,765.38833298
3499,3519,0,2,0,0,4333.333333333334,0.10232012820512822,0.2797740384615385,0.8358533974358974,0.0,0.0,3.050924051055556,1.7813708845948262,620.0,8.333333333333334,2.777777777777778,1500.0,3000.0
3504,3524,0,6,0,0,3130.555555555556,0.11793850931677018,0.3848316770186336,0.875566992014197,2.77777777778,0.6144991149450219,1.9956893690750006,0.7342112366773421,46.0,36.111111111111114,288.8888888888889,403.301750478,326.1003018
3510,3530,1,7,0,0,15694.444444444447,0.10455361061946902,0.33681456637168145,0.8625355398230088,16.6666666667,0.5430146059344431,9.556602905555556,1.778550242502939,51.1666666667,36.111111111111114,163.8888888888889,618.406404902,370.19250111
3518,3538,1,0,0,0,2194.444444444445,0.10263113924050632,0.29378759493670886,0.8362353164556962,0.0,0.0,7.215613345527778,0.9502705392332347,0.0,2.777777777777778,19.444444444444446,1500.0,3000.0
3541,3562,1,2,0,0,6638.88888888889,0.06910619246861925,0.258588410041841,0.8660746025104602,8.33333333333,0.0,17.088978049194445,1.3711590883295983,34.0,2.777777777777778,133.33333333333334,1500.0,969.45549864
3542,3563,2,0,0,0,3258.3333333333335,0.07487732310315431,0.23074211423699917,0.8528446717817562,0.0,0.0,8.375104632611112,0.6365141682948128,0.0,0.0,13.888888888888891,1500.0,3000.0
3546,3567,0,1,0,0,5511.111111111112,0.080721875,0.19176522177419356,0.8627309475806452,22.2222222222,0.0,3.710206458138889,1.4250699497687225,62.0,2.777777777777778,88.8888888888889,1500.0,3000.0
3551,3573,0,11,3,3,38986.11111111112,0.11485763448521553,0.2703507801923762,0.8531341574634842,58.3333333333,2.222808350273686,4.997342157833335,1.786587458717545,479.692307692,80.55555555555556,211.11111111111111,939.274092158,430.64062318
3553,3575,1,11,1,1,50752.77777777778,0.10588695747359203,0.28982085819057524,0.8664733949975371,16.6666666667,0.0,6.285026924138889,1.9608563337842393,227.0,36.111111111111114,52.77777777777778,803.639861334,935.9301767
3568,3590,0,1,0,3,2747.2222222222226,0.15579120323559148,0.3442696663296259,0.8757868554095045,11.1111111111,1.768957756489724,2.4208363021500006,0.6703262677137771,125.0,27.777777777777782,402.7777777777778,1500.0,408.34665452
3580,3602,0,0,3,0,8658.333333333334,0.0907330125120308,0.2531308630093038,0.8405788257940326,5.55555555556,0.0,8.822658294972223,1.6340555886646826,329.0,2.777777777777778,41.66666666666667,1500.0,1407.68125939
3582,3604,1,2,1,0,15705.555555555557,0.06891676689069685,0.24594619738238416,0.8384606119561372,25.0,0.0,5.839558479777779,1.994101599436636,106.8,33.333333333333336,100.0,1500.0,2561.69887869
3594,3616,0,1,0,0,2794.444444444445,0.0919145129224652,0.3202323061630219,0.8430108349900596,2.77777777778,0.1033430815624977,1.6636975446361113,1.6698130419473545,0.0,11.111111111111112,69.44444444444446,1500.0,3000.0
3603,3625,0,2,23,1,4583.333333333334,0.07445939393939394,0.2149529696969697,0.8603358181818183,11.1111111111,0.7478705106865168,13.011230579166666,1.4718603112842814,974.5,13.888888888888891,244.44444444444449,1500.0,3000.0
3605,3627,0,0,0,0,1625.0,0.09179777777777778,0.2539594871794872,0.8274336752136752,2.77777777778,1.672946667652866,3.570607207972223,0.0,0.0,0.0,5.555555555555556,576.784151212,3000.0
3616,3638,0,3,5,1,26338.88888888889,0.1260415313225058,0.2571751318287281,0.9015770512550095,16.6666666667,1.8123518831225265,1.5758170354611112,1.4977282982532245,261.0,47.22222222222223,75.0,572.481414082,808.27178188
3617,3639,0,1,1,0,1294.4444444444446,0.16040300429184548,0.19061974248927038,0.8709841201716738,0.0,0.0,3.917255748,0.9932682101499608,0.0,5.555555555555556,5.555555555555556,1500.0,1657.81006017
3619,3641,0,1,0,0,1450.0,0.058214176245210726,0.23097988505747127,0.8612892720306514,0.0,0.0,4.290664126555557,0.0,0.0,2.777777777777778,5.555555555555556,1500.0,3000.0
3620,3642,0,2,0,0,12697.222222222224,0.09465202362721506,0.23224589805294246,0.8693074163202801,22.2222222222,0.0,8.9843731425,1.6521840238888537,31.0,5.555555555555556,127.77777777777779,1070.32435073,2844.7602783
3628,3650,0,0,1,0,1527.777777777778,0.07023872727272727,0.21194454545454547,0.8813727272727273,11.1111111111,1.036386091901844,6.394342496055556,1.4770454048398876,66.6,0.0,86.11111111111113,1500.0,2292.67422882
3630,3652,0,0,0,0,386.11111111111114,0.15243453237410073,0.1171431654676259,0.8233525179856115,0.0,0.0,1.208685450363889,0.0,0.0,0.0,0.0,945.528862016,3000.0
3634,3656,7,2,1,1,19375.0,0.15520375627240143,0.4292757419354839,0.8598898064516128,19.4444444444,1.4639317630516837,8.7611373715,1.5755714569128947,41.5,125.0,166.66666666666669,767.119439428,530.07252548
3635,3657,0,0,0,1,3325.0,0.09018304093567252,0.33993174603174603,0.9103273182957394,2.77777777778,1.0715060916779264,0.46511948396944447,1.5810937501718239,0.0,108.33333333333334,41.66666666666667,567.307133338,2192.99029974
3637,3659,1,7,2,0,38569.444444444445,0.1100975945264674,0.27555276197335254,0.858016924738927,22.2222222222,1.0723488347478025,16.43959645713889,1.9171081152610263,71.4,61.11111111111112,166.66666666666669,1298.33388616,806.64616112
3638,3660,1,4,0,0,14005.555555555557,0.10876225704085679,0.39742485124950416,0.8668989884966284,16.6666666667,0.0,9.594077395305556,1.8299422711249687,213.0,13.888888888888891,36.111111111111114,586.006753477,579.56348096
3644,3666,0,0,0,0,9722.222222222224,0.120759,0.23018245714285715,0.9135702857142858,0.0,0.6574427332567907,0.0,1.7559010500724022,0.0,36.111111111111114,52.77777777777778,348.080871374,463.55518521
3670,3692,2,1,0,0,5491.666666666667,0.11677582195245322,0.24703829033889732,0.8707171977744056,2.77777777778,1.7479011765703374,1.7925256798722224,1.659312775928286,110.5,55.555555555555564,97.22222222222223,547.901136816,1835.94125204
3673,3695,0,1,0,0,18094.44444444445,0.12547381025483575,0.3023932453177771,0.8985967454712926,69.4444444444,0.6027433188336003,3.589069105333334,1.490827576448586,184.7,30.55555555555556,113.88888888888891,461.230699581,903.70786763
3674,3696,0,0,0,0,877.7777777777779,0.09314398734177215,0.18275981012658227,0.8489832278481013,0.0,0.0,1.3864855302027779,0.0,0.0,2.777777777777778,0.0,1500.0,3000.0
3675,3697,8,4,1,0,74780.55555555556,0.14483855354555922,0.32212519222911484,0.89065400616619,55.555555555599994,0.21714402821346046,3.1634274837222223,2.0243300107414317,429.0,111.11111111111113,158.33333333333334,521.695355621,518.80967163
3680,3702,0,0,0,0,727.7777777777778,0.07029312977099236,0.2926236641221374,0.8784641221374045,2.77777777778,0.0,1.8543964193250002,1.0397207708399179,0.0,0.0,52.77777777777778,1500.0,3000.0
3685,3707,1,0,0,0,1194.4444444444446,0.047876046511627905,0.21347395348837211,0.8100262790697674,0.0,0.0,2.7768825006583335,0.6931471805599453,0.0,2.777777777777778,0.0,1500.0,3000.0
3694,3716,2,6,0,1,1836.1111111111113,0.1579049924357035,0.22177730711043872,0.8575087745839637,2.77777777778,0.0,3.9626906525000005,1.783947278053008,142.0,100.0,72.22222222222223,605.549930614,649.01575876
3708,3730,4,5,1,2,19686.111111111113,0.0741235783829547,0.2203980386623395,0.8777383660222943,8.33333333333,0.0,3.894557390055556,1.9053907560336376,0.0,11.111111111111112,69.44444444444446,915.140303672,2045.08501035
3711,3733,1,1,6,0,25158.333333333336,0.10115394722314232,0.39974556696477864,0.8701799492105553,55.555555555599994,1.3030027040127858,0.0,0.8546265061089016,581.0,25.0,150.0,383.745040689,1663.3241118
3716,3738,1,6,1,2,17288.88888888889,0.11333410989717223,0.2831312178663239,0.8642166131105399,22.2222222222,1.6805005851293138,4.3979285417777785,1.8981518532040016,281.666666667,86.11111111111113,186.11111111111111,1098.32027934,969.55578976
3718,3740,0,1,0,0,2613.888888888889,0.08223411264612115,0.1863327311370882,0.8556736450584485,0.0,0.0,5.030816360361112,1.7140875411870102,0.0,8.333333333333334,19.444444444444446,1500.0,3000.0
3721,3743,1,3,1,0,22066.666666666668,0.1681769763343404,0.3459207829808661,0.8796087613293051,2.77777777778,0.6974747742150185,5.062333148916667,1.8254173412707586,460.25,50.0,136.11111111111111,375.667045758,758.87696513
3722,3744,0,2,0,0,19144.44444444445,0.09578553395240859,0.36927978816018575,0.8608660911201393,19.4444444444,0.4953985173690748,4.2699428742777785,1.9336100617101672,97.5555555556,66.66666666666667,61.11111111111112,424.655247513,3000.0
3723,3745,0,1,0,0,3238.888888888889,0.09861903945111493,0.26901989708404805,0.8500694682675816,5.55555555556,0.0,9.475209020694445,1.0102099474266797,0.0,5.555555555555556,11.111111111111112,1500.0,2564.50625702
3730,3752,1,0,0,0,2577.777777777778,0.1130395474137931,0.20238502155172414,0.8215387931034484,2.77777777778,0.0,6.106019391416667,1.238550945283226,0.0,8.333333333333334,30.55555555555556,1500.0,3000.0
3733,3755,0,0,0,0,777.7777777777778,0.060236428571428566,0.18113892857142858,0.8415592857142856,0.0,0.0,0.4106550726388889,1.2730283365896256,0.0,2.777777777777778,22.222222222222225,1500.0,3000.0
3735,3757,0,0,0,0,1008.3333333333334,0.06867134986225895,0.1782619834710744,0.8286914600550964,0.0,0.0,4.548807670083334,0.6365141682948128,0.0,0.0,2.777777777777778,1500.0,3000.0
3739,3761,0,1,1,1,9552.77777777778,0.14067173596975865,0.18170738586798488,0.8648523407967432,11.1111111111,0.0,3.9221319950000004,1.8649930419573897,693.666666667,61.11111111111112,11.111111111111112,1500.0,3000.0
3742,3764,1,2,1,0,8400.0,0.1009015873015873,0.24853766534391533,0.8733581349206349,8.33333333333,0.0,9.595434665166668,1.6469671025689496,0.0,22.222222222222225,94.44444444444446,1345.33524051,1387.90322942
3755,3777,0,1,0,0,1119.4444444444446,0.06854441687344913,0.1812831265508685,0.8910799007444169,47.2222222222,1.1709713416292977,11.818900791777779,1.1274832349932322,0.0,2.777777777777778,38.88888888888889,651.534604045,3000.0
3756,3778,0,0,0,0,1680.5555555555557,0.036415041322314046,0.16364727272727272,0.8676246280991736,0.0,0.0,7.147041715694445,0.0,0.0,0.0,8.333333333333334,1500.0,2827.37139068
3769,3791,10,10,4,3,62350.0,0.13070620600552435,0.35535790786777155,0.8972649514390092,44.4444444444,0.0,19.015695673055557,1.9457475822620907,100.444444444,177.7777777777778,322.22222222222223,445.016123376,354.34838742
3774,3796,0,0,0,0,2216.666666666667,0.07749248120300752,0.2816073934837093,0.8963317042606516,0.0,0.0,0.0,0.0,0.0,0.0,0.0,1500.0,3000.0
3778,3800,0,3,0,0,15380.555555555557,0.07702951056528806,0.18381193787249414,0.8448260610438867,25.0,0.0,6.000276422888889,1.6081944740663394,87.5555555556,13.888888888888891,22.222222222222225,1199.97054922,822.05701875
3787,3809,2,14,0,3,24786.111111111113,0.1741317942396055,0.5426621763980725,0.8885040233105458,11.1111111111,0.6741096649559414,1.7737028508055555,1.9802279143845278,453.777777778,61.11111111111112,152.7777777777778,390.617383382,703.20137088
3788,3810,0,4,0,1,16958.333333333336,0.1475515479115479,0.40307914823914825,0.8725833906633907,8.33333333333,1.4485879389467593,3.872209696472223,1.8780572428685487,106.125,166.66666666666669,244.44444444444449,951.428052845,345.82587189
3791,3813,7,27,5,48,57227.77777777779,0.11315946995437337,0.3520519658285603,0.8659960780506746,77.7777777778,0.0,13.309308949777778,1.9549749823599982,122.272727273,108.33333333333334,244.44444444444449,673.645690683,140.88937646
3799,3821,0,1,0,0,4288.88888888889,0.09612435233160621,0.2454336139896373,0.8841937176165803,177.777777778,1.524134409660239,2.9346363898055556,1.509007573070297,0.0,8.333333333333334,80.55555555555556,1500.0,1486.26191036
3800,3822,1,3,2,0,3411.1111111111113,0.13127817589576546,0.3480370521172638,0.8938094462540717,8.33333333333,2.263236238805585,2.12588334925,1.732125981490266,0.0,5.555555555555556,155.55555555555557,357.514903653,3000.0
3804,3826,18,12,7,1,63855.55555555556,0.1459510266225857,0.33891220636854014,0.8894522707499566,47.2222222222,0.0,7.497162296555556,2.0345161289642455,257.4,133.33333333333334,208.33333333333334,705.462466972,301.40785498
3805,3827,26,13,6,2,45605.55555555556,0.11771943598489462,0.31496330856377147,0.8751940918504082,72.2222222222,0.0,19.63747085752778,2.004317089009099,120.8125,116.66666666666667,291.6666666666667,629.911018774,893.43501447
3816,3838,0,0,0,0,2716.666666666667,0.09677116564417178,0.23202004089979553,0.8528215746421267,8.33333333333,0.0,10.749787768805556,1.2327092369668724,0.0,8.333333333333334,44.44444444444445,1500.0,3000.0
3822,3844,0,7,1,1,17666.666666666668,0.13317682389937108,0.28036194968553463,0.8706820597484277,22.2222222222,0.26449356294723114,7.045417533416669,1.69992720309151,0.0,38.88888888888889,52.77777777777778,1500.0,946.32749403
3823,3845,0,0,0,0,3597.2222222222226,0.1369949806949807,0.30136548262548263,0.8299289575289576,2.77777777778,1.6755232877540804,1.175922922302778,0.9244202078608618,0.0,2.777777777777778,38.88888888888889,1500.0,3000.0
3825,3847,1,3,0,0,12797.222222222224,0.1373400260473193,0.2293922075103104,0.8597339917516822,8.33333333333,1.6860421303331097,4.746905634833334,1.9388098722235252,55.4285714286,69.44444444444446,77.77777777777779,353.8147955,477.94856046
3826,3849,1,3,0,0,2513.888888888889,0.07633049723756906,0.22876077348066298,0.8439080662983426,5.55555555556,1.8458146001877318,3.502979822027778,1.4079510653975973,0.0,0.0,77.77777777777779,1012.08319372,3000.0
3828,3851,1,3,1,0,18819.44444444445,0.1682769741697417,0.3222785387453875,0.8774972398523986,5.55555555556,0.0,13.029937307722223,1.9635059000555133,46.0,44.44444444444445,61.11111111111112,1128.63065047,456.32630764
3832,3855,0,0,1,0,4225.0,0.04955548980933597,0.20646160420775805,0.8562664036817883,0.0,0.0,0.07556891075305557,0.9404479886553263,0.0,0.0,2.777777777777778,1500.0,3000.0
3837,3860,7,9,1,0,49305.55555555556,0.1304742647887324,0.3564466985915493,0.8893553070422535,38.8888888889,1.8129104016454618,9.528118732166668,1.8708516775967314,60.25,58.333333333333336,86.11111111111113,256.393985661,590.3596164
3840,3863,2,5,0,1,51605.55555555556,0.13645877920120572,0.45730987727419525,0.884996086769297,33.333333333300004,1.7503899336912545,5.663283102277778,1.9623619261085108,165.2,69.44444444444446,130.55555555555557,579.335600122,1716.77082823
3866,3889,0,1,18,0,4805.555555555556,0.059271040462427746,0.18970959537572255,0.8780699999999999,2.77777777778,0.0,8.399625074388888,1.225945418551208,0.0,0.0,11.111111111111112,216.083207614,1479.86217515
3867,3890,1,0,0,0,1322.2222222222224,0.06580357142857143,0.32464621848739494,0.8689300420168068,5.55555555556,0.0893290860798779,5.576839191861112,1.5166817964839785,0.0,5.555555555555556,127.77777777777779,1500.0,591.57785612
3868,3891,0,3,14,0,13269.444444444445,0.07578400669876491,0.2723274021352313,0.8756599330123509,102.777777778,1.8318716485209732,0.0,2.0387076215976876,0.0,22.222222222222225,75.0,1500.0,144.38692816
3870,3893,0,1,0,0,2286.1111111111113,0.05568797083839611,0.2045325637910085,0.8670682867557716,0.0,0.0,7.274008013722223,0.0,0.0,2.777777777777778,30.55555555555556,1500.0,1910.27595489
3875,3898,0,1,0,0,8027.777777777778,0.07978536332179931,0.2901469896193772,0.8503206920415226,11.1111111111,0.0,12.435817547500001,1.7023104705253727,0.0,8.333333333333334,75.0,1500.0,822.33241425
3879,3902,1,1,1,0,18994.44444444445,0.07927386662766892,0.27504695817490493,0.8547631763673589,16.6666666667,0.09300686694403558,9.80587506861111,1.8709610560954502,83.25,19.444444444444446,147.22222222222226,1500.0,986.25020901
3880,3903,0,7,2,1,13677.777777777781,0.1806470755483347,0.47964831437855404,0.8738234768480909,19.4444444444,0.793955759407147,4.129617955305556,1.8767912617633595,0.0,83.33333333333334,369.4444444444445,655.63232774,1037.23702154
3891,3914,0,0,0,0,3680.555555555556,0.0815892075471698,0.16589713207547171,0.8567928301886794,0.0,0.0,11.665440769666668,1.6297159394586334,0.0,8.333333333333334,33.333333333333336,1500.0,3000.0
3894,3917,0,1,0,0,5777.777777777778,0.0680873076923077,0.2184260096153846,0.873356923076923,16.6666666667,0.0,5.545653255638889,1.3979534454177238,0.0,0.0,72.22222222222223,1172.1779915,1745.69836345
3903,3926,1,1,0,0,1563.888888888889,0.11573801065719361,0.4310579040852575,0.8817413854351687,2.77777777778,2.2489865124799846,6.245166416694445,0.655450578184248,286.0,19.444444444444446,63.88888888888889,1500.0,948.32545091
3906,3929,0,2,0,0,5886.111111111112,0.10532449268522888,0.2701693251533742,0.8143583765927324,5.55555555556,1.8272312050102555,9.537233940944445,1.8192229337090247,0.0,25.0,16.666666666666668,1500.0,3000.0
3917,3940,0,4,14,0,6402.777777777778,0.07577123644251628,0.2246329284164859,0.8381021691973969,2.77777777778,0.7198906522794255,7.113747395166667,1.708441812684447,311.0,22.222222222222225,94.44444444444446,1500.0,3000.0
3932,3955,0,1,0,0,1180.5555555555557,0.06674847058823528,0.27416611764705884,0.8461329411764705,2.77777777778,0.0,2.36357744125,0.0,0.0,2.777777777777778,27.777777777777782,1500.0,2231.35972913
3935,3958,0,6,0,2,44991.66666666667,0.13219256652466507,0.3017846576526517,0.8887333518552818,22.2222222222,2.124962250224087,2.943722458055556,1.981788611544072,71.1428571429,122.22222222222224,86.11111111111113,686.732744783,754.98088159
3936,3959,4,8,3,3,22452.77777777778,0.11381644191513052,0.3405481380675492,0.860810986020042,13.888888888899999,0.06058223991688567,17.443927692166667,1.847189881156234,252.0,155.55555555555557,100.0,320.934563396,512.87573973
3937,3960,7,7,1,1,64955.55555555556,0.22781423195347245,0.5674548665754362,0.8912824281560041,16.6666666667,1.6699236988744008,17.014724534250004,2.0194622438415237,403.75862069,347.22222222222223,252.77777777777783,144.475532856,723.67459953
3939,3962,0,1,6,2,17322.222222222223,0.10445192431045543,0.24156783194355355,0.8579603110968569,0.0,0.0,14.377371368583333,1.7461447476523062,569.0,22.222222222222225,25.0,1500.0,2603.65085518
3940,3963,1,5,8,1,28630.555555555562,0.0998700785873678,0.23256338410788785,0.8286402541961773,8.33333333333,0.0,21.653161420611116,1.8596653955781302,86.0,83.33333333333334,97.22222222222223,1500.0,1497.34218868
3942,3965,0,2,0,0,18575.0,0.08121987438313145,0.3026619410797069,0.8415837146702557,11.1111111111,0.0,8.0128631735,1.9048392878744407,0.0,63.88888888888889,52.77777777777778,422.162876567,3000.0
3944,3967,3,9,0,3,31447.222222222226,0.09480247327974561,0.3018718752760357,0.860730430174013,187.222222222,0.0,13.489784544805556,1.8914700566107379,63.2,72.22222222222223,91.66666666666667,1500.0,1197.85613114
3948,3971,0,1,0,1,11005.555555555557,0.06876769308430086,0.16472082281675923,0.8462982079757698,19.4444444444,0.7847755049499465,6.621603517888889,1.758773696360174,54.3333333333,5.555555555555556,55.555555555555564,1500.0,3000.0
3952,3975,0,1,0,0,27633.333333333336,0.1837264173703257,0.3009183453960595,0.8782952653799759,0.0,0.0,10.138751114305556,1.4775153050279146,51.0,27.777777777777782,8.333333333333334,844.613003444,651.23161719
3956,3979,0,5,0,1,16727.77777777778,0.1420136831617403,0.4243713218199934,0.8905738957157091,19.4444444444,1.670668095717369,1.9411585933611113,2.0261557059480118,72.0,113.88888888888891,411.11111111111114,585.723730987,428.79155404
3958,3981,5,23,67,16,72513.88888888889,0.12671108599885078,0.4570676651982378,0.8743731622294579,44.4444444444,0.24568955488286576,5.900447706416668,1.9546669896765905,716.166666667,38.88888888888889,169.44444444444446,1419.7372251,1484.81199826
3960,3983,0,6,15,0,15752.777777777781,0.07736148827367308,0.19721255510491975,0.8453961911479456,8.33333333333,0.0,16.16634402327778,1.7675415007129658,469.25,25.0,138.8888888888889,1500.0,3000.0
3961,3984,0,0,0,0,2175.0,0.09762720306513409,0.16467011494252873,0.867479054916986,2.77777777778,0.0,2.807599686888889,0.0,0.0,0.0,11.111111111111112,1500.0,3000.0
3966,3989,0,2,0,0,2233.3333333333335,0.07705360696517413,0.21461927860696517,0.8376583333333334,0.0,0.8824593311480685,7.161844259416668,1.704551445267297,0.0,2.777777777777778,2.777777777777778,1134.49301076,3000.0
3974,3997,2,4,0,2,25169.44444444445,0.12522061582606778,0.44881610197549937,0.8783536806092043,13.888888888899999,0.3371724347770066,15.641681300500002,1.800887389640789,365.166666667,44.44444444444445,113.88888888888891,1397.09745693,475.3756811
3980,4003,3,14,3,0,13891.666666666668,0.120323975204959,0.2956593281343731,0.8794558088382323,88.88888888890001,1.7574951212127345,7.251253858194445,2.0116062968792754,71.8,94.44444444444446,563.888888888889,207.963969087,101.72796099
3987,4010,0,1,0,0,7850.0,0.15292416843595188,0.3237810332625619,0.8325148973814579,2.77777777778,1.9343812373558362,2.9825015301111115,1.6453483530817463,0.0,38.88888888888889,5.555555555555556,1500.0,3000.0
4002,4025,2,2,0,0,10225.0,0.08264851942406955,0.27088228742189624,0.8692285248573758,36.1111111111,0.0,15.276193611972225,1.931687617653646,102.0,8.333333333333334,169.44444444444446,1500.0,506.15079764
4003,4026,0,2,0,1,11980.555555555557,0.12286519823788546,0.29335699049385583,0.8661022953860422,8.33333333333,0.0,4.922414226583334,1.7766086227266789,70.0,25.0,22.222222222222225,908.611627811,2145.85546816
4004,4027,0,0,1,0,791.6666666666667,0.03942421052631579,0.22898280701754384,0.8270494736842106,0.0,1.685015230074712,3.7465568279166663,0.6730116670092565,0.0,5.555555555555556,2.777777777777778,1500.0,3000.0
4007,4030,0,2,0,0,827.7777777777778,0.0663496644295302,0.41849530201342283,0.8502748322147651,2.77777777778,0.33445375665019533,0.0,1.5229550675313184,0.0,5.555555555555556,122.22222222222224,1010.83005417,1283.13855422
4009,4032,0,3,0,0,36888.8888888889,0.18278750000000002,0.35650012048192775,0.8997505496987952,13.888888888899999,1.0845994266267358,4.258666023916667,1.9213157712340871,468.588235294,105.55555555555556,38.88888888888889,872.071189385,533.2556555
4012,4035,0,1,0,0,2427.777777777778,0.05365057208237986,0.187366704805492,0.8374757437070939,0.0,1.6751437907888713,3.335823325277778,1.628194401798264,0.0,5.555555555555556,5.555555555555556,1500.0,3000.0
4017,4040,6,10,4,3,45500.0,0.13512510989010987,0.2941710927960928,0.897176684981685,77.7777777778,0.7188049403681869,3.265335487027778,1.9469524125032482,79.5,116.66666666666667,261.11111111111114,484.971517324,320.6287751
4028,4051,0,0,0,0,755.5555555555557,0.07140110294117646,0.21192830882352942,0.8112430147058823,0.0,0.09616506050525418,0.0,0.0,0.0,0.0,2.777777777777778,1500.0,3000.0
4034,4057,1,2,0,1,10394.444444444445,0.09417835382148583,0.21751632816675576,0.876477044361304,13.888888888899999,1.7383746515619753,8.007471547611111,1.6578466248954198,0.0,11.111111111111112,44.44444444444445,1500.0,597.02689068
4044,4067,0,2,0,0,6347.222222222223,0.08886932166301968,0.20072927789934356,0.8518474398249453,8.33333333333,2.58541138209279,13.092946857388892,1.5421699574425514,0.0,5.555555555555556,38.88888888888889,1328.43117437,3000.0
4048,4071,0,5,0,0,35516.66666666667,0.09254357891443765,0.3232216956045675,0.8407500234631627,41.666666666699996,1.713160043363938,11.863793640916667,1.6942908949363102,0.0,72.22222222222223,172.22222222222226,1500.0,1715.8285095
4049,4072,0,1,0,0,2844.444444444445,0.08968779296875,0.33806064453125,0.8556126953125,0.0,1.489035832322775,7.920893171027778,1.2047933096947843,0.0,0.0,80.55555555555556,1500.0,3000.0
4050,4073,0,0,0,0,6388.88888888889,0.08401569565217391,0.39150100000000004,0.8283536086956521,8.33333333333,0.0251702778737766,11.081355092250002,1.5676284814663184,47.0,5.555555555555556,75.0,1500.0,1896.6463114
4058,4081,0,1,0,0,1413.888888888889,0.11511080550098232,0.2682007858546169,0.842728094302554,0.0,1.762600950665586,0.0,0.0,0.0,0.0,2.777777777777778,1500.0,2791.11081648
4063,4086,1,0,14,1,11733.333333333334,0.10317975852272727,0.2869999526515152,0.8920660748106061,30.555555555599998,0.0,14.0147088805,1.634486277504733,60.0,0.0,383.33333333333337,650.475445186,952.69162862
4065,4088,0,5,0,0,9275.0,0.05494696016771488,0.18629811320754716,0.8438121293800539,2.77777777778,0.0,12.516176920555555,1.1577271641523579,0.0,2.777777777777778,19.444444444444446,1500.0,1059.25127156
4071,4094,0,0,0,0,172.22222222222226,0.14145483870967743,0.44550645161290325,0.8821645161290322,5.55555555556,0.9247907463589228,0.6832357637694445,0.0,0.0,2.777777777777778,36.111111111111114,1500.0,2602.09436426
4072,4095,4,2,1,1,23305.55555555556,0.1823896305125149,0.3417247318235995,0.872111454112038,11.1111111111,1.846557409871599,2.5981882396750002,1.8040155231735413,175.0,58.333333333333336,19.444444444444446,891.237901238,578.30343015
4078,4101,0,1,1,0,933.3333333333334,0.05176309523809523,0.18093214285714285,0.8483464285714286,0.0,1.8570070196028199,10.662821247972222,0.6931471805599453,0.0,8.333333333333334,2.777777777777778,1500.0,3000.0
4082,4105,2,1,0,0,11319.444444444445,0.10529936196319019,0.2611561226993865,0.8864500858895705,8.33333333333,0.9307645758736623,10.702898426861111,1.7944049935851931,0.0,11.111111111111112,100.0,329.533194225,1075.39729124
4086,4109,0,0,0,0,1747.2222222222226,0.08281399046104929,0.1646718600953895,0.8743542130365659,0.0,1.6832945627453832,2.7395207931638894,1.0296530140645737,0.0,0.0,11.111111111111112,1192.95125456,1392.04481257
4087,4110,0,0,0,0,2625.0,0.07041269841269841,0.15437915343915343,0.8621095238095238,2.77777777778,0.0,6.095311438666667,1.2996509635498974,340.0,0.0,16.666666666666668,1500.0,3000.0
4093,4116,0,2,0,0,16013.88888888889,0.1661895576756288,0.41312886383347786,0.8821293321769297,0.0,1.6744237936928366,2.2630395592777783,1.5327377404143498,0.0,41.66666666666667,44.44444444444445,1170.89644034,1657.19073285
4111,4134,13,78,1,0,34650.0,0.12731544813211482,0.3154977873977874,0.8721195125861791,2.77777777778,1.5843804125228627,6.049360944861111,1.9687481809562997,480.957142857,244.44444444444449,300.0,617.793977334,583.17609038
4115,4138,0,0,0,0,1316.6666666666667,0.05969535864978903,0.23200801687763714,0.8379227848101266,0.0,0.0,4.94398436463889,0.0,0.0,0.0,0.0,1500.0,3000.0
4116,4139,0,0,0,0,5463.88888888889,0.07187168276563294,0.2442914590747331,0.8278381291306558,5.55555555556,0.1417968343918089,5.956289250777778,1.5255547549074309,0.0,2.777777777777778,0.0,1500.0,1999.2286814
4123,4146,0,0,0,0,61.11111111111112,0.0,0.07032727272727272,0.9144727272727273,0.0,0.0,1.521832896138889,0.0,0.0,0.0,2.777777777777778,1266.56504203,3000.0
4127,4150,0,0,0,0,1336.1111111111113,0.10543638253638253,0.3694110187110187,0.8602835758835758,2.77777777778,0.08707130754594422,2.6138026898444444,1.4941751382893085,0.0,5.555555555555556,36.111111111111114,1134.25461641,1530.54195741
4130,4153,4,2,1,1,30219.44444444445,0.12460691240003677,0.36948495266109016,0.8643331648129424,22.2222222222,0.41187725241772727,4.490504594611111,1.8666223438839253,71.0,47.22222222222223,147.22222222222226,1346.72617743,636.5968681
4131,4154,0,1,0,0,1677.777777777778,0.08365314569536424,0.23650811258278145,0.8435157284768212,0.0,0.0,5.03063744475,1.2798542258336676,0.0,2.777777777777778,0.0,774.487556018,3000.0
4135,4158,8,5,2,1,27191.666666666668,0.16075253856369395,0.30482408826233526,0.8910023597916028,36.1111111111,1.72339100116575,2.7488922734916668,2.033032912314458,84.75,136.11111111111111,38.88888888888889,505.946081357,24.74615458
4140,4163,0,0,0,0,8552.77777777778,0.0754790841182202,0.17960198116271517,0.8622655732380643,2.77777777778,0.0,13.349331293277778,1.8139989617155303,0.0,8.333333333333334,8.333333333333334,1500.0,3000.0
4142,4165,0,2,0,1,1905.5555555555559,0.10165772594752187,0.18482944606413995,0.8513473760932945,2.77777777778,1.6935133756628298,3.8948340679444446,1.2554823251787535,0.0,5.555555555555556,0.0,1500.0,3000.0
4146,4169,0,0,1,0,1758.3333333333335,0.03885418641390205,0.1570466034755134,0.8381462875197473,2.77777777778,0.0,7.855112242972223,1.1488491992243572,0.0,8.333333333333334,8.333333333333334,1500.0,3000.0
4159,4182,0,1,0,0,7261.111111111112,0.0790738714613619,0.26102842387146136,0.856314766641163,5.55555555556,0.0,9.801660316194447,1.9156789467340773,0.0,2.777777777777778,30.55555555555556,1500.0,3000.0
4160,4183,0,8,1,0,12019.444444444445,0.22847268315229952,0.3296579616362376,0.8738122486711347,0.0,0.0,6.833834231833334,1.9896724358420188,0.0,30.55555555555556,138.8888888888889,617.972400649,390.06296853
4171,4194,0,0,1,0,6255.555555555556,0.10312100355239787,0.2850253108348135,0.8700697158081705,8.33333333333,0.9373084558708955,6.5225144713055565,1.6414658438010452,191.333333333,33.333333333333336,138.8888888888889,1036.10868811,891.02420342
4173,4196,1,0,3,1,9180.555555555557,0.08756335854765507,0.21597310136157338,0.8495591830559758,13.888888888899999,1.8697759047078402,3.6235539615000003,1.9767004326482893,69.6666666667,11.111111111111112,88.8888888888889,1488.30247989,3000.0
4182,4205,0,2,5,0,23066.666666666668,0.11932819123314066,0.428249253371869,0.8658026252408478,33.333333333300004,0.3436429767181329,2.8839874008888886,1.7006504640292617,184.0,30.55555555555556,19.444444444444446,846.606480657,1280.35144602
4184,4207,0,1,0,0,10336.111111111111,0.11840897608169847,0.22230395055092717,0.8532899758129535,0.0,0.0,5.756049592972223,1.3171047453433826,73.0,16.666666666666668,83.33333333333334,1500.0,1366.10776155
4185,4208,1,3,0,0,7897.2222222222235,0.14952754132958143,0.28543809356313754,0.8480900457263454,11.1111111111,0.0,4.860962697305556,1.8977227210618361,0.0,63.88888888888889,44.44444444444445,1389.96813502,373.18873069
4201,4224,1,2,1,1,10083.333333333334,0.08784107438016528,0.25423732782369146,0.8610241046831956,11.1111111111,0.0,19.24114117280556,1.888431284021816,417.0,13.888888888888891,88.8888888888889,1500.0,3000.0
4204,4227,0,0,0,0,3230.555555555556,0.08032631126397248,0.2532408426483233,0.896466638005159,22.2222222222,1.7007980986965279,4.631354971444445,1.5079019942557415,30.0,5.555555555555556,88.8888888888889,509.515951964,944.39483142
4206,4229,1,8,0,0,16280.555555555557,0.10994376386282205,0.29463569356765057,0.8590345674799522,2.77777777778,1.0101951694679498,8.54831907027778,1.6949198813338349,443.214285714,63.88888888888889,172.22222222222226,743.888803407,1061.62349779
4208,4231,0,0,0,0,5286.111111111112,0.1023887020493957,0.2915299527062533,0.8630933788754598,30.555555555599998,0.0,19.384538822333337,1.6192743741969047,46.0,8.333333333333334,308.33333333333337,1379.24298864,1397.24560888
4211,4234,1,0,0,0,947.2222222222223,0.09386686217008798,0.2945434017595308,0.8376612903225806,0.0,0.0,5.186041230250001,0.0,0.0,0.0,5.555555555555556,1500.0,3000.0
4227,4251,1,1,0,0,1161.1111111111113,0.054952870813397135,0.22072535885167463,0.8600043062200957,0.0,1.6780520239511116,2.3755593220194444,1.2781594383458286,600.0,5.555555555555556,16.666666666666668,272.244316804,2885.92845133
4229,4253,2,2,0,0,15952.777777777781,0.09153393696674211,0.22446484415810553,0.8752952812119102,11.1111111111,0.0,3.844174910694445,1.4175170509234758,447.0,27.777777777777782,19.444444444444446,668.417292409,1817.49500505
4234,4258,0,1,0,0,1191.6666666666667,0.05824172494172494,0.2247114219114219,0.9078286713286714,0.0,2.035585125132349,0.0,0.6931471805599453,0.0,13.888888888888891,44.44444444444445,1500.0,3000.0
4236,4260,2,3,0,0,4791.666666666667,0.10423240579710145,0.33523455072463765,0.8660539710144928,33.333333333300004,0.0,9.746421502777778,2.0017945075759576,54.0,8.333333333333334,197.22222222222226,1500.0,1803.08703432
4246,4270,0,2,0,0,4019.4444444444453,0.07754139599170698,0.23120539046302693,0.8345570836212854,0.0,1.799549085769949,4.735502571722223,1.4839552365287407,35.0,33.333333333333336,38.88888888888889,1500.0,3000.0
4256,4280,6,3,0,1,23950.0,0.1692354790071909,0.3575576084435166,0.8882041637671074,25.0,0.02769195440003931,9.36977015413889,1.8893059473330722,0.0,52.77777777777778,116.66666666666667,522.479831071,761.30779604
4266,4290,0,3,0,1,8511.111111111111,0.11134840078328981,0.44472402088772844,0.8672051566579634,27.777777777799997,1.5262592324185764,2.873498939722223,1.4503341772974323,0.0,16.666666666666668,247.22222222222226,177.47345165,2009.11319538
4267,4291,0,0,0,0,1294.4444444444446,0.12173905579399143,0.26073562231759656,0.8897025751072961,19.4444444444,1.7190842899448204,1.5464399695833335,1.447394375700153,0.0,13.888888888888891,183.33333333333334,1334.58173046,2144.94734355
4268,4292,0,2,0,1,2372.2222222222226,0.20774695550351288,0.26530749414519905,0.8659341920374707,8.33333333333,1.1659373205378316,0.0,1.6826161324302253,0.0,19.444444444444446,222.22222222222226,837.229895053,1711.60710191
4270,4294,0,1,0,0,1141.6666666666667,0.07361070559610706,0.1793214111922141,0.797369099756691,0.0,0.0,1.871862967766667,0.0,0.0,0.0,0.0,1500.0,3000.0
4274,4298,0,1,0,0,2975.0,0.0930249299719888,0.3052971988795518,0.8806563025210085,13.888888888899999,1.6740906768253665,0.0,1.4131612676830423,0.0,16.666666666666668,100.0,1437.64670921,1137.59925761
4275,4299,0,0,0,0,1563.888888888889,0.053215275310834816,0.16440870337477798,0.8475891651865008,0.0,0.0,6.497607545750001,0.0,0.0,0.0,0.0,1500.0,3000.0
4276,4300,1,0,0,0,18847.222222222223,0.07899407516580692,0.2797480176860722,0.8579313190862197,5.55555555556,1.373502840156112,5.364318993694446,1.945504232412383,74.0,30.55555555555556,36.111111111111114,902.008673047,3000.0
4283,4307,0,1,0,0,7030.555555555557,0.11295140260766495,0.34235215329909124,0.8829290003951007,5.55555555556,0.0,5.228095554277778,1.7266576901016735,38.0,16.666666666666668,52.77777777777778,415.21901108,3000.0
4287,4311,0,3,0,0,5916.666666666667,0.0890912676056338,0.32096915492957745,0.8300552112676056,2.77777777778,1.7694291599229892,0.0,1.4339788721330118,0.0,11.111111111111112,55.555555555555564,1500.0,981.87297934
4291,4315,7,10,5,2,14322.222222222224,0.1291977114041893,0.3503641000775795,0.9014548681148178,13.888888888899999,0.8730419681529551,7.5178652156388885,1.961692628118391,123.076923077,63.88888888888889,133.33333333333334,467.779636561,553.16710764
4298,4322,4,7,1,1,30405.555555555562,0.1057412479444546,0.24205690663255985,0.8591264754248128,19.4444444444,1.3173856460683624,9.5676100415,1.7037235003361944,58.4,55.555555555555564,247.22222222222226,1500.0,159.86652245
4299,4323,0,0,0,0,7758.333333333334,0.068603007518797,0.20181188686000717,0.8271284640171859,8.33333333333,1.6686726508869614,8.055200972722224,1.5166188754284606,57.3333333333,8.333333333333334,63.88888888888889,684.080234055,2868.74749158
4300,4324,0,1,0,0,5222.222222222223,0.09102148936170212,0.2378520744680851,0.8190618085106383,2.77777777778,0.0,7.892614312500002,1.6726254461503207,0.0,2.777777777777778,5.555555555555556,1500.0,2698.28085814
4301,4325,0,7,4,1,16669.44444444445,0.0909676553907682,0.28800273287785366,0.8298150474920846,27.777777777799997,0.0,6.018132670083334,1.7583287734906579,495.4,2.777777777777778,219.44444444444449,1208.46868157,2808.7466042
4302,4326,0,2,0,0,15580.555555555557,0.14518425744339453,0.2733993938313425,0.8911369941165983,16.6666666667,0.0,1.4533941409000002,1.6070656822408722,82.0,8.333333333333334,2.777777777777778,769.557488015,727.76316456
4308,4332,0,1,1,0,4138.88888888889,0.07285724832214766,0.18927630872483223,0.8335869127516778,5.55555555556,1.683980734115805,0.971607205663889,0.9743147528693494,0.0,2.777777777777778,22.222222222222225,1500.0,1616.1254684
4311,4335,0,0,1,0,5147.222222222223,0.07353718294657312,0.25862692930383163,0.8349260118726389,5.55555555556,0.0,11.760686649833334,1.8983797880429085,0.0,5.555555555555556,22.222222222222225,1500.0,3000.0
4333,4357,0,1,1,0,4275.0,0.07718187134502924,0.26578700454840803,0.849227420402859,0.0,0.9657434538173163,3.626112856666667,1.9723266390905938,0.0,16.666666666666668,5.555555555555556,1500.0,3000.0
4339,4363,0,0,0,0,6280.555555555556,0.11300190181335693,0.2996176028306059,0.8823275541795667,0.0,1.6762754389716432,5.565829377527779,1.4163769145869982,83.6666666667,41.66666666666667,22.222222222222225,1277.03973667,380.98165262
4357,4381,1,2,0,0,1397.2222222222224,0.08486003976143142,0.19608429423459242,0.867020477137177,2.77777777778,0.0,1.8879879417972223,1.2342678660790765,0.0,0.0,27.777777777777782,1500.0,3000.0
4358,4382,0,0,1,0,7530.555555555557,0.1082409811877536,0.24659391368498712,0.8649341571375876,5.55555555556,0.43003939024752896,9.81994086688889,1.5923314139271416,57.5,30.55555555555556,30.55555555555556,1301.4032113,2803.45585934
4361,4385,0,2,0,1,4577.777777777778,0.09573337378640777,0.2357551577669903,0.846955218446602,8.33333333333,0.0,8.832104006555557,0.8909495478529386,0.0,0.0,119.44444444444446,1500.0,1882.2616882
4365,4389,0,1,1,1,708.3333333333334,0.10040196078431372,0.2739062745098039,0.8572835294117648,0.0,0.0,8.128594493361113,0.6931471805599453,0.0,8.333333333333334,0.0,1500.0,3000.0
4378,4402,3,5,1,0,32919.444444444445,0.139435743819087,0.25040938317441563,0.8792967766433212,19.4444444444,1.9795991908664516,0.1033079462311111,1.7333391123658317,74.0,105.55555555555556,52.77777777777778,308.379366696,1099.70466001
4380,4404,0,0,2,0,3750.0,0.07143940740740741,0.19021274074074074,0.859992962962963,0.0,0.0,2.7042656236583333,1.4868952268881837,0.0,2.777777777777778,11.111111111111112,1500.0,2090.46841804
4404,4428,6,12,2,0,33855.55555555556,0.16733450935346242,0.46322751887102065,0.8755836970790942,16.6666666667,1.405828610360056,9.106571204250002,1.864442188529455,239.0,130.55555555555557,77.77777777777779,504.695224146,1198.38447385
4406,4430,0,2,0,0,113.88888888888891,0.06503658536585366,0.5463414634146341,0.8983780487804878,8.33333333333,0.0,0.0,1.7207095043265164,69.0,8.333333333333334,77.77777777777779,909.427355904,1332.24985784
4421,4445,0,2,0,0,6077.777777777778,0.09520763254113346,0.25560429616087754,0.879725731261426,5.55555555556,0.0,12.6878942565,0.806504609875222,0.0,2.777777777777778,83.33333333333334,598.458026242,1756.27565648
4426,4450,1,5,0,0,26080.55555555556,0.13955503248482268,0.34255383959953134,0.8909284694855683,33.333333333300004,0.3258384596077149,5.0867790678333344,1.5575313257170627,398.466666667,58.333333333333336,105.55555555555556,604.948217558,1367.47193041
4429,4453,0,0,0,0,1886.1111111111113,0.05547761413843888,0.1750095729013255,0.8533182621502209,0.0,0.0,10.100553850305557,0.0,0.0,2.777777777777778,2.777777777777778,1500.0,2328.1749072
4431,4455,0,3,0,0,12922.222222222224,0.07903697334479794,0.2520603826311264,0.8500823086844368,16.6666666667,0.0,8.727222711694445,1.658350464015392,50.0,22.222222222222225,52.77777777777778,1398.82594872,2690.75263446
4433,4457,0,3,0,2,25180.55555555556,0.0918111417539989,0.30524396028681744,0.8579436514065086,47.2222222222,0.0,9.194939715500002,1.749238561362078,53.8695652174,13.888888888888891,125.0,1500.0,1086.14606315
4439,4463,0,0,0,0,2336.1111111111113,0.07127074910820451,0.1907038049940547,0.8525447086801426,0.0,0.0,7.018192284555556,1.7140875411870102,0.0,13.888888888888891,22.222222222222225,1500.0,3000.0
4444,4468,1,6,0,2,64166.66666666667,0.11590609523809524,0.31124610822510823,0.8890429956709957,13.888888888899999,0.29562191841543384,6.587246302277778,1.948751343397868,268.25,33.333333333333336,80.55555555555556,421.142408969,558.67793824
4446,4470,0,0,0,0,2344.444444444445,0.043638744075829385,0.16323364928909953,0.8549848341232228,5.55555555556,0.0,7.878943235194446,0.45056120886630463,84.0,0.0,13.888888888888891,1500.0,3000.0
4451,4475,2,3,1,0,13402.77777777778,0.08541767875647668,0.22809330569948186,0.830787067357513,8.33333333333,0.0,18.155955484638888,1.8447807001600358,120.0,16.666666666666668,188.8888888888889,1500.0,1856.37832205
4456,4480,1,1,0,0,19033.333333333336,0.1060246935201401,0.23063409223584352,0.850314404553415,8.33333333333,1.6992474638133555,3.3255904831388894,1.9547257503402085,156.666666667,27.777777777777782,52.77777777777778,1500.0,1745.687341
4458,4482,0,4,0,0,11344.444444444445,0.09417659157688542,0.2809841332027424,0.835602473065622,13.888888888899999,1.44006831902156,8.95158128325,1.5502103625773485,784.0,8.333333333333334,47.22222222222223,1500.0,739.36161753
4464,4488,1,8,2,2,26300.0,0.12547851711026617,0.23981838825517532,0.8643017004647232,11.1111111111,1.8210740401768124,8.599449804944447,1.783348775171066,61.0,75.0,97.22222222222223,831.228138552,470.46540084
4466,4490,0,4,25,0,7086.111111111112,0.08674131713053704,0.23142524500196002,0.8532597804782438,22.2222222222,1.4806963783648994,9.563999259166668,1.701411800021904,512.5,2.777777777777778,202.7777777777778,1500.0,3000.0
4469,4493,0,1,0,0,6894.444444444445,0.07110709105560031,0.33010128928283644,0.866356688154714,2.77777777778,2.1357586383170637,0.8655480037805556,1.8933007457708655,0.0,11.111111111111112,97.22222222222223,1500.0,3000.0
4470,4494,0,1,1,0,7525.0,0.1025186415651532,0.2128587301587302,0.8451467700258397,11.1111111111,0.0,12.9695590715,1.7939128128204296,33.0,11.111111111111112,94.44444444444446,484.133414202,2168.72593656
4475,4499,0,0,0,1,855.5555555555557,0.08875454545454546,0.1672987012987013,0.852649025974026,0.0,0.5774927790905973,4.364180747444445,1.2245228274224664,169.0,2.777777777777778,13.888888888888891,1500.0,3000.0
4476,4500,0,0,0,0,1880.5555555555559,0.07425657311669129,0.4110242245199409,0.8733660265878879,2.77777777778,0.0,15.468933441583335,1.3984652685243635,0.0,2.777777777777778,205.55555555555557,1500.0,815.76543262
4486,4510,0,0,0,0,1638.888888888889,0.15010542372881355,0.2798535593220339,0.8899474576271186,0.0,0.0,9.154564780694445,1.0397207708399179,0.0,0.0,0.0,1500.0,3000.0
4500,4524,0,1,0,0,3875.0,0.10421132616487455,0.2652565591397849,0.8468554121863799,8.33333333333,0.0,6.5207051576944455,1.1882606527098067,0.0,11.111111111111112,61.11111111111112,1260.15271759,3000.0
4502,4526,0,0,0,0,6652.777777777778,0.10078146137787057,0.3518451774530272,0.8470250104384134,11.1111111111,0.0,3.326479908055556,1.4981225954985136,0.0,11.111111111111112,258.33333333333337,1500.0,1188.21566785
4505,4529,0,1,1,0,6402.777777777778,0.06998832971800434,0.2095913665943601,0.8691780043383949,0.0,0.0,9.741252942333334,1.777630860637943,1215.0,27.777777777777782,38.88888888888889,881.523951599,3000.0
4508,4532,0,2,2,1,10958.333333333334,0.12588552598225602,0.2992348288973384,0.8818720659062104,25.0,0.0,1.3031031729194447,1.5122924261186874,144.666666667,16.666666666666668,69.44444444444446,527.784703094,1553.11839872
4516,4540,0,0,2,0,5580.555555555556,0.0757193130910901,0.26278775510204083,0.8580007466401195,22.2222222222,1.8227673717106796,1.5386908925333334,1.5078418465671994,138.75,22.222222222222225,127.77777777777779,1500.0,2339.08950778
4517,4541,0,0,0,0,2294.444444444445,0.06867118644067796,0.18052602905569007,0.8644991525423729,5.55555555556,0.0,4.638710259888889,1.2798542258336674,0.0,2.777777777777778,52.77777777777778,1215.64284509,2348.26900599
4520,4544,2,4,0,0,46522.222222222226,0.08891530331979937,0.24355598280391688,0.8791499283496538,38.8888888889,2.1337654431217827,2.8434769130000004,1.7114793021624992,0.0,22.222222222222225,33.333333333333336,925.19326705,982.75921523
4523,4547,0,0,0,0,6816.666666666667,0.07416682966585167,0.19481132844335777,0.8710308883455582,5.55555555556,1.0840894891365325,12.020285587972223,1.2740524057769895,38.0,8.333333333333334,63.88888888888889,1500.0,2639.23860348
4529,4553,8,14,9,6,4780.555555555556,0.12506763509587449,0.2819360255665311,0.844960139453806,2.77777777778,1.731203837573605,7.228578659194445,1.8071205091322207,186.0,138.8888888888889,105.55555555555556,349.803668115,1103.81696759
4541,4565,1,5,1,1,8633.333333333334,0.13932741312741312,0.3145065637065637,0.8642253217503217,5.55555555556,1.6755409886536405,6.3408060900555565,1.8494459877357796,183.5,80.55555555555556,363.8888888888889,247.455465534,670.46782362
4542,4566,0,1,0,0,2630.555555555556,0.09197624076029567,0.3008186906019007,0.8722512143611404,8.33333333333,0.0,0.39619073894166673,1.5197811685796694,0.0,8.333333333333334,188.8888888888889,1500.0,752.40725662
4553,4577,16,13,9,11,88719.44444444445,0.16393173549578885,0.5161841103353266,0.8884341901750211,27.777777777799997,0.16157187496750358,12.764974235444447,1.8652478092135545,474.739130435,191.66666666666669,261.11111111111114,122.788114787,190.52491729
4556,4580,0,0,0,0,7933.333333333334,0.08956782212885155,0.34169940476190475,0.8487524159663866,13.888888888899999,1.9573808450574761,2.5355377016388894,1.0852280400722045,0.0,8.333333333333334,66.66666666666667,296.836794768,3000.0
4559,4583,0,0,0,0,1547.2222222222224,0.07816283662477559,0.3209745062836625,0.8705222621184919,5.55555555556,0.0,0.30832791242222224,1.4066777022503074,0.0,5.555555555555556,55.555555555555564,1140.04465126,2119.57197906
4560,4584,0,0,0,0,1105.5555555555557,0.07285075376884421,0.29091231155778896,0.8376331658291457,0.0,0.0,5.053861474500001,0.0,0.0,0.0,0.0,1500.0,3000.0
4571,4595,3,10,0,6,54525.0,0.15616801670996994,0.3687061490651587,0.8989797085944267,11.1111111111,0.3438277492650111,4.389401148166667,1.9676533829271252,447.25,125.0,197.22222222222226,891.222258856,974.24651824
4577,4601,0,4,3,1,50.0,0.12222222222222223,0.4814611111111111,0.9185388888888889,0.0,0.0,3.665287117083334,0.0,0.0,8.333333333333334,2.777777777777778,1500.0,3000.0
4579,4603,0,1,0,0,12205.555555555557,0.07858463814292217,0.31163944014565315,0.8471803368229404,33.333333333300004,0.0,2.1919381070611115,1.23126852022513,0.0,2.777777777777778,36.111111111111114,1068.98761593,2528.9496137
4583,4607,0,0,12,0,7055.555555555557,0.14116122047244095,0.2987442125984252,0.8893380314960629,25.0,1.6872257518022824,2.9528587691944446,1.488105282950345,0.0,8.333333333333334,605.5555555555557,354.335992792,1041.81267192
4590,4614,8,12,5,7,10219.444444444445,0.09237651535743409,0.3036492796955695,0.8642805110084262,5.55555555556,0.5968704404131058,3.678850312055556,1.9061446244908584,57.0,36.111111111111114,77.77777777777779,838.38046327,166.27907964
4591,4615,0,0,0,0,1800.0,0.0755608024691358,0.3005117283950617,0.8786939814814815,8.33333333333,0.7779762819909193,0.8695354161916667,1.6550897880432407,0.0,2.777777777777778,130.55555555555557,1500.0,2491.3817729
4592,4616,0,0,0,0,761.1111111111112,0.09311715328467153,0.2160890510948905,0.8319981751824818,0.0,0.0,5.0382301052222225,1.0986122886681096,0.0,0.0,0.0,1500.0,3000.0
4594,4618,0,1,0,0,433.33333333333337,0.12206410256410258,0.3344391025641026,0.9101064102564101,5.55555555556,0.0,0.0,0.8979457248567798,0.0,0.0,19.444444444444446,953.373000318,2015.93561255
4597,4621,0,0,0,0,2466.666666666667,0.07648840090090091,0.23823524774774774,0.8657814189189189,22.2222222222,1.7099639797285928,8.55561463713889,1.7902187329853896,0.0,8.333333333333334,122.22222222222224,1500.0,2917.60021986
4603,4627,0,0,1,0,1755.5555555555559,0.07064129746835443,0.21953528481012657,0.8804126582278481,0.0,0.0,0.0,1.564340681307035,0.0,8.333333333333334,33.333333333333336,672.264915474,1497.30329386
4607,4631,0,0,1,0,975.0,0.06001595441595441,0.18197635327635328,0.8415327635327635,2.77777777778,0.43790440561568056,7.201763026444445,0.0,0.0,5.555555555555556,8.333333333333334,1500.0,3000.0
4619,4643,0,2,4,0,29438.888888888894,0.12514144178146822,0.3638590583128892,0.9003165219852802,2.77777777778,0.16874749223699195,1.7966947707472227,1.6195181234631235,388.1,33.333333333333336,94.44444444444446,520.377192686,619.81430091
4632,4656,1,0,0,0,2294.444444444445,0.0759370460048426,0.20516101694915254,0.837786803874092,0.0,0.0,0.0,1.4941751382893085,0.0,5.555555555555556,2.777777777777778,1500.0,2111.9151272
4633,4657,2,4,0,0,25902.77777777778,0.11316902949061663,0.23138189812332438,0.8251307989276139,13.888888888899999,0.0,12.277049397972224,1.7432272541762557,72.6666666667,113.88888888888891,66.66666666666667,828.96716021,1350.51711504
4637,4661,0,0,0,0,1633.3333333333335,0.08746173469387755,0.20060833333333333,0.8776947278911565,0.0,0.0,4.418456926638889,0.6365141682948128,0.0,2.777777777777778,50.0,1500.0,3000.0
4653,4677,0,3,0,1,7230.555555555557,0.13666769112562427,0.25774233576642336,0.8593709181713408,2.77777777778,0.7080264904256466,10.241235932944445,1.9616191570757948,112.0,69.44444444444446,19.444444444444446,1298.44906776,1094.7806771
4660,4684,0,0,0,0,702.7777777777778,0.08710592885375494,0.15285494071146244,0.8881462450592885,0.0,0.0,1.3881950033333335,0.0,0.0,0.0,0.0,1500.0,3000.0
4666,4690,0,0,1,0,613.888888888889,0.0629447963800905,0.3109461538461538,0.8642981900452488,0.0,1.893203007630718,4.680887258277779,0.0,0.0,0.0,8.333333333333334,1500.0,3000.0
4683,4707,0,2,0,0,10327.77777777778,0.12211648735879506,0.26720357719203874,0.8608492469069392,2.77777777778,0.1868156657903711,0.0,1.4658712232324762,203.0,2.777777777777778,8.333333333333334,343.822206783,517.73976533
4687,4711,0,0,0,0,672.2222222222223,0.08374752066115702,0.182151652892562,0.8252462809917355,0.0,0.6403659665435365,2.233802921252778,0.0,0.0,0.0,0.0,1500.0,3000.0
4705,4729,1,1,0,1,6922.2222222222235,0.12960658105939005,0.3728479133226324,0.854142937399679,16.6666666667,0.0,3.4283244881388892,1.1815893799946562,0.0,8.333333333333334,97.22222222222223,1500.0,833.30878395
4716,4740,2,2,0,0,15158.333333333334,0.12723584387025838,0.3597096756459593,0.8748351108667766,13.888888888899999,0.14911804250474714,0.25089219089250003,1.861097698994858,52.0,13.888888888888891,27.777777777777782,288.26400276,554.22655699
4730,4754,3,21,5,6,51311.11111111112,0.12072042009527933,0.3509729049372023,0.8640628139887397,33.333333333300004,1.674492870471269,6.3254844731111115,2.063542198519371,157.875,88.8888888888889,369.4444444444445,927.499689283,388.54720179
4746,4770,0,1,4,0,7269.444444444445,0.08934971341230417,0.20320355368742835,0.8445687046236149,2.77777777778,0.0,13.790496435694447,1.7053310490877271,650.4,19.444444444444446,69.44444444444446,1500.0,1388.7737403
4753,4777,0,0,0,0,316.6666666666667,0.10200000000000001,0.3197517543859649,0.847461403508772,2.77777777778,1.765442438931184,0.0,0.30463609734923813,0.0,0.0,25.0,1101.61775879,1166.24949586
4754,4778,1,0,0,0,3266.666666666667,0.046818112244897965,0.13077619047619046,0.8632366496598639,0.0,0.7346553739192244,2.178926070322222,0.5623351446188083,0.0,5.555555555555556,2.777777777777778,1500.0,3000.0
4756,4780,0,0,4,0,55.555555555555564,0.25,0.23331,0.90001,0.0,0.0,0.6352923450638889,1.4420930769667712,0.0,2.777777777777778,2.777777777777778,1500.0,3000.0
4759,4783,9,6,2,1,5375.0,0.0964337984496124,0.26276645994832043,0.8690335400516795,27.777777777799997,0.35528496477603394,15.338355014000003,1.7986853893704657,59.6666666667,19.444444444444446,261.11111111111114,1220.23125368,1377.19216227
4766,4790,4,7,0,0,13838.88888888889,0.09971491368928141,0.2981492372541148,0.8680209353673224,8.33333333333,0.9657365554417632,9.134976673277778,1.9177614707123456,0.0,44.44444444444445,147.22222222222226,1404.50626113,3000.0
4769,4793,2,7,6,5,101194.44444444445,0.10766399945100193,0.4538922536371123,0.8690820807027175,86.1111111111,0.0,6.479431154722223,1.977300102924187,462.711538462,63.88888888888889,97.22222222222223,1088.73739176,721.88130139
4773,4797,1,11,31,4,25438.88888888889,0.12568023585935792,0.4580318956103953,0.8770160515396375,16.6666666667,0.3841153805517007,5.653851670694444,1.768564398358209,592.744680851,25.0,208.33333333333334,742.744638876,1141.23628433
4774,4798,0,2,0,0,4619.444444444445,0.10315706554419722,0.3660709561034275,0.8199584485868912,8.33333333333,0.0,11.597836087194445,1.8938024548444907,0.0,0.0,11.111111111111112,1500.0,3000.0
4778,4802,0,0,0,0,808.3333333333334,0.1405491408934708,0.32242749140893473,0.9066041237113401,0.0,0.0,1.954415223125,0.9839614460010255,0.0,0.0,44.44444444444445,1500.0,3000.0
4782,4806,0,1,0,0,8480.555555555557,0.05821821159515231,0.2606204716672126,0.8344634457910253,2.77777777778,1.7755877734358267,7.884041096638889,1.906382552784649,0.0,11.111111111111112,19.444444444444446,699.074755985,255.24617804
4783,4807,0,0,0,0,7575.0,0.06985639897323066,0.25135243857719103,0.8416482948294829,30.555555555599998,0.0,19.51177286266667,1.8823850284305224,58.3333333333,27.777777777777782,130.55555555555557,1500.0,3000.0
4784,4808,0,1,0,0,1461.1111111111113,0.0550467680608365,0.17295817490494297,0.8425640684410646,0.0,1.7104131322594314,3.721616843666667,1.0549201679861442,0.0,0.0,27.777777777777782,1500.0,3000.0
4790,4814,1,4,0,2,44450.0,0.08665781152355956,0.23771084239470067,0.8586234908136483,16.6666666667,0.0,10.940617083777777,1.9459703525415961,76.75,16.666666666666668,52.77777777777778,454.394882676,974.68381568
4793,4817,0,0,0,0,3480.555555555556,0.08018818834796489,0.23448962490023942,0.825997126895451,0.0,1.5209022001961736,4.78898744225,0.8675632284814612,0.0,0.0,2.777777777777778,928.394581371,3000.0
4794,4818,0,0,0,0,1663.888888888889,0.047215025041736226,0.14261001669449083,0.8229409015025042,0.0,0.0,0.0,0.0,0.0,0.0,0.0,1500.0,1118.35292578
4809,4833,2,6,3,2,11875.0,0.09080430409356725,0.25504736842105263,0.8667562339181286,2.77777777778,0.0,12.81655830675,1.962166518289119,677.4,75.0,77.77777777777779,1500.0,3000.0
4819,4843,0,0,0,1,7208.333333333334,0.10258874759152216,0.19293329479768787,0.84093591522158,2.77777777778,1.8609465371071108,3.3790472254444444,1.085245329658577,0.0,2.777777777777778,38.88888888888889,1500.0,3000.0
4837,4861,0,0,1,0,255.55555555555557,0.08322608695652174,0.4091739130434782,0.7944478260869566,0.0,0.0,4.182617570777778,0.0,0.0,0.0,0.0,1500.0,3000.0
4843,4867,1,2,0,0,8841.666666666668,0.08774087338988376,0.26964134464341816,0.8842799560163369,22.2222222222,0.0,9.81157985913889,1.8334926469479829,32.0,0.0,138.8888888888889,1500.0,500.8260164
4850,4874,0,0,0,0,5933.333333333334,0.07727116104868914,0.2448207865168539,0.8627698501872659,41.666666666699996,0.0,7.275707033055557,1.6911392365898945,0.0,8.333333333333334,100.0,1500.0,2750.31044038
4851,4875,0,0,1,0,2238.888888888889,0.0693863523573201,0.25680545905707197,0.8733672456575682,25.0,1.6720683404034438,0.0,1.5275023899559335,0.0,0.0,36.111111111111114,1500.0,2419.34445153
4858,4882,0,0,0,0,7458.333333333334,0.10873690875232775,0.3462449162011173,0.8446002234636871,2.77777777778,1.7788371638652665,6.744579317777778,1.3397942802855756,0.0,27.777777777777782,116.66666666666667,151.243047825,1181.49840394
4880,4904,0,1,0,0,4950.0,0.09444567901234568,0.2388117845117845,0.8781063411896745,25.0,0.0,6.232661925472223,1.377708294653864,40.0,2.777777777777778,155.55555555555557,1500.0,1001.20126127
4883,4907,0,1,0,0,8930.555555555557,0.12081328149300155,0.26426989113530325,0.8505981026438569,5.55555555556,1.6697806761898213,4.930148421555556,1.7606621439072594,1153.0,13.888888888888891,27.777777777777782,1500.0,2834.57406951
4886,4910,1,16,0,0,35069.444444444445,0.09075364752475247,0.34477439207920796,0.8485507722772276,13.888888888899999,1.547004785818684,1.9138723699833335,1.7547107786527114,617.714285714,77.77777777777779,125.0,1377.612806,162.23076104
4907,4931,1,0,0,1,1427.777777777778,0.0663715953307393,0.38127431906614784,0.846877626459144,0.0,0.0,0.8460362664611112,1.4609707477218157,0.0,2.777777777777778,0.0,1500.0,1913.9584729
4911,4935,0,2,0,0,3588.888888888889,0.07956772445820434,0.19439458204334367,0.8713705108359133,2.77777777778,0.0,9.157940392611112,1.597310180812788,0.0,2.777777777777778,33.333333333333336,1500.0,3000.0
4912,4936,2,0,0,0,4719.444444444445,0.15512342554443792,0.3098888169511477,0.8651150676868746,0.0,0.0,6.226629082777778,1.75192641005698,0.0,55.555555555555564,13.888888888888891,1500.0,3000.0
4924,4948,7,6,0,1,59247.222222222226,0.15004693140794223,0.43068964789722913,0.8944426274086924,30.555555555599998,1.7217458250819868,9.95915963675,2.0128939780478845,133.727272727,122.22222222222224,194.44444444444446,506.033404378,380.79522559
4926,4950,0,0,0,0,891.6666666666667,0.02341993769470405,0.2570420560747663,0.8110295950155764,0.0,0.8266241208213346,1.9052486202333339,0.0,0.0,0.0,2.777777777777778,1500.0,3000.0
4930,4954,2,3,1,1,580.5555555555557,0.11134545454545455,0.2768842105263158,0.8874277511961722,5.55555555556,0.6407673742478311,5.360313621944445,1.7106193798574243,0.0,8.333333333333334,41.66666666666667,406.589739908,1188.69137768
4935,4959,0,0,1,0,263.8888888888889,0.03368842105263158,0.2125263157894737,0.8222231578947368,0.0,0.0,4.498899042527778,0.0,0.0,2.777777777777778,0.0,1500.0,3000.0
4939,4963,3,10,2,7,36580.55555555556,0.1520824815855418,0.25247375654947224,0.8726243754271394,11.1111111111,1.6666835240859492,9.491062839138891,1.9071695199911336,135.833333333,158.33333333333334,38.88888888888889,722.368055998,196.6251967
4942,4966,1,0,0,0,2733.3333333333335,0.10461951219512194,0.1979969512195122,0.8794529471544715,36.1111111111,1.3214360840152597,10.455928529472223,1.0633983225420898,58.0,5.555555555555556,83.33333333333334,911.144832429,1383.76080847
4951,4975,0,3,0,0,8930.555555555557,0.07778323483670296,0.3025817107309487,0.8487873405909797,8.33333333333,0.22030356704441154,11.753480749027778,1.9983249618028687,0.0,27.777777777777782,19.444444444444446,1500.0,3000.0
4953,4977,3,9,0,3,42788.8888888889,0.14718171903401714,0.31754554011944947,0.8911384900025967,36.1111111111,0.5107380555580474,2.539261293813889,1.9360614164978034,107.8125,211.11111111111111,125.0,590.818720722,228.23534761
4957,4981,1,2,0,0,12844.444444444445,0.085682223183391,0.29552584342560556,0.875062240484429,30.555555555599998,1.6369597326965997,6.803254813194445,1.5148713463278145,0.0,19.444444444444446,213.8888888888889,1283.38228439,1622.41558074
4960,4984,0,3,2,2,8008.333333333334,0.08494623655913978,0.23234793617759278,0.8231798126951093,2.77777777778,0.0,24.307561631805555,1.6712116377394057,30.0,11.111111111111112,150.0,1500.0,2580.82815808
4961,4985,7,4,10,0,26336.111111111113,0.09389005379179412,0.21107490771015716,0.87375768378863,144.444444444,0.0,12.629675551361114,1.721772511076341,0.0,25.0,61.11111111111112,690.233020314,1651.87596
4964,4988,0,2,0,0,1250.0,0.11068333333333333,0.41357400000000005,0.8866477777777777,2.77777777778,1.2600145755449113,0.0,1.8869217944626564,467.0,25.0,0.0,1283.13328886,435.00798677
4976,5000,2,8,0,2,24533.333333333336,0.14006940670289855,0.34084812047101454,0.8709356544384057,2.77777777778,1.9418543586529948,5.450112389500001,2.066529606874142,421.538461538,138.8888888888889,27.777777777777782,377.784985561,204.82717806
5002,5026,0,0,0,1,12033.333333333334,0.16881110341643585,0.3425499076638966,0.9005208448753463,27.777777777799997,0.3157189553109414,6.104729215444445,1.8860817624206279,0.0,44.44444444444445,191.66666666666669,504.695064154,354.92454554
5012,5036,1,1,0,1,20866.666666666668,0.14122364217252398,0.24775653620873267,0.8833189430244941,22.2222222222,1.7443501943929218,4.294896485666667,2.0388987160466594,155.25,102.77777777777779,247.22222222222226,586.092560899,745.18698502
5019,5043,2,2,0,0,22802.77777777778,0.12423349981727373,0.33567739066877816,0.8340139846509927,2.77777777778,1.5664636590962686,2.337635177527778,1.7068460423379361,0.0,50.0,13.888888888888891,866.655382929,2160.21915724
5026,5050,0,0,0,0,325.0,0.0504957264957265,0.2760752136752137,0.8050529914529914,0.0,0.0,0.0,0.0,0.0,0.0,0.0,1500.0,3000.0
5033,5057,0,6,0,3,1494.4444444444446,0.09203475836431227,0.2402003717472119,0.8608301115241636,11.1111111111,0.23078900774666003,3.9358689222222227,1.8982521765314804,0.0,116.66666666666667,108.33333333333334,561.680074105,3000.0
5038,5062,1,1,1,1,17691.666666666668,0.13247407756319673,0.3180535562882713,0.8942757418747056,13.888888888899999,1.6702308151841687,0.0,1.4152550423770962,70.0,38.88888888888889,50.0,476.903696466,939.87986475
5043,5068,0,1,0,0,3794.4444444444453,0.10776134699853587,0.29088682284040995,0.8372840409956076,11.1111111111,0.963641974982782,1.9671435757333333,2.0575714848849276,0.0,27.777777777777782,19.444444444444446,1500.0,590.02436399
5047,5072,0,0,0,0,7661.111111111112,0.08483672951414069,0.19572951414068165,0.8464579042784627,5.55555555556,1.332090170380623,6.7318757912222225,1.9522258306855118,32.0,19.444444444444446,50.0,1500.0,3000.0
5056,5081,5,3,1,3,45605.55555555556,0.17331419174077234,0.4080346814471921,0.8761660129126568,16.6666666667,0.8581582929720553,5.390456261944445,1.7762097203968994,212.0,63.88888888888889,55.555555555555564,672.366791941,647.3007664
5058,5083,0,0,0,0,7902.777777777778,0.07495687170474516,0.2224160984182777,0.8730162390158173,22.2222222222,0.0,11.285987637083334,1.9136026761122293,0.0,8.333333333333334,141.66666666666669,1500.0,3000.0
5082,5107,1,3,0,0,17005.55555555556,0.12674246978111728,0.3300327507350539,0.8730398562561255,8.33333333333,1.795232446662465,8.456863325833334,1.9019145899285068,52.0,19.444444444444446,141.66666666666669,1500.0,1194.4075571
5098,5123,0,1,0,0,550.0,0.051988383838383834,0.25900555555555554,0.8759388888888889,0.0,1.7449493028346768,0.0,0.0,0.0,0.0,8.333333333333334,1500.0,3000.0
5112,5137,1,2,0,0,122.22222222222224,0.07906818181818182,0.22335000000000002,0.8515454545454546,0.0,0.0,4.461538793083334,0.0,0.0,0.0,2.777777777777778,1500.0,3000.0
5117,5142,0,1,0,1,7766.666666666667,0.08596072961373391,0.2873485693848355,0.8442551502145923,2.77777777778,0.9228949417519742,8.713924792333335,1.7375157423097145,0.0,75.0,88.8888888888889,1500.0,3000.0
5137,5162,0,0,0,0,3719.4444444444453,0.068704929051531,0.1590085138162808,0.8274954443614637,8.33333333333,0.0,8.495330100222223,1.598128596665401,0.0,5.555555555555556,63.88888888888889,1500.0,3000.0
5138,5163,1,2,0,0,5694.444444444445,0.08311765853658537,0.24493639024390243,0.8641226829268293,0.0,0.0,10.947346543500002,1.4730706252315882,0.0,5.555555555555556,38.88888888888889,1500.0,3000.0
5162,5188,0,0,0,1,5230.555555555556,0.08153860860329262,0.27414498141263943,0.8580417950079661,5.55555555556,0.0,5.682763460055556,1.9033812037769826,0.0,16.666666666666668,108.33333333333334,1500.0,2269.68905089
5166,5192,1,0,1,0,13783.333333333334,0.14094369205965337,0.26243591293833135,0.8844616888351472,11.1111111111,1.7134994780600794,5.588570612833334,2.0139547702443994,87.3333333333,16.666666666666668,61.11111111111112,985.754709166,2258.8631115
5183,5209,0,2,0,0,12086.111111111111,0.1537829694323144,0.3262314180648127,0.8714405194208229,16.6666666667,0.0,0.0,1.8948218427925325,0.0,13.888888888888891,63.88888888888889,1188.88006641,857.33858849
5187,5213,1,3,1,0,9208.333333333334,0.09619206636500754,0.23740820512820512,0.8386207541478129,0.0,1.14457280592419,6.920150034222224,1.0963912803083609,262.0,8.333333333333334,127.77777777777779,801.335797869,1348.86361957
5190,5216,2,3,1,1,33005.55555555556,0.14809614543006228,0.42449364585086685,0.8756739606126914,13.888888888899999,1.7615893161094434,3.395409068416667,1.9554970977350656,122.2,144.44444444444446,122.22222222222224,527.079450984,523.10009031
5191,5218,0,0,0,0,3994.4444444444453,0.07298490959666203,0.2311833796940195,0.8287564673157163,2.77777777778,1.7900928306927726,0.0,0.9924466894333757,0.0,0.0,33.333333333333336,1500.0,3000.0
5194,5221,0,0,0,0,4227.777777777778,0.08267227332457293,0.19103666228646515,0.867308738501971,5.55555555556,0.0,0.0,1.5423809028583424,0.0,2.777777777777778,22.222222222222225,1309.38682871,2287.8068683
5201,5228,0,0,0,0,6238.88888888889,0.07108619768477294,0.2187651825467498,0.8495647818343722,13.888888888899999,1.7273549438244629,3.5233912547500004,1.1402251337753615,216.5,0.0,108.33333333333334,1353.28024949,1726.82669862
5205,5232,0,1,0,0,11747.222222222224,0.08132109245684559,0.2926773468905179,0.8127437692125798,11.1111111111,1.9059427636195605,1.9489959305111113,1.2632955865718805,176.0,13.888888888888891,75.0,1500.0,2718.80708941
5210,5237,0,0,0,0,566.6666666666667,0.07084362745098038,0.09606911764705882,0.8212191176470588,0.0,0.0,6.351853342083334,0.0,0.0,2.777777777777778,2.777777777777778,1500.0,3000.0
5225,5252,0,1,0,0,4261.111111111112,0.09151036505867015,0.25712887874837026,0.8627297913950457,27.777777777799997,0.0,8.349136415861112,1.532845943885984,44.0,13.888888888888891,27.777777777777782,1500.0,798.76378357
5227,5254,1,0,0,0,23891.666666666668,0.10437510754563424,0.23179302406696897,0.8814396930589466,5.55555555556,0.0,12.07741869275,1.3208883431493221,0.0,5.555555555555556,47.22222222222223,664.688010391,1541.08666092
5231,5258,1,2,0,0,4094.4444444444453,0.11400929443690638,0.2883274762550882,0.8806761872455903,2.77777777778,1.0116143973355465,1.4799735286027778,1.507558073056914,0.0,38.88888888888889,205.55555555555557,681.150996788,1170.87502595
5238,5265,0,1,0,0,27900.0,0.23495668060533653,0.34011083233771405,0.8601819494225408,0.0,0.8472398598917915,0.9067531531444445,1.8814593215635653,87.8,77.77777777777779,22.222222222222225,802.562672117,1156.30096773
5246,5273,0,1,0,0,4938.88888888889,0.09114341957255342,0.29576732283464563,0.8091591676040495,11.1111111111,1.6733329925539038,7.55672314375,1.203140685969194,0.0,5.555555555555556,25.0,1500.0,3000.0
5248,5275,0,1,0,0,2358.3333333333335,0.059323674911660775,0.18281118963486456,0.8693914016489988,8.33333333333,0.0,0.1937633995147222,0.0,0.0,0.0,2.777777777777778,1500.0,3000.0
5255,5282,3,3,0,1,30266.666666666668,0.13575904001468428,0.32299056534508075,0.8827862977239354,13.888888888899999,0.0,4.543188410305556,2.029734355234499,403.8,236.11111111111114,72.22222222222223,724.739005723,2029.22281836
5259,5286,1,0,0,0,4250.0,0.05464771241830066,0.184661045751634,0.8644264052287581,0.0,0.4055117729566771,4.052658752555556,1.594981797390107,1475.0,0.0,50.0,1500.0,3000.0
5261,5288,0,2,0,0,1786.1111111111113,0.0873402799377916,0.22557589424572316,0.8616183514774494,16.6666666667,0.0,11.4847478145,1.6222062435947047,0.0,0.0,161.11111111111111,1500.0,1597.84826179
5266,5293,0,3,0,0,23766.666666666668,0.08904409770920992,0.2827160939691445,0.8504603202431043,8.33333333333,0.0,5.5141292801388895,1.69801143687279,334.666666667,27.777777777777782,36.111111111111114,1500.0,839.44535841
5271,5298,0,3,0,0,10458.333333333334,0.12559545816733067,0.32712778220451527,0.8667744754316069,11.1111111111,0.7743919853937421,6.9754301365555555,1.879581683096766,224.5,133.33333333333334,55.555555555555564,1011.89171642,989.53147626
5288,5315,1,3,0,0,12952.77777777778,0.07693287583101008,0.28985796697405103,0.8501175209092858,2.77777777778,1.1829745852760636,3.3975915906944447,1.7128417458460494,67.0,0.0,147.22222222222226,1500.0,2416.36676701
5289,5316,3,11,4,1,22855.55555555556,0.12497316480311133,0.30114036217792906,0.8826330456976178,58.3333333333,0.0,5.799206190388889,1.887642561052919,84.6666666667,108.33333333333334,441.6666666666667,596.429568131,601.63927521
5291,5318,1,0,0,0,1088.888888888889,0.10930357142857143,0.28136938775510206,0.8700716836734694,0.0,1.9318797933277936,1.5274133333305555,1.5229550675313182,0.0,13.888888888888891,19.444444444444446,1500.0,3000.0
5292,5319,4,4,0,1,45413.8888888889,0.13694306685424185,0.352177319713744,0.8821860725426631,22.2222222222,0.08597438116512006,8.656091986583334,1.7783765397810118,413.428571429,80.55555555555556,144.44444444444446,754.643966468,651.86750954
5298,5325,2,6,0,0,33941.66666666667,0.1276355430067927,0.34681803748260903,0.8650625664948032,33.333333333300004,0.0,7.40317365263889,1.9345430113423085,480.6875,94.44444444444446,336.11111111111114,905.269262218,212.55824371
5321,5348,0,2,1,0,6005.555555555556,0.11960767807585568,0.29291984273820537,0.8447147548566143,13.888888888899999,1.0859125980643531,4.3910686781666675,0.8811191830020417,2000.0,25.0,205.55555555555557,1500.0,708.74411737
5328,5355,0,0,0,0,272.22222222222223,0.08675204081632652,0.3025897959183674,0.7659295918367347,0.0,0.0,3.3642595837222227,0.0,0.0,2.777777777777778,0.0,1500.0,3000.0
5330,5357,0,0,1,1,155.55555555555557,0.023807142857142857,0.26584642857142854,0.9354071428571429,0.0,0.0,7.211316687972223,0.0,0.0,0.0,22.222222222222225,1500.0,3000.0
5352,5379,0,2,1,1,6736.111111111112,0.12473748453608248,0.20027142268041237,0.8929772783505154,5.55555555556,0.0,2.308934450427778,0.9332805565196016,57.5,5.555555555555556,27.777777777777782,726.360000451,1132.35518
5353,5380,1,4,0,0,2986.1111111111113,0.0705079069767442,0.17064288372093023,0.8265130232558139,8.33333333333,1.6971781808893343,4.602216968638889,1.248106853018603,73.0,11.111111111111112,5.555555555555556,856.971695873,3000.0
5364,5391,3,10,2,1,35430.55555555556,0.16254801254410034,0.4868912740101921,0.8922558134065073,8.33333333333,1.3028940098867485,2.8016582113888893,2.1079892226843793,244.428571429,252.77777777777783,216.66666666666669,443.233077556,123.06052189
5367,5394,0,1,0,0,13375.0,0.14695430944963656,0.2165866458982347,0.8323410799584631,19.4444444444,0.3063513073386792,7.787523713361111,1.9230010545812313,44.5,69.44444444444446,41.66666666666667,1137.68783678,3000.0
5388,5415,11,15,3,1,69222.22222222223,0.17041403691813806,0.45158789325842696,0.8718340529695023,41.666666666699996,0.4262179466402554,5.405520496138889,1.6610950363094295,237.0,375.0,172.22222222222226,233.030637269,525.11548727
5395,5422,0,0,0,0,2866.666666666667,0.11321133720930233,0.26085,0.8916264534883721,0.0,1.8501023775477787,2.550777434027778,1.0547209169068124,0.0,2.777777777777778,5.555555555555556,946.763474891,3000.0
5396,5423,0,1,0,0,8213.88888888889,0.1359403449442002,0.29575999323638824,0.8727582685153872,2.77777777778,0.7194705012199106,4.144807998194445,1.744897658416159,89.625,22.222222222222225,133.33333333333334,1455.81626621,1115.29696327
5397,5424,0,0,2,0,4555.555555555556,0.07839585365853659,0.2336519512195122,0.8585686585365854,2.77777777778,0.9677029141394587,2.8617529335277783,1.3645478393012385,0.0,8.333333333333334,161.11111111111111,1500.0,2258.17794507
5399,5426,1,0,0,0,1580.5555555555557,0.06569226713532514,0.1529817223198594,0.8324144112478031,0.0,0.0,0.44455980662499994,0.0,0.0,0.0,0.0,1500.0,3000.0
5400,5427,0,2,0,0,9013.88888888889,0.08683087827426811,0.25861010785824345,0.8711951309707242,11.1111111111,1.980222950318855,6.42372730025,1.6376693111219738,0.0,16.666666666666668,66.66666666666667,1500.0,731.39605797
5401,5428,0,3,0,0,2305.555555555556,0.0813767469879518,0.2601448192771084,0.8078281927710843,0.0,1.090955706082555,0.0,1.723634740029134,0.0,11.111111111111112,8.333333333333334,1500.0,3000.0
5405,5432,0,0,0,0,436.11111111111114,0.0914312101910828,0.36731019108280255,0.8366866242038217,0.0,0.0,3.551154112416667,0.0,0.0,2.777777777777778,2.777777777777778,1500.0,3000.0
5407,5434,5,11,0,2,31886.111111111113,0.22099490373725933,0.3517024827946685,0.8734195748758603,2.77777777778,1.7107000669813026,4.433019143277778,2.057721885323158,123.157894737,122.22222222222224,327.7777777777778,977.849340892,660.74288984
5416,5443,0,1,0,0,455.55555555555566,0.13433658536585366,0.2516786585365854,0.9055365853658537,0.0,0.0,8.495654207222222,0.6931471805599453,0.0,0.0,0.0,1500.0,3000.0
5417,5444,0,2,2,0,13116.666666666668,0.09498657348581109,0.3455242905548497,0.8561065438373571,13.888888888899999,0.0,7.63692313602778,1.771273981671841,133.5,19.444444444444446,75.0,1500.0,2809.08349031
5423,5450,1,1,0,0,10908.333333333334,0.07484362108479756,0.27538749681690855,0.844072116119175,2.77777777778,0.0,8.49805175863889,2.014765221916387,0.0,13.888888888888891,16.666666666666668,1500.0,3000.0
5431,5458,1,0,0,0,11386.111111111111,0.1630693583800927,0.33407718955842886,0.8224492803122713,2.77777777778,0.0,4.297579783083333,1.351783994289646,50.0,2.777777777777778,0.0,1395.29389829,3000.0
5438,5465,0,3,3,1,2750.0,0.08010848484848485,0.38198747474747474,0.8947166666666667,5.55555555556,0.9347707056654092,0.3903498180305555,1.7669364934670502,391.714285714,47.22222222222223,186.11111111111111,1303.20725215,1038.90239512
5441,5468,2,1,0,0,11705.555555555557,0.08007728998576175,0.2548648315140009,0.8450962505932605,5.55555555556,0.0,0.0,1.4205580376792548,0.0,2.777777777777778,8.333333333333334,1500.0,1542.32452665
5452,5479,48,72,27,3,16883.333333333336,0.13450621915103653,0.3485026818032248,0.895525978940441,13.888888888899999,1.6768359010124194,8.966692112111112,1.7527330604869604,59.0,111.11111111111113,386.11111111111114,283.019216626,371.63409753
5461,5488,0,0,0,0,277.7777777777778,0.027223999999999998,0.258143,0.884099,0.0,0.0,0.15979192431305558,0.0,0.0,0.0,0.0,1500.0,2652.22514366
5463,5490,2,0,0,0,13544.444444444445,0.07989099671862182,0.22119296554552914,0.8663330598851517,47.2222222222,1.6860973405833803,7.630417989833335,1.811819231339432,51.5,2.777777777777778,205.55555555555557,1500.0,1956.20737054
5474,5501,3,6,0,1,44094.444444444445,0.14751310948721177,0.5047551215824618,0.861506488597707,36.1111111111,0.16427298387522868,11.446086449333333,1.8649976692779104,378.571428571,58.333333333333336,305.5555555555556,757.806395851,767.99244173
5482,5509,0,0,0,0,1333.3333333333335,0.05947,0.30389916666666666,0.8832814583333334,2.77777777778,1.4246043934258226,1.2081437096694445,1.3321790402101223,0.0,5.555555555555556,19.444444444444446,1500.0,1943.53410634
5484,5511,1,0,0,0,4188.88888888889,0.06739927055702917,0.22003567639257296,0.8467362068965518,0.0,0.0,5.298307194916667,1.539654447440098,0.0,0.0,38.88888888888889,1500.0,3000.0
5485,5512,0,1,0,0,23144.44444444445,0.1453212073931829,0.3107908785405665,0.8709224075852136,22.2222222222,0.0,9.588991030916667,1.6296294767965722,200.0,8.333333333333334,16.666666666666668,408.35600633,782.04592631
5501,5528,0,1,0,0,2650.0,0.06837809224318658,0.15170733752620547,0.8665146750524109,8.65209751502,0.2990724008161621,3.4894162690000003,0.7960177577767203,0.0,2.777777777777778,69.44444444444446,1500.0,414.49446131
5507,5534,1,0,1,0,5455.555555555556,0.08946191446028513,0.2527308044806517,0.8811503564154787,11.1111111111,0.0,5.792777994722223,1.1525754697839194,0.0,0.0,119.44444444444446,1500.0,561.75487027
5509,5536,0,2,0,0,4011.1111111111118,0.11282112188365652,0.34857853185595566,0.8487618421052632,11.1111111111,0.0,5.410167516361112,1.6267851333621515,74.0,11.111111111111112,113.88888888888891,1137.28290831,3000.0
5512,5539,0,0,0,0,1569.4444444444446,0.03351805309734513,0.1404288495575221,0.8644831858407079,0.0,1.675427466627244,1.3037643520888889,0.0,0.0,2.777777777777778,5.555555555555556,1500.0,3000.0
5536,5563,1,1,0,0,15322.222222222224,0.16933977519941987,0.33657306018854244,0.8681144670050762,8.33333333333,1.2625280062497675,3.2884468892500003,1.6667932356302742,158.0,36.111111111111114,41.66666666666667,1500.0,530.39009498
5537,5564,0,2,0,0,6138.88888888889,0.1503162895927602,0.2363907692307692,0.8607241628959276,11.1111111111,0.0,6.681124395833335,1.7517857295133048,0.0,27.777777777777782,11.111111111111112,1057.68469696,826.87435948
5540,5567,15,15,0,1,24825.0,0.11224595501846257,0.30377071724292265,0.8611572004028197,86.1111111111,1.8999350377277389,9.527997412555557,2.069502280636147,140.5,94.44444444444446,294.4444444444445,1500.0,185.03098781
5557,5584,0,1,0,0,952.7777777777779,0.07615918367346938,0.1492533527696793,0.9202087463556851,0.0,0.0,13.256380818972222,0.7963116401738131,175.0,2.777777777777778,58.333333333333336,1500.0,3000.0
5558,5585,0,4,0,0,7780.555555555557,0.10213577293823634,0.2920125669403784,0.8808063548732596,11.1111111111,0.0,0.0,1.6347175495281507,0.0,25.0,380.5555555555556,1245.69764629,1864.93234252
5559,5586,6,11,2,0,67344.44444444445,0.15549838722983006,0.44687835340702853,0.8673309189902657,41.666666666699996,1.71866575413008,13.607418324138889,1.8551932095244363,119.913043478,352.7777777777778,163.8888888888889,399.788929926,271.98728499
5573,5600,1,0,0,0,730.5555555555557,0.13085057034220532,0.2474171102661597,0.7860342205323194,0.0,1.810398253322418,1.4419860515638891,1.0549201679861442,0.0,0.0,2.777777777777778,1500.0,3000.0
5579,5606,2,3,0,2,26616.666666666668,0.19976341056146943,0.48720843247756207,0.8840933938634941,5.55555555556,1.3193956948667884,2.8228283333333337,1.5888363067630484,120.0,152.7777777777778,355.5555555555556,652.837249985,716.890826
5580,5607,0,4,1,1,14933.333333333334,0.0702106212797619,0.17518960193452382,0.8391616629464286,25.0,0.0,19.44056137341667,1.7007724386851821,0.0,25.0,150.0,1500.0,490.6750494
5581,5608,0,1,0,0,8319.444444444445,0.08911562604340567,0.2300057429048414,0.837110283806344,8.33333333333,1.9205575356986782,13.470265131166668,1.6174072004753612,36.0,13.888888888888891,200.0,1500.0,2106.55401936
5586,5613,0,0,0,0,3961.1111111111118,0.07277075736325386,0.18575596072931275,0.8420448807854138,11.1111111111,1.800844976875001,4.053569527277778,1.1918424444709537,0.0,13.888888888888891,16.666666666666668,1500.0,3000.0
5589,5616,3,8,1,0,36750.0,0.14215345427059714,0.44409519274376413,0.8766904535147393,25.0,0.9534804487330081,2.6287109914944446,1.9240652992563674,222.545454545,116.66666666666667,297.22222222222223,440.464920987,530.21754772
5594,5621,1,0,0,0,866.6666666666667,0.09696282051282051,0.24305576923076921,0.8274846153846155,0.0,0.0,3.8126274519166667,0.6931471805599453,0.0,5.555555555555556,8.333333333333334,1500.0,3000.0
5596,5623,0,0,0,0,1558.3333333333335,0.04565508021390374,0.16535472370766488,0.8546816399286987,0.0,0.0,0.0,0.0,0.0,0.0,0.0,1500.0,1531.29802054
5597,5624,0,4,2,1,8891.666666666668,0.1071626054358013,0.25537666354264293,0.8451000312402374,8.33333333333,2.195680436020688,7.348180424611112,1.5853766672045935,232.0,19.444444444444446,197.22222222222226,1500.0,890.23434473
5603,5630,0,0,0,0,616.6666666666667,0.042681081081081075,0.16432252252252252,0.8673054054054053,0.0,0.0,6.663146831944445,0.0,0.0,2.777777777777778,0.0,1500.0,3000.0
5612,5639,1,2,0,0,6861.111111111112,0.08172453441295546,0.25450384615384614,0.8298149797570851,8.33333333333,1.6772202968183971,10.532379844055557,1.5495428912236193,469.0,36.111111111111114,163.8888888888889,1500.0,1625.3177762
5616,5643,11,29,6,1,72286.11111111112,0.10291565153902317,0.2821455712254544,0.8753235407139838,97.2222222222,0.0,8.144948416583334,1.8793133016663246,134.0,36.111111111111114,111.11111111111113,972.328054741,832.04896142
5618,5645,0,2,0,0,4633.333333333334,0.11792643884892086,0.3087070743405276,0.8422376498800959,8.33333333333,1.7981148992308875,8.007739237055556,1.6073268447180349,700.8,11.111111111111112,113.88888888888891,1500.0,1674.05306624
5631,5658,0,0,0,0,12772.222222222224,0.16934954327968682,0.41189075685080473,0.8798936929099609,2.77777777778,0.0,0.7278601912083333,1.9600448168807403,0.0,58.333333333333336,75.0,748.078178096,386.22862853
5632,5659,0,3,0,0,18108.333333333336,0.09147202024850437,0.3321631998772818,0.850692222733548,5.55555555556,0.2026771040862151,1.2756411348333334,1.3935909011032697,74.2,8.333333333333334,44.44444444444445,1024.01009702,3000.0
5637,5664,1,8,0,5,23386.111111111113,0.20033760541632023,0.49383266421190164,0.8870967098230194,13.888888888899999,0.42761805176728523,0.987559165438889,1.9133962908233042,120.666666667,225.0,575.0,358.800316057,398.01173169
5647,5674,0,0,0,0,2330.555555555556,0.09431418355184744,0.1751138259833135,0.840323241954708,0.0,0.0,5.411386896527778,1.4941751382893083,0.0,0.0,11.111111111111112,1500.0,3000.0
5649,5676,3,14,33,3,35027.77777777778,0.12694681205392544,0.3674667724028549,0.8613909912767644,130.555555556,0.47383045486581193,3.488706917972222,1.2725700321432492,205.0,19.444444444444446,363.8888888888889,641.344822836,335.90677449
5656,5683,1,4,1,2,23952.77777777778,0.10142693958019251,0.30518059839962886,0.8569769453786386,30.555555555599998,1.3176696364644749,5.673638216111112,1.6892198285879965,370.357142857,16.666666666666668,177.7777777777778,751.443709932,601.2141292
5665,5692,1,0,0,0,5230.555555555556,0.1259385023898035,0.43503977695167284,0.8943577270313329,2.77777777778,0.37047968027484623,0.0,1.3418952129979382,0.0,119.44444444444446,80.55555555555556,623.759702251,658.80876563
5674,5701,1,0,0,0,6269.444444444445,0.06853912272928667,0.2530380593708463,0.850167789100576,2.77777777778,0.0,8.58851287713889,1.5917078131311406,0.0,0.0,16.666666666666668,1354.25311862,3000.0
5677,5704,0,0,0,0,7177.777777777778,0.0764187693498452,0.320565286377709,0.8641474458204333,8.33333333333,0.0,5.840129914222223,1.7311206591471138,0.0,0.0,38.88888888888889,1500.0,2588.91403448
5684,5711,0,0,1,0,905.5555555555557,0.05950981595092025,0.11677147239263805,0.8012199386503067,0.0,0.0,0.0,0.0,0.0,0.0,0.0,1500.0,1911.91381644
5686,5713,0,9,9,1,49900.0,0.13650377421509685,0.321022745490982,0.8906678301046537,189.666666667,0.5061529843910679,14.250048273555556,1.3752506938538571,173.0,27.777777777777782,244.44444444444449,828.901226218,423.40477155
5687,5714,2,14,8,1,10991.666666666668,0.08913894364417488,0.22029274703057872,0.8505847611827142,2.77777777778,0.0,7.830780948888891,1.8928775233657948,542.833333333,30.55555555555556,30.55555555555556,1500.0,2231.65892064
5704,5731,0,0,0,0,4025.0,0.09999889579020015,0.2672814354727398,0.8499125603864734,0.0,0.0,0.0,1.632236663954921,0.0,5.555555555555556,22.222222222222225,1500.0,2965.48339228
5716,5743,0,1,0,0,1197.2222222222224,0.09165614849187935,0.18397494199535963,0.8399505800464038,0.0,0.582360703544721,0.0,0.8675632284814612,1717.0,8.333333333333334,5.555555555555556,1500.0,1218.2058509
5717,5744,3,3,0,3,32633.333333333336,0.15858118828736806,0.3454104102826013,0.860641053796391,11.1111111111,1.670735961411436,3.1972718395555564,2.0182199614243155,487.8,69.44444444444446,72.22222222222223,775.34219282,586.12562623
5724,5751,4,1,1,0,17802.77777777778,0.08683601185832424,0.3295751599313465,0.8444183647995007,11.1111111111,1.6817531589392585,2.210331252383334,1.5408354425814124,0.0,22.222222222222225,58.333333333333336,1451.11485914,1534.0883436
5726,5753,5,10,1,1,10830.555555555557,0.08170720697614772,0.2194398050782252,0.8424897153116184,5.55555555556,1.300133113528074,7.991953003472222,2.009142307526388,751.5,25.0,55.555555555555564,973.500328972,340.16189452
5732,5759,0,0,0,0,505.55555555555566,0.09794285714285715,0.1778824175824176,0.8077494505494506,0.0,0.0,2.3884037243055554,0.0,0.0,0.0,0.0,1500.0,3000.0
5739,5766,0,0,0,0,941.6666666666667,0.04890737463126844,0.38697050147492623,0.8838079646017699,8.33333333333,1.7100803816895704,7.413745478583334,0.5004024235381879,0.0,8.333333333333334,80.55555555555556,1387.86856584,1068.13536483
5761,5788,0,1,0,0,1013.888888888889,0.06985999999999999,0.26295205479452055,0.837432602739726,2.77777777778,0.0,3.2049036932500004,0.0,0.0,0.0,0.0,1500.0,3000.0
5765,5792,0,0,0,1,2900.0,0.0678411877394636,0.22685105363984676,0.8867422413793103,33.333333333300004,0.0,4.280169955750001,1.4298983731002695,0.0,2.777777777777778,105.55555555555556,1500.0,1917.85803462
5766,5793,3,3,0,0,6105.555555555556,0.10685982711555961,0.3297677434030937,0.883239990900819,11.1111111111,1.6720098578766733,3.3570534724444445,2.0120174498843886,115.333333333,38.88888888888889,97.22222222222223,778.628114812,506.09327696
5773,5800,1,0,0,0,1322.2222222222224,0.06553886554621849,0.2240079831932773,0.8636039915966386,0.0,0.0,5.576752741555556,1.2790075192745578,0.0,0.0,13.888888888888891,1069.30570987,1610.87531149
5778,5805,0,0,0,0,838.888888888889,0.04403907284768212,0.22064006622516558,0.855428476821192,0.0,0.0,0.0,0.0,0.0,0.0,0.0,1500.0,2651.15154656
5794,5821,0,0,0,1,2400.0,0.0893224537037037,0.23278680555555556,0.8787114583333333,0.0,0.0,5.0165609025,1.4658547408799905,0.0,2.777777777777778,55.555555555555564,1500.0,3000.0
5797,5824,0,2,1,1,14563.88888888889,0.09740961281708944,0.3388748426473393,0.8439576196833874,22.2222222222,0.0,9.231142975805557,1.789246187963774,0.0,86.11111111111113,63.88888888888889,579.360164609,2965.90913187
5799,5826,3,4,0,1,21172.222222222223,0.10992776174232485,0.3514273025452637,0.8477699422723695,16.6666666667,0.4962724222886888,18.06144727736111,1.854594239193481,74.8181818182,155.55555555555557,158.33333333333334,1500.0,1196.2721398
5803,5830,0,5,1,0,8863.88888888889,0.12798542776559071,0.35978392353494204,0.8694626762770291,5.55555555556,0.08464391522372613,0.0,1.6937975262909422,172.0,86.11111111111113,55.555555555555564,441.533377641,432.30383645
5807,5834,1,2,0,0,9855.555555555557,0.07819444757609921,0.2849402198421646,0.8520954622322435,22.2222222222,0.0,16.48817218877778,1.7348528095529947,39.0,19.444444444444446,77.77777777777779,1500.0,131.74326866
5832,5859,2,6,0,1,42205.55555555556,0.16118209161511124,0.41515533763327633,0.8752706594708437,13.888888888899999,1.6778848741737789,10.272075172444445,1.9923016133018279,103.4,91.66666666666667,286.11111111111114,613.13502745,643.36312073
5838,5865,1,7,0,0,14066.666666666668,0.10833240521327013,0.38565918246445496,0.8409517575039495,13.888888888899999,1.6910816906489798,9.56446248563889,2.024365896965527,39.4,44.44444444444445,27.777777777777782,740.768887026,1191.53503207
5842,5869,16,11,4,2,54000.0,0.10143293209876543,0.2614588631687243,0.871138364197531,66.6666666667,1.3225317844611422,4.443677795416668,2.0545407345511992,84.125,97.22222222222223,180.55555555555557,698.080806992,280.87746621
5844,5871,1,2,0,0,7008.333333333334,0.07402814110186286,0.23354149821640902,0.8622991280221958,11.1111111111,0.0,12.392312995861113,1.7222408776391769,0.0,8.333333333333334,150.0,1500.0,3000.0
5848,5875,0,2,0,0,18402.77777777778,0.17219142641509433,0.29327024905660376,0.8775254792452831,19.4444444444,0.22092633252148672,2.879122893027778,1.8921072440652627,0.0,72.22222222222223,44.44444444444445,1500.0,970.93649293
5855,5882,2,5,1,0,33661.11111111112,0.23431735434890244,0.5057400396104967,0.9042296583594652,11.1111111111,0.058251411448448795,12.669644380722222,1.777494436668485,123.0,136.11111111111111,69.44444444444446,373.778569734,970.14294618
5858,5885,0,1,0,0,2675.0,0.08485617860851505,0.24670394600207685,0.8107018691588785,5.55555555556,1.5895616549828644,5.754296417611112,1.4593594123475306,0.0,8.333333333333334,0.0,1500.0,3000.0
5859,5886,3,4,0,2,23602.77777777778,0.10657049546898906,0.27992094857008354,0.8970162998705425,16.6666666667,0.19582665283483014,1.8343683702833333,1.6407371261419068,0.0,22.222222222222225,88.8888888888889,254.871982787,1258.94822761
5861,5888,1,5,0,0,3091.666666666667,0.07489694519317161,0.23172803234501346,0.8403743036837377,22.2222222222,0.0,6.136991207250001,1.0427893444299239,0.0,0.0,72.22222222222223,1500.0,1042.02079731
5862,5889,0,0,0,0,3772.2222222222226,0.07911539027982327,0.26446686303387335,0.8420966126656848,13.888888888899999,1.7616016022044287,4.0474531307222215,1.3208883431493221,0.0,0.0,44.44444444444445,1500.0,2236.25347501
5867,5894,1,1,0,0,377.7777777777778,0.11813308823529411,0.2562316176470588,0.8633338235294117,13.888888888899999,0.0,6.444334088944445,1.652382001806857,0.0,2.777777777777778,11.111111111111112,1500.0,2640.16353776
5881,5908,0,2,0,1,9811.111111111111,0.13154348810872027,0.264725254813137,0.8522062853907135,5.55555555556,1.7352307946364425,4.434511436361112,1.6397063574156068,41.0,38.88888888888889,33.333333333333336,1160.39994557,1077.5204945
5894,5921,0,0,0,1,7130.555555555557,0.06944390338917024,0.22088114530580444,0.8650661862095831,27.777777777799997,0.9383126306170083,3.8964491856111114,1.7321900839512914,412.5,8.333333333333334,88.8888888888889,1500.0,3000.0
5905,5932,1,0,0,0,2430.555555555556,0.06473508571428571,0.1507529142857143,0.8452732571428572,0.0,0.9139049557833158,11.768557946944446,0.0,0.0,16.666666666666668,22.222222222222225,1500.0,3000.0
5915,5943,7,14,1,1,46450.0,0.10457496112905156,0.2852318083961249,0.872275565123789,41.666666666699996,1.707705260996728,8.674102524055558,1.9264082792488946,101.176470588,94.44444444444446,225.0,271.727998366,750.10843233
5919,5947,0,5,3,2,28697.222222222226,0.09255930694027684,0.3118300261349337,0.8410194947246151,19.4444444444,1.8562453391335185,11.237445812305557,2.0775987749187568,1136.0,77.77777777777779,72.22222222222223,1500.0,3000.0
5932,5960,3,3,0,0,18277.77777777778,0.11938199088145897,0.38836513677811546,0.872056717325228,5.55555555556,0.0,0.3479905823,1.658677086746671,0.0,8.333333333333334,47.22222222222223,1381.34227773,1038.45473251
5968,5996,0,2,1,0,9211.111111111111,0.07612623642943304,0.23968814837153196,0.8580228287092883,0.0,0.0,16.744494324166666,1.8628720588714183,0.0,22.222222222222225,16.666666666666668,1500.0,3000.0
5988,6017,1,2,1,0,27544.44444444445,0.17538642597821705,0.3311980032271077,0.8983322710770473,5.55555555556,0.7614905378422929,5.472737007111112,1.6974282478773441,65.7,147.22222222222226,75.0,128.600273969,1260.39885239
5989,6018,0,1,0,0,27697.222222222226,0.12244973422926488,0.20542606559021162,0.8319693410891587,11.1111111111,1.1491111094858817,4.550490189083334,1.2416637671371233,0.0,25.0,44.44444444444445,1289.16670179,1041.63535952
6008,6038,1,2,0,0,6941.666666666667,0.09310128051220488,0.2005498599439776,0.8306290516206484,16.6666666667,0.0,9.75993185825,1.6541888937371614,33.0,13.888888888888891,8.333333333333334,1500.0,868.31053847
6017,6047,0,0,0,0,394.4444444444445,0.03968521126760564,0.18724507042253521,0.8282338028169014,0.0,0.0,2.784111229111111,0.0,0.0,2.777777777777778,0.0,1500.0,3000.0
6020,6050,1,0,0,0,7677.777777777778,0.07810256874095513,0.18870893632416788,0.8420641461649783,25.0,1.511459353653936,8.235975549138889,1.2818281837552405,0.0,13.888888888888891,94.44444444444446,1500.0,2487.90005159
6022,6052,0,0,0,0,6855.555555555557,0.16350858995137763,0.34555717179902756,0.8892875202593192,11.1111111111,0.0,2.334015772877778,1.7840640611371872,46.0,47.22222222222223,36.111111111111114,1216.13461033,1411.65671252
6029,6059,0,0,0,0,6855.555555555557,0.12345089141004863,0.2889255267423015,0.8712481766612641,11.1111111111,0.0,6.086733946972223,1.4669071049122544,0.0,13.888888888888891,25.0,1500.0,3000.0
6030,6060,0,0,0,0,69.44444444444446,0.182852,0.35,0.749344,2.77777777778,0.0,0.0,1.9949164942380757,0.0,2.777777777777778,0.0,1500.0,444.1001151
6037,6067,4,2,0,0,14491.666666666668,0.10963191489361702,0.3380048686984857,0.8561693885374736,30.555555555599998,1.365470649316488,3.2268162862777783,1.766409964669009,0.0,30.55555555555556,186.11111111111111,1464.83111142,1424.85795976
6043,6073,0,1,0,0,27177.77777777778,0.08316597506132462,0.27018555805396566,0.8499868152085037,11.1111111111,0.0,7.677965484861111,1.7129586547125697,0.0,16.666666666666668,25.0,1500.0,941.8527417
6050,6080,0,0,0,0,47.22222222222223,0.0,0.04779411764705882,0.7647764705882354,0.0,0.0,2.610892252666667,0.0,0.0,0.0,0.0,1500.0,3000.0
6056,6086,18,29,7,2,54119.444444444445,0.10119793153005184,0.27658327772930247,0.8677787147769851,130.555555556,0.0,17.950720836833334,1.8963943649560695,68.1428571429,50.0,172.22222222222226,1466.46698865,701.96077661
6058,6088,1,2,0,0,20866.666666666668,0.08140445953141641,0.3280397763578275,0.8304497337593184,11.1111111111,0.0,0.835258762338889,1.8238262981584474,62.3333333333,16.666666666666668,19.444444444444446,568.223546534,3000.0
6061,6091,1,0,0,0,2102.777777777778,0.06540211360634082,0.2832566710700132,0.8050852047556142,0.0,0.0,6.973196832611111,1.4614721293040243,0.0,2.777777777777778,0.0,1500.0,3000.0
6069,6099,0,0,0,0,2238.888888888889,0.0809497518610422,0.2439578163771712,0.8260857320099256,0.0,0.0,5.271706100194445,1.0986122886681096,808.0,2.777777777777778,8.333333333333334,1500.0,3000.0
6073,6103,0,4,0,0,1888.8888888888891,0.03702029411764706,0.1664629411764706,0.8778719117647059,0.0,2.05483092320238,4.1960515104722225,0.0,0.0,8.333333333333334,8.333333333333334,1500.0,3000.0
6075,6105,2,5,0,2,16483.333333333336,0.09182138523761375,0.289342686215032,0.8438009774182675,27.777777777799997,1.886063031334089,14.822493072361112,1.6267669232943092,113.0,38.88888888888889,122.22222222222224,1500.0,1888.84307611
6081,6111,6,12,4,0,42800.0,0.12951776998961578,0.2794076713395639,0.884934871495327,50.0,1.0616373085541415,6.261633477194445,1.8817641743392426,92.375,50.0,177.7777777777778,497.929103863,983.06535223
6092,6122,0,0,0,0,3933.3333333333335,0.10140508474576271,0.34609971751412427,0.798118361581921,0.0,1.7013332557208911,2.027441381511111,1.33834144584123,0.0,11.111111111111112,30.55555555555556,515.722578607,1452.48904025
6097,6127,2,0,0,0,5138.88888888889,0.09147594594594595,0.3097858918918919,0.8427254594594594,0.0,1.630734017532498,1.935642366977778,1.4786258764929634,0.0,0.0,8.333333333333334,1500.0,1992.99606629
6099,6129,0,4,1,0,21463.88888888889,0.11804140028471594,0.43635155946680476,0.8652244338035461,33.333333333300004,0.0,5.571503163416667,1.5746746134927583,720.0,11.111111111111112,172.22222222222226,1030.19779537,975.98581742
6104,6134,0,4,1,0,13002.77777777778,0.08997092501602222,0.1754526383251442,0.8656890194402905,13.888888888899999,1.1283982179404857,8.591185163972222,1.940759626621891,46.6,41.66666666666667,152.7777777777778,459.950960471,1180.83737994
6105,6135,1,7,1,15,1791.6666666666667,0.06736589147286821,0.2251613953488372,0.8397291472868218,2.77777777778,1.0384797135465367,6.010759641583335,1.4928299340404498,0.0,13.888888888888891,55.555555555555564,1500.0,3000.0
6118,6148,0,6,1,0,8083.333333333334,0.08463051546391752,0.2935826804123711,0.870469793814433,91.6666666667,0.0,5.508748620333334,1.4682426561366704,0.0,11.111111111111112,166.66666666666669,573.098207898,1202.63169693
6125,6155,0,3,0,0,32633.333333333336,0.19129627170582225,0.3084222761321076,0.898532482124617,5.55555555556,0.08123092281525598,8.488882556277778,1.7280716014208717,357.333333333,97.22222222222223,38.88888888888889,804.427975525,731.69737979
6131,6161,0,2,0,2,18011.111111111113,0.1259068784700802,0.25433550277606415,0.8759906539173349,27.777777777799997,0.41547244314277365,7.846448362666667,1.922919312373078,88.2,19.444444444444446,113.88888888888891,323.493574358,720.82450183
6133,6163,0,0,0,0,5838.88888888889,0.11394357754519505,0.4244721217887726,0.8474159372026641,0.0,0.0,4.0529295323611105,1.2367930007966412,0.0,19.444444444444446,0.0,1500.0,3000.0
6144,6174,1,0,0,0,4855.555555555556,0.08257437070938216,0.25212780320366135,0.8586693363844393,0.0,1.8550902605267896,4.876304832305556,0.9818366496300703,88.0,0.0,177.7777777777778,1500.0,3000.0
6153,6183,1,3,0,0,14577.777777777781,0.0912273818597561,0.27044521722560977,0.8818730182926829,22.2222222222,0.0,1.3756267691166668,1.7684121267577038,108.0,19.444444444444446,183.33333333333334,611.291610016,1981.35166956
6163,6193,1,5,1,1,28516.666666666668,0.13840263004091174,0.40806623806740694,0.8488701539060978,13.888888888899999,1.6748849447264385,11.081494087416667,1.9105819746635035,77.5,38.88888888888889,197.22222222222226,1150.58870955,1094.65721853
6175,6205,1,0,0,0,7352.777777777778,0.13013094068757083,0.293733207404609,0.8582300340007556,0.0,0.15842040885477846,6.9654904385,1.5999714209268674,0.0,5.555555555555556,2.777777777777778,1500.0,1345.48674578
6182,6212,0,2,0,0,4922.222222222223,0.06845016930022574,0.19393363431151242,0.8567672686230249,2.77777777778,0.0,7.420291275444446,1.5437891850588952,42.0,8.333333333333334,11.111111111111112,1134.75173404,3000.0
6183,6213,0,1,1,0,1025.0,0.08334471544715448,0.24710352303523037,0.8746086720867208,13.888888888899999,1.4522434830488216,1.8390521228222223,1.1105128934217814,0.0,0.0,19.444444444444446,713.906531397,2410.91564319
6193,6223,2,2,1,1,37802.77777777778,0.15452811374825484,0.4645036960834742,0.8660885590418106,44.4444444444,0.12028661642578241,2.559767356088889,2.034218270642912,1522.0,61.11111111111112,111.11111111111113,582.602583705,1441.53174047
6196,6226,4,9,6,2,7725.0,0.11318482560230132,0.3855375404530745,0.8674425746134485,11.1111111111,1.9257362485881435,7.796833135722222,1.6211392930749056,32.0,52.77777777777778,150.0,1332.14571357,3000.0
6209,6239,0,0,0,0,3025.0,0.09311873278236915,0.27464481175390265,0.8462053259871442,0.0,0.9087390004484842,0.2827912442277778,1.4941751382893085,0.0,0.0,2.777777777777778,1500.0,3000.0
6211,6241,0,0,0,0,833.3333333333334,0.09198366666666666,0.488371,0.8523769999999999,22.2222222222,0.2231982940246941,6.666713377,1.0397207708399179,0.0,2.777777777777778,91.66666666666667,1500.0,3000.0
6226,6256,0,1,0,0,6122.222222222223,0.09159723230490019,0.30223275862068966,0.8622025408348457,11.1111111111,1.4624824269514765,0.9817483041611111,1.5608751140762243,48.0,0.0,83.33333333333334,481.468953703,1137.72195113
6254,6286,1,1,1,0,35277.77777777778,0.2088072755905512,0.307117031496063,0.8847273543307086,0.0,0.0,5.386578108055557,1.7603604805675928,0.0,80.55555555555556,11.111111111111112,1028.95181068,2320.28719801
6255,6287,0,0,0,0,1066.6666666666667,0.10283229166666667,0.19173072916666667,0.8347153645833334,0.0,1.9370544210080611,0.0,0.6931471805599453,0.0,8.333333333333334,0.0,1500.0,3000.0
6259,6291,8,16,2,3,55338.8888888889,0.14305451259913662,0.3423744503563899,0.8984183666298565,66.6666666667,1.719313179376169,9.663835125555556,0.922034890005964,209.776699029,72.22222222222223,208.33333333333334,300.896373559,139.84153112
6262,6294,0,0,0,0,5358.333333333334,0.08659372731985485,0.1852296008294453,0.8656930533955418,2.77777777778,0.0,5.453387948083334,1.5431033017076106,0.0,2.777777777777778,91.66666666666667,764.856281494,3000.0
6267,6299,1,0,0,0,15913.88888888889,0.06996987257811137,0.14688734508640253,0.8672503578285913,8.33333333333,0.0,5.4133598250000015,1.6020008399711878,68.0,33.333333333333336,11.111111111111112,1500.0,1722.9888813
6272,6304,1,1,0,0,8352.77777777778,0.11563618224143665,0.27395670103092784,0.8888379447954773,8.33333333333,0.6995843683655075,8.93945691366667,1.5526569684489866,0.0,11.111111111111112,63.88888888888889,596.367707632,1577.52134164
6273,6305,0,0,0,0,233.33333333333334,0.04075714285714286,0.30806428571428573,0.8637476190476191,0.0,0.9765818160586105,0.0,1.2396593920543855,0.0,0.0,0.0,1500.0,3000.0
6283,6315,0,5,1,0,2727.777777777778,0.10527698574338086,0.1706439918533605,0.8742537678207739,2.77777777778,0.6188719447070445,0.0,1.754105330999288,0.0,11.111111111111112,8.333333333333334,368.652879084,1002.17582258
6287,6319,0,0,1,0,12416.666666666668,0.14708069351230424,0.25592615212527964,0.8325136241610739,2.88164845458,1.6787217945617576,1.9528461252555558,1.763636591203586,302.0,47.22222222222223,2.777777777777778,1500.0,3000.0
6290,6322,0,0,0,0,3050.0,0.06770054644808743,0.2698809653916211,0.8581742258652095,5.55555555556,0.0,5.544853562944444,1.6041270847844764,55.0,2.777777777777778,55.555555555555564,1500.0,1678.62690633
6291,6323,0,1,0,0,5352.777777777778,0.07557872340425531,0.2728415153087701,0.8603143227815258,13.888888888899999,0.9977722241141105,6.611423164861112,1.5609289143658684,0.0,72.22222222222223,152.7777777777778,1500.0,597.03074603
6294,6326,0,1,0,0,1544.4444444444446,0.0840818345323741,0.2803455035971223,0.8237749999999999,0.0,0.0,1.6206781463166666,0.0,0.0,0.0,0.0,1500.0,3000.0
6298,6330,0,0,4,0,7750.0,0.10262487455197132,0.19090394265232974,0.8472866308243728,5.55555555556,0.37324779951029574,3.6870051974722227,1.3745160493928463,0.0,0.0,119.44444444444446,617.815198036,1842.0316228
6299,6331,1,6,0,0,44147.222222222226,0.12126346190146606,0.3379986849556409,0.9019244636003272,27.777777777799997,1.668426999241819,15.363073653805557,1.881325060813206,169.875,33.333333333333336,172.22222222222226,401.971010851,569.95695056
6303,6335,1,8,0,0,17144.44444444445,0.11854283862605314,0.2467369086195723,0.8672161860012962,5.55555555556,1.668691746147571,6.0390365165,1.0284961049021932,583.833333333,52.77777777777778,155.55555555555557,584.004440554,682.26223971
6307,6339,1,0,0,0,1347.2222222222224,0.04688556701030928,0.23304041237113404,0.8328773195876288,0.0,1.6818619436995088,4.375071516916667,1.308605387253449,0.0,13.888888888888891,8.333333333333334,1500.0,3000.0
6315,6347,0,1,0,0,852.7777777777778,0.06371628664495115,0.19412247557003257,0.8990166123778502,0.0,1.1260036517281937,0.7698315910416668,1.5406465859104317,141.0,72.22222222222223,11.111111111111112,895.327134313,2211.08361768
6319,6351,0,0,0,0,4636.111111111112,0.07948915518274415,0.22649239065308568,0.8660415218693828,0.0,1.276809447653155,10.939449178055556,1.15374194270109,0.0,2.777777777777778,8.333333333333334,1500.0,2929.90874445
6328,6360,0,1,0,0,22466.666666666668,0.12725701038575668,0.2344759396636993,0.8528847057368942,11.1111111111,0.7469721399718627,0.0,1.5936201370966878,91.0,19.444444444444446,38.88888888888889,1031.29955353,799.2678561
6343,6375,6,12,2,1,46258.333333333336,0.08949756800576472,0.26810334474268904,0.8755660241397946,52.777777777800004,0.7691346760787297,5.039034904944445,2.0112333676002425,67.6666666667,63.88888888888889,191.66666666666669,579.965340864,508.66766649
6347,6379,0,0,0,0,58.333333333333336,0.08095238095238096,0.050595238095238096,0.9477857142857143,0.0,0.0,2.024818099927778,0.0,0.0,0.0,2.777777777777778,1500.0,3000.0
6353,6385,0,1,0,0,2972.2222222222226,0.051913644859813084,0.1568252336448598,0.8541000934579439,0.0,0.0,5.505612039027778,0.9502705392332347,0.0,2.777777777777778,2.777777777777778,1500.0,2230.22779284
6357,6389,1,3,0,1,18544.44444444445,0.07836460455362493,0.29505380467345715,0.8486199370880767,8.33333333333,0.0,8.148956699750002,1.7476145198910689,58.5,11.111111111111112,94.44444444444446,1500.0,685.65038915
6362,6394,0,1,0,0,858.3333333333334,0.11429514563106796,0.27184563106796117,0.8254877022653722,0.0,0.0,0.9878753275944444,0.0,0.0,0.0,0.0,1500.0,3000.0
6366,6398,1,5,2,1,9438.88888888889,0.1160503237198352,0.2817937610359035,0.8580289582107121,8.33333333333,2.1841907308498674,1.0425521899916665,1.8952412681689572,64.3333333333,44.44444444444445,194.44444444444446,1472.74205946,1671.39756118
6378,6410,0,2,2,1,6916.666666666667,0.10119630522088353,0.31476144578313253,0.8587897991967871,5.55555555556,1.7981153952242548,5.38849519025,1.1116500232133688,522.0,72.22222222222223,266.6666666666667,1313.20808623,204.24070487
6379,6411,0,0,0,0,577.7777777777778,0.050685576923076923,0.3406528846153846,0.8687360576923078,2.77777777778,1.837273139749235,0.0,1.2130075659799042,0.0,0.0,44.44444444444445,1500.0,3000.0
6385,6418,0,2,0,0,4358.333333333334,0.10004047163798599,0.28756207775653286,0.8534081580624602,5.55555555556,0.0,10.173961955805556,1.2440166957928942,0.0,11.111111111111112,266.6666666666667,1500.0,833.61200985
6389,6422,0,1,0,0,2619.444444444445,0.060175397667020146,0.20262492046659597,0.8511967126193001,8.33333333333,0.0,13.704556396750002,1.5134058386196787,0.0,2.777777777777778,52.77777777777778,1500.0,3000.0
6394,6427,4,11,2,12,27144.44444444445,0.15973858984854686,0.4155568563241916,0.8761180004093329,11.1111111111,1.485807570385438,7.307429564000001,1.7703688672935827,172.294117647,236.11111111111114,247.22222222222226,69.5666392077,885.73516427
6396,6429,0,1,0,0,280.5555555555556,0.09127722772277228,0.14024257425742576,0.9033306930693069,0.0,0.0,6.460424107083334,0.0,0.0,0.0,0.0,1500.0,1623.85940837
6401,6434,7,15,5,0,19952.77777777778,0.0774265766392872,0.22604390923012668,0.860816441598218,41.666666666699996,0.0,12.529109525222223,1.4636739891607138,0.0,11.111111111111112,108.33333333333334,1288.23941795,1188.92118201
6404,6437,0,0,0,0,3902.7777777777783,0.08677708185053382,0.24820932384341637,0.8503303202846975,2.77777777778,0.8106215273079862,2.951956624888889,1.619064424809292,0.0,16.666666666666668,27.777777777777782,1500.0,2015.68272303
6411,6444,1,0,0,1,5427.777777777778,0.09773776867963153,0.3155016888433982,0.868339559877175,2.77777777778,1.0354332703418658,6.628833483944445,1.6046018745441422,46.0,16.666666666666668,155.55555555555557,1500.0,1612.78217083
6415,6448,0,1,1,0,2341.666666666667,0.13131625148279952,0.33767069988137605,0.8829157769869513,13.888888888899999,0.3339711156664474,7.157989694777779,1.275448869752317,0.0,19.444444444444446,94.44444444444446,1428.11420186,1515.33716183
6437,6470,14,21,7,0,34936.11111111112,0.10703714717341178,0.33172906098433647,0.8626382364633854,47.2222222222,0.17903074739663022,10.363522886638892,1.8595252493632997,159.5,69.44444444444446,208.33333333333334,555.37508862,434.49799774
6446,6480,3,0,0,4,10236.111111111111,0.08384662143826323,0.241937829036635,0.8598826594301222,0.0,1.8375105391055306,5.229831449055556,1.9138830630059318,132.0,27.777777777777782,5.555555555555556,1500.0,3000.0
6448,6482,0,1,0,0,966.6666666666667,0.047687643678160925,0.22303649425287356,0.8883439655172415,0.0,0.0,5.89069409288889,0.0,72.5,13.888888888888891,19.444444444444446,1302.76862944,3000.0
6460,6494,0,1,0,1,4358.333333333334,0.1020778840025494,0.28147903123008283,0.8878775653282345,0.0,0.3715804012725294,0.8796889959138889,1.3535913521346064,101.0,5.555555555555556,52.77777777777778,977.070868653,3000.0
6464,6498,0,0,0,0,1088.888888888889,0.07118647959183674,0.18533367346938776,0.8800056122448979,2.77777777778,0.0,7.951076720361112,1.4708084763221114,0.0,2.777777777777778,16.666666666666668,921.151318309,3000.0
6469,6503,1,7,3,0,21097.222222222223,0.14428904542462145,0.3009899144173798,0.8681420276497696,5.55555555556,1.795414478401951,6.168303853638889,1.8603768982624969,38.0,86.11111111111113,155.55555555555557,514.049598752,871.77000905
6474,6508,0,1,0,0,2208.3333333333335,0.06095006289308176,0.19407245283018867,0.8470387421383648,11.4943915077,1.8729377992599436,8.45683096527778,1.7234868448421836,0.0,2.777777777777778,36.111111111111114,1500.0,3000.0
6477,6511,3,1,0,0,19950.0,0.20860257588415484,0.3235625034809245,0.8986665552770816,5.55555555556,0.5443683951525893,8.442666190638889,1.6729202404907881,476.0,44.44444444444445,108.33333333333334,446.534091259,1447.70582772
6480,6514,3,3,0,0,20013.88888888889,0.09011503122831367,0.25444480222068006,0.8749636502428868,61.111111111099994,0.6665876582840781,6.0283044628611115,1.849593178751884,0.0,47.22222222222223,230.55555555555557,891.935569228,892.92576479
6482,6516,0,0,0,0,183.33333333333334,0.14090909090909093,0.13414545454545454,0.8511060606060606,0.0,0.0,1.4296906411777779,0.0,0.0,0.0,0.0,1500.0,3000.0
6487,6521,0,0,0,0,138.8888888888889,0.0,0.455996,0.7965000000000001,0.0,1.6812951743890199,0.0,0.45056120886630463,90.0,0.0,36.111111111111114,1500.0,2972.27854827
6490,6524,1,2,0,0,11094.444444444445,0.17987826740110166,0.2912373560340511,0.8752742864296444,11.1111111111,0.0,5.819436164333334,1.6081537102428887,0.0,52.77777777777778,11.111111111111112,1500.0,2386.5967291
6493,6527,0,4,1,1,30977.77777777778,0.1278240943328551,0.24724314921090387,0.8901021251793401,19.4444444444,0.20705969668255986,3.3859063779722227,1.719381752008422,165.5,22.222222222222225,86.11111111111113,357.753381338,1187.61461308
6501,6535,0,2,0,1,4550.0,0.08116794871794872,0.2579836385836386,0.8382789987789988,8.33333333333,1.7775249549400216,0.0,1.5657450469612766,120.0,5.555555555555556,25.0,1500.0,3000.0
6503,6537,0,0,0,0,4100.0,0.08774735772357722,0.3024660569105691,0.8870607723577235,19.4444444444,0.1321232250055968,8.124250406916667,1.5833396787590814,0.0,0.0,158.33333333333334,1500.0,1590.4264986
6517,6551,0,8,4,1,3636.1111111111118,0.13205156608097784,0.3215792971734148,0.8836558441558442,58.3333333333,1.7901054157180543,7.805774066555556,1.53075431058169,0.0,30.55555555555556,513.888888888889,227.024218921,2348.29611118
6524,6558,1,6,0,0,22297.222222222223,0.11755229849258753,0.2124278310701383,0.8191304846144263,2.77777777778,0.0,6.185285574861113,1.654033648757923,0.0,25.0,5.555555555555556,1500.0,3000.0
6526,6560,0,0,0,0,3594.4444444444453,0.1363062596599691,0.21295873261205564,0.8957953632148378,0.0,0.24585826521645088,4.318734775111111,1.6749900127837865,0.0,5.555555555555556,0.0,1155.1420009,1920.16951
6544,6578,1,0,0,1,21722.222222222223,0.08954547314578004,0.20927730179028134,0.8592161764705882,25.0,0.0,0.0,1.7968641083135541,0.0,16.666666666666668,27.777777777777782,1500.0,3000.0
6547,6581,1,1,0,0,397.22222222222223,0.035408391608391605,0.2220867132867133,0.8776251748251748,2.77777777778,0.0,2.894711322166667,1.0397207708399179,0.0,5.555555555555556,0.0,1500.0,1928.53296121
6550,6584,1,9,0,1,16469.44444444445,0.08977220441895767,0.2885115702479339,0.8710732838589982,69.4444444444,1.361683075887168,6.935303366833334,1.3477089582569908,58.5,30.55555555555556,319.4444444444445,1103.6213897,1572.15620572
6551,6585,0,1,0,0,200.0,0.05650972222222222,0.2682305555555555,0.9287541666666667,0.0,0.0,0.0,0.0,0.0,0.0,0.0,847.347041494,1548.6413111
6556,6590,2,1,0,0,15808.333333333334,0.147607151642945,0.34290736250219644,0.8053643120716921,8.33333333333,0.0,5.8616800281111106,1.7879264228937566,124.0,50.0,13.888888888888891,1500.0,3000.0
6558,6592,0,3,12,10,39630.55555555556,0.12656638396299152,0.3887516506623677,0.8760837807527861,47.2222222222,0.4158450180523996,9.728860221444446,1.7657125817865849,309.75,36.111111111111114,302.7777777777778,323.752889166,254.55730919
6561,6595,2,4,4,0,9122.222222222224,0.07423559683313033,0.2051975334957369,0.8669115712545676,13.888888888899999,1.6907147587262918,10.596642450444444,1.8151570099516456,0.0,11.111111111111112,144.44444444444446,1500.0,2548.39632292
6565,6599,2,2,0,0,19516.666666666668,0.16928844292627382,0.30286574153145457,0.8618159834898946,2.77777777778,0.0,5.296778604805556,1.732179414718265,74.0,116.66666666666667,5.555555555555556,812.800808959,1981.43558061
6573,6608,0,1,0,0,9488.88888888889,0.10382742974238876,0.3398789227166276,0.8749558840749414,8.33333333333,0.0,9.818790334944445,1.6384795976246425,0.0,2.777777777777778,50.0,306.147166974,3000.0
6584,6619,0,0,0,1,14955.555555555557,0.1531244985141159,0.27110425334323923,0.890454661961367,5.55555555556,0.0,2.874729824277778,1.7510120666851197,0.0,11.111111111111112,13.888888888888891,806.417547509,660.87423495
6596,6631,0,0,0,1,7211.111111111112,0.11718574730354392,0.27419156394453004,0.8772300847457627,8.33333333333,1.7096086133811224,1.6321588475583335,1.48976736400735,0.0,61.11111111111112,27.777777777777782,1500.0,2368.80478426
6600,6635,1,0,0,0,2850.0,0.08811608187134502,0.2224696881091618,0.8761456140350877,27.777777777799997,0.0,0.4786068794666667,1.6446470598741658,0.0,13.888888888888891,11.111111111111112,1500.0,880.75327713
6609,6644,0,2,0,1,2727.777777777778,0.06120274949083503,0.2927645621181263,0.8727221995926681,41.666666666699996,1.6802213848498928,6.717900732,1.567431985334184,136.0,0.0,38.88888888888889,1500.0,2894.29661752
6618,6653,6,1,1,3,38641.66666666667,0.11460129394004744,0.2540755373445475,0.8805273812091151,25.0,0.7911184834778794,12.359716776444445,1.9052602745377645,0.0,125.0,91.66666666666667,886.727050759,877.94902609
6621,6656,0,2,0,0,14813.88888888889,0.08296532908306768,0.25304969060566285,0.8649444965310331,5.55555555556,0.0,3.8647971918611117,1.3720884693869815,0.0,0.0,141.66666666666669,938.463060589,2094.41711734
6627,6662,1,2,0,0,24255.55555555556,0.1916827530920751,0.32741149793861657,0.8840595854328905,8.33333333333,1.600772358572237,6.3025280906944445,1.7992024853358792,115.0,72.22222222222223,66.66666666666667,244.471043068,1057.83768117
6630,6665,0,1,0,0,7408.333333333334,0.06676782902137232,0.21503772028496437,0.8636718035245594,2.77777777778,0.0,11.529306239805555,1.18924941057789,0.0,5.555555555555556,69.44444444444446,1500.0,1573.8929018
6635,6670,1,0,0,0,2150.0,0.07805116279069768,0.1806719638242894,0.8897970284237726,0.0,0.0,6.920066525666666,0.6365141682948128,0.0,5.555555555555556,50.0,1500.0,3000.0
6644,6679,0,0,0,0,1638.888888888889,0.08487627118644067,0.3246023728813559,0.8668776271186441,0.0,1.0426447101814595,11.248875424277777,1.8854914082728838,0.0,5.555555555555556,94.44444444444446,305.774230515,3000.0
6671,6706,0,1,0,0,8936.111111111111,0.07332769661175008,0.17367920422754118,0.843050481815356,11.1111111111,1.7754422709607263,9.029294775277778,1.5415290900561818,46.0,5.555555555555556,69.44444444444446,1500.0,729.07178859
6673,6708,0,0,0,0,4380.555555555556,0.10006772352568168,0.25616410906785037,0.8671764743183259,2.77777777778,0.6049862006781005,12.204815269277779,1.779454589209033,0.0,2.777777777777778,130.55555555555557,1500.0,3000.0
6676,6711,0,0,0,0,8344.444444444445,0.07616388149134487,0.30476967376830894,0.8297946071904128,5.55555555556,0.19146586517890232,3.9290570181666675,1.8287733817779974,0.0,2.777777777777778,5.555555555555556,1500.0,3000.0
6715,6750,2,5,1,0,30233.333333333336,0.1164077085630283,0.3280954704152885,0.8555693127526645,33.333333333300004,0.0,3.473849209222222,1.920277522329957,98.6666666667,108.33333333333334,105.55555555555556,520.459113542,2473.32621531
6729,6764,0,1,0,0,1488.888888888889,0.12228190298507462,0.391395895522388,0.8940944029850746,5.55555555556,0.927225187929038,2.6153290765722224,1.5685086363351277,0.0,55.555555555555564,577.7777777777778,1500.0,2065.22837537
6737,6772,0,3,1,0,7611.111111111112,0.08047226277372263,0.22534167883211678,0.8623647445255473,22.2222222222,0.6358827503989513,0.6761533333305556,1.7770650740086764,254.4,5.555555555555556,97.22222222222223,972.458845779,1132.33010962
6741,6776,0,2,1,0,9897.222222222224,0.08053168678080269,0.3501165029469548,0.8654670221723267,22.2222222222,0.0,5.981389707388889,1.6707739227240035,220.0,13.888888888888891,86.11111111111113,919.047198268,2691.3496118
6742,6777,0,2,0,0,11805.555555555557,0.12385317647058823,0.21407352941176472,0.8747054823529412,13.888888888899999,1.5673082174590158,10.970918952111113,1.7657082503237518,0.0,27.777777777777782,27.777777777777782,1408.98309419,3000.0
6750,6785,2,1,0,0,5050.0,0.21378443344334433,0.1951344884488449,0.8727118261826182,2.77777777778,0.0,0.0,1.5850998376444738,158.0,11.111111111111112,2.777777777777778,1500.0,3000.0
6754,6789,0,1,0,0,9408.333333333334,0.11073507528786537,0.21362350162385593,0.8215601417183349,2.77777777778,0.0,5.892026708361112,1.8063150468861249,0.0,16.666666666666668,33.333333333333336,1500.0,3000.0
6758,6793,1,5,0,1,31788.888888888894,0.09358106431317721,0.2618014767563789,0.8606154404054526,27.777777777799997,0.0,0.0,1.768127907139221,80.0,30.55555555555556,80.55555555555556,1237.90670951,1903.65835988
6777,6812,0,0,0,0,3161.1111111111113,0.08562785588752198,0.18969639718804923,0.8383689806678383,8.33333333333,1.3255407759825968,2.585284999997222,1.0417067794045618,112.0,2.777777777777778,111.11111111111113,1500.0,1799.03955792
6784,6819,6,4,0,1,17886.111111111113,0.14452003416679607,0.3560883677589688,0.8879328933064141,22.2222222222,0.7600105678961022,4.748294203916667,1.9651683162235245,674.058823529,183.33333333333334,83.33333333333334,348.312831295,302.13120428
6789,6824,0,0,0,0,3063.888888888889,0.08003345421577515,0.2222877606527652,0.859196554850408,11.1111111111,0.0,6.030057701333334,1.583275505245873,0.0,0.0,69.44444444444446,1411.8384712,2537.7511489
6790,6825,0,0,0,0,1844.4444444444446,0.04099728915662651,0.22660406626506024,0.8809915662650601,0.0,0.0,3.0794540591111113,1.8457059423864588,0.0,0.0,0.0,1500.0,3000.0
6798,6833,0,2,0,0,1386.1111111111113,0.08837515030060121,0.27197535070140283,0.8775374749498999,2.77777777778,0.8456480141764862,2.9259257357222226,1.856622631873931,0.0,22.222222222222225,11.111111111111112,1500.0,2072.5408042
6799,6834,0,2,0,0,6102.777777777778,0.05723322712790169,0.17428188438780154,0.8736831588529813,100.0,0.34712431971175983,3.3994657322777786,1.258317895502333,0.0,2.777777777777778,13.888888888888891,1002.60292063,2237.39834351
6800,6835,0,0,0,0,3244.444444444445,0.08854897260273972,0.29203193493150686,0.8416039383561643,8.33333333333,1.3495866693175604,2.389816611677778,0.9724308297280604,256.0,8.333333333333334,50.0,1500.0,2265.06816573
6806,6841,0,1,0,0,6508.333333333334,0.16622138284250962,0.29499125053350406,0.8676860435339309,5.55555555556,0.0,6.728609029555556,1.7410846762712504,0.0,16.666666666666668,127.77777777777779,795.903407254,754.55262075
6808,6843,2,0,0,0,2372.2222222222226,0.08488688524590163,0.23413782201405153,0.8415297423887588,2.77777777778,0.0,6.280140368666667,1.4772924451756126,0.0,2.777777777777778,61.11111111111112,1500.0,2052.21286943
6809,6844,0,0,0,0,8294.444444444445,0.09338754186202278,0.29052541862022774,0.8484793034159411,5.55555555556,0.0,4.833192501416668,1.7713923173569235,33.0,5.555555555555556,77.77777777777779,1208.26401657,1518.01443016
6814,6850,0,3,0,0,22027.77777777778,0.107551815889029,0.26351039092055484,0.8502480958385877,30.555555555599998,1.484403333661037,14.035324052694445,1.7554580989086566,49.8333333333,116.66666666666667,186.11111111111111,1271.72591284,1118.82954982
6819,6855,0,3,0,0,9894.444444444445,0.11585103874227962,0.30141970802919704,0.8625316114542392,13.888888888899999,1.0888269849316496,7.7331210662777785,1.7070537375273807,0.0,36.111111111111114,52.77777777777778,1117.82116131,1034.8370532
6821,6857,0,0,0,0,1355.5555555555557,0.057782172131147544,0.16513954918032786,0.8504059426229509,5.55555555556,0.0,2.561890846616667,1.5414409520734815,0.0,11.111111111111112,30.55555555555556,1500.0,1983.215255
6825,6861,1,2,0,0,8655.555555555557,0.13179698331193837,0.3657539152759949,0.8740613928112966,5.55555555556,0.17729414709404812,0.19273500041972225,1.5987514741504114,96.0,36.111111111111114,202.7777777777778,988.096224499,304.55658349
6826,6862,0,1,1,0,988.888888888889,0.0458564606741573,0.18184775280898874,0.8651719101123595,0.0,1.9762866504327394,4.82105920238889,1.2622431674900145,0.0,0.0,38.88888888888889,1234.41881141,3000.0
6830,6866,0,0,0,0,286.11111111111114,0.12856990291262135,0.3293242718446602,0.8875631067961165,0.0,1.9539696876626425,0.5019002355500001,0.0,0.0,2.777777777777778,11.111111111111112,1500.0,3000.0
6833,6869,0,0,0,1,1744.4444444444446,0.08702372611464969,0.1647609872611465,0.8824079617834395,2.77777777778,0.2598770557383444,2.749250615713889,1.277034259466139,0.0,11.111111111111112,22.222222222222225,400.521731061,1505.98710666
6841,6877,0,7,2,2,26544.44444444445,0.1327194328170783,0.4628719443281708,0.8701344809543743,33.333333333300004,1.371286760622821,6.070544727194446,1.6877590320885776,82.0,52.77777777777778,141.66666666666669,654.624340844,880.15243705
6849,6885,0,0,0,0,69.44444444444446,0.12,0.36,0.9333400000000001,0.0,0.4549957540419774,0.0,0.6931471805599453,0.0,2.777777777777778,11.111111111111112,1500.0,3000.0
6852,6888,0,1,0,0,283.33333333333337,0.1362450980392157,0.20847450980392154,0.8942450980392156,0.0,0.0,2.465056754297222,0.0,0.0,0.0,0.0,1500.0,3000.0
6853,6889,0,0,0,0,1636.1111111111113,0.1414264855687606,0.45272835314091675,0.8751847198641766,0.0,0.0,3.2081491733611114,0.7214636866925116,0.0,5.555555555555556,13.888888888888891,1500.0,1286.0420079
6866,6902,0,2,0,0,9280.555555555557,0.06460697395989225,0.1792687518706974,0.8325369051182281,13.888888888899999,0.0,13.840322633861113,2.0301530356425013,32.0,22.222222222222225,69.44444444444446,1500.0,3000.0
6875,6911,0,0,1,0,6666.666666666667,0.10341479166666667,0.2798525416666667,0.8679514166666666,11.1111111111,1.3508089218081092,8.44232897725,1.608323794329731,0.0,27.777777777777782,83.33333333333334,1500.0,3000.0
6900,6936,0,1,0,0,3077.777777777778,0.035538357400722025,0.14978619133574006,0.8866576714801444,0.0,1.702679038485746,4.307537508444445,0.3250829733914482,0.0,2.777777777777778,47.22222222222223,1500.0,2402.85311055
6904,6940,0,0,0,0,1016.6666666666667,0.07274289617486339,0.2478368852459016,0.8703778688524589,0.0,1.7476256903732057,1.523006184702778,0.0,0.0,0.0,8.333333333333334,1500.0,3000.0
6909,6945,0,0,0,0,1294.4444444444446,0.1013549356223176,0.36678390557939916,0.8784787553648069,2.77777777778,0.0,1.5043109939000003,1.4263098748599194,0.0,0.0,91.66666666666667,899.045376059,1268.51127673
6911,6947,0,0,0,1,3597.2222222222226,0.07265814671814672,0.24779189189189188,0.8505115830115829,2.77777777778,1.6713518524348454,9.546153036805556,1.3951483101958189,0.0,2.777777777777778,47.22222222222223,688.731356403,552.31377365
6918,6955,0,0,0,0,4752.777777777778,0.08307703097603741,0.2374136762127411,0.8687302162478083,0.0,0.7837077565398959,4.320940248666667,1.3964020132553188,0.0,25.0,16.666666666666668,1500.0,3000.0
6919,6956,17,10,3,4,53527.77777777778,0.1557476595744681,0.3390035962636222,0.8813087597301505,33.333333333300004,0.012408736127351872,7.479060421361111,2.0721198586109697,310.170212766,216.66666666666669,66.66666666666667,135.773587374,157.97498612
6923,6960,2,7,1,1,20147.222222222223,0.09384684957948435,0.23888603336550393,0.8570023162829175,25.0,1.0410146535336748,9.428936319111113,1.7199992427029196,71.0,44.44444444444445,122.22222222222224,1500.0,774.30827433
6925,6962,0,0,6,0,15144.444444444447,0.09974462582538517,0.24247432134996333,0.8335278796771828,5.55555555556,0.0,10.518977755666667,1.6984662203140035,96.2307692308,30.55555555555556,88.8888888888889,1500.0,1263.65355173
6933,6970,0,1,1,0,8058.333333333334,0.10247921406411581,0.21147590486039294,0.8529562909341606,2.77777777778,0.0,1.94750932075,1.4869546511335483,414.0,2.777777777777778,11.111111111111112,1500.0,3000.0
6943,6981,0,1,0,0,7333.333333333334,0.1320576893939394,0.3881104166666667,0.8721396212121213,5.55555555556,0.5562311805782854,0.7504646346888889,1.4053484997634842,0.0,22.222222222222225,16.666666666666668,1001.08907957,1212.6035593
6953,6991,0,3,0,0,4605.555555555556,0.11901260554885404,0.23477322074788903,0.8615659831121834,5.55555555556,0.21533555123134687,2.9058820608055558,1.5890181112155048,222.0,19.444444444444446,44.44444444444445,262.488830399,791.67588204
6957,6995,6,14,13,3,15441.666666666668,0.12740717754991904,0.2949463212808059,0.8804261917611081,13.888888888899999,1.8644751001406277,6.039435583166668,1.9924685684403671,64.2,58.333333333333336,77.77777777777779,129.825925376,2428.66490684
6972,7010,1,5,1,0,30088.888888888894,0.13547316285081243,0.2526830132939438,0.8712237629246675,16.6666666667,0.09632734103044825,6.700556120444445,1.4001755204411177,74.0,27.777777777777782,47.22222222222223,279.141183494,181.43321568
6984,7022,7,12,1,3,57452.77777777779,0.1499180002900933,0.3475854373156699,0.8766987525987526,27.777777777799997,0.30379675502465414,10.33410615625,2.013933578496934,429.0,186.11111111111111,430.55555555555566,706.569496661,1244.65501545
6987,7025,0,1,1,0,10552.77777777778,0.06789357725717295,0.18999268228481178,0.8434688865490918,13.888888888899999,0.5418032083037727,22.45813404338889,1.3696639419773526,590.0,19.444444444444446,36.111111111111114,1178.38217812,634.7075679
6990,7028,0,0,0,0,736.1111111111112,0.059426037735849056,0.24912603773584904,0.8558211320754717,0.0,1.8400030367921032,1.4447577455027778,0.6365141682948128,0.0,11.111111111111112,2.777777777777778,1500.0,3000.0
6996,7034,0,0,0,0,800.0,0.09206493055555556,0.37081597222222223,0.8363281250000001,0.0,1.695983362206027,0.13602381280333337,0.6365141682948128,0.0,0.0,0.0,380.42503896,3000.0
7003,7041,0,1,0,0,591.6666666666667,0.06818262910798122,0.26037934272300467,0.9178107981220657,0.0,0.0,8.5238333495,0.0,0.0,0.0,11.111111111111112,1500.0,3000.0
7011,7049,1,0,0,0,6708.333333333334,0.09186770186335404,0.28654861283643895,0.862627701863354,2.77777777778,0.0,3.488748753083333,1.4649085171980094,0.0,5.555555555555556,11.111111111111112,1100.66449491,811.955204
7012,7050,4,12,0,1,51033.333333333336,0.20893575549749618,0.37513816677552797,0.8569813901589376,22.2222222222,0.5301196276825297,9.726021892222223,1.9270633839768554,215.8,352.7777777777778,588.888888888889,140.23056641,162.01752762
7017,7055,0,0,0,0,5375.0,0.08380656330749353,0.19885596899224806,0.8505822222222222,8.33333333333,0.0,4.684463408916667,1.6405986747298231,0.0,25.0,19.444444444444446,1500.0,2187.62104271
7026,7064,0,4,0,0,5947.222222222223,0.07360864082204578,0.20649336758524056,0.8235037365716955,0.0,0.10247193896193031,7.198852795555557,1.441013706663053,33.0,8.333333333333334,75.0,1500.0,3000.0
7027,7065,0,1,0,0,2877.777777777778,0.11489575289575289,0.41766206563706565,0.875663416988417,0.0,1.6670461439701787,4.081376277,1.2130075659799042,0.0,25.0,208.33333333333334,750.23205549,2043.5745194
7049,7087,0,0,0,0,902.7777777777779,0.054188615384615384,0.12121138461538462,0.8440409230769231,0.0,0.0,2.7670716233888895,1.4402347497045995,0.0,0.0,0.0,1500.0,3000.0
7057,7095,1,3,1,5,38911.11111111112,0.16665298400913764,0.49397103083952026,0.8531270416904626,44.4444444444,1.6783460156595258,12.242734499666668,1.5140200772377699,556.0,188.8888888888889,380.5555555555556,312.712352796,255.27943467
7065,7103,4,17,21,5,111702.7777777778,0.12266963171113818,0.4736075224429911,0.8657719120682367,91.6666666667,0.0,3.771872548166667,2.0122827825497627,557.352941176,94.44444444444446,66.66666666666667,501.977741888,565.3237921
7067,7105,2,0,1,0,2408.3333333333335,0.08072525951557093,0.20981049596309112,0.8422562860438294,2.77777777778,0.0,6.4739429018055565,1.4669071049122544,0.0,11.111111111111112,36.111111111111114,1500.0,1224.88657485
7068,7106,0,2,1,1,13666.666666666668,0.09826380081300813,0.42646833333333334,0.865192337398374,22.2222222222,0.0,4.778124122722223,1.9867915201419448,120.5,33.333333333333336,80.55555555555556,1005.89639398,1966.58427405
7082,7120,0,0,0,0,494.4444444444445,0.08520280898876405,0.36522808988764044,0.8676016853932584,0.0,0.4492278163990259,6.8329960480555565,1.0397207708399179,0.0,2.777777777777778,2.777777777777778,1500.0,3000.0
7095,7133,8,7,3,11,52763.8888888889,0.1677648223216636,0.4358622584890761,0.8839608844432745,61.111111111099994,0.23083951269121059,11.375685972222223,1.6520748851057698,152.136363636,150.0,355.5555555555556,384.482909044,110.37768383
7101,7139,0,0,0,0,2536.1111111111113,0.06656330777656079,0.2638631982475356,0.8266967141292442,0.0,1.6935071060158438,2.4471444561388895,1.0397207708399179,0.0,0.0,2.777777777777778,1500.0,3000.0
7117,7155,0,6,1,1,6277.777777777778,0.1568683185840708,0.436159203539823,0.8734477433628318,22.2222222222,0.0,4.41005781338889,1.9867446059187457,949.666666667,180.55555555555557,138.8888888888889,709.236074105,447.83784997
7120,7158,0,0,0,0,30.55555555555556,0.13636363636363635,0.0,0.9221090909090909,0.0,0.0,0.5997023280194445,0.0,0.0,0.0,0.0,1500.0,2573.33893132
7123,7161,2,14,0,2,34333.333333333336,0.11561224110032363,0.3665533252427185,0.8475030582524272,25.0,0.5202414681452562,18.032174487083335,1.7887618012932913,534.852941176,116.66666666666667,166.66666666666669,1500.0,640.33898656
7125,7163,1,1,0,0,1091.6666666666667,0.11864860050890585,0.23850127226463103,0.8575340966921119,8.33333333333,2.198684807614436,4.031546296944445,0.8953326659680909,540.0,5.555555555555556,2.777777777777778,1500.0,3000.0
7138,7176,1,4,2,0,46136.11111111112,0.1390750075260401,0.341996188813294,0.8774001926666265,72.2222222222,0.0,9.16005011788889,1.0808957875992788,241.5,41.66666666666667,522.2222222222223,487.458272477,1436.45481312
7141,7179,0,1,0,0,1075.0,0.13183359173126613,0.3536023255813953,0.8084191214470284,2.77777777778,1.7266145360664489,0.6643037408500001,1.0821725980545276,0.0,0.0,8.333333333333334,1500.0,3000.0
7154,7192,1,0,0,0,122.22222222222224,0.0644,0.40955909090909093,0.8633545454545455,0.0,0.0,2.7694878044083335,0.0,0.0,2.777777777777778,2.777777777777778,1450.64907373,2198.15650177
7158,7196,1,6,19,1,31577.77777777778,0.13538027797325827,0.47709100105559465,0.8960591572836031,36.1111111111,0.20382656974817726,6.800947546416667,1.5229303900565363,545.0,136.11111111111111,155.55555555555557,203.849155704,1193.217981
7162,7200,0,5,0,0,13991.666666666668,0.08304659519555291,0.2551965058566607,0.8504385149890809,13.888888888899999,0.0,10.143288861861112,1.8251716353102065,0.0,25.0,100.0,1500.0,1866.21048881
7166,7204,2,3,1,0,11411.111111111111,0.0996510223953262,0.31791445959104186,0.8469118305744888,0.0,1.7579005928376976,13.823885266611112,1.8635990934380462,158.818181818,44.44444444444445,38.88888888888889,1500.0,837.63691341
7177,7215,0,1,10,0,8175.0,0.1124454638124363,0.25737539925246344,0.8246648997621475,16.6666666667,1.7906031766308421,7.789163794944445,0.9503738278476448,84.6666666667,2.777777777777778,191.66666666666669,1500.0,2400.32353331
7185,7223,0,2,0,0,1088.888888888889,0.08408035714285714,0.17390459183673468,0.8209767857142857,0.0,0.0,8.377653944194444,1.5571130980576458,0.0,2.777777777777778,8.333333333333334,1121.05276566,2700.64812693
7191,7229,1,0,0,0,872.2222222222223,0.09728089171974522,0.28466815286624203,0.8280232484076433,0.0,0.0,10.487187928805557,1.6957425341696346,0.0,11.111111111111112,5.555555555555556,1500.0,3000.0
7193,7231,0,0,0,0,2686.1111111111113,0.10315635987590487,0.2409008273009307,0.8256350568769389,2.77777777778,1.6729674961865266,10.822067014861112,1.7305214824397837,648.5,33.333333333333336,44.44444444444445,244.36414441,3000.0
7194,7232,0,3,0,0,2102.777777777778,0.08138652575957728,0.1907981505944518,0.8553540290620872,0.0,0.6049579544560684,3.583824876194444,1.2996509635498974,0.0,5.555555555555556,58.333333333333336,1500.0,3000.0
7200,7238,3,6,0,3,40941.66666666667,0.11514527444195671,0.2744784788655947,0.8592196689056245,25.0,0.17397605472740718,13.491847675722223,1.9145847615241993,96.8333333333,194.44444444444446,166.66666666666669,530.545740037,243.14633018
7202,7240,2,2,0,0,16138.88888888889,0.12781340791738383,0.2894378657487091,0.8981318416523235,11.1111111111,1.8598191619038003,2.9866586056111117,1.9681022124824405,0.0,25.0,119.44444444444446,934.123607751,573.64324293
7215,7253,2,11,9,8,10669.444444444445,0.15531153345482948,0.3883960426972142,0.8736828950794063,8.33333333333,1.6994964082659039,1.4905961511222223,1.8470341795633034,83.8,163.8888888888889,244.44444444444449,438.51566838,170.36990655
7219,7257,1,1,0,0,23977.77777777778,0.1613580282669138,0.31582403846153845,0.8848661376274328,5.55555555556,0.0,0.4991496986611111,1.6430492974870607,0.0,52.77777777777778,16.666666666666668,929.519742997,1415.63599805
7232,7270,5,8,8,3,30161.111111111113,0.15580634555166697,0.4961317830171302,0.8657693313685761,58.3333333333,0.0,12.281931672166667,2.123620115199261,448.260869565,147.22222222222226,555.5555555555557,517.057860862,407.10099458
7237,7275,5,10,1,1,18522.222222222223,0.08859011697660467,0.24379769046190763,0.8574881373725254,2.77777777778,1.8939205297324213,14.997360527694445,1.9620560150269015,63.5,63.88888888888889,108.33333333333334,763.39070828,354.33170918
7239,7277,0,1,0,0,16819.44444444445,0.18780947976878615,0.36178166804293976,0.8477861436829066,11.1111111111,0.20442547676299047,6.355822169277779,1.845251519931883,185.0,16.666666666666668,5.555555555555556,1041.47397057,681.53946629
7268,7306,0,0,0,0,4427.777777777778,0.08659579673776663,0.23787597239648683,0.8376509410288582,8.33333333333,0.46354289619622235,0.0,1.3742807072599388,0.0,5.555555555555556,105.55555555555556,1340.63561902,1993.21954489
7270,7308,4,13,4,3,22241.666666666668,0.08853017359810166,0.31756635443986514,0.8570982765080555,13.888888888899999,0.0,0.0,1.8137589005571182,46.75,13.888888888888891,252.77777777777783,1500.0,900.47219736
7272,7310,0,0,0,0,327.7777777777778,0.07347372881355932,0.33827542372881353,0.87455,30.555555555599998,0.25264054529494556,12.087375267916668,0.37953492558109464,0.0,11.111111111111112,127.77777777777779,1500.0,2123.15212751
7281,7319,3,2,0,0,33.333333333333336,0.0,0.2916666666666667,0.9166666666666666,20.717468525599998,0.0,1.6876556791416668,1.274117958283194,0.0,0.0,47.22222222222223,1355.9269886,987.52850363
7298,7336,0,1,0,0,2747.2222222222226,0.1274006066734075,0.445503842264914,0.8284538928210313,16.6666666667,2.0428460022334645,7.238573355361113,1.2867015225715246,0.0,2.777777777777778,88.8888888888889,1227.44721591,2152.69093684
7301,7339,0,2,0,1,7255.555555555557,0.091420865237366,0.312295865237366,0.878396784073507,16.6666666667,1.11602672610523,9.94268188566667,1.7707232028492352,0.0,22.222222222222225,202.7777777777778,619.622444418,3000.0
7305,7343,0,1,0,0,19155.55555555556,0.11553487529002321,0.42415678654292344,0.861694373549884,55.555555555599994,1.6922490420748642,2.8528293236666666,1.8495554736782065,396.833333333,36.111111111111114,27.777777777777782,823.298756303,805.77438104
7312,7350,2,3,0,0,11022.222222222224,0.1127311995967742,0.2803779485887097,0.8684714969758065,33.333333333300004,0.13384677994471317,11.46435165525,1.5917924736071676,85.0,16.666666666666668,133.33333333333334,504.090764349,434.63400805
7317,7355,0,3,0,0,14255.555555555557,0.07522770849571317,0.2619315666406859,0.8464584177708495,16.6666666667,0.11475402506323558,2.100173468916667,1.9751846322810809,51.5,30.55555555555556,75.0,1500.0,2767.01333254
7325,7363,1,3,1,1,10408.333333333334,0.08696354416866826,0.21723626901521215,0.868378356018148,41.666666666699996,0.0,3.9378542185555556,1.5315392542960466,0.0,2.777777777777778,150.0,1286.49049382,856.6938264
7327,7365,0,0,0,0,1938.8888888888891,0.09620300859598853,0.3633680515759312,0.8397601719197708,0.0,0.0,9.680279699361112,0.6931471805599453,0.0,2.777777777777778,91.66666666666667,1500.0,3000.0
7328,7366,0,8,87,3,12075.0,0.10999597423510467,0.3025846330802852,0.8542172992868645,19.4444444444,1.2624635393835795,19.802046482388892,1.4667398828146547,321.571428571,47.22222222222223,288.8888888888889,1500.0,3000.0
7333,7371,2,6,2,3,57591.66666666667,0.18625917619254329,0.5003732069647422,0.8735784691072204,38.8888888889,1.4381987858384613,3.4571492494722222,1.6776358069704336,695.857142857,141.66666666666669,433.33333333333337,508.4839341,828.03291987
7340,7378,0,3,11,0,9155.555555555557,0.10650279126213592,0.22797393810679611,0.832080916262136,8.33333333333,1.7993918539817144,5.668821910472223,1.48926348757926,338.666666667,75.0,208.33333333333334,1353.53250762,3000.0
7342,7380,1,1,0,1,18808.333333333336,0.08602652488554127,0.31868235120366273,0.8498835622507753,27.777777777799997,0.3623272743477117,1.91683012645,1.6896459142033,85.5,8.333333333333334,30.55555555555556,339.104112185,2602.3988178
7345,7383,3,5,2,2,43922.222222222226,0.08622918669365039,0.2815487794080445,0.8539764039969643,19.4444444444,0.0,8.086282992555557,1.9190973232985733,96.5,108.33333333333334,52.77777777777778,1349.12298651,887.74288565
7351,7389,0,0,0,0,3369.444444444445,0.11373165704863974,0.3023552349546578,0.8847356141797196,5.55555555556,0.7848236226498542,7.919563844222223,1.5452877530070195,0.0,0.0,144.44444444444446,567.294744026,3000.0
7359,7397,0,0,1,0,241.66666666666669,0.08683793103448276,0.34710919540229884,0.8396770114942529,0.0,0.7177463798765591,2.5404184216722223,0.0,0.0,5.555555555555556,0.0,1238.0538133,952.20498876
7361,7400,1,7,2,0,43363.8888888889,0.13482635321247838,0.4096747037345462,0.8709158926398053,25.0,1.1399905519628073,7.3826967713055565,1.7873132442298876,103.739130435,236.11111111111114,266.6666666666667,312.925703658,218.58960688
7364,7403,0,1,0,0,655.5555555555557,0.08834533898305084,0.4421737288135593,0.8973601694915254,0.0,0.7302465210347182,3.648281183722223,1.6726254461503207,39.0,22.222222222222225,41.66666666666667,1045.72370431,1539.2254366
7367,7406,0,1,0,0,3030.555555555556,0.07071833180568286,0.19177332722273144,0.8509034830430797,0.0,0.0,12.569453722305555,1.242453324894,0.0,8.333333333333334,11.111111111111112,1500.0,3000.0
7375,7414,3,12,5,0,39708.333333333336,0.0834070724029381,0.2246815459951032,0.8692808884225254,52.777777777800004,0.0,3.3593568811944445,1.8932845427704164,43.0,16.666666666666668,197.22222222222226,796.432525328,2644.99817025
7379,7418,3,4,0,1,20394.44444444445,0.077143312448924,0.27508928084990464,0.8434021792427131,25.0,0.0,20.33454411580556,1.8484103804719094,79.1666666667,19.444444444444446,141.66666666666669,1500.0,1749.73070354
7382,7421,0,0,0,0,416.6666666666667,0.057906,0.25976333333333335,0.807276,0.0,1.7732235480595384,0.0,0.0,0.0,11.111111111111112,8.333333333333334,1500.0,3000.0
7384,7423,0,0,0,0,988.888888888889,0.02331376404494382,0.15748960674157303,0.8787193820224719,8.33333333333,0.0,9.799523160416667,1.6944150734184462,0.0,0.0,100.0,1500.0,2152.0883415
7385,7424,0,0,0,0,14055.555555555557,0.07586889328063241,0.2080338537549407,0.8576754545454546,11.1111111111,0.0,7.088268923,1.8513179059711846,240.0,47.22222222222223,44.44444444444445,1500.0,3000.0
7390,7429,0,0,0,0,2566.666666666667,0.04350476190476191,0.23061396103896104,0.8260753246753246,0.0,0.0,0.001604600349175,0.6365141682948128,0.0,0.0,0.0,1500.0,2765.29171299
7393,7432,1,5,0,3,23213.88888888889,0.13915777192772524,0.26855835826253444,0.8842452315424195,13.888888888899999,1.5938748568843786,9.43869404663889,1.9133422409822112,137.8,80.55555555555556,191.66666666666669,111.760276853,166.48388978
7394,7433,0,0,0,0,1669.4444444444446,0.06905008319467554,0.15824193011647253,0.862020465890183,2.77777777778,0.0,6.362913765416668,1.0397207708399179,0.0,5.555555555555556,16.666666666666668,1500.0,3000.0
7400,7439,0,2,0,0,1919.4444444444446,0.09287901591895803,0.25291143270622285,0.889874529667149,0.0,1.6695193253911258,2.494828235563889,1.0397207708399179,0.0,5.555555555555556,19.444444444444446,1500.0,3000.0
7421,7460,0,0,0,0,8255.555555555557,0.08125605652759085,0.2215608344549125,0.8432523553162854,5.55555555556,1.6969043972426958,8.066381207111112,1.8189059923060817,0.0,16.666666666666668,22.222222222222225,1500.0,3000.0
7427,7466,0,0,0,0,269.4444444444445,0.07102577319587629,0.3229103092783505,0.7590855670103093,0.0,0.0,3.4122053518333337,0.0,0.0,0.0,0.0,1500.0,3000.0
7428,7467,3,4,1,2,13036.111111111111,0.13693790752184104,0.35874212657148946,0.8719453867462177,16.6666666667,1.0677958088090225,7.759172333555556,1.9121945676037493,500.333333333,58.333333333333336,94.44444444444446,706.863243073,491.67168915
7433,7472,0,0,0,0,3200.0,0.05541128472222222,0.21096102430555555,0.8719953993055555,2.77777777778,0.0,4.675866335916667,1.7478680974667573,0.0,0.0,27.777777777777782,1500.0,3000.0
7436,7475,0,1,1,0,8672.222222222224,0.2368109545163357,0.3004121076233184,0.8776625560538116,11.1111111111,1.679559770416539,6.535770383833334,1.6358881772255403,68.5,33.333333333333336,141.66666666666669,654.123659567,660.34191741
7440,7479,0,1,0,0,9877.77777777778,0.15055326209223846,0.48400545556805397,0.8614266310461192,11.1111111111,0.0,0.1001428857311111,1.5872338528461667,138.0,38.88888888888889,33.333333333333336,845.503368868,920.39886431
7441,7480,0,0,0,0,1086.1111111111113,0.07782710997442455,0.2849872122762149,0.8336450127877237,0.0,0.0,2.8908485467500005,0.0,0.0,5.555555555555556,0.0,1500.0,3000.0
7444,7483,0,0,0,0,4669.444444444445,0.07752558001189769,0.22224205829863178,0.8421375371802499,5.55555555556,1.1407566297022451,12.57906261836111,1.8002523187512591,0.0,2.777777777777778,119.44444444444446,1500.0,3000.0
7455,7494,0,0,0,1,7402.777777777778,0.08459001876172607,0.25892923076923074,0.8677908442776736,11.1111111111,1.166844125434763,7.68142834277778,1.5539070883016837,71.0,11.111111111111112,86.11111111111113,1500.0,769.92236674
7457,7496,0,0,0,0,1391.6666666666667,0.08887704590818363,0.3725277445109781,0.8888453093812376,2.77777777778,0.0,4.367615935583334,0.8675632284814612,0.0,2.777777777777778,50.0,1500.0,2474.94243387
7469,7508,0,1,0,0,4694.444444444445,0.07273242603550296,0.1493698224852071,0.8452796449704142,5.55555555556,1.6902405692483609,6.155380115555556,1.611864327068168,554.4,16.666666666666668,36.111111111111114,1500.0,2948.89364893
7471,7510,0,0,0,0,994.4444444444446,0.0844036312849162,0.17538212290502794,0.8694444134078212,0.0,0.0,3.2494232229722226,0.0,0.0,2.777777777777778,8.333333333333334,1204.04078047,2696.90669058
7478,7517,1,10,1,4,8383.333333333334,0.07901295559973492,0.18272548045062956,0.8298590788601724,5.55555555556,0.7004174974266647,11.596131978361113,1.5191143793181918,48.0,13.888888888888891,100.0,1500.0,3000.0
7479,7518,0,3,1,0,4397.222222222223,0.0878536323436513,0.2243534428300695,0.8313415034744157,8.33333333333,2.563612064679756,5.469865299833335,1.2757690270397415,0.0,2.777777777777778,16.666666666666668,578.515931634,1217.61071048
7485,7524,0,1,0,0,12980.555555555557,0.17474662957414938,0.3180997646051787,0.8733556173764176,11.1111111111,0.0,7.069924900944445,2.0413135492460794,70.0,138.8888888888889,75.0,1054.60135092,459.97481076
7488,7527,1,2,0,1,11241.666666666668,0.15203817642698295,0.5199751667902149,0.866902891030393,38.8888888889,0.11528382471961726,6.802246631666666,1.7585779174831366,448.0,30.55555555555556,336.11111111111114,244.977548234,737.04840285
7490,7529,0,0,0,0,2150.0,0.07512041343669251,0.22556020671834623,0.8640437984496124,19.4444444444,1.9664684678568005,4.027751861805555,1.0040761387311792,0.0,8.333333333333334,69.44444444444446,1500.0,663.75209122
7492,7531,0,0,0,4,2000.0,0.10141263888888889,0.22041972222222223,0.810775,0.0,0.0,6.761541027333334,1.3321790402101223,0.0,5.555555555555556,8.333333333333334,1500.0,3000.0
7507,7546,4,12,5,0,64658.333333333336,0.1706187696008936,0.46371836576878467,0.8777721527688276,36.1111111111,1.5826007359119973,11.903830982444445,1.9900494005063842,165.25,194.44444444444446,261.11111111111114,633.916752434,707.43477489
7510,7550,0,0,0,0,1530.5555555555557,0.05638511796733212,0.2189076225045372,0.8190867513611615,2.77777777778,0.0,4.450641482277778,0.6931471805599453,0.0,0.0,0.0,1500.0,3000.0
7512,7552,0,0,0,0,2138.888888888889,0.14658688311688312,0.26523688311688315,0.8700401298701298,2.77777777778,0.0,6.390128061722222,1.1150659840964299,0.0,0.0,36.111111111111114,1500.0,2059.2775699
7518,7559,2,1,0,0,8980.555555555557,0.09227575007732755,0.26583173523043613,0.8580022579647386,36.1111111111,0.9683385770146627,11.063770825972222,1.0344940428129987,0.0,30.55555555555556,97.22222222222223,756.361852204,636.50226538
7519,7560,0,0,0,1,430.55555555555566,0.05734838709677419,0.25189612903225805,0.8250561290322581,5.55555555556,0.0,6.876317100416667,0.0,0.0,0.0,22.222222222222225,1500.0,3000.0
7530,7571,0,1,1,1,4047.2222222222226,0.1350663006177076,0.2833341798215511,0.8592292381606039,2.77777777778,0.3883190369107609,3.053183265527778,1.7946257243438688,59.5,36.111111111111114,16.666666666666668,496.321890207,376.90547482
7531,7572,1,3,0,0,27150.0,0.13285833844894618,0.3725171066093718,0.8695591876406794,11.1111111111,1.6691609212322644,5.85298235363889,2.065013590118244,115.5,177.7777777777778,97.22222222222223,498.22768332,343.47867436
7539,7580,5,8,0,0,50605.55555555556,0.11308899440114172,0.2907831650016467,0.8782220825557141,44.4444444444,0.07807489208522904,15.289697821805557,1.982984600386421,67.0,33.333333333333336,30.55555555555556,470.345078987,2623.89130884
7540,7581,0,2,4,1,18894.44444444445,0.08613768009408998,0.26883693031461336,0.8780111584827991,52.777777777800004,1.142110792754115,14.037452222916666,1.101333417937167,127.666666667,36.111111111111114,488.88888888888897,108.881196479,651.86405847
7544,7585,0,0,0,0,6047.222222222223,0.11007717041800644,0.3093630225080386,0.8514294441892513,13.888888888899999,1.6758183598412582,2.7371018701416663,1.9406689400813224,0.0,58.333333333333336,361.11111111111114,1500.0,2003.348185
7551,7592,0,0,0,0,722.2222222222223,0.08526461538461538,0.2673373076923077,0.7637303846153846,2.77777777778,0.0,4.00948619925,0.0,0.0,0.0,8.333333333333334,1500.0,2557.96023084
7554,7595,0,4,3,0,8283.333333333334,0.10139429912810194,0.45702689470154256,0.8551057344064386,27.777777777799997,0.0,9.897465062472223,1.9652843571406282,0.0,58.333333333333336,58.333333333333336,1500.0,2421.16527687
7558,7599,0,1,0,0,8677.77777777778,0.07103943661971832,0.2129814980793854,0.8837658450704226,2.77777777778,2.4010227592075863,0.34198378360000004,1.2706817223249798,206.0,0.0,2.777777777777778,1183.84410587,2268.7196856
7559,7600,0,4,4,2,22591.666666666668,0.1364684864133776,0.29711577523669,0.8734434280093446,16.6666666667,0.11307448156073077,0.5818908793944445,1.1598483456064275,300.0,88.8888888888889,158.33333333333334,420.553732552,740.06551471
7568,7609,7,11,16,5,6211.111111111112,0.1220538908765653,0.4408286672629696,0.8695133720930233,25.0,1.7142973020885584,5.0118327520833335,1.609585487576794,852.333333333,72.22222222222223,721.666666666667,1500.0,325.90362066
7572,7613,1,1,0,3,14758.333333333334,0.1527073969508752,0.3639920948616601,0.8865833803877281,5.55555555556,0.0,13.776972916444445,1.7496989657906985,560.047619048,47.22222222222223,25.0,829.036428471,680.33985332
7577,7618,4,13,3,1,61269.44444444445,0.1346350410300585,0.45602248265856643,0.8770384322437321,52.777777777800004,1.7136466033820008,11.346183367305555,1.670703792841319,184.142857143,111.11111111111113,322.22222222222223,421.015799176,808.99243018
7583,7624,4,17,8,0,24911.111111111113,0.113392908117752,0.2515286574487065,0.8666574933095451,38.8888888889,0.8647182904879189,0.0,1.8816984907552432,0.0,22.222222222222225,88.8888888888889,1500.0,3000.0
7585,7626,1,0,2,0,2436.1111111111113,0.06992143671607753,0.3004011402508552,0.8365327251995438,0.0,0.0,3.7961072563055565,1.15374194270109,0.0,8.333333333333334,27.777777777777782,1124.68477512,2359.78320299
7599,7640,9,20,4,2,46541.66666666667,0.11589316621903908,0.34017091614443445,0.8753057057594749,38.8888888889,0.4085679097455506,8.144636404861112,1.8764986145996718,85.3333333333,80.55555555555556,191.66666666666669,671.576800397,231.55661216
7601,7642,0,1,0,0,1844.4444444444446,0.097292921686747,0.3873838855421686,0.8835349397590361,33.333333333300004,1.6666684899440232,11.603508869750002,1.6826161324302253,0.0,2.777777777777778,250.0,1500.0,1038.79278546
7604,7645,0,3,0,0,6833.333333333334,0.08785487804878048,0.24751756097560976,0.8640805284552846,13.888888888899999,0.0,7.894988958277779,1.8381418639966762,0.0,5.555555555555556,125.0,1224.13929478,2389.61043502
7609,7650,0,1,0,0,3969.4444444444453,0.07156074177746675,0.25903337998600423,0.8453092372288313,2.77777777778,0.0,2.7056896260805554,0.7356219397587946,0.0,0.0,0.0,1500.0,2723.40581689
7620,7661,0,4,0,0,38805.55555555556,0.12724926986399426,0.32190826055833927,0.8803105225483179,38.8888888889,1.960186060996574,8.723962442777777,0.7348460250161319,98.6666666667,27.777777777777782,97.22222222222223,556.249268197,1435.41084735
7621,7662,1,4,0,0,9405.555555555557,0.14285617247489663,0.20899297105729475,0.8709789722386296,11.1111111111,0.0,6.600278746611111,1.8521511252799623,584.0,50.0,150.0,340.117159368,460.1721578
7638,7679,0,5,0,1,3452.7777777777783,0.13373161705551084,0.3175387771520515,0.8704958165728077,11.1111111111,0.43505580853041315,5.135657001166667,1.81794269363144,98.4736842105,63.88888888888889,200.0,463.796098739,250.83050111
7642,7683,2,0,0,1,4558.333333333334,0.07413351614868982,0.1944792199878123,0.8518751371115174,8.33333333333,1.6672422827870625,4.249821258916667,1.2272915869014214,0.0,13.888888888888891,25.0,1268.14075035,1073.53564246
7647,7688,3,7,6,0,35555.55555555556,0.10864210937499999,0.28856539062500003,0.8709040937499999,69.4444444444,1.6812480404541768,1.6182759047361113,1.987553681064538,81.0,41.66666666666667,166.66666666666669,1448.17711211,1273.15075524
7648,7689,0,4,0,0,25180.55555555556,0.10985784886927744,0.2583373634859349,0.869323000551572,16.6666666667,0.0,11.461356374111112,1.9627304341817076,70.4444444444,44.44444444444445,227.77777777777783,460.183071424,888.73315813
7651,7692,0,2,0,0,1002.7777777777779,0.05939141274238227,0.23535650969529087,0.8710146814404433,0.0,0.0,6.245600299083334,1.6092766236848226,83.5,19.444444444444446,11.111111111111112,1500.0,3000.0
7652,7693,0,1,0,0,7575.0,0.10446655665566555,0.36560946094609464,0.8453742574257426,5.55555555556,1.6932225730755974,4.410150251444445,1.4898487964741864,166.75,19.444444444444446,30.55555555555556,342.482280706,2472.07731794
7656,7697,1,0,0,0,4638.88888888889,0.08620670658682636,0.2570168263473054,0.8620617964071856,27.777777777799997,0.40139296586922246,11.730072184305556,1.7141100743029574,0.0,16.666666666666668,136.11111111111111,1500.0,2669.30494594
7663,7704,1,0,0,0,10277.77777777778,0.1991716216216216,0.31692767567567565,0.8841287837837838,5.55555555556,0.0,3.455112801777778,1.8094684205941935,0.0,19.444444444444446,2.777777777777778,1500.0,1592.45361183
7667,7708,0,2,0,0,5927.777777777778,0.09513069353327086,0.22322610121836928,0.862559793814433,16.6666666667,1.8560559264939762,17.71111983875,1.4209920662624966,40.0,5.555555555555556,30.55555555555556,1461.66734028,1123.18080474
7673,7714,0,5,0,0,3688.888888888889,0.09494774096385541,0.3085015060240964,0.8570169427710844,27.777777777799997,0.0,11.805601530388891,1.9066260340079044,0.0,19.444444444444446,150.0,1356.4918148,1832.96611031
7678,7719,0,0,0,0,5747.222222222223,0.10426573223779603,0.21344876752054132,0.868308796520058,11.1111111111,0.25055427828064053,8.645745098416667,1.301386111978453,46.0,11.111111111111112,55.555555555555564,519.173077169,1504.43877674
7684,7725,7,16,4,0,61922.222222222226,0.13781967521980978,0.339447398169747,0.8771824600753633,75.0,0.9112606629125678,4.107595904416667,1.9178671968929002,113.428571429,94.44444444444446,225.0,495.842406678,780.91535085
7685,7726,0,1,0,0,6975.0,0.07752146555157308,0.195636798088411,0.8412547988849065,11.1111111111,0.0,13.906698737944447,1.7273046315343634,45.0,22.222222222222225,133.33333333333334,1500.0,1976.4986259
7689,7730,0,0,0,2,14194.444444444447,0.07859434442270058,0.2793786497064579,0.8594644227005871,2.77777777778,1.0500423745070957,0.26298242971361113,1.1490596969706202,0.0,13.888888888888891,225.0,590.772070939,2255.2027984
7690,7731,0,1,0,1,3213.888888888889,0.06135963699222126,0.22951910112359553,0.9030486603284356,188.333333333,0.0,5.367945995416667,1.1247221388591826,0.0,2.777777777777778,161.11111111111111,355.452559209,1322.67368546
7704,7745,0,0,0,0,941.6666666666667,0.06845250737463127,0.3333994100294985,0.7609634218289086,0.0,0.0,4.092374344333334,0.0,0.0,0.0,0.0,1500.0,3000.0
7708,7749,6,13,0,2,5625.0,0.08964024691358025,0.29166301234567904,0.8431980246913581,8.33333333333,1.7903281830358366,10.635734611638888,1.715418345543971,0.0,13.888888888888891,5.555555555555556,1500.0,3000.0
7709,7750,1,1,0,0,29872.222222222226,0.1421456853263902,0.21885601636600335,0.8388051887669705,2.77777777778,0.0,10.708691456055556,1.8627790738305268,0.0,58.333333333333336,58.333333333333336,804.244074999,2131.56056595
7718,7759,1,3,1,0,22108.333333333336,0.12088656866440509,0.3560843698957155,0.8714230556602588,13.888888888899999,1.7126975276376093,10.486152663416668,1.8721751752369626,59.0,97.22222222222223,150.0,1500.0,876.59434838
7720,7761,0,1,0,0,4230.555555555556,0.043328233749179254,0.3274187130663165,0.8946132632961261,16.6666666667,0.0,7.120350345833335,1.887852761574932,225.0,33.333333333333336,16.666666666666668,1171.50880278,1112.03792657
7723,7764,2,1,0,0,3600.0,0.10646527777777778,0.3175594135802469,0.9015145061728396,105.555555556,1.6787826916615676,0.6717109169444445,1.3437834927532015,0.0,0.0,47.22222222222223,900.978667412,1224.92373385
7748,7789,0,0,0,0,3841.666666666667,0.08371395516992046,0.1954374548083876,0.8420940708604483,11.1111111111,0.0,5.060963574861111,0.9257801574222924,106.0,0.0,19.444444444444446,1500.0,1763.22509324
7760,7801,0,2,0,0,9519.444444444445,0.15459757805660926,0.2469368252115553,0.8913918879486432,2.77777777778,1.6675529811727297,5.1047318138055555,1.2819088561076748,98.0,41.66666666666667,16.666666666666668,654.15159157,670.83542668
7763,7804,0,5,0,1,29638.888888888894,0.10116406747891284,0.24342433926897844,0.8702278819119026,33.333333333300004,0.6624277984258398,3.0161367114722224,1.7516733785306535,68.25,47.22222222222223,75.0,1054.36505404,182.08424735
7775,7816,2,9,10,0,46861.11111111112,0.10767343212803794,0.2692965323058684,0.9035636751630112,19.4444444444,1.7305500106814844,9.80704305788889,1.932247602740126,53.0,75.0,116.66666666666667,598.229629377,1795.34579836
7778,7819,0,0,0,0,6158.333333333334,0.09594731619305367,0.2070487595850248,0.8436875056382499,2.77777777778,0.043894804196936005,2.9973556229722225,1.7210882102340526,72.0,22.222222222222225,80.55555555555556,1500.0,2512.34360989
7782,7823,1,1,0,0,8461.111111111111,0.09934812869336834,0.19775341431385424,0.8525753775443203,5.55555555556,0.42379136703039144,4.421611680888889,1.7167846859439968,0.0,5.555555555555556,2.777777777777778,1500.0,662.46802678
7787,7828,0,0,2,1,9183.333333333334,0.10968508771929825,0.3434170598911071,0.860955686630369,5.55555555556,0.9888126211735994,1.8002398924111114,1.0986056926188472,94.5,13.888888888888891,172.22222222222226,277.229035197,1487.0695375
7788,7829,7,8,4,0,23077.77777777778,0.11137766008666346,0.24471151901781416,0.8741439335580165,22.2222222222,1.0765769276736874,0.0,1.845650798911361,0.0,36.111111111111114,61.11111111111112,1500.0,3000.0
7830,7872,7,5,1,0,34419.444444444445,0.13562103139375353,0.29582449358405294,0.8804579533532402,30.555555555599998,0.48123507041241587,1.760062355713889,2.004213504201688,89.6818181818,102.77777777777779,302.7777777777778,380.728327734,1141.56661771
7837,7879,0,1,0,0,2863.888888888889,0.06057643064985451,0.16595596508244423,0.8631788554801164,0.0,0.6999162315742121,7.799114163583335,1.6674619334292948,0.0,8.333333333333334,41.66666666666667,741.362193392,3000.0
7844,7886,5,10,6,0,16413.88888888889,0.09674393298358436,0.22429456760873245,0.8741607209341682,33.333333333300004,0.2892922706869498,3.519272564583334,1.9030099642774516,60.0,38.88888888888889,105.55555555555556,1500.0,2307.51622225
7845,7887,0,0,0,0,12158.333333333334,0.1017335389536212,0.2996851724925748,0.8640337445739091,19.4444444444,1.6786276499841355,4.726583216611111,1.4778398750295691,0.0,5.555555555555556,138.8888888888889,1500.0,1550.40923202
7855,7897,4,3,1,0,45125.0,0.16847302554632196,0.3423743182517698,0.8908224130501692,5.55555555556,1.7088064823937135,3.560882247805556,1.4880300628872711,450.941176471,136.11111111111111,338.8888888888889,319.732709259,1501.35545286
7857,7899,0,0,0,0,3475.0,0.07602134292565947,0.27051143085531576,0.8356609912070344,2.77777777778,1.8515067687592868,4.170246924833335,1.622219796838782,0.0,8.333333333333334,0.0,1500.0,3000.0
7859,7901,2,9,1,2,59283.333333333336,0.15716330709399307,0.3465257051822697,0.8960461671820823,30.555555555599998,1.120759876304248,6.905745860722223,1.783888431414051,664.833333333,175.0,169.44444444444446,579.438329911,947.6148487
7871,7913,9,15,10,4,65927.7777777778,0.14521438864076852,0.36940760933681643,0.8892331549675572,55.555555555599994,0.2093307742891402,11.720569405916667,1.9893075012816561,112.970588235,111.11111111111113,80.55555555555556,513.283443826,471.16340556
7872,7914,0,0,0,0,6372.222222222223,0.10157371403661726,0.281110331299041,0.870951176983435,11.1111111111,0.0,2.733197077811112,1.5862384633700302,54.0,11.111111111111112,66.66666666666667,345.052537792,945.67345279
7877,7919,0,0,0,0,6005.555555555556,0.1778891304347826,0.5217195189639223,0.8820745605920444,8.33333333333,1.392543002283386,2.0230762768888892,1.3129803152285864,200.0,27.777777777777782,252.77777777777783,99.5826051792,981.6182177
7888,7930,0,1,0,0,4855.555555555556,0.07445434782608695,0.2189438787185355,0.8677596681922197,2.77777777778,0.0,7.009785209388889,1.488674514433266,0.0,13.888888888888891,19.444444444444446,1286.0325528,1826.92828087
7890,7932,0,1,0,1,4547.222222222223,0.0981905925473427,0.3164993280390959,0.8777767257177764,11.1111111111,0.0,9.183749451166666,1.4598456119627754,37.6666666667,2.777777777777778,122.22222222222224,1187.28246605,1517.4592976
7894,7936,0,0,0,0,183.33333333333334,0.05808484848484849,0.307669696969697,0.8974878787878788,0.0,0.0,0.0,0.32691255146307086,0.0,0.0,8.333333333333334,785.581789176,2580.01955323
7900,7942,0,0,3,0,925.0,0.11664054054054053,0.345906006006006,0.8927792792792792,27.777777777799997,0.13574026828633914,5.926303221777778,1.7917926775961834,0.0,0.0,111.11111111111113,1500.0,3000.0
7903,7945,0,0,0,0,1444.4444444444446,0.10557961538461538,0.1766771153846154,0.8605630769230769,0.0,1.6695910459709327,5.609307977722223,1.1921945007602976,0.0,2.777777777777778,5.555555555555556,1500.0,3000.0
7917,7960,0,1,0,0,10155.555555555557,0.21226903719912474,0.4021312363238512,0.9031724835886215,8.33333333333,0.0,3.0288021735000004,1.9153702940562614,708.0,58.333333333333336,11.111111111111112,1500.0,1377.52902297
7924,7968,0,0,0,0,8711.111111111111,0.1865014668367347,0.2767841517857143,0.864134056122449,5.55555555556,1.6933790439145269,4.192894431000001,1.553266551977384,74.0,55.555555555555564,83.33333333333334,1350.8083123,525.94580352
7926,7970,3,4,0,1,65211.111111111124,0.12299271170557166,0.3321899131027432,0.8964932100868973,22.2222222222,0.6426910176864785,8.806197218750002,1.9620295667689196,178.583333333,97.22222222222223,88.8888888888889,923.26833424,428.77997955
7928,7972,0,3,0,1,2272.2222222222226,0.14477982885085575,0.42566821515892417,0.8782006112469438,16.6666666667,0.19994316706776866,7.3924211363333345,1.8812608032800335,0.0,16.666666666666668,230.55555555555557,1346.44591769,483.99056665
7936,7980,0,4,0,1,14530.555555555557,0.11758189638692412,0.2962312750908048,0.8987820493213535,16.6666666667,0.6180072118865962,0.8188054004277778,1.747717763348566,817.0,16.666666666666668,244.44444444444449,281.805710989,1394.09710659
7938,7982,0,0,0,0,7133.333333333334,0.07440116822429906,0.1718053738317757,0.8192492601246106,5.55555555556,1.7192109561169044,5.2075242755555555,1.7627471357540678,50.0,16.666666666666668,66.66666666666667,1500.0,2380.62441333
7944,7988,4,7,2,2,22683.333333333336,0.08953460690668626,0.25561647073230465,0.8588046411951996,33.333333333300004,1.7053464342420726,17.305583634,1.9375037071056271,259.0,91.66666666666667,172.22222222222226,1104.90950157,239.42493802
7952,7996,0,1,0,0,11541.666666666668,0.08889032490974728,0.3190406738868833,0.8680543441636582,0.0,0.3305258066650721,4.272201637,1.5622334055788445,47.0,22.222222222222225,75.0,1388.46150877,803.47865235
7954,7998,1,1,0,1,6022.222222222223,0.07762223247232472,0.30597919741697416,0.8683070110701108,8.33333333333,1.6995631390682187,2.574712729805556,1.6053142606127768,84.5,13.888888888888891,175.0,1500.0,815.08968358
7963,8007,0,0,0,0,1286.1111111111113,0.0814684665226782,0.22586198704103672,0.8244481641468682,2.77777777778,0.0,1.7448278710222223,0.8018185525433372,0.0,5.555555555555556,2.777777777777778,1500.0,3000.0
7964,8008,1,2,0,0,8391.666666666668,0.1498865938430983,0.4827262826878517,0.8687945051307514,22.2222222222,0.0,2.3311505472305556,1.6572220433174971,1048.0,8.333333333333334,122.22222222222224,896.415108812,1670.84226342
7969,8013,1,0,0,0,5111.111111111112,0.12720266304347827,0.23539222826086956,0.811528097826087,0.0,0.0,0.0,1.9949164942380757,182.0,2.777777777777778,8.333333333333334,1500.0,450.99950609
7970,8014,2,5,1,1,29544.44444444445,0.11382425723956376,0.2690959571267394,0.8745689074840165,44.4444444444,1.8118730262465175,12.569929411527779,1.787782815173623,80.0,13.888888888888891,52.77777777777778,913.03667409,896.98817117
7974,8018,1,0,0,0,2022.2222222222226,0.07627362637362638,0.18895178571428572,0.8729615384615385,0.0,0.0,7.936861579444446,0.9502705392332347,0.0,8.333333333333334,19.444444444444446,1500.0,3000.0
7995,8039,3,17,18,2,11013.88888888889,0.10191846153846154,0.3066292307692308,0.8906546784363177,16.6666666667,0.9596811297285188,5.906160595555556,1.3611673262450084,136.095238095,11.111111111111112,419.4444444444445,34.6385907554,2179.17576989
8001,8045,1,4,1,0,21591.666666666668,0.0930187057764055,0.23941323813199536,0.8627494789656504,36.1111111111,1.8951944845907043,0.17730955821305558,1.7671586529760184,76.6666666667,19.444444444444446,133.33333333333334,1500.0,2825.48037017
8003,8047,4,11,1,2,34100.0,0.16137390029325513,0.4457617302052786,0.8663963831867058,38.8888888889,1.019253629085652,14.474183514555556,1.8995511448501132,219.0,136.11111111111111,263.8888888888889,34.6899067563,286.38452535
8018,8062,0,3,0,0,4052.7777777777783,0.08391411925976697,0.22933289924605893,0.8551269362577107,0.0,1.5982449958516152,3.9999929595555566,1.689145491635906,0.0,19.444444444444446,63.88888888888889,246.00975566,421.45252818
8019,8063,0,0,0,0,2316.666666666667,0.08323465227817746,0.18860443645083932,0.851050479616307,0.0,1.6957831491922408,7.7982203601944455,1.6325105382948286,0.0,0.0,58.333333333333336,1500.0,3000.0
8021,8065,2,8,0,1,27700.0,0.15975721018852787,0.2716039209787405,0.839789069394304,30.555555555599998,0.0,13.36318696063889,1.789608029338914,78.5,63.88888888888889,63.88888888888889,1500.0,909.04883656
8034,8079,2,0,0,0,11591.666666666668,0.09050774023484304,0.2197280373831776,0.8856702372393961,13.888888888899999,0.0,2.8202671130277777,1.3654390077214307,0.0,5.555555555555556,25.0,352.435032815,2980.80896923
8043,8088,1,0,0,0,9097.222222222224,0.07459325190839695,0.2855495572519084,0.866177679389313,11.1111111111,0.0,9.527675811722224,1.8137063979047718,0.0,8.333333333333334,91.66666666666667,1500.0,792.38603814
8044,8089,0,0,0,0,1258.3333333333335,0.06760088300220751,0.13775320088300222,0.8563476821192053,0.0,0.0,7.068449406722222,0.0,0.0,0.0,0.0,1500.0,3000.0
8050,8095,0,2,0,0,4536.111111111112,0.11447323943661972,0.4836813227189222,0.8416186160440906,2.77777777778,1.6312400684819597,2.863229384611111,1.9257547226404539,138.0,55.555555555555564,83.33333333333334,1203.58148717,652.61226199
8052,8097,0,0,0,0,902.7777777777779,0.08393446153846154,0.20137476923076922,0.8791603076923077,2.77777777778,0.0,4.9401332799722235,0.8675632284814612,0.0,0.0,19.444444444444446,1500.0,3000.0
8055,8100,0,7,1,0,57416.66666666667,0.11789034349298501,0.44036980648282537,0.8710233526850508,33.333333333300004,0.0,3.1859341555000005,1.8861788130652561,621.428571429,25.0,36.111111111111114,366.598571448,2030.87981179
8062,8107,0,3,6,2,11575.0,0.14840561555075593,0.40228881689464846,0.8659051115910728,55.555555555599994,1.6666693756719597,6.958159251666668,1.3438885179108524,385.852941176,61.11111111111112,461.11111111111114,250.702655422,131.87331022
8073,8118,3,3,1,0,16991.666666666668,0.08451062612391695,0.2860818701978094,0.860867827366356,0.0,1.4065159088813688,16.435780714611113,1.8860661073020344,76.0,69.44444444444446,38.88888888888889,1500.0,1880.08400945
8076,8121,0,0,0,0,4647.222222222223,0.0727673640167364,0.3168971906754333,0.8302576808129108,19.4444444444,0.27509102557531323,6.256130431361112,1.4467729023505558,0.0,2.777777777777778,63.88888888888889,931.117896838,3000.0
8077,8122,0,0,0,0,1908.3333333333335,0.08269927219796215,0.22089868995633186,0.8440436681222707,0.0,1.7097920168521774,3.068165501694445,1.077556327066801,0.0,0.0,11.111111111111112,1500.0,3000.0
8093,8138,0,0,1,0,3127.777777777778,0.14142548845470693,0.22652495559502664,0.915490674955595,5.55555555556,0.0,5.100811756861112,1.1335636218443015,0.0,2.777777777777778,27.777777777777782,1029.95252611,1445.24395122
8108,8153,0,0,1,0,1536.1111111111113,0.07443779385171789,0.23918824593128388,0.8667602169981917,2.77777777778,0.0,7.085289194166666,1.3945593607030808,0.0,5.555555555555556,233.33333333333334,1500.0,1463.90680339
8113,8159,0,3,1,0,10077.77777777778,0.09121358875413452,0.22990013781697907,0.8776476019845645,13.888888888899999,0.0,9.261327875055557,1.6745522273374747,0.0,8.333333333333334,47.22222222222223,940.961128711,1773.62177952
8116,8162,0,0,0,0,7302.777777777778,0.12288980600988969,0.22003655382274628,0.8450481551920883,2.77777777778,1.6917340134028767,0.0,1.190076307208185,0.0,11.111111111111112,2.777777777777778,1500.0,1246.60511311
8117,8163,0,3,11,0,41972.222222222226,0.12128800132362674,0.3099669093315685,0.85908831237591,22.2222222222,0.6052458242455055,2.9122661281944446,0.9688457768843722,317.347826087,16.666666666666668,113.88888888888891,44.9644070456,885.35881132
8118,8164,0,1,0,0,1338.888888888889,0.06303029045643153,0.2370141078838174,0.8918136929460581,0.0,0.0,2.4372442069833338,1.4663587599364516,0.0,0.0,36.111111111111114,993.433726788,2634.48840043
8120,8166,2,3,2,3,18808.333333333336,0.13997027027027026,0.28798849505242946,0.90303473637572,13.888888888899999,0.0,0.345300971825,1.6549229458623604,179.0,50.0,163.8888888888889,798.726413897,1239.61803686
8124,8170,0,3,2,1,6844.444444444445,0.08665913149350649,0.27257958603896104,0.8525191964285714,13.888888888899999,0.0,11.244284033027778,1.7970528521563154,859.285714286,5.555555555555556,344.4444444444445,1500.0,807.68127354
8134,8180,0,0,0,0,2377.777777777778,0.06291320093457944,0.3069054906542056,0.8470434579439252,0.0,0.0,0.9904492924999999,1.4861337451174776,0.0,13.888888888888891,16.666666666666668,1500.0,1999.35613493
8135,8181,1,0,1,0,2550.0,0.04860599128540305,0.24638322440087146,0.8753765795206971,2.77777777778,1.6666847176250557,1.6473791510500002,1.4791328074296435,0.0,0.0,2.777777777777778,1500.0,3000.0
8138,8184,15,14,9,4,54763.8888888889,0.1776113010398174,0.35203788485924425,0.878643053512554,33.333333333300004,1.6006934007458815,2.3759794250694446,1.8695746249905678,231.285714286,341.6666666666667,147.22222222222226,107.963583725,236.46349001
8143,8189,2,3,0,2,51975.0,0.13119793704238147,0.3332371759927315,0.881372860883972,27.777777777799997,0.0421853453368539,8.227193674055556,1.8509920497134713,420.384615385,47.22222222222223,147.22222222222226,394.736692166,1206.8541785
8147,8194,0,2,0,0,4563.88888888889,0.08408527084601339,0.22620681679853927,0.8338474741326841,8.33333333333,1.9312971226358273,6.383686700166667,1.3417592596674663,0.0,0.0,27.777777777777782,1500.0,3000.0
8148,8195,0,1,0,0,1255.5555555555557,0.07516238938053096,0.26506637168141595,0.8821413716814159,0.0,0.15679882513889584,6.798605748305556,1.3447559133170757,0.0,2.777777777777778,300.0,347.130705882,1686.24943208
8150,8197,0,1,0,0,991.6666666666667,0.05166218487394958,0.16771708683473388,0.8578294117647058,0.0,2.0460306901589633,5.985238568444445,0.0,0.0,2.777777777777778,0.0,1500.0,3000.0
8153,8200,0,0,1,0,347.22222222222223,0.0637288,0.14301439999999999,0.7659528,0.0,0.0,4.525241151222223,0.0,0.0,2.777777777777778,0.0,1092.28280286,3000.0
8157,8204,0,1,0,0,1833.3333333333335,0.08406469696969697,0.23565424242424243,0.8680636363636364,0.0,0.0,7.621112106500002,0.6931471805599453,0.0,2.777777777777778,11.111111111111112,1500.0,3000.0
8158,8205,0,0,0,0,5461.111111111112,0.06256581892166836,0.1922147507629705,0.834316988809766,5.55555555556,0.0,6.380076204750001,1.2813544635699956,0.0,2.777777777777778,2.777777777777778,1500.0,3000.0
8159,8206,0,0,0,0,344.4444444444445,0.0918266129032258,0.26719354838709675,0.8133604838709678,0.0,0.0,2.0284789276499997,0.0,0.0,0.0,0.0,1500.0,3000.0
8160,8207,0,2,1,0,4577.777777777778,0.10416583737864078,0.2724469053398058,0.8819820388349514,2.77777777778,0.0,16.117148808888892,1.836754110459685,670.5,52.77777777777778,69.44444444444446,1500.0,3000.0
8166,8213,3,1,0,0,6886.111111111112,0.07990044372730941,0.2183758773699072,0.8689337636143607,8.33333333333,0.0,4.5420479152222235,1.9034538387944462,0.0,19.444444444444446,61.11111111111112,1500.0,1720.84085786
8170,8217,0,0,1,0,444.4444444444445,0.062434375,0.4824825,0.9044968750000001,0.0,1.7178773097809983,0.0,1.4442371920603585,0.0,5.555555555555556,144.44444444444446,1191.4708263,1868.51675342
8185,8232,0,3,0,0,23066.666666666668,0.11289278660886319,0.3324003131021194,0.8364190631021194,22.2222222222,1.6694844618729898,7.892507027333333,1.7748060168814122,46.0,36.111111111111114,50.0,999.598499879,389.91488084
8186,8233,1,1,1,0,8547.222222222224,0.07788914527136821,0.24563938901527463,0.8239503412414689,0.0,1.7114749270762735,10.336698017722224,1.4734348094681462,108.0,25.0,27.777777777777782,1500.0,3000.0
8187,8234,4,9,1,0,9691.666666666668,0.09199051304098596,0.26402470621954716,0.8323142734307825,2.77777777778,1.863695504460106,5.138493683527778,1.9038542825862714,796.0,13.888888888888891,47.22222222222223,896.162684438,522.73461227
8195,8242,0,2,0,0,5486.111111111112,0.101716,0.2703521518987342,0.8510591392405062,11.1111111111,0.0,12.065026738666665,0.9430456700020091,0.0,2.777777777777778,66.66666666666667,1500.0,3000.0
8206,8253,0,2,0,3,6400.0,0.1567982204861111,0.2927026909722222,0.8871897135416666,2.77777777778,1.6046114268198184,7.0131407545,1.296378578593304,0.0,33.333333333333336,447.2222222222223,1067.00318185,805.24401059
8210,8257,0,0,0,1,4175.0,0.06272322022621424,0.2740220891550233,0.8449469727212243,5.55555555556,2.057299356081781,9.677525186194446,1.2105578441774711,0.0,8.333333333333334,27.777777777777782,1500.0,1575.76595436
8220,8267,0,0,1,0,1472.2222222222224,0.07513377358490567,0.282372641509434,0.8848866037735849,0.0,0.0,5.613543941611112,1.3296613488547582,0.0,0.0,72.22222222222223,1500.0,3000.0
8228,8275,0,0,0,0,3433.3333333333335,0.09371974110032362,0.21648794498381876,0.8583600323624595,0.0,0.0,3.177853047166667,0.887694275799104,0.0,13.888888888888891,16.666666666666668,1500.0,3000.0
8233,8280,0,0,7,0,2805.555555555556,0.05923019801980198,0.15630178217821783,0.8629331683168316,0.0,1.642268753850473,2.163273197425,0.4597472786506893,0.0,0.0,25.0,1500.0,3000.0
8237,8284,0,1,0,0,8766.666666666668,0.1027665082382763,0.37675307351077314,0.854256051964512,38.8888888889,0.7130428432655871,4.222082288777778,1.7583079862033921,175.0,2.777777777777778,175.0,1500.0,3000.0
8238,8285,2,3,0,0,23647.222222222223,0.0884826970515682,0.31715037002231883,0.8503306942323505,11.1111111111,1.3445340525449712,3.9823968897777786,1.888399281688849,0.0,22.222222222222225,141.66666666666669,1500.0,1796.02014277
8261,8308,0,0,0,0,3427.7777777777783,0.054444408427876824,0.13651401944894653,0.823335656401945,0.0,0.0,4.839001784166666,1.5176745294625686,0.0,0.0,0.0,1500.0,3000.0
8266,8313,0,3,0,2,19511.111111111113,0.11555606492027334,0.35653171981776766,0.8667310364464693,16.6666666667,0.0,16.31505900936111,1.7780520689586092,72.875,141.66666666666669,97.22222222222223,1500.0,858.582803
8269,8316,0,0,0,0,5541.666666666667,0.09048972431077694,0.23960275689223057,0.8601544360902256,5.55555555556,0.0,7.686142228305556,1.6361339780093895,0.0,5.555555555555556,63.88888888888889,745.375160668,1576.40309414
8274,8321,0,2,0,0,1058.3333333333335,0.07439212598425196,0.17241181102362205,0.8341186351706036,2.77777777778,0.0,2.9206869011111114,1.3321790402101223,0.0,2.777777777777778,19.444444444444446,1500.0,2314.62291892
8276,8323,12,22,4,4,61669.44444444445,0.14268647808657267,0.48490074320976534,0.878041610738255,72.2222222222,0.2985503067479187,6.523789334611111,2.0346022410852913,551.973684211,244.44444444444449,663.888888888889,109.601275979,743.19450939
8277,8324,15,78,88,101,60988.8888888889,0.13983080251411917,0.48219502641646933,0.8769465430861724,158.333333333,0.8765960058322332,7.540122917972223,1.4792965845883532,631.583333333,150.0,737.777777777778,444.632203055,247.63626516
8279,8326,0,0,0,0,6169.444444444445,0.08724565511031068,0.32454691580369205,0.8555649257091401,19.4444444444,0.0,16.19632893216667,1.7904321563817058,62.25,8.333333333333334,150.0,1500.0,557.5409584
8297,8344,0,1,0,1,3005.555555555556,0.055381330868761555,0.18269279112754158,0.8672459334565619,0.0,0.0,10.242201494555555,1.357777993221842,0.0,0.0,38.88888888888889,631.300824307,781.14407313
8306,8353,2,6,0,1,18297.222222222223,0.07542844997722788,0.23626107484439046,0.8623188705025049,19.4444444444,0.03322843330912085,0.0,1.7588502872861098,0.0,16.666666666666668,163.8888888888889,1376.19809035,1100.04639751
8319,8366,1,2,2,0,10066.666666666668,0.19375198675496688,0.3197719646799117,0.8860831401766005,0.0,1.677468171957314,6.6198495471111105,1.909807271675892,170.444444444,66.66666666666667,27.777777777777782,1201.2350608,474.72855461
8324,8371,0,2,0,0,11755.555555555557,0.06764541587901701,0.24754562854442344,0.8440406663516069,8.33333333333,0.0,13.301018801277776,1.601465661427094,0.0,8.333333333333334,33.333333333333336,1500.0,2194.18082207
8342,8389,0,0,0,0,2855.555555555556,0.06258608949416342,0.16423385214007782,0.861168093385214,0.0,0.0,5.035688730027777,0.887694275799104,0.0,0.0,19.444444444444446,1500.0,3000.0
8349,8396,4,8,0,0,25577.77777777778,0.074583590356212,0.2073218722849696,0.8673433427454388,41.666666666699996,0.0,13.442247009333334,1.8066483723213327,38.0,30.55555555555556,119.44444444444446,572.671911835,2682.58038097
8351,8398,0,1,0,0,1494.4444444444446,0.08478754646840148,0.2736947955390335,0.8166531598513012,0.0,0.0,3.925874399055556,0.0,0.0,0.0,0.0,1500.0,3000.0
8362,8409,0,0,1,0,894.4444444444446,0.06798385093167701,0.23666583850931677,0.8560962732919255,0.0,1.0387116190885641,4.503357542222223,1.2519894208137132,0.0,11.111111111111112,25.0,1500.0,3000.0
8364,8411,4,9,0,2,28322.222222222226,0.1115134856806591,0.3480746174970577,0.8401373087485289,5.55555555556,0.093961613870554,16.5600509175,1.9231112880826404,415.0,133.33333333333334,58.333333333333336,1500.0,478.54996233
8372,8419,0,0,0,0,13383.333333333334,0.07024657534246576,0.28937490660024906,0.8397188667496887,2.77777777778,0.45252219030925417,4.4064602808333335,1.0549201679861442,0.0,2.777777777777778,5.555555555555556,1500.0,3000.0
8374,8421,4,3,1,3,48197.222222222226,0.12045527635294795,0.30458486542562385,0.8944566192150308,36.1111111111,1.1609399443754371,7.990842534361111,2.1227029329114098,85.5,138.8888888888889,113.88888888888891,464.612586262,372.84226003
8379,8426,13,23,8,4,39141.66666666667,0.15417810659286071,0.3378776027251437,0.8879605634802357,44.4444444444,2.011410175632485,8.111140627666668,1.8886508342175903,94.75,163.8888888888889,127.77777777777779,551.370312852,185.28024379
8384,8431,0,0,0,0,1316.6666666666667,0.08543523206751054,0.25388354430379745,0.8075862869198313,0.0,1.6898355681856096,0.0,0.9911388966130941,0.0,0.0,0.0,1500.0,3000.0
8386,8433,0,0,0,0,1269.4444444444446,0.06783719912472648,0.2710969365426696,0.8594962800875274,8.33333333333,1.7399532397693929,3.6287599434166666,1.5367224694372195,0.0,2.777777777777778,22.222222222222225,1500.0,2967.10683402
8388,8435,0,2,0,0,22113.88888888889,0.0908021605325964,0.2411231001130511,0.8614636729054138,30.555555555599998,0.0,4.729316420250001,1.7159452603065068,436.75,30.55555555555556,41.66666666666667,71.3838804426,1900.98970495
8394,8441,3,3,1,0,20833.333333333336,0.07343242666666666,0.22158997333333333,0.8781830666666666,22.2222222222,1.0660156628224025,15.362284927500003,1.8922683971132819,93.0,36.111111111111114,319.4444444444445,1500.0,1901.1593136
8395,8442,0,3,0,0,26436.111111111113,0.09755409267626353,0.34598584638016183,0.8589646737417254,8.33333333333,0.0,12.47484429827778,1.6737614797211253,96.0,33.333333333333336,97.22222222222223,1309.9340775,1116.01573973
8403,8450,0,1,0,0,1847.2222222222226,0.04290857142857143,0.1795212030075188,0.8636342857142856,0.0,0.0,9.341859863611113,0.0,0.0,2.777777777777778,5.555555555555556,1500.0,2172.17167187
8417,8464,2,3,2,0,41611.11111111112,0.20305204939919894,0.3782469492656876,0.859696041388518,11.1111111111,0.07561013780668954,6.408513113666666,1.8171546594281014,81.5,136.11111111111111,191.66666666666669,330.830187437,1109.34174873
8428,8475,0,0,0,0,5650.0,0.11983549655850541,0.2643647000983284,0.8485176991150443,8.33333333333,0.0,5.112038603250001,1.457896222875002,1000.0,47.22222222222223,33.333333333333336,1500.0,1963.81416937
8435,8482,1,3,1,0,8588.88888888889,0.09194508408796895,0.25196380983182404,0.8494841849935317,2.77777777778,1.855061332546325,9.778741488666666,1.6983927445715017,55.5,33.333333333333336,97.22222222222223,1500.0,1973.71413058
8438,8485,2,3,1,2,11005.555555555557,0.20715991923271077,0.4817679707218576,0.8974072438162545,0.0,0.0,0.0,1.9840456750674105,0.0,63.88888888888889,16.666666666666668,1500.0,1400.69042514
8444,8491,0,0,4,0,4833.333333333334,0.05624655172413793,0.16697517241379312,0.8506439655172414,22.2222222222,1.747721565127154,9.541468542861113,1.1266861587726067,0.0,2.777777777777778,113.88888888888891,1346.80393947,1223.15631797
8445,8492,3,2,0,0,10463.88888888889,0.1631937085213698,0.3024569418635519,0.8337039023095302,2.77777777778,1.2501396973285415,3.5546407747222224,1.6631355916141726,0.0,55.555555555555564,91.66666666666667,1500.0,2356.71129589
8448,8495,0,1,1,0,12136.111111111111,0.08846845960173953,0.31598498512245365,0.8285604486152437,11.1111111111,2.067603707648238,10.580093944694445,1.8332812213692644,105.0,11.111111111111112,19.444444444444446,207.23301075,3000.0
8450,8497,0,1,0,0,21350.0,0.15881053864168618,0.2796226775956284,0.8847147671090294,16.6666666667,1.6754004701553942,7.2159991654722235,1.6337555698949338,107.833333333,8.333333333333334,113.88888888888891,434.005089451,606.67025508
8452,8499,0,1,0,0,830.5555555555557,0.06377458193979933,0.34850033444816053,0.8909702341137125,0.0,0.0,11.81892198075,0.0,0.0,2.777777777777778,63.88888888888889,1500.0,3000.0
8457,8504,19,18,4,0,49797.222222222226,0.13382341161376693,0.33918771127349806,0.9079171305851509,38.8888888889,0.425543207685415,10.264463734361113,2.001880686950755,113.6,125.0,222.22222222222226,220.003622434,288.15300097
8461,8508,1,0,0,0,16875.0,0.11022120164609053,0.29036725925925927,0.8544124938271606,8.33333333333,1.7002835111267411,7.481059964222222,1.8928437996847371,0.0,22.222222222222225,38.88888888888889,1500.0,3000.0
8463,8510,4,0,0,0,16033.333333333334,0.08147884615384615,0.23645814275814275,0.8610691614691615,27.777777777799997,0.0,8.695304940111113,1.9953059615221491,78.0,19.444444444444446,88.8888888888889,1500.0,1452.68465621
8466,8513,0,0,0,0,1536.1111111111113,0.07044430379746836,0.2571866184448463,0.8527641952983726,5.55555555556,0.0,10.22140022627778,1.4492110280231345,0.0,0.0,69.44444444444446,1500.0,3000.0
8469,8516,2,3,0,0,13100.0,0.08701043256997455,0.28158422391857507,0.8481375106022052,13.888888888899999,1.6157999083806653,2.8434236445000005,1.7919470234780213,60.9,8.333333333333334,30.55555555555556,1500.0,502.75227599
8473,8520,1,0,0,0,2094.444444444445,0.07668143236074271,0.14415371352785147,0.8056924403183024,0.0,0.18763527338903582,4.807824080055556,1.273800728289998,0.0,8.333333333333334,8.333333333333334,1500.0,3000.0
8479,8526,0,4,2,1,18369.44444444445,0.07939026160592771,0.1873023287464086,0.8292367155602601,13.888888888899999,0.0,18.984236630555557,1.8370132330687372,75.1,63.88888888888889,119.44444444444446,1500.0,1899.27537793
8492,8539,0,0,0,0,1800.0,0.07816558641975309,0.31863503086419753,0.8928711419753087,2.77777777778,0.0,0.0,1.4152779746464539,0.0,0.0,5.555555555555556,459.878417001,1707.93903189
8494,8541,0,0,0,2,8461.111111111111,0.07721254103742614,0.19655561391989493,0.8546715036112935,13.888888888899999,0.9486303634017053,4.842487817777778,1.6339087887703916,0.0,13.888888888888891,80.55555555555556,1269.67855631,3000.0
8497,8544,0,2,0,0,10158.333333333334,0.22650598851517637,0.3623978944490019,0.8756881050041018,5.55555555556,0.6171561207487963,3.5433898666666663,2.0024218484577005,50.0,75.0,22.222222222222225,350.735806144,966.86583569
8520,8567,0,1,0,0,1305.5555555555557,0.09229936170212766,0.25346148936170215,0.8598248936170213,0.0,0.0,2.102122447252778,1.0114042647073518,0.0,2.777777777777778,2.777777777777778,1500.0,3000.0
8532,8579,26,15,2,1,41486.11111111112,0.11016836290592567,0.28599267492467356,0.8760235353197188,77.7777777778,1.9697176024687757,5.0438468846388895,1.6931255809090136,74.6,50.0,105.55555555555556,981.787223177,809.28842173
8537,8584,0,0,0,0,8711.111111111111,0.06398947704081633,0.3156390625,0.8752050063775509,8.33333333333,1.6858457935776912,0.0,1.7045514452672967,0.0,13.888888888888891,127.77777777777779,577.725139947,1870.99244998
8540,8587,0,0,0,0,502.7777777777778,0.07553646408839779,0.26987237569060774,0.8317629834254144,0.0,0.0,0.0,0.0,0.0,0.0,0.0,1500.0,3000.0
8543,8590,3,3,0,2,9961.111111111111,0.12162295036252092,0.31052230897936417,0.8630968209704406,63.88888888889999,1.403791566806124,2.147429344008333,1.645002121644916,59.75,16.666666666666668,316.6666666666667,1500.0,2384.89667846
8544,8591,1,1,0,1,1133.3333333333335,0.10518578431372548,0.3056612745098039,0.8693281862745098,8.33333333333,2.154625693493914,0.0,1.0397207708399179,0.0,2.777777777777778,47.22222222222223,1500.0,718.97340674
8545,8592,0,0,0,0,1522.2222222222224,0.07641040145985402,0.2930505474452555,0.8848859489051095,2.77777777778,0.0,5.237835043166668,0.7356219397587946,0.0,2.777777777777778,113.88888888888891,1196.70234094,2338.14610139
8553,8600,0,2,0,0,8700.0,0.08225038314176246,0.22672851213282247,0.8375230523627075,5.55555555556,0.0,4.378822923,1.6661322860262149,0.0,16.666666666666668,13.888888888888891,1500.0,3000.0
8565,8612,5,19,4,6,37450.0,0.10863192404687731,0.278831582851209,0.8686366414478564,72.2222222222,0.0,10.574897152944446,1.8872512657848732,74.7222222222,69.44444444444446,238.8888888888889,557.38137302,1710.33799493
8571,8618,0,1,1,0,4977.777777777778,0.06977751116071429,0.19551824776785715,0.8629549107142857,5.55555555556,1.3152793755486816,2.4112255358388888,1.2072432805590583,633.5,2.777777777777778,97.22222222222223,1286.50039943,3000.0
8579,8626,1,2,3,0,9519.444444444445,0.16695024803034725,0.49032643711701196,0.8831677560548584,13.888888888899999,1.8421204148505115,2.802899500666667,1.9146392220659325,337.666666667,41.66666666666667,41.66666666666667,752.967072143,1659.20481261
8593,8640,7,3,2,0,18811.111111111113,0.10434613112817483,0.26987014176018903,0.8814563053750738,11.1111111111,1.3831144059157052,9.591554998944446,1.6237876716184891,271.0,5.555555555555556,175.0,634.533883273,1643.0396554
8601,8648,0,1,0,0,5675.0,0.09363558492413118,0.2151469407733725,0.8473057758198727,5.71694532333,0.37290402728706384,5.804604695222223,1.5165218186917646,44.3333333333,0.0,8.333333333333334,1280.45712246,3000.0
8625,8672,0,1,0,0,20133.333333333336,0.10211325883002208,0.3685694950331126,0.8986412941501104,2.77777777778,0.374013901183573,13.260713627777779,1.8368555699861953,58.0,2.777777777777778,36.111111111111114,890.492513109,1747.68327527
8627,8674,5,6,0,0,37622.222222222226,0.17039004725339635,0.31604453632604845,0.9011375295333727,22.2222222222,0.0,9.109959467777779,1.8449521806231302,768.285714286,200.0,116.66666666666667,561.182645216,453.97989005
8628,8675,2,2,1,0,42294.444444444445,0.15547320373046106,0.3034892749244713,0.87670633127545,19.4444444444,0.0,11.340576366250001,1.9967096105720052,167.0,122.22222222222224,88.8888888888889,1010.05699604,603.10973146
8629,8676,0,0,0,0,1561.1111111111113,0.04283185053380783,0.2571571174377224,0.8437290035587188,5.55555555556,0.0,6.211909281916667,0.9667042709099861,0.0,2.777777777777778,13.888888888888891,1500.0,3000.0
8633,8680,0,1,0,0,533.3333333333334,0.08926510416666666,0.30181979166666667,0.8814442708333333,0.0,0.0,3.1052684118611116,1.4897503188505912,0.0,2.777777777777778,13.888888888888891,1333.20530969,1448.84006708
8649,8696,0,1,0,0,1102.777777777778,0.04731964735516373,0.12105088161209068,0.8652657430730478,13.888888888899999,0.0,8.346274183833335,1.4402347497045995,0.0,8.333333333333334,8.333333333333334,1500.0,3000.0
8652,8699,0,1,0,0,3155.555555555556,0.0659169014084507,0.1911669894366197,0.8564193661971831,0.0,0.0,10.078511925750002,1.5149662093659928,35.0,16.666666666666668,16.666666666666668,1500.0,1224.66400917
8661,8708,0,1,0,0,3069.444444444445,0.05727529411764706,0.18146343891402714,0.8541129411764706,0.0,0.0,10.756454601611111,1.5229550675313184,0.0,0.0,19.444444444444446,1500.0,3000.0
8682,8729,1,9,3,2,13763.88888888889,0.12414825428859737,0.24523634712411704,0.8477940464177598,16.6666666667,0.2181185648208695,7.568981688972223,1.1022757808728163,480.571428571,44.44444444444445,194.44444444444446,206.157451354,909.27747478
8683,8730,0,0,0,0,105.55555555555556,0.037310526315789475,0.08947368421052632,0.9186684210526316,0.0,0.0,1.9216952501972229,0.0,0.0,0.0,0.0,1500.0,3000.0
8685,8733,4,2,0,1,6038.88888888889,0.09363210671573137,0.29232240110395585,0.8501430542778289,11.1111111111,1.016623378723641,10.71637015325,1.6306251772725429,40.0,2.777777777777778,58.333333333333336,1500.0,605.97282957
8702,8750,0,1,0,0,6752.777777777778,0.07503994241053065,0.14820761003702182,0.8098820238584945,2.77777777778,0.0,12.938038288611112,1.6317045308652793,47.0,8.333333333333334,77.77777777777779,1500.0,3000.0
8705,8753,3,10,2,1,29300.0,0.19084318354190366,0.4960514599924156,0.8782276071293136,13.888888888899999,1.1774902751777043,18.59859834630556,1.9975576684815097,250.125,138.8888888888889,200.0,512.575955053,940.90882753
8707,8755,1,1,0,0,9638.88888888889,0.09120541786743516,0.1827401729106628,0.8403364553314122,8.33333333333,0.0,13.557594639916667,1.7952741779107781,74.6666666667,30.55555555555556,2.777777777777778,1500.0,1136.66455505
8716,8764,0,0,4,0,2663.888888888889,0.0708806047966632,0.23208050052137644,0.8231783107403545,2.77777777778,0.3893076881626364,3.1428936698055554,1.2227793161934695,0.0,0.0,5.555555555555556,466.992605994,2696.28456456
8717,8765,0,0,0,0,2622.2222222222226,0.05054141949152543,0.13465391949152541,0.8198634533898305,0.0,0.0,4.592778979777779,0.8239592165010823,0.0,0.0,8.333333333333334,1500.0,3000.0
8719,8767,0,0,0,0,3077.777777777778,0.17691344765342962,0.26436462093862817,0.8996722924187726,0.0,0.3389317117563254,7.909385691750001,1.668331894342036,865.5,52.77777777777778,5.555555555555556,1500.0,1640.71580106
8723,8771,0,4,0,2,11772.222222222224,0.11507243983010855,0.3133649834827749,0.8636709060877772,5.55555555556,1.6654079340844332,3.4617846404722226,1.8705761705846355,67.7142857143,155.55555555555557,61.11111111111112,82.1469454101,452.33707051
8732,8780,0,0,0,0,869.4444444444446,0.1483258785942492,0.2975766773162939,0.8225993610223642,33.333333333300004,1.6769378286055834,5.399005339805556,1.1317680669094345,0.0,5.555555555555556,111.11111111111113,1076.79962184,1399.37998356
8750,8799,1,2,0,0,7138.8888888888905,0.10191408560311284,0.2311714007782101,0.8150505447470817,5.55555555556,0.0,8.604853767583334,1.6490574609896904,830.0,38.88888888888889,33.333333333333336,1500.0,2471.65824783
8760,8809,0,1,0,1,11416.666666666668,0.08052442822384429,0.2512191727493917,0.8648556690997566,8.33333333333,2.167447118497352,7.204913063638889,1.8730521555037272,65.0,22.222222222222225,97.22222222222223,1500.0,3000.0
8766,8815,0,2,0,0,580.5555555555557,0.10955167464114833,0.20178516746411482,0.8865985645933014,11.1111111111,0.0,3.3493965696944445,1.3760552852604169,0.0,11.111111111111112,2.777777777777778,1500.0,1919.58968856
8770,8819,5,3,1,0,38188.8888888889,0.1150662641838813,0.25248881291824266,0.8911937154495199,16.6666666667,0.8683486972424366,2.7609631269861117,2.074351297357177,288.7,13.888888888888891,94.44444444444446,486.271595778,818.83688428
8788,8839,2,10,2,9,32463.888888888894,0.12796723710105246,0.3299277316676649,0.8653631470865064,13.888888888899999,0.7775500200259571,1.4902494706583334,1.7608613781991576,100.0,194.44444444444446,180.55555555555557,333.205287138,71.82218527
8790,8841,3,5,14,2,38602.77777777778,0.1472250413758365,0.3433480391451392,0.876437202273872,47.2222222222,1.0714984861274464,1.2223109254472224,1.8273620350905941,61.5,72.22222222222223,358.33333333333337,332.501844121,888.67559867
8795,8846,0,0,0,0,6633.333333333334,0.09829924623115578,0.29716972361809046,0.8381165829145728,2.77777777778,1.2075835951943836,5.948024589222222,1.8192655207508006,611.4,41.66666666666667,19.444444444444446,1500.0,3000.0
8799,8850,2,3,0,2,8536.111111111111,0.13174816140579237,0.22996840221282136,0.86393494956069,13.888888888899999,0.0,5.025715397027779,1.5191452066712907,557.791666667,105.55555555555556,252.77777777777783,663.137465322,840.13215113
8808,8859,2,4,0,0,6561.111111111112,0.08618848433530907,0.2771961896697714,0.8462951312447079,5.55555555556,1.669404007314833,6.594006315416667,1.7888611575536948,47.0,19.444444444444446,52.77777777777778,1500.0,2556.5565593
8813,8865,0,0,0,0,1200.0,0.04544490740740741,0.2897699074074074,0.8587530092592592,0.0,1.1224196981014276,0.0,0.5004024235381879,0.0,0.0,5.555555555555556,1217.58584831,2126.64522503
8817,8869,0,7,0,8,28075.0,0.10547500742059959,0.30357421588997724,0.8738773919065994,8.33333333333,0.0027502777779267896,11.601324990861112,1.939037182991198,60.3333333333,63.88888888888889,58.333333333333336,629.661686372,406.97303965
8827,8879,1,1,0,0,13177.77777777778,0.10483693086003373,0.3694350126475548,0.838193591905565,25.0,1.0489814789824914,5.603521124305557,1.9241158241154073,0.0,22.222222222222225,58.333333333333336,1033.32447109,938.22980913
8837,8889,0,1,0,1,5113.88888888889,0.08739494839761,0.2086423682781097,0.8459057577403585,5.55555555556,1.5030703673120247,3.449976791805556,1.866514425093868,211.8,30.55555555555556,94.44444444444446,1500.0,3000.0
8838,8890,0,1,0,0,986.1111111111113,0.0789374647887324,0.20222901408450705,0.8166450704225352,0.0,1.8560635819265945,4.049994097361111,0.0,0.0,2.777777777777778,8.333333333333334,1500.0,3000.0
8847,8899,0,2,0,0,3275.0,0.14428371501272264,0.331345122985581,0.8561741306191688,2.77777777778,0.6149663675478643,5.746643267888889,1.1209503926735835,59.0,5.555555555555556,25.0,665.648158477,1019.53255775
8851,8903,2,1,0,0,10777.77777777778,0.1334052319587629,0.20120912371134023,0.862032706185567,8.33333333333,1.716834160227168,4.632390290777779,1.876070536416366,0.0,47.22222222222223,38.88888888888889,1077.53769626,1344.52014929
8860,8912,1,4,0,0,9172.222222222224,0.08220096910963053,0.2006253179890975,0.8587903694730467,8.33333333333,0.0,4.275559758694445,1.74152342707855,0.0,8.333333333333334,50.0,1353.40922783,1316.20258845
8861,8913,0,0,0,0,1438.888888888889,0.09119536679536679,0.24231196911196912,0.8501023166023166,0.0,0.0,6.899242618055555,0.6365141682948128,0.0,2.777777777777778,0.0,1500.0,3000.0
8864,8916,0,0,0,0,16011.111111111113,0.07971915336571825,0.27109463913948645,0.8470629597501735,30.555555555599998,0.8821041379141467,4.881981918694445,1.5822789015919208,30.0,8.333333333333334,36.111111111111114,1121.36643717,1525.58793622
8865,8917,0,2,0,0,7813.8888888888905,0.10261375755421258,0.26831393530039105,0.8297485958051902,2.77777777778,0.7215334225924234,5.9617659945,1.3998433575225153,0.0,11.111111111111112,47.22222222222223,1500.0,2166.9437043
8868,8920,0,0,0,0,2433.3333333333335,0.1935502283105023,0.3269761415525114,0.9083148401826484,0.0,1.6406414154081885,0.0,1.5372374443786705,0.0,22.222222222222225,2.777777777777778,1500.0,2364.62475043
8879,8931,0,2,2,5,3025.0,0.12293617998163453,0.18940238751147842,0.8465654729109274,2.77777777778,1.6673368105589341,8.689024446277779,1.9605481565101188,132.0,69.44444444444446,16.666666666666668,360.913254058,214.27599915
8884,8936,0,0,0,1,3266.666666666667,0.08205824829931974,0.2063422619047619,0.8661485544217686,0.0,1.1073626936744012,6.154187450416668,1.1626998334975678,0.0,2.777777777777778,8.333333333333334,1500.0,1610.5484741
8887,8939,0,1,0,0,12786.111111111111,0.09460764718661742,0.22878683467303934,0.8484488811644579,16.6666666667,0.0,16.46096368138889,1.6090012243103982,61.0,19.444444444444446,61.11111111111112,737.623520753,464.71002406
8892,8944,1,1,1,0,12191.666666666668,0.1078535657325131,0.24557500569605833,0.8670057871952609,2.77777777778,1.8543508017896273,1.4658757578333335,1.48965625936625,0.0,8.333333333333334,25.0,896.120903234,2445.60788007
8895,8947,0,0,0,0,1466.6666666666667,0.0716251893939394,0.32256155303030304,0.8865435606060607,0.0,0.4378865839090295,0.0,1.4735023850806486,0.0,11.111111111111112,5.555555555555556,672.137533301,2674.4618261
8899,8951,1,0,0,0,5594.444444444445,0.07151866931479643,0.24912174776564053,0.8605253227408143,5.55555555556,1.7415414299159224,4.7583546622499995,1.4013926466081228,0.0,5.555555555555556,66.66666666666667,1500.0,3000.0
8904,8956,2,0,0,0,6819.444444444445,0.08421890020366599,0.28464162932790227,0.868933849287169,0.0,0.0,16.619551692055555,1.7882431738740223,60.0,30.55555555555556,47.22222222222223,1500.0,1319.12643891
8918,8970,0,4,3,0,15669.444444444447,0.12987913490515865,0.22702838149264312,0.8593995036341073,5.55555555556,0.43118053627781133,2.133974183755556,1.2621585590201714,125.0,44.44444444444445,141.66666666666669,891.894971434,1286.06734289
8929,8981,0,0,0,0,4425.0,0.06791374764595104,0.21923182674199626,0.8457621468926554,2.77777777778,0.0,5.980305368722223,1.8311854897153352,0.0,8.333333333333334,33.333333333333336,1500.0,3000.0
8930,8982,11,17,0,3,43291.66666666667,0.1445498492139878,0.3487103240295156,0.867445941610523,16.6666666667,0.7293747721404092,5.483485544722223,1.9004618984898476,141.772727273,86.11111111111113,33.333333333333336,347.484335333,230.31836637
8941,8993,2,11,0,4,42902.77777777778,0.10103360958238912,0.32356756231790224,0.8598280673357074,80.5555555556,0.7458301573050687,11.52727522077778,1.935044749165774,75.7619047619,75.0,169.44444444444446,827.640374194,433.520388
8943,8995,0,5,0,0,16377.777777777781,0.23402250678426054,0.5265719131614655,0.9018745420624151,0.0,1.1519794385026076,10.89122896125,1.9575246888277853,0.0,102.77777777777779,288.8888888888889,463.681941059,426.87996572
8948,9000,0,2,0,0,18711.111111111113,0.09821383610451306,0.26059107779097385,0.86307966152019,5.55555555556,0.0,0.0,1.6833322115489366,0.0,8.333333333333334,33.333333333333336,959.483069893,1984.27800888
8963,9015,1,5,0,1,23558.333333333336,0.12311519867940103,0.3243417521518689,0.8603169437566325,27.777777777799997,2.099975161322026,5.460989875388889,1.6723579896091505,75.5,94.44444444444446,119.44444444444446,1500.0,312.56304178
8968,9020,0,0,0,0,191.66666666666669,0.06632028985507246,0.11391014492753623,0.8435666666666667,0.0,0.0,2.508142414641667,0.0,0.0,2.777777777777778,0.0,1500.0,3000.0
8978,9030,5,11,11,2,35780.55555555556,0.12765872214890148,0.27274991848458974,0.8747507646921823,33.333333333300004,0.07619872457323563,2.71148956725,1.7290550295036264,137.0,44.44444444444445,58.333333333333336,497.670982933,466.80550141
8995,9048,0,4,0,0,2961.1111111111113,0.11419971857410882,0.31127035647279555,0.8843106003752346,22.2222222222,1.668012551191284,6.205096945055556,1.517544976036847,0.0,13.888888888888891,255.55555555555557,264.942208747,979.71739327
9010,9063,3,7,1,0,18005.55555555556,0.17421494908978707,0.38038906201789574,0.8910893705646405,30.555555555599998,0.0,4.062240555944444,1.6247221603829671,244.0,83.33333333333334,44.44444444444445,609.570916015,249.41194048
9020,9073,6,14,0,5,55633.333333333336,0.15029957559416818,0.3412999251048532,0.8908082434591571,13.888888888899999,1.7935388493453102,8.722452470833334,1.9421792043701436,312.307692308,247.22222222222226,55.555555555555564,45.6261128855,120.99331363
9024,9077,1,0,0,0,1036.1111111111113,0.08126863270777479,0.29349544235924935,0.8492380697050939,5.55555555556,0.6630151292217231,0.0,1.206124156028269,0.0,0.0,25.0,1500.0,1087.85622788
9025,9078,0,0,0,0,7497.2222222222235,0.08269255279733234,0.23418736569099666,0.8419509818451277,2.77777777778,0.0,9.88285421838889,1.5492125231419984,0.0,8.333333333333334,105.55555555555556,1500.0,2452.64360443
9031,9084,0,10,1,4,34594.444444444445,0.14693097799903646,0.540056993736952,0.888621471013329,33.333333333300004,1.4797552049866989,12.14096701613889,1.9602094915890378,354.8,230.55555555555557,766.111111111111,209.32501444,144.9997134
9044,9097,0,5,0,0,24786.111111111113,0.09208216967387649,0.3308425305390564,0.8455508013000113,2.77777777778,0.24106505883726873,7.342386546027779,1.762912463268734,473.0,30.55555555555556,44.44444444444445,1500.0,855.06422634
9048,9101,0,2,1,0,6697.222222222223,0.08836200746578184,0.3254733305682289,0.855969805060141,16.6666666667,0.24775082292871362,3.1762577973333332,1.7661637823632599,0.0,5.555555555555556,141.66666666666669,1500.0,3000.0
9049,9102,0,0,0,0,1450.0,0.06366187739463601,0.2108624521072797,0.8286084291187739,0.0,0.0,3.368221691777778,0.0,0.0,0.0,5.555555555555556,534.701448572,3000.0
9065,9118,0,0,0,0,4469.444444444445,0.13955518955873214,0.31679484151646986,0.8825413300186451,0.0,0.0,5.762756526194445,1.7361211828147631,0.0,16.666666666666668,5.555555555555556,498.083064183,1366.60334821
9066,9119,0,1,0,1,422.22222222222223,0.04109539473684211,0.215475,0.8227723684210527,0.0,0.0,0.1597638612836111,0.0,0.0,0.0,2.777777777777778,1500.0,3000.0
9069,9122,1,2,1,1,27583.333333333336,0.13917694864048338,0.4276856394763343,0.8688391440080565,38.8888888889,1.8896500510837648,8.314873000972222,1.8368650858334115,245.555555556,27.777777777777782,116.66666666666667,277.39244583,798.48281333
9071,9124,1,2,0,0,14388.88888888889,0.11691339768339769,0.294915694980695,0.8774449227799228,5.55555555556,0.0,11.517778586694448,1.9236514143519379,535.666666667,50.0,44.44444444444445,1500.0,3000.0
9076,9129,0,0,0,0,1658.3333333333335,0.09692646566164154,0.2267010050251256,0.8870189279731994,2.77777777778,0.0,3.333648116805556,1.0368353716214715,0.0,0.0,66.66666666666667,1500.0,3000.0
9093,9146,0,1,3,0,4119.444444444445,0.09351207012811869,0.45832137559002023,0.8786985839514497,8.33333333333,1.0316691782143905,5.9995309965277785,1.600389442532077,0.0,41.66666666666667,141.66666666666669,737.303524644,1323.63179717
9099,9152,0,0,0,0,2033.3333333333335,0.04807226775956284,0.18005997267759563,0.8804618852459016,0.0,0.13267942613926598,7.179065251000001,1.377819508039033,0.0,16.666666666666668,2.777777777777778,1500.0,3000.0
9104,9157,1,12,0,1,26811.111111111113,0.0892365727310402,0.21740520099461252,0.8361762432656444,19.4444444444,0.0,22.26827646963889,1.586068275997529,42.3333333333,69.44444444444446,280.5555555555556,1500.0,549.87097387
9109,9162,0,1,0,0,6155.555555555556,0.06805505415162455,0.15435749097472923,0.8284365072202166,0.0,1.5196306606451515,5.694744433583335,1.5783712798911809,0.0,5.555555555555556,83.33333333333334,1500.0,1449.53664404
9113,9166,1,3,0,0,2761.1111111111113,0.07326659959758551,0.2837881287726358,0.8649439637826961,2.77777777778,0.0,7.4560340395,1.331660286822432,0.0,11.111111111111112,38.88888888888889,1500.0,3000.0
9128,9181,0,0,0,0,925.0,0.1145168168168168,0.31694204204204207,0.849814114114114,2.77777777778,0.4762890627238748,5.009445380388889,0.0,0.0,2.777777777777778,0.0,1500.0,1863.01817696
9133,9186,0,0,0,0,1141.6666666666667,0.08395936739659368,0.24021362530413626,0.8867065693430657,0.0,0.0,6.620817114638888,0.45056120886630463,100.333333333,5.555555555555556,19.444444444444446,1179.17479555,896.04739801
9136,9189,0,1,0,1,6366.666666666667,0.058258682373472946,0.16107587260034903,0.8283020069808028,13.888888888899999,0.0,5.989735284666667,1.57791126357072,0.0,2.777777777777778,38.88888888888889,1500.0,1463.72856953
9137,9190,0,1,0,0,7975.0,0.10366245210727969,0.2328707070707071,0.8725590038314176,0.0,1.675882249558285,8.589321099027778,1.6797821699495525,0.0,13.888888888888891,94.44444444444446,767.008276392,3000.0
9139,9192,0,1,1,1,7955.555555555557,0.08447461592178772,0.2550576117318436,0.8469556913407821,5.55555555556,0.0,11.01414101311111,2.0210709970934344,450.0,83.33333333333334,63.88888888888889,1500.0,3000.0
9140,9193,3,2,0,3,4250.0,0.1101386274509804,0.32966934640522877,0.8757680392156862,58.3333333333,0.0,6.227807347416667,1.7420634650687128,0.0,19.444444444444446,338.8888888888889,1228.40889431,1020.28889381
9142,9195,0,1,0,0,1619.4444444444446,0.07446329331046313,0.19825883361921098,0.7996207547169811,0.0,0.0,11.79235141638889,0.0,0.0,2.777777777777778,0.0,1500.0,3000.0
9151,9204,0,3,0,1,24711.111111111113,0.08829713354316547,0.2462242018884892,0.8478800472122302,13.888888888899999,1.2780974775237675,4.270823890000001,1.6111311812131417,509.666666667,36.111111111111114,50.0,887.140110568,388.41249105
9153,9206,0,0,0,0,5194.444444444445,0.06522791443850268,0.1773194652406417,0.8691804278074867,2.77777777778,0.5221999953259218,3.765662295611112,1.3867500634799785,0.0,2.777777777777778,63.88888888888889,1500.0,3000.0
9157,9210,0,0,0,0,1022.2222222222223,0.12098288043478261,0.3867684782608696,0.8807771739130434,2.77777777778,0.0,6.998007877722222,0.5937868837126825,0.0,5.555555555555556,91.66666666666667,1500.0,881.40738686
9159,9212,0,0,0,0,1136.1111111111113,0.06291418092909536,0.2923200488997555,0.8252616136919315,0.0,0.0,1.0564408742472224,0.0,0.0,0.0,0.0,1500.0,3000.0
9163,9216,0,1,0,0,1613.888888888889,0.08928141135972462,0.20088588640275387,0.8357736660929432,2.77777777778,1.7410656083509821,1.8512813978361111,1.7910409801239,0.0,16.666666666666668,16.666666666666668,624.209697707,3000.0
9170,9223,1,2,0,0,11550.0,0.06082628667628667,0.21872313612313612,0.8326412217412217,13.888888888899999,0.0,15.912104945694445,1.5263524144028713,0.0,30.55555555555556,33.333333333333336,1500.0,2783.48569771
9175,9228,0,0,0,0,2036.1111111111113,0.06157080491132333,0.1692219645293315,0.8384073669849932,0.0,0.23762923660731727,6.090708997472223,1.3522093992338284,0.0,0.0,11.111111111111112,914.570734096,2217.125909
9178,9231,0,2,2,3,13016.666666666668,0.1485735381988903,0.38605992317541615,0.8770679257362356,11.1111111111,0.8946569191305238,11.152806814305556,1.7199345751507447,60.7,80.55555555555556,113.88888888888891,167.168930221,216.06807569
9184,9237,0,1,1,0,1422.2222222222224,0.08570390625,0.2131123046875,0.885318359375,19.4444444444,0.0,7.699688665083333,1.4580109655783726,0.0,0.0,108.33333333333334,1500.0,1393.21835596
9193,9246,0,0,1,0,2269.444444444445,0.06716070991432069,0.20077503059975518,0.8443206854345164,0.0,0.0,7.9942605867222225,1.1601862439785164,0.0,8.333333333333334,19.444444444444446,1500.0,2486.88015451
9212,9265,0,1,0,0,2561.1111111111113,0.06695466377440347,0.22766757049891542,0.8620229934924079,2.77777777778,0.0,8.315565201055557,1.5872971938384723,0.0,8.333333333333334,58.333333333333336,1500.0,3000.0
9213,9266,0,0,0,0,363.8888888888889,0.08450076335877862,0.20741832061068702,0.8263458015267175,0.0,0.0,4.928311069055557,0.0,0.0,0.0,0.0,1500.0,3000.0
9230,9283,0,0,0,0,2711.1111111111113,0.09057069672131147,0.2361425204918033,0.8602058401639344,19.4444444444,0.0,7.84496959425,1.3667110520552042,0.0,2.777777777777778,44.44444444444445,1500.0,3000.0
9231,9284,4,5,0,1,1536.1111111111113,0.04964303797468354,0.25205461121157324,0.8507052441229657,0.0,1.9258131737071111,8.331430116500002,1.2730283365896256,0.0,0.0,33.333333333333336,579.908541555,3000.0
9234,9287,3,5,1,1,2161.1111111111113,0.1409190231362468,0.3752971722365039,0.8667041131105399,11.1111111111,1.3008958275596487,9.463750626194445,1.9135875188731593,130.0,33.333333333333336,397.22222222222223,1500.0,889.95627212
9248,9301,0,2,0,0,7344.444444444445,0.10674988653555219,0.31419686081694403,0.8618974659606657,8.33333333333,0.926572800539415,4.853908941611111,1.9085769296150468,314.0,11.111111111111112,11.111111111111112,957.489298216,404.75637252
9251,9304,0,2,0,0,12036.111111111111,0.09890528502192476,0.3994394184168013,0.833529309946919,11.1111111111,0.9470097326581514,8.355776401305555,1.9427685929811365,85.0,47.22222222222223,63.88888888888889,1500.0,487.24331724
9259,9312,0,2,0,0,2663.888888888889,0.11832106360792492,0.20274181438998956,0.8583648592283629,0.0,1.212593934328984,3.6487447467500007,1.7969755323838281,118.0,19.444444444444446,13.888888888888891,1288.22746362,1929.17121188
9269,9322,0,5,3,0,5252.777777777778,0.1637432575356954,0.27304087784241143,0.8907928609201481,8.33333333333,0.0,15.207051801500002,1.878897076863473,580.0,144.44444444444446,102.77777777777779,480.010984474,366.29334046
9287,9340,0,1,0,0,17319.44444444445,0.07424867682437851,0.18763573376102646,0.8625504250200482,33.333333333300004,0.0,6.823145430388889,1.710260506172744,0.0,5.555555555555556,25.0,861.011285165,3000.0
9299,9352,2,5,1,0,12602.77777777778,0.06884857835574168,0.209980052898391,0.8658325545514657,27.777777777799997,1.4918531590518556,11.842014423694446,1.7338247472230637,188.0,22.222222222222225,86.11111111111113,1103.44996861,3000.0
9302,9355,0,0,0,0,875.0,0.05756698412698413,0.13150666666666666,0.820603492063492,0.0,0.0,6.0086965156111125,0.0,0.0,2.777777777777778,0.0,1500.0,3000.0
9307,9360,0,0,0,0,2780.555555555556,0.0485044955044955,0.22565054945054946,0.8471054945054944,0.0,1.7114038410588714,4.54125421225,0.9002560512685369,0.0,0.0,19.444444444444446,1500.0,3000.0
9315,9368,0,0,1,0,1547.2222222222224,0.05721364452423698,0.20812369838420106,0.864965170556553,2.77777777778,1.9003662781933353,9.219045744694446,1.4368286689630319,0.0,0.0,72.22222222222223,1500.0,3000.0
9316,9369,0,1,0,0,2141.666666666667,0.07593696498054475,0.14516964980544747,0.8468802853437095,0.0,0.0,7.718473385500001,0.6365141682948128,0.0,13.888888888888891,2.777777777777778,1500.0,3000.0
9327,9380,3,6,3,6,42744.444444444445,0.10236568754873927,0.2656918442942553,0.8561958279178581,27.777777777799997,0.11182916666794983,16.021657423111108,2.0476453194118736,96.0666666667,141.66666666666669,130.55555555555557,1045.87974075,318.60125652
9334,9387,0,0,1,0,588.888888888889,0.08837405660377358,0.4505603773584906,0.8662981132075472,0.0,2.1402782454507774,3.1224255695833336,1.3862943611198906,0.0,0.0,55.555555555555564,1500.0,3000.0
9349,9402,6,4,0,1,36647.222222222226,0.14218362768134618,0.2643833548093686,0.8865792996285909,11.1111111111,0.7898177658404303,7.946639477361113,1.9586369585933707,91.0,27.777777777777782,88.8888888888889,417.04765191,1474.41829343
9369,9422,0,1,0,0,2258.3333333333335,0.10784243542435425,0.22525190651906518,0.8613056580565805,5.55555555556,0.7739189703409324,9.746128707666669,1.4090504265255432,0.0,5.555555555555556,197.22222222222226,1500.0,207.68136943
9371,9424,1,1,0,0,7838.8888888888905,0.1204157335223246,0.34426633593196315,0.8662885187810064,22.2222222222,0.0,9.727159732361113,1.9104198455741217,251.5,8.333333333333334,163.8888888888889,1500.0,1697.93079997
9386,9439,0,0,0,0,4994.444444444445,0.07197530589543938,0.26741418242491655,0.8012105672969967,0.0,0.0,3.3969874500555552,1.9322636610087696,0.0,19.444444444444446,11.111111111111112,1500.0,1760.21777404
9399,9452,1,1,0,0,4605.555555555556,0.23013305186972258,0.3340920386007238,0.881040892641737,0.0,1.668184423649968,4.463601566694445,1.203439858332419,0.0,36.111111111111114,16.666666666666668,854.146334759,1587.49551791
9405,9458,0,1,0,0,14608.333333333334,0.13209583571021108,0.3399363186917665,0.8652455790074158,30.555555555599998,0.45842948979226217,9.709097952194444,1.5188750219331364,92.0,19.444444444444446,91.66666666666667,976.72473295,973.45453559
9406,9459,0,1,0,0,872.2222222222223,0.10270414012738853,0.21123949044585988,0.8052914012738853,0.0,0.0,3.0933198359722227,0.9502705392332347,0.0,0.0,0.0,1500.0,2603.6421496
9412,9465,0,1,0,0,1102.777777777778,0.10718715365239295,0.28768715365239295,0.8617292191435768,0.0,0.0,12.273359216777779,0.5623351446188083,0.0,0.0,16.666666666666668,1500.0,3000.0
9426,9479,1,2,1,0,19841.666666666668,0.12948359232815343,0.32649144617107656,0.8810339493210135,16.6666666667,0.0,6.843620998583333,1.8096740903636719,0.0,11.111111111111112,41.66666666666667,256.526346323,779.99655696
9431,9484,0,0,0,0,1297.2222222222224,0.06656552462526766,0.25556959314775163,0.8343081370449679,2.77777777778,1.3455566296110792,1.3259314249888892,0.8377026038468169,0.0,5.555555555555556,33.333333333333336,1500.0,1180.09164977
9432,9485,1,2,0,0,7972.2222222222235,0.09762707317073172,0.25142135888501743,0.8451634494773519,2.77777777778,0.0,11.49646864627778,1.6968176520621578,0.0,27.777777777777782,13.888888888888891,1500.0,3000.0
9447,9500,2,0,0,0,6336.111111111112,0.06515326611135466,0.18840201665935993,0.8599299430074528,0.0,0.0,0.0,1.6286198303328179,0.0,2.777777777777778,58.333333333333336,879.207743272,3000.0
9479,9532,0,0,0,0,4661.111111111112,0.07650292014302743,0.22994189511323002,0.8287782479141836,0.0,0.0,6.3769545468611115,1.4406300471115867,0.0,11.111111111111112,8.333333333333334,1500.0,3000.0
9483,9536,3,11,9,9,21686.111111111113,0.10164741898296402,0.3346851543486615,0.8404392212117331,5.55555555556,0.9199869436860779,10.450426253500002,1.8529969193394875,627.846153846,86.11111111111113,55.555555555555564,1500.0,46.01267526
9499,9552,0,0,0,0,1130.5555555555557,0.10321253071253071,0.2650737100737101,0.8307501228501228,0.0,0.6221407607719063,2.8668080254722224,0.7052114896833279,0.0,0.0,16.666666666666668,1500.0,3000.0
9508,9561,0,2,0,0,10288.88888888889,0.07823984881209504,0.3157503779697624,0.8669120680345572,5.55555555556,0.20972635569084155,2.4560937822138893,1.436288910089808,0.0,8.333333333333334,100.0,808.784501297,2033.33896245
9509,9562,0,1,0,0,7052.777777777778,0.07022099251673887,0.18138893265064984,0.8150692398582118,19.4444444444,1.9535533698987941,4.473485335638889,1.4142967941031799,0.0,8.333333333333334,33.333333333333336,1500.0,3000.0
9526,9579,0,1,0,0,2122.2222222222226,0.12568730366492145,0.24201178010471203,0.8948589005235602,0.0,0.6502467008620819,5.860814622166666,1.1432752061942137,0.0,0.0,2.777777777777778,1059.97747605,2565.17414619
9528,9581,0,0,0,0,3655.555555555556,0.1307929331306991,0.25316063829787233,0.9117700607902736,0.0,1.6667340881046797,2.2104349062166664,1.2281058514681362,0.0,2.777777777777778,77.77777777777779,1500.0,3000.0
9536,9589,0,0,0,0,783.3333333333334,0.03977340425531915,0.19824468085106384,0.8557985815602837,0.0,1.6798494247206102,5.2709982845833325,0.0,0.0,0.0,0.0,1500.0,3000.0
9538,9591,0,0,0,0,327.7777777777778,0.1041364406779661,0.14401949152542373,0.8503957627118643,0.0,1.7708948812530647,3.4308816789444445,1.2798542258336674,0.0,5.555555555555556,0.0,1500.0,3000.0
9542,9595,0,3,6,2,32202.77777777778,0.13202912102130596,0.4437509531613905,0.8643251444837402,33.333333333300004,1.2277651227609894,3.579459512777778,1.660966854706316,1072.5,52.77777777777778,127.77777777777779,927.536264606,793.74857452
9556,9609,0,2,0,0,3125.0,0.105504,0.31850524444444445,0.8722968888888888,0.0,1.4682815994095073,4.827490344472222,1.0320881195269271,0.0,0.0,11.111111111111112,1500.0,1427.08743211
9561,9614,0,1,0,0,5000.0,0.07720438888888888,0.16698322222222223,0.8393500555555555,19.4444444444,0.0,5.586024307583333,0.37677016125643675,0.0,5.555555555555556,2.777777777777778,1500.0,3000.0
9564,9617,0,1,0,0,3066.666666666667,0.09121114130434783,0.2772323369565218,0.8236211956521738,2.77777777778,0.0,4.826850793555557,1.0397207708399179,0.0,0.0,2.777777777777778,1500.0,2151.853327
9588,9641,2,3,0,0,1958.3333333333335,0.06683262411347517,0.2796636879432624,0.8792279432624113,2.77777777778,1.9385445952791747,4.6543897020000005,2.0000852214906617,0.0,30.55555555555556,27.777777777777782,1103.28984479,3000.0
9589,9642,4,2,1,0,25491.666666666668,0.09978534379426827,0.24573955541026477,0.8582428898332789,30.555555555599998,1.8810593608735857,6.544803610388889,1.7337717903354348,53.0,22.222222222222225,69.44444444444446,949.418724725,2180.53073307
9605,9658,1,0,0,0,14861.111111111113,0.14810396261682243,0.4556243364485981,0.9043383925233645,11.1111111111,0.0,4.990363205472222,1.9416395709707344,0.0,61.11111111111112,16.666666666666668,949.04950205,966.18839336
9613,9666,5,6,2,1,12036.111111111111,0.07613676436648972,0.2295836602815601,0.8648029309946919,16.6666666667,0.0,17.230568202888893,1.8590297487767367,0.0,8.333333333333334,152.7777777777778,963.644542603,426.70076331
9620,9673,0,0,0,0,627.7777777777778,0.07392964601769912,0.21281194690265487,0.9018982300884956,0.0,0.0,3.1640041511388897,0.0,0.0,0.0,2.777777777777778,747.924693868,2985.85509319
9635,9688,1,6,7,1,13747.222222222224,0.12911515457668216,0.4559442513639119,0.8663215801171954,50.0,0.0,7.980436350472222,1.7883760519423308,60.6,66.66666666666667,219.44444444444449,693.823249167,796.9839802
9639,9692,0,0,1,0,2858.3333333333335,0.10543663751214771,0.369867638483965,0.8654427599611273,8.33333333333,0.0,7.44184611775,1.876791587831241,0.0,2.777777777777778,33.333333333333336,383.527391213,1103.73353955
9643,9696,1,1,0,1,9155.555555555557,0.14362226941747575,0.3937308252427184,0.8703520631067961,19.4444444444,0.3962459906199589,5.588956193305557,1.858981217348028,0.0,44.44444444444445,116.66666666666667,886.498568978,1075.01219869
9655,9708,0,10,0,0,27811.111111111113,0.1251539252896524,0.3279118857371155,0.8459942169396725,19.4444444444,1.7228179898594302,6.460700955638889,1.7416419757098103,247.5,91.66666666666667,113.88888888888891,1500.0,1709.70181653
9664,9717,5,1,0,0,4375.0,0.08836755555555556,0.24059949206349207,0.8417518095238096,0.0,0.0,8.012950356611112,1.8427418370198039,0.0,44.44444444444445,8.333333333333334,1500.0,534.80098326
9675,9728,0,4,2,0,24050.0,0.0842517787017787,0.32863505428505424,0.8503071494571495,25.0,0.33909010249791693,0.17445638204333336,1.8929871779685083,50.3333333333,41.66666666666667,91.66666666666667,1153.06507449,1913.71321486
9681,9734,0,2,0,0,4547.222222222223,0.12048002443494196,0.1889003054367746,0.8752237629810629,5.55555555556,1.9543001516666414,4.2346814555000005,1.9448767680647139,162.0,16.666666666666668,13.888888888888891,862.943999374,3000.0
9692,9745,3,3,2,0,28447.222222222226,0.10425458451323114,0.262742388438629,0.8720909286202518,33.333333333300004,0.0,8.594757291805557,1.6981431758160659,0.0,11.111111111111112,250.0,325.47431133,822.304294
9693,9746,0,6,5,0,12708.333333333334,0.07235663387978143,0.1938384262295082,0.8577687213114754,36.1111111111,0.46927303978998736,7.080939859972222,1.7494333673867477,62.5,13.888888888888891,172.22222222222226,930.593460653,956.1169355
9694,9747,0,3,0,0,5858.333333333334,0.0749511142721669,0.2790319582740635,0.8512582266477003,5.55555555556,0.0,16.088373143083334,1.8926863453338696,0.0,19.444444444444446,30.55555555555556,1500.0,3000.0
9703,9756,6,15,1,2,64186.111111111124,0.13206558185831133,0.34136378586575494,0.9006869173843425,22.2222222222,0.0,12.916668266166669,1.1780086605134135,200.0,94.44444444444446,88.8888888888889,295.794865804,294.38397063
9704,9757,3,10,5,6,14263.88888888889,0.08991836416747809,0.2643861343719572,0.861226777020448,11.1111111111,1.0692287875521933,11.706710636361112,1.9161277357488669,203.142857143,69.44444444444446,202.7777777777778,1500.0,82.91134292
9711,9764,2,3,0,0,5800.0,0.08389717432950192,0.18942854406130266,0.8490858237547892,11.1111111111,0.0,9.744386637638888,1.781196121833412,0.0,13.888888888888891,122.22222222222224,499.532662041,377.19106871
9723,9776,0,0,0,0,658.3333333333334,0.07902995780590717,0.2701518987341772,0.8082502109704641,0.0,0.0,2.4848671691222224,0.0,0.0,0.0,0.0,1500.0,3000.0
9740,9793,1,3,0,0,5027.777777777778,0.12242508287292818,0.34574066298342543,0.868841270718232,5.55555555556,0.0,5.2402747392222215,1.6208180040755993,0.0,30.55555555555556,402.7777777777778,270.003584847,2515.78842904
9746,9799,0,0,0,0,2127.777777777778,0.085661227154047,0.22238537859007831,0.8323883812010444,11.1111111111,1.8444329576203413,8.446424924111112,1.4978661367769954,0.0,0.0,58.333333333333336,1500.0,3000.0
9752,9805,0,0,0,0,422.22222222222223,0.04397236842105263,0.2704328947368421,0.8842598684210526,0.0,1.9765594533296988,0.0,0.0,0.0,2.777777777777778,5.555555555555556,1500.0,3000.0
9762,9815,1,0,0,0,9308.333333333334,0.08579164428528797,0.3318222620113399,0.8603709638913757,13.888888888899999,0.0,6.932487679916667,1.540737067461622,0.0,0.0,44.44444444444445,1500.0,1991.03585673
9773,9826,0,2,1,0,5794.444444444445,0.08090723873441995,0.2905738255033557,0.8584305848513902,8.33333333333,1.1784224353253332,11.931953442138889,1.5606307495475584,130.0,19.444444444444446,30.55555555555556,1500.0,828.28942169
9778,9831,0,0,0,0,922.2222222222223,0.04602439759036144,0.1979855421686747,0.8622960843373495,0.0,0.0,8.10686022013889,0.0,0.0,0.0,2.777777777777778,1500.0,3000.0
9783,9836,0,0,0,0,1188.888888888889,0.05980654205607477,0.16662593457943925,0.880283644859813,0.0,1.6835229484083751,4.317621457166668,0.6365141682948128,0.0,13.888888888888891,2.777777777777778,1500.0,3000.0
9788,9841,0,0,0,0,1538.888888888889,0.06485198555956678,0.26588104693140796,0.8256319494584837,2.77777777778,1.6772975961523608,0.0,0.8018185525433373,0.0,8.333333333333334,5.555555555555556,1500.0,3000.0
9789,9842,6,5,0,1,28786.111111111113,0.14562130657145614,0.3393671137701438,0.8278233040625302,13.888888888899999,1.3585673657146795,4.458016186527779,1.7858418334403057,76.5714285714,69.44444444444446,30.55555555555556,180.598687589,2402.77419918
9793,9846,0,1,0,0,7433.333333333334,0.05991943198804186,0.1242634529147982,0.8614256726457399,0.0,0.6656409265560952,4.067194570055555,0.6931471805599453,238.0,0.0,5.555555555555556,1500.0,3000.0
9796,9849,3,3,0,0,17600.0,0.08255591856060605,0.29090553977272726,0.8457778093434344,30.555555555599998,0.0,20.79911898552778,2.110159706006335,53.5,22.222222222222225,61.11111111111112,1500.0,421.18180732
9801,9854,0,0,0,0,3016.666666666667,0.07494346224677716,0.22850423572744014,0.8723417127071823,63.88888888889999,0.0,8.305522373305555,1.3251016070665862,0.0,0.0,30.55555555555556,1500.0,2234.32491889
9802,9855,3,4,0,1,28766.666666666668,0.21418538045577443,0.44837104094244884,0.8940237929702587,13.888888888899999,0.0,5.10040204413889,1.7802560206648699,519.705882353,144.44444444444446,77.77777777777779,1261.83620953,1504.23109564
9811,9864,0,0,1,0,161.11111111111111,0.06413793103448276,0.14674827586206896,0.823048275862069,0.0,1.694984184430363,1.0602590598666668,0.0,0.0,0.0,0.0,1500.0,3000.0
9816,9869,11,6,6,3,52516.66666666667,0.12797190309954512,0.30680654818576114,0.8992380038083148,22.2222222222,1.8071626836765045,3.6662735616388886,1.9128270998462895,53.3333333333,77.77777777777779,163.8888888888889,277.775770876,134.49795195
9818,9871,2,4,0,0,38472.222222222226,0.11042140794223826,0.2307898989169675,0.8654230036101083,19.4444444444,0.0,0.0,1.7388340687214783,71.5,22.222222222222225,13.888888888888891,987.501824151,1521.09966869
9822,9875,0,0,1,0,9897.222222222224,0.08063289362896436,0.14748751052483863,0.8240410889699691,2.77777777778,0.0,10.277768787527778,1.5633473948403198,37.0,8.333333333333334,111.11111111111113,1500.0,2832.99970222
9823,9876,0,0,0,0,2450.0,0.10662482993197278,0.40045362811791385,0.8638055555555555,11.1111111111,0.0,10.134142599444445,1.532006272149678,0.0,8.333333333333334,152.7777777777778,1500.0,1733.28056894
9830,9883,2,5,0,3,16327.777777777781,0.10112550187138483,0.3424166212997618,0.8698191391629807,16.6666666667,1.6675991931251324,1.606220578122222,1.789185338111602,47.0,22.222222222222225,305.5555555555556,1198.89519114,1300.72864446
9832,9885,0,0,0,0,944.4444444444446,0.046189999999999995,0.17257764705882353,0.8152232352941177,0.0,0.9566220171850656,4.30219323925,0.6365141682948128,0.0,0.0,8.333333333333334,1500.0,3000.0
9840,9893,2,0,0,0,24586.111111111113,0.1379372726245622,0.37357080555869393,0.8820864196136029,8.33333333333,0.14265927374382614,8.672524710666666,1.9686538055974139,47.0,52.77777777777778,58.333333333333336,1196.83367876,823.35178669
9845,9898,0,0,0,0,538.888888888889,0.069509793814433,0.2953082474226804,0.8112706185567011,0.0,0.0,6.508335552000001,0.6730116670092565,550.0,8.333333333333334,8.333333333333334,1500.0,3000.0
9864,9917,1,2,0,0,1883.3333333333335,0.07384144542772862,0.3690467551622419,0.913486430678466,2.77777777778,1.0133019197829602,0.0,1.9163486501092746,0.0,69.44444444444446,13.888888888888891,1500.0,361.91736262
9865,9918,1,0,1,0,2488.888888888889,0.08082901785714285,0.19231104910714286,0.8557854910714287,2.77777777778,0.0,4.453272647333334,1.4180693652516905,0.0,0.0,19.444444444444446,1500.0,2877.74077625
9869,9922,0,0,0,0,58.333333333333336,0.14717142857142856,0.3586761904761905,0.7301857142857143,0.0,0.0,3.1557974825,0.0,0.0,0.0,0.0,1500.0,3000.0
9875,9928,1,2,0,0,6694.444444444445,0.12100058091286307,0.319324398340249,0.8418955601659751,5.55555555556,0.28644833333479863,2.8178996738888893,1.8630156452830926,40.0,16.666666666666668,88.8888888888889,984.359139763,2480.65171852
9888,9941,0,0,1,0,1261.1111111111113,0.07919537444933922,0.2567204845814978,0.8937806167400881,0.0,0.0,12.803188226722222,0.6829081047004717,0.0,0.0,72.22222222222223,1500.0,3000.0
9889,9942,1,7,51,1,11913.88888888889,0.08552494754021917,0.25099508043833063,0.861836675215668,5.55555555556,1.667662899376878,19.09588176625,1.6127332576630502,639.142857143,11.111111111111112,288.8888888888889,1500.0,3000.0
9892,9945,0,0,1,0,13844.444444444447,0.16041761637239166,0.45139281701444617,0.8605633226324237,13.888888888899999,1.7096875371628617,2.535870828966667,2.0358421860877747,0.0,30.55555555555556,25.0,905.24656857,1537.9839132
9908,9961,0,0,0,0,4172.222222222223,0.09945838881491345,0.206395672436751,0.8206214380825566,11.1111111111,1.484889873348475,0.0,1.2768356991667156,370.5,5.555555555555556,63.88888888888889,1500.0,2225.80943933
9926,9979,0,0,0,0,2958.3333333333335,0.06510328638497652,0.2430056338028169,0.8746123943661972,0.0,0.39780900141442255,11.03451190288889,1.5229550675313182,0.0,0.0,41.66666666666667,1500.0,3000.0
9938,9991,0,2,0,0,152.7777777777778,0.06668,0.24954181818181817,0.7894345454545455,0.0,0.0,8.023419236916666,0.0,0.0,5.555555555555556,5.555555555555556,1375.31607511,1689.62306769
9943,9996,0,0,0,0,1119.4444444444446,0.08633349875930521,0.2688039702233251,0.8779399503722084,2.77777777778,0.0,1.1615080214250002,1.4681399390162087,0.0,2.777777777777778,63.88888888888889,864.067722262,3000.0
9944,9997,7,13,5,2,57558.333333333336,0.12291106124221804,0.3162690555475122,0.8813244051927995,30.555555555599998,0.35710071835355445,6.512310585,1.9620928392176358,650.555555556,191.66666666666669,263.8888888888889,438.326153244,245.7935454
9956,10009,0,1,0,0,14147.222222222224,0.07782171608089535,0.2851390339681916,0.8342873944629885,8.33333333333,1.463193550635838,1.0179886719611113,1.8990424083248216,0.0,2.777777777777778,11.111111111111112,652.637503578,494.00109796
9966,10019,0,1,0,0,11116.666666666668,0.07649160419790105,0.2168914042978511,0.8683270614692653,8.33333333333,1.7888321746232225,8.22825567663889,1.7986183749622195,324.4,2.777777777777778,91.66666666666667,1500.0,1192.29514074
9981,10034,1,3,0,0,3872.2222222222226,0.08027058823529412,0.1962109038737446,0.8303894548063127,13.888888888899999,1.8081374346801367,8.388866953583335,2.061941666880952,1111.0,44.44444444444445,25.0,504.084898253,348.22775125
9984,10037,0,0,1,1,8497.222222222224,0.125185746976136,0.3096055246812684,0.8835921542987903,2.77777777778,0.7892314897303152,3.2345741420555556,1.7838970720335792,0.0,2.777777777777778,52.77777777777778,253.355939482,1199.70424202
9989,10042,0,0,0,0,47.22222222222223,0.08088235294117647,0.27647058823529413,0.7205882352941176,0.0,0.0,0.0,0.0,0.0,0.0,33.333333333333336,1500.0,3000.0
10004,10057,6,8,1,1,21805.55555555556,0.0970711337579618,0.3221729299363057,0.856154178343949,22.2222222222,0.0,3.3410672846666665,2.047485641059429,70.75,30.55555555555556,133.33333333333334,1378.60842399,1047.76573725
10006,10059,0,1,0,0,2080.555555555556,0.11372363150867824,0.24987743658210948,0.8434515353805073,0.0,2.0287368081318853,2.011074415202778,1.3862943611198906,0.0,0.0,16.666666666666668,1500.0,2389.70265293
10019,10072,0,1,0,0,352.7777777777778,0.03377007874015748,0.2568992125984252,0.9184732283464567,0.0,0.0,8.276354335277778,0.6365141682948128,0.0,0.0,5.555555555555556,1500.0,2319.61346438
10021,10074,0,0,0,0,1166.6666666666667,0.03278785714285714,0.17092333333333334,0.8422978571428572,0.0,0.0,5.919699080777779,0.0,0.0,0.0,8.333333333333334,1500.0,3000.0
10023,10076,0,1,0,0,3613.888888888889,0.08026256725595696,0.19313935434281324,0.8434009992313605,0.0,0.0,11.737542741305557,1.674312120550232,36.4,0.0,108.33333333333334,1500.0,2468.42202322
10025,10078,0,0,0,0,1094.4444444444446,0.25336649746192896,0.3582515228426396,0.9132720812182742,0.0,1.5490032868245118,0.0,1.0986122886681096,0.0,8.333333333333334,2.777777777777778,1500.0,2272.95286895
10026,10079,0,3,0,0,2244.444444444445,0.0724059405940594,0.23559257425742575,0.8520248762376238,2.77777777778,1.198083115668555,7.544356797194445,1.3030924037617193,0.0,5.555555555555556,13.888888888888891,1500.0,3000.0
10040,10093,2,7,1,4,79486.11111111112,0.1432175816879259,0.36742103791717634,0.9061762362397344,36.1111111111,0.35595419669021994,10.918764758805557,1.9820888239425982,132.826086957,241.66666666666669,130.55555555555557,378.03813245,454.9203122
10041,10094,0,1,0,0,1019.4444444444446,0.06498310626702998,0.21453160762942777,0.8722128065395096,0.0,0.0,4.463454449750001,0.6365141682948128,0.0,5.555555555555556,2.777777777777778,1500.0,1851.64901696
10049,10102,1,2,0,0,8913.88888888889,0.071956435026488,0.2130276721720162,0.8641467746961671,16.6666666667,0.9340950002665317,3.047812678916667,1.6136353357509252,34.0,8.333333333333334,100.0,1487.16368622,1942.20983772
10056,10109,1,3,2,0,11675.0,0.07528560551986677,0.22185072567213893,0.8716322864620509,16.6666666667,0.7435018055419975,8.85306379263889,2.037929158398036,0.0,27.777777777777782,61.11111111111112,472.455834574,3000.0
10060,10113,0,1,0,0,958.3333333333334,0.07615101449275362,0.16917478260869565,0.8175707246376811,0.0,1.3494478762852946,3.1528443524166674,0.0,0.0,0.0,5.555555555555556,1500.0,3000.0
10066,10119,1,8,2,0,41480.55555555556,0.18195554141833523,0.46676065090738633,0.8805298332552065,25.0,0.1334720678021007,6.7842385670555565,1.908543562161569,279.875,100.0,147.22222222222226,102.768557468,1156.06109621
10076,10130,1,9,1,1,33486.11111111112,0.12144915802571547,0.4817918374118623,0.8634685026959769,22.2222222222,1.6970136815310781,3.0919410873333337,2.0328437406682194,387.0,113.88888888888891,77.77777777777779,695.23233275,248.07617374
10077,10131,2,7,5,0,20075.0,0.08466612702366128,0.24545132143351323,0.86578399059084,11.1111111111,0.0,7.7202341645,2.016422161763831,374.083333333,77.77777777777779,52.77777777777778,1126.70431831,590.86161962
10082,10136,1,5,2,0,13177.77777777778,0.09282156408094436,0.3271795320404722,0.8547056492411467,0.0,0.0,15.88895106975,2.0289406937621584,56.6,127.77777777777779,41.66666666666667,1500.0,267.63927388
10093,10147,0,0,0,0,1730.5555555555559,0.05177495987158909,0.22631091492776886,0.8271794542536116,0.0,0.0,3.4045164479444447,0.6365141682948128,0.0,0.0,8.333333333333334,1500.0,3000.0
10107,10162,0,1,0,0,1338.888888888889,0.09164273858921161,0.17499045643153527,0.8741759336099585,8.33333333333,0.0,11.473484043861113,1.0608569471580214,0.0,2.777777777777778,19.444444444444446,1500.0,3000.0
10114,10169,0,2,0,0,19908.333333333336,0.08907738244732803,0.2988834658853077,0.8324140226035998,8.33333333333,0.0,8.635129225222224,1.7184021293931673,52.0,16.666666666666668,63.88888888888889,1500.0,2062.66382126
10116,10171,0,0,0,0,111.11111111111113,0.224985,0.159795,0.9527525000000001,0.0,0.3034143383884351,3.519813622694445,0.0,0.0,2.777777777777778,0.0,1500.0,3000.0
10133,10188,1,4,0,0,24211.111111111113,0.1268517898118403,0.297528166590179,0.8712774323083984,50.0,0.657747699070605,8.496721485527779,1.9276675234392835,76.25,50.0,66.66666666666667,1494.15160254,986.92697346
10142,10198,0,0,0,0,1475.0,0.060376271186440685,0.36103653483992465,0.8492885122410546,5.55555555556,0.38730490792469136,2.5224068342416666,0.7706247680684128,0.0,11.111111111111112,22.222222222222225,1500.0,2537.92205573
10144,10200,0,0,0,0,661.1111111111112,0.05329621848739496,0.3079840336134454,0.8731588235294118,0.0,1.727301813836093,1.714906095952778,0.6532254610768498,0.0,0.0,47.22222222222223,1500.0,3000.0
10145,10201,0,1,0,0,1683.3333333333335,0.07394240924092409,0.2760047854785479,0.8425033003300331,0.0,0.0,5.27313676988889,1.0986122886681096,0.0,0.0,22.222222222222225,1500.0,2431.57476322
10146,10202,1,3,0,1,6138.88888888889,0.08966760180995476,0.24310076923076923,0.868314298642534,2.77777777778,0.0,3.9526632162500004,1.6732478854140973,89.0,58.333333333333336,186.11111111111111,1500.0,2177.20873624
10147,10203,3,0,0,0,469.4444444444445,0.1320508875739645,0.21372130177514792,0.8541005917159763,0.0,0.0,6.122900866611111,0.0,0.0,5.555555555555556,2.777777777777778,1500.0,3000.0
10153,10209,6,6,5,0,32916.66666666667,0.13719006751054852,0.28599071729957803,0.8714805063291139,55.555555555599994,1.446651704032237,2.7862271870000006,1.9041215063737427,159.333333333,41.66666666666667,252.77777777777783,1135.57837732,1242.44232281
10156,10212,0,1,1,0,1319.4444444444446,0.05093326315789474,0.1730581052631579,0.8733839999999999,0.0,0.49233342794228835,0.2942274258583334,1.7670091910745693,0.0,19.444444444444446,8.333333333333334,1500.0,2155.86805618
10161,10217,0,1,0,1,3527.7777777777783,0.04537692913385827,0.1463956692913386,0.8661832283464567,0.0,0.0,5.169376246638889,1.6137942391528548,0.0,2.777777777777778,2.777777777777778,1500.0,3000.0
10165,10221,0,2,0,0,14552.777777777781,0.1244290704332888,0.331531971750334,0.8748667875548769,150.0,0.6225959592850562,10.011472383166668,1.4576667422744103,166.125,16.666666666666668,152.7777777777778,609.789100253,1183.32704553
10169,10225,4,4,1,1,22183.333333333336,0.0826522789882294,0.3212477836213374,0.8541301277235162,22.2222222222,1.580515218409415,13.400850445194445,1.934135318077415,75.6666666667,47.22222222222223,105.55555555555556,1500.0,722.74187683
10174,10230,5,7,1,4,19822.222222222223,0.17111285033632287,0.3066532511210762,0.8685745375560538,8.33333333333,1.8452015518280545,1.7285512293500003,1.785186729912913,373.785714286,138.8888888888889,25.0,1500.0,1694.29718551
10178,10234,0,0,4,0,21225.0,0.12690255202198666,0.24295703441957858,0.8908384242900144,8.33333333333,1.86366778778271,2.564741813005556,1.9335095235701076,0.0,55.555555555555564,113.88888888888891,375.226984411,517.83555945
10186,10242,2,3,0,0,13855.555555555557,0.09371120689655173,0.25948117481956695,0.865408400160385,13.888888888899999,0.09140354020877914,1.834615050247222,1.0450648690585058,0.0,8.333333333333334,91.66666666666667,630.334974567,635.64411665
10187,10243,1,6,0,0,3555.555555555556,0.15642046874999999,0.19859734375,0.88335234375,11.1111111111,1.8902684743176308,17.38436855841667,1.9096604215404316,209.25,52.77777777777778,55.555555555555564,1500.0,2029.10542206
10192,10248,2,5,2,1,14105.555555555557,0.1696062229224104,0.4702407640803466,0.8692167191807798,25.0,1.5619754716783858,4.039668238138889,1.4202013393116213,742.888888889,94.44444444444446,511.11111111111114,586.334592851,574.02678728
10200,10256,0,2,0,0,3552.7777777777783,0.06696450351837373,0.21697615324472244,0.8502701329163409,0.0,0.5148311287322113,0.9799442634416669,1.5751653363369744,943.0,0.0,16.666666666666668,1500.0,3000.0
10206,10262,4,22,1,4,73786.11111111112,0.11971345104092158,0.45545841207694915,0.8678012348002861,69.4444444444,0.9719886485201723,3.0249808669722227,1.8603831769455113,384.9,69.44444444444446,247.22222222222226,316.654026935,366.26705189
10208,10264,0,3,0,0,3936.1111111111118,0.13378955539872972,0.22402526464361328,0.8468093860268173,5.55555555556,1.7133206258028673,3.207226288944445,1.7551984461660806,0.0,44.44444444444445,27.777777777777782,1500.0,3000.0
10212,10268,0,0,0,0,4066.666666666667,0.05150874316939891,0.3002844262295082,0.8590001366120218,13.888888888899999,1.8023454238739463,18.529981663138894,0.11924692639624491,0.0,11.111111111111112,69.44444444444446,991.679579231,1671.52533614
10215,10271,3,2,0,0,14216.666666666668,0.10823999609222353,0.3452682883939039,0.8828505080109418,2.77777777778,0.7170922588791812,11.09813010261111,2.0017385895862776,0.0,122.22222222222224,130.55555555555557,1500.0,379.4965748
10216,10272,0,0,0,1,3219.444444444445,0.07621285591026747,0.22246117342536667,0.8569691113028474,0.0,0.0,9.98975069211111,1.3592367006650063,0.0,16.666666666666668,47.22222222222223,1500.0,3000.0
10239,10295,0,0,0,0,1127.777777777778,0.09019655172413793,0.45805024630541874,0.8818534482758621,5.55555555556,0.0,3.9427369480833336,0.9502705392332347,0.0,2.777777777777778,11.111111111111112,1500.0,3000.0
10247,10304,1,0,0,0,7636.111111111112,0.11749308839578028,0.2311537286285922,0.8911323390323754,2.77777777778,0.0,8.087452579722221,1.8618813318491199,0.0,11.111111111111112,33.333333333333336,503.0494124,1579.94064754
10260,10317,1,3,0,0,27713.888888888894,0.11419526911897364,0.27643647388994685,0.8694917209582039,27.777777777799997,1.0564152451600657,8.133404362222223,1.871210899223859,0.0,38.88888888888889,52.77777777777778,917.415315065,882.16164585
10263,10320,0,0,0,0,372.22222222222223,0.05712611940298507,0.35118955223880594,0.8770216417910448,2.77777777778,2.1648714467076084,1.6553475926111114,1.0114042647073518,0.0,8.333333333333334,58.333333333333336,1500.0,3000.0
10312,10369,0,0,0,0,566.6666666666667,0.15359754901960784,0.33033872549019605,0.7879823529411765,0.0,0.0,4.088176776888889,0.6931471805599453,0.0,0.0,0.0,1500.0,3000.0
10319,10376,0,0,0,0,538.888888888889,0.04629175257731959,0.3521984536082474,0.8061386597938144,0.0,0.0,3.069818422444445,0.0,0.0,5.555555555555556,0.0,1500.0,3000.0
10332,10389,0,0,0,0,2461.1111111111113,0.10904446952595936,0.3057712189616253,0.8389480812641084,0.0,2.1956153338396884,0.0,1.3197299215186697,444.5,0.0,19.444444444444446,1500.0,3000.0
10337,10394,0,0,0,0,1550.0,0.11193602150537633,0.2586693548387097,0.9183612903225806,0.0,2.18779288260009,0.49676938186944447,0.0,0.0,5.555555555555556,27.777777777777782,1284.14971492,1316.1782549
10341,10398,4,6,3,2,30805.555555555562,0.12686278629395853,0.317882515779982,0.8799233273219117,33.333333333300004,1.4579449515219411,1.615162506938889,1.8216031437565496,69.0,61.11111111111112,102.77777777777779,532.242523308,474.57874053
10346,10403,0,0,1,0,1222.2222222222224,0.08738295454545456,0.2536288636363636,0.8795472727272727,11.1111111111,0.054031184911386136,4.431577508361111,1.303743965009902,192.25,11.111111111111112,75.0,1351.08592055,1810.08032699
10351,10408,0,0,0,0,5916.666666666667,0.09234976525821596,0.3035118779342723,0.8316465727699531,0.0,1.0381151184952981,4.8582310016944446,1.4941751382893085,0.0,0.0,2.777777777777778,1500.0,2512.90794197
10370,10427,0,0,0,0,508.33333333333337,0.05453879781420765,0.18235792349726773,0.8389551912568305,0.0,0.0,6.988700305638889,0.0,0.0,2.777777777777778,2.777777777777778,1500.0,3000.0
10371,10428,0,1,0,0,2077.777777777778,0.06283810160427807,0.2348077540106952,0.867253743315508,58.3333333333,0.0,7.1635499117222246,0.6829081047004717,0.0,0.0,27.777777777777782,1500.0,1365.78518695
10377,10434,0,14,2,1,71002.7777777778,0.11925859708149134,0.47323472086381596,0.8611031102069558,100.0,0.0,8.963606013972223,1.789017810285146,555.6,66.66666666666667,141.66666666666669,1256.38586323,804.81028358
10387,10444,0,1,0,0,3111.1111111111113,0.06353339285714285,0.22131142857142858,0.861089375,0.0,0.0,6.270505130388889,1.190076307208185,0.0,2.777777777777778,72.22222222222223,1500.0,3000.0
10389,10446,0,5,7,1,16352.777777777781,0.10184163410905385,0.2513831153388823,0.8397455749957533,22.2222222222,1.2620539853975468,22.488412586333336,1.8054577649211896,58.2,33.333333333333336,216.66666666666669,1500.0,310.54387725
10395,10452,0,0,0,1,2288.888888888889,0.05450958737864078,0.21649478155339805,0.8742515776699029,0.0,0.0,5.022763678166667,1.550558983065562,0.0,0.0,33.333333333333336,1500.0,3000.0
10397,10454,2,19,0,1,17055.55555555556,0.17127521172638435,0.3348256840390879,0.8729998697068403,2.77777777778,0.0,2.328956502863889,1.8283069710208526,94.1428571429,30.55555555555556,100.0,1490.980432,625.94046156
10404,10461,0,2,0,0,2108.3333333333335,0.08303241106719368,0.1641243741765481,0.8560013175230567,0.0,0.0,4.6559074611666675,1.5403058252265167,0.0,5.555555555555556,5.555555555555556,651.23293719,404.89036435
10408,10465,0,2,1,0,7311.111111111112,0.1079398556231003,0.3410110182370821,0.8567888677811549,5.55555555556,0.8831968911877075,1.086666580475,1.4306853360872926,0.0,13.888888888888891,8.333333333333334,365.980476903,1774.518599
10410,10467,0,6,0,1,10286.111111111111,0.08590280853362138,0.19966438023224414,0.8542196867404807,33.333333333300004,1.5655431897817231,7.3250592155000005,1.550276490277621,0.0,22.222222222222225,288.8888888888889,490.131800097,1726.23937806
10411,10468,0,0,0,0,1419.4444444444446,0.04722720156555773,0.1947125244618395,0.8664450097847358,0.0,1.6688794181282696,3.241714261916667,1.6997767242313047,0.0,0.0,11.111111111111112,867.718618511,381.09230245
10431,10488,2,2,1,0,39088.8888888889,0.15319732092097782,0.35117355741898804,0.8026372512791359,8.33333333333,0.0,6.952760978111112,1.9949515361938743,170.333333333,100.0,13.888888888888891,1500.0,3000.0
10440,10497,0,4,0,0,8572.222222222224,0.11168671419313027,0.22791211924821778,0.8146942320155541,13.888888888899999,0.0,0.0,1.7862577224831122,240.0,58.333333333333336,38.88888888888889,1500.0,3000.0
10455,10512,3,0,1,2,3994.4444444444453,0.05963282336578581,0.2065453407510431,0.8327025730180807,22.2222222222,0.0,9.293848096194445,1.77546785232824,0.0,13.888888888888891,69.44444444444446,1500.0,3000.0
10461,10518,0,4,1,1,8705.555555555557,0.07241569878749202,0.22504945756222078,0.8518028079132101,25.0,1.6989912345999751,5.851767157583334,1.8175833265588255,876.2,50.0,88.8888888888889,856.02874869,3000.0
10463,10520,0,1,0,0,500.0,0.03595777777777778,0.23949111111111113,0.8720566666666667,0.0,0.48464078231977126,3.706886584166667,0.0,0.0,0.0,0.0,1500.0,3000.0
10467,10524,1,4,0,1,22244.44444444445,0.20804490509490509,0.32261607142857146,0.8771128746253746,13.888888888899999,0.0,6.939741444,1.9741532199247067,80.0,47.22222222222223,41.66666666666667,60.4638851165,3000.0
10472,10529,8,11,3,3,58619.44444444445,0.09559556935032934,0.27230439274036866,0.8751919111026869,50.0,0.0,5.117254632750001,1.9024539119171817,155.571428571,66.66666666666667,208.33333333333334,997.065537723,524.78781482
10475,10532,0,0,1,0,200.0,0.04695694444444445,0.142175,0.8535027777777777,0.0,0.0,1.934923190461111,0.0,0.0,0.0,5.555555555555556,1087.42134202,3000.0
10476,10533,0,0,0,0,2036.1111111111113,0.010861664392905866,0.030837244201909957,0.9436825375170532,0.0,2.608980087866302,6.5422923479444455,0.0,0.0,27.777777777777782,0.0,833.38656629,3000.0
10478,10535,0,1,0,0,12869.444444444445,0.06433045542844809,0.15776729980574142,0.8866567882581481,2.77777777778,2.403792919780484,6.605032299833334,1.6525512262662618,0.0,2.777777777777778,30.55555555555556,1500.0,3000.0
10480,10537,0,0,0,0,7183.333333333334,0.1013466744006187,0.28865286156225833,0.8634262954369684,2.77777777778,0.0,3.189829199166667,1.4781487948080192,0.0,13.888888888888891,19.444444444444446,755.705917256,2598.31899499
10483,10540,2,2,0,0,34080.55555555556,0.15339437606976933,0.32807866166761757,0.8975058602983129,27.777777777799997,0.05552380476264868,6.177015513305556,1.8483847460517784,215.571428571,91.66666666666667,108.33333333333334,493.658453752,840.67438965
10487,10544,1,6,0,0,24036.111111111113,0.1510071073616087,0.3100987056512192,0.9066681035479024,33.333333333300004,0.3960742807537996,5.966955581055557,1.8478000788896574,32.0,52.77777777777778,44.44444444444445,410.16350486,872.06738517
10495,10552,0,2,0,0,10491.666666666668,0.0754577177654223,0.22390627482128672,0.861599417527138,0.0,0.0,8.602021990833334,1.9050999443915537,783.5,27.777777777777782,25.0,1500.0,3000.0
10496,10553,1,3,0,0,5830.555555555556,0.1582840400190567,0.2473562648880419,0.8228639352072415,13.888888888899999,1.6711543378847202,4.667882381472222,2.0003028331822836,87.0,50.0,97.22222222222223,540.593014226,3000.0
10504,10561,1,1,0,0,2294.444444444445,0.08474322033898306,0.3287745762711864,0.8813755447941889,13.888888888899999,0.0,14.378552372305556,1.5891440550184757,0.0,2.777777777777778,119.44444444444446,1500.0,745.91470281
10508,10565,0,2,0,1,25027.77777777778,0.1786912652608213,0.4320165482796892,0.8649253385127635,19.4444444444,0.0,8.194037976805555,1.8627843213149458,220.0,38.88888888888889,127.77777777777779,636.733557148,1200.00666427
10517,10574,0,0,0,0,1500.0,0.07747685185185185,0.1745972222222222,0.8637907407407407,5.55555555556,0.0,5.620719145138889,1.4270141452235214,0.0,2.777777777777778,11.111111111111112,1500.0,3000.0
10520,10577,0,0,0,0,4691.666666666667,0.07915056246299586,0.2802397868561279,0.8530542924807579,5.55555555556,0.0,6.388405337916667,1.2926950083063014,0.0,5.555555555555556,30.55555555555556,1500.0,3000.0
10521,10578,1,1,0,0,16061.111111111113,0.11325338983050848,0.30232312348668283,0.877356018678658,11.1111111111,0.0,3.060352345194444,1.7791094500399656,62.8571428571,22.222222222222225,172.22222222222226,837.877324071,1321.09933714
10523,10580,0,3,1,1,5763.88888888889,0.0992658313253012,0.29299561445783134,0.8647151807228917,13.888888888899999,0.0,9.494228429527778,1.8576597663535839,0.0,16.666666666666668,55.555555555555564,542.216572751,2949.00651642
10529,10586,0,4,0,0,30627.77777777778,0.19869672592055143,0.36162976600761837,0.889616606203519,0.0,0.708663448717532,0.2863517055722223,2.019867059574136,132.0,36.111111111111114,63.88888888888889,681.350531552,2038.14931206
10532,10589,1,1,1,0,13911.111111111113,0.10959768370607027,0.23814888178913737,0.854280411341853,16.6666666667,0.6793279409389699,2.6319053473055556,1.7275701221915813,62.0,19.444444444444446,77.77777777777779,964.449236204,2214.39842965
10534,10591,0,1,0,0,3736.1111111111118,0.1561095910780669,0.3256640892193308,0.9186335315985131,5.55555555556,1.6766380612528882,0.0,1.6393363214432308,0.0,8.333333333333334,38.88888888888889,1500.0,3000.0
10540,10597,1,2,0,0,9800.0,0.10446768707482994,0.3429607142857143,0.8536835034013606,11.1111111111,0.0,10.94339587063889,1.9811148844496893,100.0,47.22222222222223,63.88888888888889,1109.48677294,3000.0
10544,10601,0,1,0,0,2322.2222222222226,0.07939413875598086,0.1933757177033493,0.8428806220095694,0.0,0.8792463450795411,9.038116129694444,1.1269287948006759,0.0,2.777777777777778,58.333333333333336,1500.0,3000.0
10548,10605,0,2,0,1,7425.0,0.08405435839880285,0.24834111485222596,0.8339609053497942,13.888888888899999,1.6750937308628295,16.412710032000003,2.0375147917352168,57.0,22.222222222222225,216.66666666666669,1500.0,1696.56752331
10549,10606,1,0,0,1,9155.555555555557,0.07745758495145631,0.1834044296116505,0.8550981492718446,8.33333333333,0.0,7.455662827388891,1.3396975786689045,0.0,0.0,63.88888888888889,1500.0,1827.06283371
10553,10610,0,2,0,0,12827.77777777778,0.16081275443915113,0.26086942399307056,0.8769921394543092,5.55555555556,1.453180509402209,7.974221664166667,1.6722238163807037,0.0,11.111111111111112,13.888888888888891,796.083325084,2229.43951094
10564,10621,0,0,0,0,700.0,0.08025833333333333,0.32189047619047617,0.893631746031746,2.77777777778,0.0,4.848272429277778,1.0027182645175161,0.0,2.777777777777778,83.33333333333334,1500.0,3000.0
10568,10625,2,2,2,0,2413.888888888889,0.07483808975834293,0.21147353279631761,0.8874017261219793,8.33333333333,0.0,2.059020512655556,1.703357774245088,0.0,8.333333333333334,22.222222222222225,1500.0,1412.24450483
10571,10628,2,2,0,1,22252.77777777778,0.10010222194482586,0.2964542129571838,0.8530998626888029,72.2222222222,0.6585832309373227,9.397697229555558,1.5860234431852247,491.24137931,22.222222222222225,147.22222222222226,1408.25391925,1654.7208925
10576,10633,0,1,0,0,500.0,0.026211111111111112,0.14605555555555555,0.8767083333333333,0.0,1.7886604986904495,0.7877538551027778,1.0373923246209082,0.0,0.0,44.44444444444445,1500.0,3000.0
10589,10646,0,0,0,0,2330.555555555556,0.05398831942789034,0.2191305125148987,0.8485593563766388,0.0,0.0,4.415590163611112,0.9743147528693494,0.0,0.0,22.222222222222225,1500.0,1425.31177522
10591,10648,0,0,1,0,2477.777777777778,0.07961378923766817,0.1722695067264574,0.8490819506726457,0.0,0.4087114646328178,4.664259736583334,0.6931471805599453,0.0,0.0,5.555555555555556,1500.0,1973.11494926
10597,10654,11,17,4,3,71513.88888888889,0.1715267857836473,0.36420644396970286,0.8860609827150903,36.1111111111,1.4286365793813445,7.864643794444445,1.9619125154161257,405.085106383,222.22222222222226,111.11111111111113,792.064017829,93.3042925
10599,10656,0,1,0,0,3738.888888888889,0.06510676077265974,0.23615631500742942,0.8370820208023774,2.77777777778,1.7214606954979585,5.354811288583334,1.3144157658247682,0.0,11.111111111111112,41.66666666666667,977.727381586,3000.0
10604,10661,0,1,0,0,327.7777777777778,0.10769152542372881,0.5441864406779661,0.8946779661016949,0.0,0.0,2.905742150055556,0.0,0.0,0.0,0.0,1500.0,1918.40041013
10610,10667,1,5,1,0,18908.333333333336,0.08397941824592332,0.20154557073600704,0.8489447921257529,8.33333333333,0.0,19.743384007666666,1.7952318698508105,63.8333333333,22.222222222222225,252.77777777777783,1500.0,129.06845311
10628,10685,0,0,0,0,3994.4444444444453,0.0792201668984701,0.1854596662030598,0.8817230876216967,8.33333333333,0.0,5.66724244963889,1.6304325826288886,0.0,0.0,25.0,1500.0,1643.12727299
10634,10691,0,1,0,0,21605.55555555556,0.10937692208794035,0.35110887117510925,0.8401975829262022,19.4444444444,0.15013127264101245,2.4727482647833336,2.0163398120620024,97.2333333333,25.0,38.88888888888889,372.690487373,2447.96073992
10659,10717,0,3,0,0,755.5555555555557,0.06551470588235295,0.19727941176470587,0.8756106617647059,0.0,0.8075911802190897,1.6308186332777777,1.277034259466139,0.0,0.0,58.333333333333336,1500.0,3000.0
10671,10729,0,0,0,0,44.44444444444445,0.07293125,0.4375,0.8703125,0.0,0.0,1.108621494138889,0.0,0.0,0.0,0.0,1500.0,3000.0
10686,10744,0,1,0,0,2308.3333333333335,0.06808628158844765,0.20145619735258724,0.8595590854392298,13.888888888899999,1.7394427291965728,2.4913793866361114,1.4858628765891237,0.0,0.0,19.444444444444446,1281.77484682,1827.23023507
10698,10756,0,9,1,0,12675.0,0.09068972167433706,0.29176486960333115,0.8485118781503397,8.33333333333,0.874488790322867,12.859969004472221,1.7157019658683375,120.0,58.333333333333336,147.22222222222226,964.371852106,1502.43100783
10711,10769,12,5,2,2,64500.0,0.10254531438415158,0.2619742635658915,0.8782224978466839,97.2222222222,0.9472127173473746,3.59734637375,1.8139291695050606,71.0,58.333333333333336,33.333333333333336,575.510480084,550.24060615
10721,10779,0,4,0,0,7338.8888888888905,0.11595844057532172,0.2304599545798637,0.8537295230885692,8.33333333333,0.03374484877439227,7.8944313736666665,1.6654747189767418,747.428571429,16.666666666666668,47.22222222222223,1500.0,2696.59369944
10723,10781,0,0,1,0,6172.222222222223,0.049798334833483344,0.251892304230423,0.8455265526552656,0.0,0.0,6.327128382055556,0.0,0.0,2.777777777777778,5.555555555555556,413.045492873,3000.0
10740,10798,8,12,7,6,51050.0,0.1243745238872565,0.344673707693982,0.8696548753944934,58.3333333333,0.0,10.159309266000001,1.948439314150751,77.5,50.0,230.55555555555557,632.926641787,375.85731722
10753,10811,1,19,8,1,11183.333333333334,0.11276485345255838,0.2657860158966716,0.8491492796820667,11.1111111111,0.0,13.231784539166668,1.8659179402504493,75.375,75.0,183.33333333333334,1500.0,715.92969422
10756,10814,0,7,3,0,7727.777777777778,0.1288912652767793,0.3859091660675773,0.8542445722501798,5.55555555556,1.2493464233613167,0.0,1.8307930651789606,45.0,13.888888888888891,180.55555555555557,572.122915836,2497.61828453
10776,10834,0,16,0,7,40063.8888888889,0.1126670179574291,0.23238859460583788,0.8637209179782293,44.4444444444,0.08597694444470108,14.205547696805555,1.9114128797176921,69.7368421053,252.77777777777783,219.44444444444449,426.712408205,787.21094001
10783,10841,0,0,0,1,1313.888888888889,0.07969323467230444,0.31181881606765327,0.8181750528541226,5.55555555556,0.0,2.1994683185888895,1.0027182645175161,0.0,0.0,22.222222222222225,1500.0,3000.0
10789,10847,0,0,0,0,816.6666666666667,0.03853401360544218,0.1537125850340136,0.874556462585034,0.0,0.0,2.3983679866111114,0.0,0.0,0.0,0.0,1500.0,3000.0
10797,10855,1,0,0,0,2644.444444444445,0.0620484243697479,0.2802262605042017,0.855872794117647,5.55555555556,1.681872814849853,3.647287845972223,1.5607345675833282,0.0,0.0,77.77777777777779,1500.0,3000.0
10806,10864,1,1,0,0,12955.555555555557,0.059797512864493994,0.17184483276157803,0.8580030017152659,8.33333333333,1.6959163333085265,0.5223347981194445,1.6843729712135975,390.166666667,30.55555555555556,11.111111111111112,330.917287427,528.01887004
10812,10870,0,1,0,0,1322.2222222222224,0.07073025210084034,0.21162100840336134,0.849947268907563,0.0,0.0,9.743162933777779,0.0,0.0,0.0,5.555555555555556,1500.0,3000.0
10823,10881,2,11,6,0,21736.111111111113,0.10781906709265177,0.30809807028753994,0.8812126773162939,11.1111111111,0.11298732093713319,3.4028789133055555,1.9557484358761372,86.140625,58.333333333333336,194.44444444444446,848.981028955,684.78259882
10825,10883,0,0,0,0,3891.666666666667,0.12573504639543184,0.2667119914346895,0.8749052819414703,0.0,1.0902635536635805,6.995550106333334,1.7351264569629226,42.0,8.333333333333334,11.111111111111112,1500.0,2183.49107956
10830,10888,1,2,0,0,3241.666666666667,0.19750796915167096,0.3355101113967438,0.9032846615252785,2.77777777778,1.355529444714231,1.9469813458222223,1.0397207708399179,0.0,25.0,0.0,525.91686468,1549.59688984
10844,10902,0,1,0,0,3322.2222222222226,0.0696185618729097,0.14941387959866223,0.8661808528428093,0.0,0.0,10.955193766861111,1.310783678099714,0.0,0.0,0.0,1500.0,2770.17146091
10847,10905,1,6,0,1,20136.111111111113,0.08963225272451372,0.2975567112705201,0.862076824389571,19.4444444444,0.0,15.47755771152778,1.917870129265023,72.75,86.11111111111113,377.7777777777778,1500.0,563.04026124
10852,10911,5,11,1,0,72894.44444444445,0.15314420394786982,0.37242464751162263,0.8948546452252115,33.333333333300004,1.288449323023892,4.833888041916667,1.8266023430079645,456.428571429,208.33333333333334,291.6666666666667,762.134543202,828.15191629
10854,10913,1,3,1,0,21663.88888888889,0.10053255545582768,0.3422101166816258,0.839279292216951,41.666666666699996,1.7036613636997073,2.7619656600166667,1.8068341223088193,95.7142857143,13.888888888888891,58.333333333333336,1164.26786651,1149.58750431
10856,10915,0,1,0,0,2944.444444444445,0.07338179245283019,0.18634433962264152,0.8625797169811321,0.0,0.0,8.412472241833335,0.5623351446188083,0.0,8.333333333333334,5.555555555555556,1500.0,2677.39114975
10861,10920,0,0,2,0,2219.444444444445,0.08943116395494367,0.30630963704630787,0.89010225281602,0.0,0.7280360913760874,0.0,0.7534424611802384,71.25,2.777777777777778,25.0,792.513055258,1168.40442501
10864,10923,0,0,0,0,4858.333333333334,0.08601686678101772,0.21687278444825614,0.8491751858204688,5.55555555556,0.0,5.209439507666667,1.3484589785753083,53.5,0.0,13.888888888888891,1500.0,3000.0
10869,10928,2,2,0,0,3700.0,0.17212807807807806,0.25616193693693695,0.8730956456456457,2.77777777778,0.0,4.531113417277778,1.608310526051823,0.0,44.44444444444445,11.111111111111112,1500.0,1888.96751
10876,10935,0,0,0,0,4200.0,0.08849583333333333,0.4264464947089947,0.8296371031746032,11.1111111111,0.0,4.827511477777778,1.1150659840964297,0.0,5.555555555555556,25.0,1500.0,1017.93992292
10883,10942,0,0,0,0,1930.5555555555559,0.06459769784172663,0.3231305035971223,0.8535237410071942,2.77777777778,0.74837171000467,0.24603081281694444,1.757312262826658,0.0,0.0,2.777777777777778,1500.0,3000.0
10888,10947,0,2,0,0,7766.666666666667,0.10387474964234622,0.40922979256080116,0.8227320100143062,13.888888888899999,0.5420788920757609,12.184546889000002,1.4529750873747762,44.0,27.777777777777782,241.66666666666669,463.539633961,3000.0
10918,10977,3,12,15,0,27741.666666666668,0.10451211575047563,0.20915287874236507,0.8130285871633124,36.1111111111,0.0,15.957257626222225,1.8956042080738653,306.454545455,50.0,161.11111111111111,1221.87113048,3000.0
10928,10987,0,0,0,0,10513.88888888889,0.07718721268163804,0.19576702774108323,0.8307529194187583,25.0,1.7839808720173664,9.995733283000002,1.676556943857313,975.0,16.666666666666668,72.22222222222223,678.731773942,3000.0
10929,10988,0,2,3,0,7100.0,0.07821752738654147,0.19296838810641626,0.8728397887323944,5.55555555556,0.0,0.0,1.2882523050229002,0.0,0.0,27.777777777777782,1500.0,3000.0
10941,11000,0,1,0,0,1136.1111111111113,0.07208312958435208,0.248059902200489,0.8653095354523228,0.0,0.0,6.491931409055557,1.2047933096947843,0.0,5.555555555555556,36.111111111111114,1500.0,1641.76637738
10946,11005,0,0,0,0,1338.888888888889,0.09116721991701245,0.24775352697095435,0.8415130705394192,0.0,0.0,1.079634528438889,0.0,0.0,13.888888888888891,0.0,1500.0,3000.0
10952,11011,1,6,0,0,15716.666666666668,0.11437879109225875,0.4210907211028632,0.8354753623188406,5.55555555556,1.7685731764228967,10.898366596472222,1.924791716674126,90.1818181818,66.66666666666667,41.66666666666667,920.637689701,1217.22838153
10961,11020,3,5,0,0,26163.88888888889,0.11717489117740737,0.3575979403333687,0.8783823017305448,19.4444444444,0.2887309166138152,2.3646923014416665,2.0458263721081047,179.0,116.66666666666667,69.44444444444446,1268.10145359,340.3068636
10970,11029,0,2,0,0,11594.444444444445,0.16716027791087684,0.3404822951605175,0.8604818160038332,5.55555555556,0.07340314683091757,5.300379139805556,1.7797259292973684,124.0,16.666666666666668,138.8888888888889,508.031332567,727.48789255
10977,11036,0,0,0,0,1011.1111111111113,0.05295302197802197,0.17128873626373625,0.8449906593406593,0.0,1.6761644225220105,0.0,0.0,0.0,0.0,2.777777777777778,1500.0,3000.0
10989,11048,3,5,1,2,25469.44444444445,0.20505492420111243,0.35250334823863017,0.8757780455883957,13.888888888899999,1.6666779566418664,8.196024080250002,1.859758639113453,421.52173913,205.55555555555557,261.11111111111114,63.5350994679,1242.32276982
11000,11059,4,8,16,0,17058.333333333336,0.09103943983064648,0.23110127015144113,0.8711864191499755,61.111111111099994,1.1535707665815866,2.6762099522888887,1.9057203772900027,41.0,41.66666666666667,155.55555555555557,1500.0,2034.89598257
11003,11062,0,7,1,0,9297.222222222224,0.08749157454436808,0.22129369584702718,0.8548017627726322,30.555555555599998,0.012456034903178679,2.486321493363889,1.752053997569791,0.0,8.333333333333334,38.88888888888889,1500.0,991.65782777
11005,11064,0,1,0,0,5463.88888888889,0.12105582104728013,0.30063197763091004,0.8946345704117946,2.77777777778,1.101375312033493,0.6403238386444444,1.5691917264482311,0.0,0.0,5.555555555555556,550.425519015,1441.88481201
11019,11078,1,1,0,0,5616.666666666667,0.13113170128585558,0.21034441147378832,0.8563407022749753,0.0,0.0,5.3115386899166666,1.8734517375545654,0.0,22.222222222222225,5.555555555555556,648.326138017,1017.15658294
11032,11091,0,1,0,0,500.0,0.06726777777777777,0.18091500000000002,0.837166111111111,0.0,0.6975142645961199,0.5436455610777778,0.0,0.0,2.777777777777778,0.0,1500.0,3000.0
11038,11097,0,0,0,0,3850.0,0.05184444444444444,0.13376681096681098,0.8457776334776336,0.0,1.6758098435548419,9.890066212944445,1.6307991045856434,0.0,0.0,5.555555555555556,1500.0,3000.0
11040,11099,1,4,2,0,31833.333333333336,0.09335622164048865,0.2584226788830716,0.8940077312390926,33.333333333300004,1.8026419824829467,8.923646735083336,1.6578828220046897,0.0,2.777777777777778,130.55555555555557,871.385165421,1330.92305394
11041,11100,0,3,0,0,9011.111111111111,0.09168209001233045,0.3463201294697904,0.8431277435265105,27.777777777799997,1.6883207870952972,13.269621450361113,1.7845890715452442,178.0,16.666666666666668,80.55555555555556,1023.73687876,3000.0
11043,11102,1,0,0,0,1994.4444444444446,0.05717715877437325,0.21792506963788302,0.8374919220055711,0.0,0.0,5.290346009777778,0.5623351446188083,0.0,0.0,0.0,1500.0,3000.0
11049,11108,0,1,0,0,950.0,0.06900526315789474,0.33983040935672515,0.7976558479532163,0.0,1.0967463750840332,0.11917520157861111,1.0549201679861442,0.0,2.777777777777778,8.333333333333334,1500.0,3000.0
11051,11110,0,0,0,0,1500.0,0.06469333333333332,0.2649918518518518,0.8077766666666667,0.0,0.0,5.551132648583334,0.0,0.0,0.0,0.0,1500.0,3000.0
11054,11113,0,0,0,0,2952.777777777778,0.06568005644402633,0.20270376293508938,0.841764252116651,2.77777777778,1.6855942273500761,5.386703751472222,1.203439858332419,0.0,11.111111111111112,61.11111111111112,1500.0,1821.27788761
11056,11115,0,0,1,0,11902.77777777778,0.07443376896149358,0.2591008868144691,0.8458488448074679,2.77777777778,0.3287874619763147,6.269589046111112,1.5824831652172018,0.0,13.888888888888891,116.66666666666667,1500.0,1320.95754631
11058,11117,1,6,1,0,54119.444444444445,0.1496528306728943,0.3370173895190679,0.874992275316943,19.4444444444,1.51533246152534,5.400458554222222,1.8879029047260412,484.636363636,158.33333333333334,147.22222222222226,474.1296188,288.55285213
11065,11124,0,0,0,0,1602.777777777778,0.11140225303292894,0.4392812824956673,0.8554284228769498,0.0,0.0,1.898173025363889,0.8675632284814612,0.0,13.888888888888891,0.0,1500.0,3000.0
11070,11129,0,7,3,1,20872.222222222223,0.08290503060952888,0.2035814612722917,0.847428679797711,13.888888888899999,0.0,12.268009476583332,1.8930760955468897,51.5,61.11111111111112,88.8888888888889,1500.0,1054.85233765
11074,11133,0,0,0,0,847.2222222222223,0.10780360655737704,0.17740491803278688,0.877067868852459,0.0,0.0,0.0,0.45056120886630463,519.8,0.0,0.0,1500.0,3000.0
11077,11136,0,0,3,0,7227.777777777778,0.09350238278247502,0.24736468101460418,0.8683708301306687,8.33333333333,0.0,0.0,1.8867405466706466,0.0,0.0,30.55555555555556,1439.54874457,1856.01368995
11082,11141,0,0,0,0,961.1111111111113,0.07752890173410404,0.20119971098265896,0.8312734104046243,0.0,0.0,3.107407744277778,0.0,0.0,5.555555555555556,0.0,1500.0,3000.0
11084,11143,0,0,0,0,36.111111111111114,0.0,0.3076615384615385,0.8846153846153846,0.0,1.6942499876738042,1.4057768788277778,0.6931471805599453,0.0,0.0,0.0,1500.0,3000.0
11095,11154,3,3,0,0,11983.333333333334,0.13955440426518312,0.2321433936022253,0.8656826379230412,8.33333333333,0.7578940758690688,8.514093529361112,1.8127684107813162,83.0,55.555555555555564,138.8888888888889,1020.02378503,590.79760977
11102,11161,0,0,0,0,1019.4444444444446,0.04942261580381472,0.17472643051771117,0.8500727520435967,0.0,0.9079661510918561,1.2950817626555555,0.0,0.0,0.0,0.0,1500.0,3000.0
11110,11169,2,6,0,1,9327.77777777778,0.14766789755807028,0.33848540798094107,0.8212058070279928,16.6666666667,0.0,4.446044846694445,2.0227297194927085,150.0,44.44444444444445,13.888888888888891,454.286738887,3000.0
11114,11173,0,0,0,0,1016.6666666666667,0.12231147540983606,0.1957650273224044,0.8799699453551914,0.0,0.0,1.440091744936111,1.0280940565630372,0.0,13.888888888888891,105.55555555555556,1500.0,1640.14405848
11118,11177,1,1,0,0,21258.333333333336,0.0945842414739318,0.2554469489089246,0.8681452371618973,8.33333333333,0.0,8.133293236555557,1.7547274155009223,33.0,25.0,63.88888888888889,947.508672254,795.42156877
11128,11188,1,1,0,0,12808.333333333334,0.09372975493385383,0.34731511602689225,0.8253188896117979,13.888888888899999,0.14547317808171548,15.796704766361112,1.816355355796392,74.0,16.666666666666668,136.11111111111111,274.181400324,3000.0
11132,11192,0,1,0,0,3033.3333333333335,0.06900787545787546,0.19211904761904763,0.8661293956043956,0.0,2.0126390762430493,9.197926083972224,1.7811258884510928,0.0,8.333333333333334,36.111111111111114,1500.0,3000.0
11134,11194,0,0,0,0,17602.77777777778,0.07860623323339119,0.3087738362000947,0.8297892062490138,0.0,0.0,9.314631256416668,1.6397063574156068,0.0,8.333333333333334,19.444444444444446,1316.73243313,1128.64268438
11144,11204,3,5,0,1,19205.55555555556,0.15812224472085623,0.3851661990164883,0.8796271622794329,8.33333333333,0.29146830463255124,14.127444748500002,1.8067903321198109,96.3333333333,100.0,122.22222222222224,743.597766081,879.08413722
11147,11207,0,3,0,0,6316.666666666667,0.08070347405452946,0.1641264291996482,0.8287908970976253,8.33333333333,1.941833479467651,5.5621616435000005,1.4862459819598854,0.0,2.777777777777778,44.44444444444445,1500.0,3000.0
11149,11209,1,2,1,0,17516.666666666668,0.12935629559150016,0.29586980653346023,0.8565626228988266,5.55555555556,0.08746603265028137,5.414914991222223,1.722204361965679,215.5,69.44444444444446,75.0,564.040416016,583.99146375
11151,11211,1,5,0,2,24197.222222222223,0.11181552060613018,0.2559180346688096,0.8337216278268855,19.4444444444,0.020268006854859712,5.680507543777779,1.800468080460647,321.5,33.333333333333336,44.44444444444445,1500.0,1482.51744763
11154,11214,2,5,1,1,23527.77777777778,0.1441956670602125,0.2752902597402598,0.8584795513577331,8.33333333333,0.0,0.0,1.836715253075536,38.0,127.77777777777779,27.777777777777782,1500.0,605.26665334
11166,11226,0,2,0,0,338.8888888888889,0.1003172131147541,0.3665229508196721,0.8001672131147541,0.0,0.0,3.932364200666667,0.0,0.0,0.0,0.0,1500.0,3000.0
11167,11227,0,0,1,0,1272.2222222222224,0.06607707423580786,0.14986986899563318,0.8400471615720524,2.77777777778,0.0,13.090298334249999,1.0751393240053733,0.0,16.666666666666668,22.222222222222225,1213.52854195,1661.83185597
11169,11229,0,3,0,0,3494.4444444444453,0.1324866454689984,0.29875095389507156,0.9168242448330683,0.0,0.0,0.0,1.242453324894,193.5,0.0,11.111111111111112,1500.0,3000.0
11178,11238,0,0,0,0,5105.555555555556,0.07299613710554952,0.21067752992383026,0.867002339499456,16.6666666667,0.0,10.627605901305557,1.2971277284023104,0.0,0.0,52.77777777777778,1500.0,3000.0
11179,11239,0,0,0,0,461.11111111111114,0.052399999999999995,0.23875361445783133,0.874282530120482,0.0,1.0983433581745545,3.3639227258888895,1.2206072645530175,0.0,0.0,0.0,1500.0,3000.0
11180,11240,0,0,0,0,20236.111111111113,0.20978060398078244,0.487066163349348,0.9030882498284146,5.55555555556,1.3792400324700138,5.026169975555557,1.8939892545037245,235.666666667,86.11111111111113,225.0,191.164319293,302.49398988
11185,11245,1,7,5,1,17038.88888888889,0.08657631235735246,0.19699219106618848,0.8346212748614281,94.4444444444,0.0,16.046175571833334,1.6878749102762762,58.5,36.111111111111114,152.7777777777778,1500.0,725.57661651
11187,11247,0,1,0,0,6722.222222222223,0.11340148760330579,0.22187533057851241,0.8688158264462809,16.6666666667,1.5708349528379801,7.473637735777779,1.399570528835303,0.0,16.666666666666668,27.777777777777782,913.783323752,3000.0
11193,11253,0,0,0,0,4794.444444444445,0.08426998841251447,0.3165793742757822,0.8725133835457706,0.0,0.0,7.002956892555557,1.0905994737794789,0.0,0.0,138.8888888888889,1500.0,3000.0
11194,11254,0,1,0,0,3772.2222222222226,0.141009793814433,0.309640942562592,0.8821949189985273,2.77777777778,1.7374115031966788,5.267968995444445,1.870568889415637,0.0,44.44444444444445,27.777777777777782,352.693381758,1656.05597817
11196,11256,1,3,1,0,5691.666666666667,0.07235719863347974,0.25620204978038064,0.8255732552464617,0.0,1.7885412626437571,6.804808644194444,1.5194573645501503,0.0,41.66666666666667,66.66666666666667,1500.0,1322.86469716
11217,11277,2,4,0,1,5227.777777777778,0.09976168969181722,0.23860111583421892,0.8663694473963868,27.777777777799997,1.7198987170759965,20.460522848055557,1.3384950217201879,0.0,16.666666666666668,216.66666666666669,776.326844237,3000.0
11219,11279,0,5,0,0,13141.666666666668,0.1171705981822025,0.4356913971676178,0.8648837877827098,5.55555555556,1.6756121087404607,0.0,1.6814134997507293,167.0,47.22222222222223,225.0,514.80949433,1515.38328271
11229,11289,1,0,0,0,2930.555555555556,0.0804249289099526,0.33102616113744077,0.8669599052132702,5.55555555556,0.0,12.451022363666668,1.2868726303980162,0.0,13.888888888888891,100.0,1500.0,3000.0
11231,11291,1,9,2,0,15416.666666666668,0.13967237837837837,0.2930138378378378,0.9035602162162163,44.4444444444,1.679691536560367,4.510227342444445,1.480474270537467,99.5333333333,22.222222222222225,91.66666666666667,755.725450862,575.28082611
11238,11298,0,1,1,0,3833.3333333333335,0.1690548550724638,0.34850246376811594,0.8724486956521739,13.888888888899999,0.0,4.330322976722223,1.8482176038712863,0.0,41.66666666666667,266.6666666666667,1008.10220531,1422.67993947
11244,11304,0,0,0,0,288.8888888888889,0.0348375,0.37824519230769227,0.9155096153846153,0.0,0.28577936972129264,0.0,0.0,0.0,0.0,13.888888888888891,1500.0,3000.0
11247,11307,4,1,0,0,33936.11111111112,0.16069949251043628,0.2892388311369403,0.8687859703691576,2.77777777778,0.0,3.5747810089166667,1.9270379044735761,0.0,22.222222222222225,38.88888888888889,1500.0,509.39707719
11252,11312,0,2,5,0,10455.555555555557,0.08497781615302868,0.2508778958554729,0.8808024973432519,41.666666666699996,0.0,8.858372946805556,1.8053740667164446,124.25,11.111111111111112,358.33333333333337,925.64245267,331.58566228
11257,11317,0,0,0,0,3125.0,0.056268533333333336,0.1697849777777778,0.8896036444444444,8.33333333333,0.0,4.174719661861111,1.6865291323383544,356.5,2.777777777777778,72.22222222222223,1250.26177257,1537.63036039
11267,11327,0,3,0,0,3983.3333333333335,0.0759086471408647,0.21754372384937237,0.8361189679218968,2.77777777778,1.7211416181209556,6.3197167813611115,1.7529452274727582,0.0,2.777777777777778,66.66666666666667,1500.0,2961.66776257
11286,11347,8,14,4,8,14586.111111111113,0.1577031422586174,0.3899426585412302,0.8979870691296896,11.1111111111,0.0,11.913361477666667,1.6901808022693487,110.5,208.33333333333334,344.4444444444445,178.780020296,113.26677639
11294,11355,0,0,0,0,466.6666666666667,0.08343928571428572,0.35459345238095236,0.8699303571428572,8.33333333333,1.3806389677866784,3.801306537305556,0.0,0.0,0.0,11.111111111111112,1500.0,1359.58484336
11299,11360,0,4,1,0,7183.333333333334,0.0734221577726218,0.2005277648878577,0.8375674400618716,2.77777777778,0.0,6.279875456888889,1.456472078666516,100.0,2.777777777777778,19.444444444444446,1400.63458016,1297.27490622
11302,11363,0,1,0,0,841.6666666666667,0.08304026402640265,0.2786013201320132,0.7872686468646864,0.0,0.0,0.3269405990611111,0.0,0.0,0.0,0.0,1500.0,3000.0
11303,11364,1,2,0,0,6211.111111111112,0.0857136404293381,0.20296824686940965,0.8814290697674418,30.555555555599998,1.4744127125908808,0.8155163104277777,1.6882009186749536,0.0,19.444444444444446,55.555555555555564,1500.0,853.75902075
11305,11366,2,13,1,1,23327.77777777778,0.1503405334603477,0.4825625863300786,0.8879976422957847,22.2222222222,0.5842395546649034,3.143610746333333,1.811808176736766,292.6,61.11111111111112,352.7777777777778,442.119676147,1190.03313816
11312,11373,0,0,1,0,4211.111111111112,0.07169478891820581,0.19661444591029023,0.867040765171504,0.0,0.0,9.051142937277778,1.418851561728605,0.0,5.555555555555556,19.444444444444446,790.571642078,1415.32400275
11332,11393,1,0,0,0,9300.0,0.1481841696535245,0.25058151135005974,0.888643458781362,2.97966045041,0.0,4.079792083861111,2.0903293755379124,175.0,27.777777777777782,27.777777777777782,389.916820235,1468.86493969
11340,11401,0,1,0,0,9980.555555555557,0.13766153632062345,0.254161341497356,0.8579171722794322,0.0,0.957037769646132,7.974201737777779,2.0764314311861276,0.0,122.22222222222224,11.111111111111112,808.481175325,553.52102303
11348,11409,0,3,1,0,14544.444444444447,0.07756571810542398,0.19885137509549275,0.8515416921313981,2.77777777778,0.4733949660752445,6.795344101694444,1.4023977580795295,495.0,8.333333333333334,19.444444444444446,1500.0,3000.0
11362,11423,6,4,1,0,51422.222222222226,0.1516886938202247,0.3842369544079516,0.8620254753673293,11.1111111111,1.866812923025435,8.337408376194446,1.8566403194493741,0.0,50.0,44.44444444444445,716.295916797,845.3921196
11365,11426,1,12,4,3,24488.88888888889,0.11288956442831216,0.2845257372958258,0.8730739110707804,36.1111111111,0.09288261689652474,2.21555095375,1.7419912616561717,130.307692308,83.33333333333334,230.55555555555557,351.499791055,247.88068993
11366,11427,1,9,1,2,16202.777777777781,0.09204875707183267,0.2529681810389165,0.8700241556660381,16.6666666667,1.64077607992898,2.709932183277778,1.8762277459357781,64.0,19.444444444444446,188.8888888888889,1206.7802444,507.18354852
11370,11431,0,0,1,0,2086.1111111111113,0.10706418109187749,0.21026750998668442,0.8873920106524634,2.77777777778,0.0,0.0,0.6931471805599453,31.0,11.111111111111112,5.555555555555556,1500.0,2898.97709852
11371,11432,2,9,3,4,8386.111111111111,0.0843538588936734,0.23062176217290495,0.8341198078834051,8.33333333333,0.0,9.465105224305557,1.8301214620778485,424.0,38.88888888888889,41.66666666666667,1500.0,3000.0
11373,11434,0,2,0,0,297.22222222222223,0.07476635514018691,0.23871121495327105,0.8589383177570094,2.77777777778,0.0,0.9915452614666669,1.0397207708399179,0.0,0.0,5.555555555555556,1147.37778604,2102.15431349
11379,11440,0,2,0,0,83.33333333333334,0.0,0.08571,0.91822,0.0,0.0,0.7927348185138889,0.0,0.0,0.0,0.0,1500.0,3000.0
11381,11442,0,1,0,0,111.11111111111113,0.0484375,0.1679675,0.8980874999999999,0.0,0.0,0.0,0.0,0.0,0.0,0.0,1500.0,3000.0
11383,11444,1,1,0,0,6650.0,0.08255359231411863,0.22480593149540518,0.8644675856307437,44.4444444444,0.0,10.496196184583335,1.6969751863723994,0.0,13.888888888888891,155.55555555555557,1500.0,1236.93732908
11384,11445,3,6,0,2,7969.444444444445,0.10635364238410597,0.27945869640989895,0.8784370163820147,72.2222222222,1.0985040173863037,11.475190348500002,1.6921542586449658,66.5,25.0,375.0,1341.47819262,1230.56938317
11391,11452,0,1,0,0,244.44444444444449,0.05190340909090909,0.29607954545454546,0.8169897727272727,0.0,1.2576093006044822,2.635172079738889,0.0,0.0,0.0,19.444444444444446,1500.0,3000.0
11393,11454,0,1,0,0,2811.1111111111113,0.06317816205533597,0.20623735177865613,0.8657219367588933,0.0,0.0,8.811078425666668,1.0114042647073516,0.0,2.777777777777778,30.55555555555556,1500.0,2359.62410409
11396,11457,0,1,0,0,1322.2222222222224,0.06533151260504201,0.2253764705882353,0.8272344537815126,5.55555555556,0.29366246642462784,0.34932537194444446,0.0,0.0,2.777777777777778,22.222222222222225,1500.0,3000.0
11403,11464,0,0,0,0,2947.2222222222226,0.08504806786050896,0.2260038642789821,0.8728320452403393,11.1111111111,1.2405195199947459,3.2856636289166667,1.4862440255844835,64.0,0.0,11.111111111111112,1061.91518844,3000.0
11408,11469,0,1,0,2,8327.77777777778,0.12571601067378252,0.47422048032021347,0.8710859906604403,27.777777777799997,0.5341551500874907,5.123567057555555,1.7096273286811074,483.444444444,11.111111111111112,397.22222222222223,1033.80354475,394.39492682
11410,11471,0,2,0,1,5019.444444444445,0.08382988378527947,0.24007686773657996,0.8770456557830658,22.2222222222,0.0,9.759346293666667,1.8951344961352792,273.0,25.0,22.222222222222225,1500.0,3000.0
11426,11487,0,1,0,0,988.888888888889,0.09745814606741572,0.3146943820224719,0.8030095505617978,2.77777777778,0.0,5.861210072500001,1.0397207708399179,0.0,2.777777777777778,38.88888888888889,1500.0,3000.0
11443,11504,2,1,1,1,27983.333333333336,0.09180278935874528,0.307256015485408,0.8597020945006949,25.0,1.6800894506721968,9.176120179416667,1.9494919965106368,72.6842105263,52.77777777777778,252.77777777777783,1383.44726732,2875.81246774
11444,11505,1,0,0,0,438.88888888888897,0.05872025316455696,0.19727974683544305,0.842882911392405,0.0,0.0,4.945240400805556,0.8018185525433373,0.0,2.777777777777778,0.0,1500.0,3000.0
11451,11512,1,6,0,0,21138.88888888889,0.09471654402102497,0.29740721419185284,0.8650403022339027,30.555555555599998,0.0,4.218407626333334,1.8138066693792807,390.8,25.0,297.22222222222223,628.548594824,1005.21562878
11453,11514,0,1,0,1,2841.666666666667,0.06566168132942325,0.3451689149560117,0.8976327468230694,2.77777777778,1.6815250794174919,1.2204155853861114,1.9901332446732949,321.833333333,16.666666666666668,44.44444444444445,1128.10388806,1948.184161
11454,11516,6,22,27,2,25227.77777777778,0.07720485575864347,0.19914872274829332,0.8628329993393526,63.88888888889999,0.0,5.406302411138889,1.7857764142225911,93.2,5.555555555555556,147.22222222222226,899.284006259,835.76233676
11462,11524,0,1,0,0,9552.77777777778,0.0858732189589997,0.23893428322186683,0.8575756615295144,11.1111111111,0.0,26.711190786027778,1.7947532352155753,0.0,38.88888888888889,52.77777777777778,1117.08089666,3000.0
11466,11528,0,1,0,0,5791.666666666667,0.09013482014388488,0.2600210551558753,0.8580428776978417,0.0,1.6741724252066044,0.0,1.3665264667152774,0.0,5.555555555555556,47.22222222222223,1500.0,2652.84005686
11484,11546,11,15,16,5,40141.66666666667,0.12783428136461145,0.3666668604248841,0.8607845270223514,22.2222222222,1.7532991115196994,11.606692415805556,2.0151422815635827,142.941176471,191.66666666666669,75.0,1107.7007264,261.59781248
11485,11547,2,2,0,0,21741.666666666668,0.15166268046505685,0.354736706273157,0.8705008049060944,16.6666666667,1.3929300613540498,3.321436655,2.0231944083088034,68.5,119.44444444444446,105.55555555555556,937.781798071,655.3383713
11486,11548,0,7,0,2,12405.555555555557,0.13105559785042545,0.39953504254366323,0.8722337662337663,16.6666666667,0.24768059915997906,3.3961873078888893,1.9858153887405303,116.0,27.777777777777782,61.11111111111112,1130.23013772,950.37916334
11505,11568,0,1,2,0,5825.0,0.10508640915593705,0.21054406294706723,0.8438324749642345,0.0,0.6252994843698099,3.599398045888889,1.2440175909427684,0.0,2.777777777777778,41.66666666666667,133.059452069,2284.89233109
11512,11576,0,0,0,0,197.22222222222226,0.07980422535211268,0.292356338028169,0.9550577464788732,0.0,0.0,3.3807861683611113,0.0,0.0,0.0,0.0,1014.28413829,1392.35087535
11520,11584,0,0,0,0,213.8888888888889,0.019923376623376624,0.1702,0.9220753246753246,0.0,0.0,2.6209166559083332,0.0,0.0,0.0,8.333333333333334,1500.0,3000.0
11525,11589,0,1,0,0,1697.2222222222224,0.09318199672667757,0.2568306055646481,0.8492320785597381,0.0,0.0,11.402958241861114,0.9556998911125343,121.0,8.333333333333334,72.22222222222223,1500.0,3000.0
11529,11593,0,4,0,0,8794.444444444445,0.08082526847757422,0.16985928616550852,0.834013802905875,13.888888888899999,1.617149450413543,17.690929705194446,1.4957790326174285,49.625,33.333333333333336,122.22222222222224,1500.0,3000.0
11531,11595,0,0,0,0,1775.0,0.060862284820031295,0.23397433489827857,0.8312588419405321,0.0,0.0,1.8401297145444446,1.6663325853283248,0.0,13.888888888888891,27.777777777777782,1500.0,3000.0
11541,11605,0,0,0,0,277.7777777777778,0.104504,0.358388,0.8693460000000001,0.0,1.726114662346005,6.274359518833334,0.45056120886630463,0.0,16.666666666666668,2.777777777777778,1500.0,3000.0
11547,11611,0,3,1,1,7552.777777777778,0.06997510114012505,0.17436495034939314,0.8328762780433983,16.6666666667,0.0,14.134977609416667,1.582139629723496,79.6,11.111111111111112,94.44444444444446,1500.0,736.40124376
11552,11616,0,0,0,0,297.22222222222223,0.08857943925233645,0.3205551401869159,0.7295859813084112,0.0,0.0,2.378617442655556,0.0,0.0,0.0,0.0,1500.0,3000.0
11559,11623,0,2,0,0,4005.555555555556,0.07696726768377254,0.2256093619972261,0.8110970180305132,0.0,0.0,11.88758231513889,1.1786549963416462,0.0,11.111111111111112,33.333333333333336,1500.0,1530.30859061
11568,11632,0,0,0,0,1094.4444444444446,0.1436,0.22586903553299492,0.8751588832487309,0.0,0.0,0.0,0.0,0.0,2.777777777777778,0.0,1500.0,3000.0
11569,11633,1,8,0,0,26861.111111111113,0.13540224405377457,0.4330835160289555,0.8774278490175802,19.4444444444,0.4593921858812317,18.451405169083333,1.912686344762182,403.857142857,122.22222222222224,116.66666666666667,1208.86957965,764.68023659
11597,11661,0,1,0,0,3477.7777777777783,0.10588817891373802,0.22284568690095846,0.8487313099041534,2.77777777778,0.3204652754661052,5.542999104055556,1.4799062391231763,61.5,13.888888888888891,38.88888888888889,1500.0,1550.93766461
11605,11669,0,1,0,0,1741.6666666666667,0.07772296650717704,0.24336507177033492,0.8279084529505583,0.0,0.0,3.7296759572777782,0.0,0.0,0.0,2.777777777777778,1500.0,3000.0
11607,11671,0,2,2,0,8905.555555555557,0.09027052401746725,0.23083565190268246,0.8312254210854647,13.888888888899999,0.0,14.06597026338889,2.1064795319315497,33.0,8.333333333333334,169.44444444444446,1500.0,1603.16434095
11616,11680,1,1,0,0,8911.111111111111,0.08005841645885287,0.2396240336658354,0.8661056733167083,5.55555555556,0.3791995769728292,3.284127806027778,1.4442076786048286,0.0,19.444444444444446,105.55555555555556,1147.32497688,2168.04798507
11621,11685,1,2,0,0,10969.444444444445,0.1044100278551532,0.278954064320081,0.8503332236009117,11.1111111111,1.690551444081109,2.392463033836111,1.7510202669196524,75.0,13.888888888888891,163.8888888888889,422.118769263,1511.64403844
11627,11691,2,5,0,1,10425.0,0.09181822541966426,0.21376277644551026,0.8197152144950706,8.33333333333,1.6696136611690586,1.5916125552638891,1.7993029871699509,0.0,94.44444444444446,169.44444444444446,1500.0,1115.74865129
11638,11702,0,1,0,0,6144.444444444445,0.08684801084990958,0.2467223779385172,0.8389129746835443,5.55555555556,1.6759858731471828,5.5333952552222225,1.477441208430099,259.5,25.0,58.333333333333336,1500.0,1295.70373913
11652,11717,0,1,0,0,1150.0,0.07401014492753623,0.22121859903381644,0.8744927536231885,0.0,0.9233406580725021,0.9011528124083334,0.6931471805599453,0.0,0.0,27.777777777777782,1500.0,3000.0
11656,11721,0,0,0,0,1722.2222222222226,0.06712177419354838,0.17973951612903227,0.8448888709677419,0.0,0.0,3.961808161166667,0.6365141682948128,0.0,0.0,22.222222222222225,1500.0,1925.18485851
11664,11729,0,4,0,1,9319.444444444445,0.06763836065573771,0.18467204172876303,0.85484304023845,0.0,0.0,9.742880344194445,1.9389512211905446,337.0,33.333333333333336,38.88888888888889,1322.88431704,3000.0
11667,11732,0,0,0,0,17994.44444444445,0.0798074096943501,0.31266698054955233,0.857860697746218,13.888888888899999,1.0246936910539692,10.98513457163889,1.992419823078534,33.0,36.111111111111114,91.66666666666667,779.351232598,1596.53399043
11675,11740,0,1,0,0,4330.555555555556,0.07955317511225143,0.24166754329698525,0.8343082103912765,13.888888888899999,0.0,10.295437823277778,1.375833494972369,0.0,2.777777777777778,111.11111111111113,1500.0,3000.0
11681,11747,1,1,0,1,3308.3333333333335,0.06189412258606214,0.3220761544920235,0.874809487825357,22.2222222222,0.0,12.190600634388892,1.4380646131747725,0.0,2.777777777777778,261.11111111111114,1500.0,1330.89165285
11690,11756,0,0,0,1,4361.111111111112,0.11258541401273885,0.4080506369426752,0.8516150955414012,2.77777777778,1.6740983154612838,0.0,1.3960593843835165,35.0,8.333333333333334,36.111111111111114,1103.88441644,1129.70666776
11694,11760,0,10,1,0,3075.0,0.06694932249322492,0.357160433604336,0.8449793134598013,11.1111111111,0.5942805457808981,5.0089282387222225,0.8018185525433372,0.0,13.888888888888891,22.222222222222225,256.679919989,1235.49218329
11695,11761,1,6,0,0,26713.88888888889,0.19034435894769677,0.5219142871997505,0.8845908183425184,8.33333333333,0.0,4.925166932194444,1.9990877806270757,71.2,141.66666666666669,166.66666666666669,807.663705192,988.3443648
11701,11767,1,2,0,0,9127.77777777778,0.11285952525867315,0.23110063907486306,0.8620634510042605,33.333333333300004,0.0,11.224339659111113,1.5140726065995709,75.3,11.111111111111112,47.22222222222223,239.964424939,1896.31814493
11702,11768,1,0,0,0,5113.88888888889,0.07820684410646388,0.3172828897338403,0.8351089082020641,2.77777777778,2.0855968308581936,5.793211681888889,1.717963477106435,0.0,19.444444444444446,8.333333333333334,1500.0,3000.0
11710,11776,0,1,0,0,1961.1111111111113,0.055536968838526914,0.14420084985835696,0.8740087818696884,0.0,1.7511239215621803,3.7095666394444446,0.0,0.0,2.777777777777778,5.555555555555556,1500.0,3000.0
11718,11784,0,0,0,1,1636.1111111111113,0.10020152801358234,0.15239524617996605,0.823599830220713,0.0,0.0,1.4429388241305559,1.3269201940506905,0.0,0.0,33.333333333333336,1500.0,1296.39540361
11723,11789,1,3,0,0,8850.0,0.08116396735718769,0.19788964218455743,0.8418234149403641,8.33333333333,0.0,8.569990384027777,1.59983459233872,0.0,13.888888888888891,86.11111111111113,1500.0,671.53499035
11728,11794,1,2,0,0,975.0,0.0827034188034188,0.23077150997150997,0.9029954415954415,2.77777777778,0.0,10.642269926083333,0.6365141682948128,0.0,41.66666666666667,13.888888888888891,1500.0,3000.0
11730,11796,0,0,1,0,3066.666666666667,0.06668994565217391,0.21975942028985507,0.8624579710144927,5.55555555556,0.0,7.09825542375,1.1858203126288676,0.0,11.111111111111112,8.333333333333334,1500.0,2441.36277468
11734,11800,0,0,0,0,1352.777777777778,0.09336837782340862,0.18754722792607803,0.8683075975359342,0.0,0.0,5.600236877694446,0.6931471805599453,0.0,0.0,8.333333333333334,1500.0,3000.0
11743,11809,0,0,0,0,1383.3333333333335,0.08275341365461847,0.3770357429718876,0.8462409638554217,0.0,1.7162240883385276,2.731966838497222,0.0,0.0,0.0,8.333333333333334,1500.0,3000.0
11744,11810,0,0,0,0,8347.222222222224,0.08941657237936772,0.2362428286189684,0.8597670549084858,11.1111111111,0.6580915127077477,3.859763150916667,1.667887627864956,0.0,8.333333333333334,19.444444444444446,1500.0,1534.12936497
11745,11811,1,1,0,0,27.777777777777782,0.33335,0.5,0.75,0.0,0.0,5.958440234527779,1.277034259466139,0.0,0.0,13.888888888888891,1500.0,2314.17590547
11753,11819,0,1,0,0,1827.777777777778,0.07434939209726443,0.1724580547112462,0.8454785714285714,5.55555555556,0.0,8.038182336222222,1.479179908644451,0.0,11.111111111111112,8.333333333333334,1500.0,3000.0
11774,11840,0,4,0,0,9155.555555555557,0.07565752427184466,0.20657584951456312,0.865048968446602,180.555555556,1.4622070828217861,2.100253296675,1.4115615150414613,0.0,2.777777777777778,77.77777777777779,1500.0,1809.0272954
11777,11843,3,7,3,9,22347.222222222223,0.09454201367308888,0.262167172156619,0.8838863890615289,75.0,1.6983486094350482,8.28474476877778,1.514327380480176,124.333333333,175.0,283.33333333333337,777.642243742,402.25178374
11789,11855,2,6,0,0,40063.8888888889,0.08229470290508216,0.23729674824932398,0.8690066560354989,77.7777777778,0.618236084400471,2.1351040816472224,1.8957029657392583,77.0,25.0,91.66666666666667,582.149717987,2719.67132623
11791,11857,2,2,0,0,36161.11111111112,0.10488575049930866,0.37681814410815795,0.8475669073590414,11.1111111111,0.0,1.6250217903055557,1.9227254479368276,92.1052631579,44.44444444444445,11.111111111111112,586.330250113,406.01112176
11793,11859,0,4,3,5,11994.444444444445,0.0812821676702177,0.3014369615562761,0.8473560676238999,16.6666666667,0.0,9.15844235163889,1.754595643227288,0.0,13.888888888888891,69.44444444444446,1276.83861756,3000.0
11794,11860,0,0,0,0,2030.5555555555559,0.06305458276333789,0.22357906976744185,0.8300603283173734,0.0,0.0,0.498862341663889,0.6931471805599453,0.0,0.0,0.0,1500.0,2440.87792494
11796,11862,0,2,0,0,7452.777777777778,0.08851945583302274,0.22410696980991426,0.8508332090942974,2.77777777778,0.0,3.3197778261666673,0.9208326693554343,0.0,8.333333333333334,5.555555555555556,1500.0,3000.0
11800,11866,0,2,1,2,20244.44444444445,0.15034259055982435,0.24299285126234907,0.8398654363336993,5.55555555556,0.8756915440272655,1.3850471825694444,1.7475712700989385,643.363636364,88.8888888888889,155.55555555555557,1139.91033473,1269.11172772
11809,11875,1,18,2,3,78408.33333333334,0.16515480922520992,0.5000574166578099,0.8777635632550395,61.111111111099994,0.0,9.996229934722221,1.9320581711264553,575.555555556,113.88888888888891,77.77777777777779,836.959993065,1932.81915267
11818,11884,3,0,1,0,7691.666666666667,0.09553849765258217,0.24013961719032142,0.8668886240520044,30.555555555599998,0.0,5.081214946055556,1.8510982283203037,0.0,11.111111111111112,133.33333333333334,1500.0,2452.42071286
11823,11889,7,4,2,2,39261.11111111112,0.09766982453657846,0.2516011249469364,0.8527784279043441,13.888888888899999,0.8142409893446186,11.620910523555557,1.7833163779598127,107.142857143,36.111111111111114,105.55555555555556,711.979453012,549.13376272
11835,11901,0,6,0,3,33408.333333333336,0.11054267065768686,0.3807056705745406,0.8634400266068013,22.2222222222,1.2994613310740086,9.838181980388889,1.9256086767732186,346.111111111,55.555555555555564,86.11111111111113,1500.0,337.86675512
11863,11929,0,1,0,0,2708.3333333333335,0.06696994871794872,0.15148974358974357,0.8587957948717949,2.77777777778,1.5666318854288241,7.221832115222224,1.8624454577443308,0.0,5.555555555555556,2.777777777777778,1500.0,3000.0
11870,11936,0,9,0,5,44416.66666666667,0.11288559099437148,0.407488248905566,0.8707470981863665,19.4444444444,1.680833736882964,19.635683331805556,1.958191674376922,533.038461538,125.0,80.55555555555556,1500.0,519.71694229
11874,11940,0,0,0,0,127.77777777777779,0.11636086956521739,0.2526065217391304,0.8388304347826087,0.0,0.0,6.148843189361112,0.0,0.0,2.777777777777778,2.777777777777778,995.594093574,3000.0
11875,11941,3,12,2,0,63875.0,0.1928512415742553,0.4079716677538595,0.8679217264622745,16.6666666667,0.7010737367549345,8.246068463305557,1.9062835274269851,119.444444444,200.0,161.11111111111111,225.822394475,623.55751404
11897,11963,1,2,0,1,18383.333333333336,0.1668467815049864,0.3201447113931702,0.8631627682079177,13.888888888899999,1.443109068396003,2.0696505555583333,1.9255936133725777,119.75,66.66666666666667,27.777777777777782,1058.15165367,930.87843719
11900,11966,0,0,0,0,436.11111111111114,0.06222675159235669,0.1934904458598726,0.802915923566879,0.0,0.0,1.4237204910333332,0.0,0.0,2.777777777777778,0.0,1500.0,3000.0
11906,11973,0,0,0,0,6530.555555555556,0.08396371756699277,0.2077029349213101,0.8765871118672904,8.33333333333,0.8813695874864351,2.4479860657444448,1.464574965418482,64.0,5.555555555555556,36.111111111111114,1500.0,1214.21244144
11908,11975,0,1,1,0,1497.2222222222224,0.04383376623376623,0.21523228200371058,0.8508615955473098,5.55555555556,0.0,5.507913873555556,0.6931471805599453,0.0,0.0,33.333333333333336,1500.0,3000.0
11917,11984,2,8,1,2,10936.111111111111,0.08946164592329185,0.2453967995935992,0.8473111506223012,13.888888888899999,0.0,15.443318814833336,1.468459332205117,492.0,27.777777777777782,111.11111111111113,1500.0,1975.24816174
11923,11990,0,3,0,0,13775.0,0.10951330913490623,0.2832270014115749,0.8518285743093365,5.55555555556,0.4428232804089428,5.800950176583334,1.4081759172802522,0.0,61.11111111111112,88.8888888888889,1500.0,2372.97865047
11926,11993,17,21,2,2,58102.77777777779,0.1207537122914376,0.26760001912320125,0.8678472199646221,44.4444444444,0.0,8.446155752111114,1.989417870723723,99.5555555556,108.33333333333334,119.44444444444446,456.262679653,1059.51395871
11939,12006,7,3,2,2,98222.22222222223,0.14411623585972852,0.3355164168552036,0.9048981278280543,19.4444444444,0.0,10.066981147277778,1.8703738900325615,172.5,194.44444444444446,77.77777777777779,560.597056956,518.86041556
11941,12008,0,1,0,0,641.6666666666667,0.020571861471861474,0.21586060606060606,0.863664935064935,2.77777777778,0.0,4.458065934416667,0.796311640173813,0.0,0.0,33.333333333333336,1500.0,3000.0
11945,12012,0,0,0,2,1013.888888888889,0.04044849315068493,0.15498191780821918,0.8434978082191782,2.77777777778,0.0,5.928626570416667,0.9556998911125343,0.0,2.777777777777778,8.333333333333334,1500.0,3000.0
11964,12031,3,11,2,0,42480.55555555556,0.09838395998169097,0.31812109461845284,0.8648979533119728,38.8888888889,1.6753056854548565,6.414097143416668,1.7229764648759398,70.0,25.0,202.7777777777778,1057.26676678,518.82325562
11972,12039,0,0,0,0,1227.777777777778,0.06833846153846154,0.189920814479638,0.8682013574660633,0.0,0.0,3.422420413388889,0.0,0.0,0.0,0.0,1500.0,3000.0
11975,12042,0,1,0,0,4047.2222222222226,0.07284701441317776,0.24718064516129032,0.8461898421413864,2.77777777778,0.0,11.82055078872222,1.387022599770916,156.5,8.333333333333334,13.888888888888891,1500.0,3000.0
11976,12043,1,2,0,0,5655.555555555556,0.08819887033398821,0.28184926326129667,0.8156535854616895,0.0,1.6760078665728588,13.544847749305557,1.816220035675623,0.0,16.666666666666668,16.666666666666668,131.672496256,852.8994734
11977,12044,0,1,0,0,11441.666666666668,0.10578589463462006,0.37620844865258557,0.8742358824957515,16.6666666667,1.9068074655904506,1.7961765004472225,1.5817773016315482,61.0,13.888888888888891,194.44444444444446,364.538074618,1666.6391636
11979,12046,3,10,2,1,46069.444444444445,0.12361969249321675,0.3334296291829967,0.8760459210129635,33.333333333300004,1.7194784172936346,2.3634512661194447,1.7952834052398514,87.8032786885,36.111111111111114,163.8888888888889,710.08293989,729.95619958
11984,12051,1,3,0,1,22058.333333333336,0.17877788691600552,0.4382744364689586,0.8530731771817152,33.333333333300004,0.0,0.5767808637444446,1.7929053618790625,0.0,55.555555555555564,113.88888888888891,513.383574029,1023.33028823
11994,12061,0,0,0,1,1194.4444444444446,0.06994790697674419,0.32952302325581395,0.7904820930232559,2.77777777778,0.0,8.306494832611111,1.3055446784247464,0.0,5.555555555555556,0.0,1500.0,3000.0
12008,12075,0,1,2,0,4775.0,0.09137556719022688,0.22307102966841186,0.8914248400232694,94.4444444444,1.2371601789787148,5.008581958833333,1.2197711868593413,0.0,5.555555555555556,108.33333333333334,1500.0,1283.45651607
12015,12082,0,0,0,0,3725.0,0.09212774049217003,0.15673944817300522,0.8537472035794184,5.55555555556,1.6726346925333477,4.634827018361111,0.9672604429127742,60.0,2.777777777777778,27.777777777777782,1500.0,3000.0
12021,12088,1,11,0,2,31891.666666666668,0.09447692709694278,0.3367263827192753,0.8226670499085446,25.0,0.2719277598378581,25.68905263666667,1.6939933741932114,428.514285714,47.22222222222223,269.4444444444445,1500.0,1339.83709831
12022,12089,0,1,0,0,5019.444444444445,0.06737078029883785,0.21931732152739347,0.8420952960708356,0.0,0.006525827279525564,4.71036205725,1.7921149126805132,0.0,27.777777777777782,16.666666666666668,1500.0,1665.29565666
12036,12103,0,1,0,0,97.22222222222223,0.12954571428571426,0.025759999999999998,0.9613599999999999,0.0,0.0,0.0,1.6765309642820885,0.0,5.555555555555556,0.0,1500.0,3000.0
12048,12115,0,0,0,0,2752.777777777778,0.08126579212916246,0.2355367305751766,0.8913344096871847,11.1111111111,0.0,8.249108943833333,1.5029045168151298,0.0,2.777777777777778,100.0,1500.0,839.07144772
12052,12119,3,6,0,0,28047.222222222226,0.12805425373873427,0.37188347033772406,0.8688910765573933,36.1111111111,0.0,4.952097691472222,1.8486871187009797,78.5833333333,102.77777777777779,75.0,226.604812438,1021.42442147
12065,12132,1,0,0,0,3991.666666666667,0.09616750173973557,0.30692922755741125,0.88147167710508,5.55555555556,0.08842666666540835,16.00129262719445,1.6553842714368106,100.0,11.111111111111112,219.44444444444449,1500.0,1336.68968853
12077,12146,0,0,0,0,427.7777777777778,0.13301428571428572,0.3375935064935065,0.7989707792207792,0.0,1.9659944936623464,3.1401652766944443,0.6931471805599453,0.0,2.777777777777778,8.333333333333334,1500.0,3000.0
12078,12147,1,6,0,0,14227.777777777781,0.12289652479500195,0.39884935572042174,0.8744325458805154,5.55555555556,0.5070608823011676,2.098091341775,1.8562039873095146,169.789473684,102.77777777777779,16.666666666666668,1000.96463062,514.02876875
12080,12149,0,0,0,0,1222.2222222222224,0.058820000000000004,0.2715990909090909,0.8647386363636363,0.0,0.0,6.280955561361111,1.3208883431493221,0.0,13.888888888888891,138.8888888888889,1500.0,682.55936879
12093,12162,1,1,0,1,8038.8888888888905,0.1445861782999309,0.28700359364201794,0.8676956461644781,0.0,0.0,8.503908913666669,1.8261462095521594,133.333333333,47.22222222222223,8.333333333333334,43.2630585034,311.01768447
12098,12167,0,0,1,0,1252.777777777778,0.062010864745011086,0.25099334811529933,0.8693082039911308,16.6666666667,0.0,10.031585987416667,0.0,0.0,0.0,150.0,1500.0,3000.0
12101,12170,3,1,0,0,16213.88888888889,0.10582120952544115,0.2254978070926846,0.866861778310776,19.4444444444,0.0,0.0,1.4764648109449945,45.6666666667,25.0,200.0,604.464903133,419.67044604
12103,12172,1,2,0,0,21722.222222222223,0.15993859335038363,0.3179367135549872,0.8708781202046035,19.4444444444,1.6998575643007265,4.420912764916666,1.7370715517454116,47.0,130.55555555555557,97.22222222222223,1500.0,1128.16607793
12106,12175,0,0,0,0,2041.6666666666667,0.09816122448979592,0.26664462585034016,0.837214693877551,0.0,0.2159883208190252,4.900327913416667,1.5801430513827013,0.0,2.777777777777778,33.333333333333336,693.37502381,1268.08400851
12111,12180,1,2,0,0,15713.88888888889,0.12774997348417888,0.34962541983383416,0.8488726003181898,13.888888888899999,0.3842892268549216,3.6547699836388894,1.9057036438930461,0.0,44.44444444444445,166.66666666666669,681.757381567,1699.68677094
12112,12181,0,0,1,0,416.6666666666667,0.06809733333333334,0.24986666666666665,0.871888,5.55555555556,0.0,1.3264341048833335,1.367737782559077,0.0,8.333333333333334,0.0,1416.63230906,1023.6526609
12114,12183,6,3,1,0,45988.8888888889,0.10723926069098816,0.26890234356124665,0.858878750906016,38.8888888889,0.0,5.428891510972223,1.902529134419478,266.44,63.88888888888889,105.55555555555556,879.832749947,1037.86378672
12122,12191,0,0,0,0,5069.444444444445,0.08963243835616437,0.18969035616438357,0.8365385753424658,11.1111111111,0.0,8.587072733305556,1.6653960396702177,0.0,8.333333333333334,25.0,1500.0,2143.16057117
12142,12211,0,4,1,2,4236.111111111112,0.07776937704918033,0.22261672131147542,0.8451097704918034,11.1111111111,0.9458021655631452,2.703078338502778,1.5538843584684239,0.0,22.222222222222225,52.77777777777778,1500.0,3000.0
12143,12212,0,0,0,0,402.7777777777778,0.12290206896551722,0.3377131034482759,0.87756,0.0,1.7495699799590716,4.064792245666667,1.0397207708399179,0.0,0.0,16.666666666666668,338.678386012,3000.0
12144,12213,0,7,0,0,15250.0,0.10947555555555556,0.2796798178506375,0.8516677049180328,11.1111111111,0.17432474588697927,6.7224913112777775,1.9876744686006658,302.363636364,75.0,36.111111111111114,1500.0,1763.04238296
12145,12214,0,0,0,0,2772.2222222222226,0.05836723446893788,0.18645781563126254,0.8544178356713427,2.77777777778,0.0,10.690545825666668,1.5999714209268678,0.0,8.333333333333334,25.0,1500.0,3000.0
12151,12220,1,0,0,1,4350.0,0.07215242656449554,0.20732183908045976,0.8731749042145595,5.55555555556,1.7511160899752278,5.800751362027778,1.666875697430838,0.0,0.0,50.0,273.613819253,3000.0
12163,12232,0,2,0,2,10655.555555555557,0.09233443691345151,0.29630138164754954,0.8301744004171011,5.55555555556,0.8259367542899454,13.778403059472224,1.8580288737472763,0.0,44.44444444444445,41.66666666666667,1500.0,1177.81433112
12164,12233,0,0,0,0,6905.555555555557,0.13515462590506838,0.24713704746580853,0.855237610619469,16.6666666667,0.0,9.0151999195,1.7548416164095446,0.0,77.77777777777779,122.22222222222224,1500.0,1144.41487796
12165,12234,1,7,4,0,14252.777777777781,0.128982186708244,0.24360643149483532,0.8200795361527967,22.2222222222,0.0,3.841993933666667,1.6376772259119825,112.0,38.88888888888889,605.5555555555557,1500.0,476.78935818
12167,12236,0,0,0,0,6822.222222222223,0.07402455211726384,0.21570378664495116,0.8458541530944627,13.888888888899999,0.0,1.8194568744027777,1.2466159412625206,129.0,19.444444444444446,47.22222222222223,1500.0,3000.0
12182,12251,1,2,0,1,463.88888888888897,0.048576047904191615,0.1562047904191617,0.8322239520958085,0.0,0.0,4.083705464972223,0.6365141682948128,0.0,2.777777777777778,2.777777777777778,1500.0,3000.0
12191,12260,0,0,1,0,5175.0,0.08810118089103595,0.15733349436392915,0.8334267847557703,2.77777777778,0.0,7.662727415555557,1.325376352436907,0.0,0.0,8.333333333333334,1500.0,551.02202258
12196,12265,0,0,0,0,769.4444444444445,0.06715342960288809,0.1470418772563177,0.8730086642599277,0.0,0.0,7.7944844512777784,1.15374194270109,0.0,2.777777777777778,8.333333333333334,1500.0,3000.0
12199,12268,3,3,0,0,4775.0,0.1072783013379872,0.361464572425829,0.874134845840605,11.1111111111,0.0,0.8257146825638889,1.8223567700460401,54.0,5.555555555555556,305.5555555555556,971.592582127,1278.31512115
12200,12269,0,4,0,0,12402.77777777778,0.15555986562150056,0.5422392385218365,0.881377267637178,19.4444444444,1.6756972413645712,5.438437813277777,1.8416209151746539,250.0,36.111111111111114,80.55555555555556,808.182706822,1532.46011092
12202,12271,0,1,4,0,486.11111111111114,0.020492,0.2583594285714286,0.8840828571428571,0.0,0.47668532294049953,9.277118543166669,1.6731183626432509,0.0,5.555555555555556,5.555555555555556,1222.50536209,2870.4434842
12203,12272,1,5,3,3,42655.55555555556,0.09589466006772596,0.34637217374316226,0.8648742966918469,13.888888888899999,1.600525713579667,13.340259126722223,1.8737811037047376,381.458333333,97.22222222222223,44.44444444444445,1500.0,374.99368746
12206,12275,0,3,25,3,9855.555555555557,0.09198881059751973,0.2172314825253664,0.8542644870349493,2.77777777778,0.012060105532904963,19.945606443361115,1.5756845865220086,372.75,25.0,94.44444444444446,1500.0,3000.0
12221,12290,1,8,0,3,28752.77777777778,0.11993358129649308,0.2682336779055164,0.8743379093807361,19.4444444444,0.0,10.4131000475,1.8130206924580414,103.666666667,33.333333333333336,44.44444444444445,745.355887137,772.51945256
12223,12292,0,2,0,0,14202.777777777781,0.1019570702131821,0.3081042245257188,0.816012399765304,25.0,0.6186782018831876,8.807933577027777,1.7968113889176647,73.5,16.666666666666668,25.0,1500.0,1099.62227654
12236,12305,0,0,0,0,2413.888888888889,0.057033371691599534,0.18497710011507482,0.8087917146144995,0.0,0.0,0.7170155856833332,1.1490596969706202,0.0,2.777777777777778,5.555555555555556,1500.0,2802.84836284
12243,12312,3,14,3,3,20244.44444444445,0.16043061196487376,0.4161114983534578,0.875120485729967,11.1111111111,1.6711619361281975,5.790765878111111,1.9748379645732128,187.625,83.33333333333334,363.8888888888889,545.890961736,269.48277179
12248,12317,4,3,0,0,16355.555555555557,0.08430016983695653,0.21924770720108694,0.872749949048913,11.1111111111,0.0,10.910241133972225,1.5013477585939634,0.0,13.888888888888891,47.22222222222223,625.675882168,506.50226613
12257,12326,1,0,0,0,563.888888888889,0.08436206896551723,0.207448275862069,0.7876768472906405,0.0,0.0,0.0,0.0,0.0,2.777777777777778,0.0,1500.0,3000.0
12270,12340,0,2,0,0,6136.111111111112,0.07729470348574015,0.2705582616568583,0.8367601177003169,5.55555555556,1.8241472568917139,15.407500358472223,1.6992587253575824,373.0,8.333333333333334,19.444444444444446,1500.0,3000.0
12275,12345,0,0,0,0,5716.666666666667,0.08566720116618076,0.31883639455782314,0.8588083090379008,16.6666666667,0.0,11.740384511388891,1.6949383855988671,0.0,8.333333333333334,144.44444444444446,1500.0,3000.0
12276,12346,0,3,0,1,9441.666666666668,0.14499317446307738,0.29019358634892617,0.8769405707561048,5.55555555556,0.6437047053607555,0.7881868633194445,1.6741980944548027,792.5,13.888888888888891,66.66666666666667,1388.99267307,1584.46836175
12277,12347,0,1,0,0,7341.666666666667,0.08687797956867196,0.297355845629966,0.8494250851305334,5.55555555556,1.285590018790676,2.363252067769445,1.6915520682562462,44.0,2.777777777777778,36.111111111111114,1401.16976698,2868.42291926
12299,12369,0,2,0,1,5275.0,0.07199652448657187,0.18904934175882043,0.8698583991574513,11.1111111111,0.0,12.922092529805557,1.6178150193793268,30.0,5.555555555555556,44.44444444444445,1500.0,3000.0
12305,12375,0,0,0,0,2086.1111111111113,0.09590479360852197,0.31941731025299597,0.8701992010652463,0.0,2.4206557569086042,4.2626634466111115,0.9368883075390159,0.0,8.333333333333334,94.44444444444446,1500.0,2085.49546735
12312,12382,1,1,1,0,21497.222222222223,0.18121261144850753,0.2731266571908515,0.8907304302881509,5.55555555556,0.835872462956128,7.415956144000001,1.5367224694372192,0.0,55.555555555555564,5.555555555555556,242.254074359,1888.72595189
12320,12390,0,0,0,0,1600.0,0.06300329861111112,0.1683220486111111,0.8321862847222222,5.55555555556,0.10291189034431311,7.4650897163888885,1.3143738430069454,0.0,5.555555555555556,5.555555555555556,1500.0,3000.0
12327,12397,3,4,1,3,20138.88888888889,0.18469161379310345,0.2766242068965517,0.8779580827586208,2.77777777778,0.08645973872329511,7.742745645444445,1.8898737644390884,72.75,125.0,111.11111111111113,370.645635148,257.57144217
12329,12399,0,3,1,0,7636.111111111112,0.15213059294288833,0.2955531465987632,0.890719206984358,25.0,1.0686785368902192,6.62486821038889,0.2510651353209419,98.0,13.888888888888891,127.77777777777779,241.88023754,1173.7930087
12337,12407,0,1,0,0,7794.444444444445,0.07906172487526728,0.17427836778332145,0.8267588382038489,2.77777777778,0.0,6.779687441222222,1.493748788425629,84.0,0.0,11.111111111111112,1500.0,1138.36392395
12355,12425,1,0,0,0,1102.777777777778,0.06656372795969773,0.2876093198992443,0.8823297229219144,0.0,0.0,8.41827927063889,0.0,0.0,0.0,11.111111111111112,1500.0,3000.0
12358,12428,0,0,0,0,14630.555555555557,0.07775811657490032,0.26654638314030754,0.8357554205430036,13.888888888899999,0.0,5.788734508416668,1.1733471983911286,0.0,2.777777777777778,16.666666666666668,828.922600764,1404.51519315
12367,12437,1,0,0,0,650.0,0.02910598290598291,0.15394230769230768,0.8706602564102564,0.0,0.0,0.8733212575472225,0.0,0.0,0.0,0.0,1500.0,3000.0
12369,12439,0,0,0,0,3713.888888888889,0.07531645474943904,0.2545500373971578,0.8432320867614062,19.4444444444,0.018961042766390056,3.19459421025,1.5596956506091217,0.0,16.666666666666668,122.22222222222224,1500.0,1875.7302243
12374,12444,1,1,0,0,30080.555555555562,0.20612975343983747,0.4526180810785853,0.8994130205928526,16.6666666667,0.0,1.1139553379972225,1.8388244477127755,0.0,69.44444444444446,36.111111111111114,528.868669252,1340.70494696
12377,12447,0,4,0,2,3488.888888888889,0.11082420382165604,0.2872420382165605,0.8689095541401274,2.77777777778,1.8989298681460332,0.15574392296222223,1.2464635767183827,0.0,2.777777777777778,100.0,930.923707661,1595.55326571
12378,12448,0,3,0,1,5627.777777777778,0.0789928923988154,0.22754531095755182,0.8379347976307996,0.0,2.0818740052049187,2.3082327757083334,1.092708709368955,112.0,13.888888888888891,88.8888888888889,1500.0,3000.0
12380,12450,4,18,2,7,61294.44444444445,0.16978557056104415,0.39947397353394365,0.8934606906553068,25.0,0.22947388111938954,14.513696505111115,1.808316786157438,472.608695652,302.7777777777778,213.8888888888889,365.618368107,183.07078356
12386,12456,0,5,1,1,15130.555555555557,0.15293431246557737,0.29743860840829817,0.9008689553882872,5.55555555556,1.5886528812573155,2.707648218708334,1.7772978703338804,0.0,27.777777777777782,94.44444444444446,379.721031634,1136.43573232
12388,12458,3,1,0,0,4566.666666666667,0.08105085158150852,0.19642019464720195,0.8653678832116788,2.77777777778,0.0,4.76413645463889,1.5999714209268676,0.0,0.0,63.88888888888889,1500.0,1083.99157635
12389,12459,0,0,0,0,97.22222222222223,0.06428571428571428,0.30714285714285716,0.9028942857142856,0.0,0.0,5.146224992361112,0.0,0.0,0.0,5.555555555555556,1065.77257869,2241.67502404
12394,12464,1,4,3,1,26422.222222222223,0.11223784693019342,0.3815666631623213,0.8746463414634147,5.55555555556,0.0,16.11071472277778,2.0157566244881187,105.8,272.22222222222223,80.55555555555556,1500.0,496.71884696
12397,12467,1,2,0,0,7311.111111111112,0.21244642857142856,0.4087828267477204,0.8782447188449849,0.0,2.067582774889375,0.0,1.8979404902547294,0.0,38.88888888888889,19.444444444444446,709.522929704,978.33088404
12402,12472,2,11,1,0,11313.88888888889,0.1400085686226369,0.3331158114411981,0.8648124478271545,11.1111111111,0.0891149999987748,3.937574606083334,2.065107676039896,112.275862069,202.7777777777778,363.8888888888889,148.063103424,617.52395619
12405,12475,0,1,0,0,216.66666666666669,0.08003076923076922,0.2183974358974359,0.8055884615384615,0.0,0.0,4.537553858194444,0.0,0.0,0.0,0.0,1500.0,3000.0
12408,12478,0,1,0,0,1486.1111111111113,0.10724859813084112,0.2325792523364486,0.8765981308411215,5.55555555556,0.27419917861405046,0.0,1.6304325826288886,216.333333333,16.666666666666668,33.333333333333336,1253.82054607,1507.82230801
12418,12488,0,2,1,0,11897.222222222224,0.17435797338314266,0.297358627130516,0.885962059304226,2.77777777778,0.5773374541642733,3.2062030894722224,1.8090379611937768,0.0,22.222222222222225,58.333333333333336,1180.37748069,428.16235254
12428,12498,2,4,0,0,11975.0,0.15444541869635817,0.34414565066109953,0.8365793087450707,11.1111111111,0.80657600053921,2.4054108259916664,1.506485394636054,111.333333333,38.88888888888889,2.777777777777778,1500.0,3000.0
12442,12512,0,0,0,0,1272.2222222222224,0.04066877729257642,0.13363122270742359,0.8874578602620087,2.77777777778,0.0,5.8694353720277785,1.559581156259877,0.0,0.0,0.0,1500.0,3000.0
12447,12517,0,0,0,0,1591.6666666666667,0.11594205933682372,0.2549006980802792,0.871840837696335,2.77777777778,1.9989946054658518,7.245124149777779,0.8981370031878679,0.0,0.0,69.44444444444446,1500.0,3000.0
12505,12575,0,1,0,0,994.4444444444446,0.09888798882681564,0.3460259776536313,0.9066589385474861,5.55555555556,0.0,3.9466639638611114,1.0579054247036734,0.0,2.777777777777778,36.111111111111114,1500.0,3000.0
12508,12578,7,21,0,5,45680.55555555556,0.1437519793250228,0.40108965034965033,0.8707106354515051,25.0,0.2710975714616854,4.351837553999999,2.0551260348157605,153.2,269.4444444444445,158.33333333333334,423.91130083,199.53462583
12516,12586,2,7,1,1,9133.333333333334,0.14036146593673968,0.18842791970802922,0.842234793187348,13.888888888899999,0.0,5.769336913111112,1.783559081263097,0.0,72.22222222222223,22.222222222222225,1107.32374336,806.26935599
12518,12588,0,0,0,0,1900.0,0.04699970760233917,0.1458331871345029,0.8426364035087719,0.0,0.0,0.6629597908388889,1.2650013752730702,0.0,0.0,5.555555555555556,1500.0,3000.0
12520,12590,0,0,0,1,10594.444444444445,0.08140684320922915,0.2883153382275826,0.818248479286838,8.33333333333,1.8185866775853468,7.380195402694446,1.9620633053767405,188.0,36.111111111111114,36.111111111111114,1500.0,3000.0
12523,12593,0,4,0,0,11338.88888888889,0.08780578147966683,0.19459811366976973,0.8311594806467418,11.1111111111,1.6877282800528053,17.638604221972223,1.6277482281490587,49.3333333333,2.777777777777778,94.44444444444446,1500.0,1189.47117716
12543,12613,4,12,22,0,51611.11111111112,0.20217070505920345,0.5348099085037674,0.881634483315393,38.8888888889,0.5823757227898047,9.833720944638888,2.068316826229328,427.181818182,313.8888888888889,380.5555555555556,469.494189829,643.00867913
12559,12629,1,9,2,0,38966.66666666667,0.18431419304248645,0.4147599871685201,0.8679872326775022,16.6666666667,1.682288805810999,4.888341263527778,1.7901500550181477,171.25,238.8888888888889,377.7777777777778,333.985457833,635.71012182
12564,12634,0,1,0,1,10316.666666666668,0.19820915455035004,0.30218282175551964,0.878702154011847,0.0,1.4069041087311653,0.0,1.7076400116419086,0.0,5.555555555555556,33.333333333333336,683.981653344,2101.68023331
12573,12643,0,1,2,0,3997.2222222222226,0.08254093120222376,0.2531027102154274,0.8449838776928423,5.55555555556,0.0,13.23693672075,1.61595822811759,452.0,5.555555555555556,111.11111111111113,1314.40699457,1006.0174875
12574,12644,27,63,3,8,8944.444444444445,0.13125077639751553,0.28148453416149066,0.8913618322981367,13.888888888899999,0.8891002039408863,4.302660326666667,1.7907216122471463,0.0,22.222222222222225,63.88888888888889,716.075784831,1151.24165658
12576,12646,0,1,0,0,8144.444444444445,0.11842418144611186,0.34470501364256484,0.8512544679399727,5.55555555556,1.4786537898860985,0.0,1.8291972918993296,0.0,16.666666666666668,16.666666666666668,199.536406363,457.12006609
12577,12647,1,3,2,0,20491.666666666668,0.11447841941168496,0.3833877863630202,0.8631356513487868,25.0,0.2683621237962571,8.82793514388889,1.7027355584967212,147.0,16.666666666666668,133.33333333333334,573.415872635,2570.68998669
12581,12651,4,13,2,1,57636.111111111124,0.12461179333943805,0.2913145163622343,0.8558310328208588,50.0,1.674460456944476,3.2709720296111113,2.013628624066653,464.857142857,141.66666666666669,133.33333333333334,478.852452231,489.94324034
12583,12653,0,0,0,0,1255.5555555555557,0.05959092920353982,0.26994048672566373,0.8322216814159292,0.0,0.0,3.4318272687777784,1.0986122886681096,0.0,0.0,2.777777777777778,1500.0,3000.0
12587,12657,5,2,0,0,28350.0,0.12200643738977071,0.29688704683519496,0.8730781403096218,44.4444444444,0.0,4.164423662027779,2.0242669911855247,365.090909091,69.44444444444446,22.222222222222225,738.835210502,2029.72471163
12588,12658,0,0,7,0,2169.444444444445,0.10569603072983354,0.1944325224071703,0.8953048655569783,16.6666666667,0.0,1.8292265943583335,1.6699689327825267,61.5,2.777777777777778,30.55555555555556,537.092268455,2229.4559233
12590,12660,0,1,0,0,1908.3333333333335,0.07897190684133916,0.13530291120815138,0.8538901018922852,0.0,0.0,3.515501170916667,0.9502705392332347,0.0,2.777777777777778,5.555555555555556,1282.47730559,3000.0
12591,12661,0,0,0,0,66.66666666666667,0.0694375,0.26918749999999997,0.8214375,0.0,0.0,1.1664973299027779,0.0,0.0,0.0,0.0,1500.0,3000.0
12595,12666,14,15,13,3,28325.0,0.1391546435226047,0.30970295184858293,0.8853168382857703,36.1111111111,1.2773198697093688,4.339782072416668,1.9588381999747713,151.090909091,219.44444444444449,577.7777777777778,299.99157973,216.32342873
12597,12668,1,3,0,1,12108.333333333334,0.09367164487267722,0.3183899977058959,0.8375319109887588,2.77777777778,0.7517198204487328,5.417797290416667,1.422617451508631,973.5,19.444444444444446,44.44444444444445,1500.0,1160.29455892
12599,12670,0,0,1,1,8202.77777777778,0.11934690145614629,0.28830369116153065,0.8587682695563834,2.77777777778,0.31279378155889404,1.2125282663749999,1.233064834746404,0.0,13.888888888888891,66.66666666666667,1500.0,937.6269396
12604,12675,0,0,0,0,1019.4444444444446,0.11818855585831063,0.24180626702997277,0.8953850136239782,5.55555555556,1.9068241421129162,9.259250015694446,1.5925297441537059,0.0,8.333333333333334,83.33333333333334,1500.0,2684.20711507
12617,12688,1,1,0,0,8702.77777777778,0.10400807532716247,0.21291717203957866,0.843702298116821,8.33333333333,1.9249569536498568,4.799871967750001,1.6299011134723573,0.0,30.55555555555556,25.0,1500.0,1329.53922721
12619,12690,1,2,1,0,18911.111111111113,0.08248830787309049,0.271488866039953,0.8424875881316098,16.6666666667,0.8177942589075126,2.9415574155833335,1.7679583260583431,0.0,30.55555555555556,144.44444444444446,1359.11214952,1497.16148198
12623,12694,0,0,0,0,3300.0,0.14709427609427608,0.22117651515151515,0.8904802188552189,0.0,0.0,0.0,0.8675632284814612,0.0,5.555555555555556,25.0,1207.79552183,1049.26830013
12630,12701,0,1,0,0,1511.1111111111113,0.10625863970588234,0.34074044117647057,0.8201038602941176,0.0,1.7280075509833743,2.5479341533972226,1.6849243827207228,51.0,2.777777777777778,5.555555555555556,1447.20061397,1800.01800796
12647,12718,1,6,3,4,6094.444444444445,0.10363163172288058,0.2635592525068368,0.8386124886052871,61.111111111099994,0.0,12.526704375583334,0.991496920305478,58.375,25.0,416.6666666666667,1500.0,666.06789464
12651,12722,0,2,3,1,6486.111111111112,0.07898591006423983,0.20597665952890792,0.8564468094218416,16.6666666667,0.24756753425979972,5.064365068611111,1.9202494372909067,62.0,27.777777777777782,38.88888888888889,1500.0,3000.0
12659,12730,0,1,0,0,4877.777777777778,0.07127824601366742,0.2726233485193622,0.8440407744874716,2.77777777778,1.8198041329160866,6.079341333027779,1.6131781846461428,0.0,11.111111111111112,127.77777777777779,1500.0,2519.93549052
12665,12736,0,5,0,0,11952.77777777778,0.155061166627934,0.31492421566349055,0.8897927724843132,8.33333333333,0.7712064909263704,5.479705000916667,0.23469709270394576,54.3333333333,16.666666666666668,161.11111111111111,386.692637446,630.94066227
12666,12737,1,7,6,6,22444.44444444445,0.1306985396039604,0.3118849876237624,0.8527329455445545,11.1111111111,0.5770282979374172,7.0332652915833345,1.9244995862546475,393.432432432,66.66666666666667,202.7777777777778,614.029191916,604.53647679
12705,12776,0,0,0,0,4108.333333333334,0.06357748478701825,0.19406544962812713,0.8581536849222448,0.0,0.0,9.81182447161111,1.1137712633489112,0.0,2.777777777777778,30.55555555555556,1500.0,3000.0
12709,12780,0,4,3,6,1436.1111111111113,0.11917214700193424,0.172915667311412,0.8534705996131529,0.0,1.7325125476030023,3.9545075326666663,1.5740193824077746,0.0,25.0,33.333333333333336,1500.0,230.73835804
12724,12795,0,1,0,2,6900.0,0.14753909017713365,0.29428896940418675,0.8914487520128825,5.55555555556,1.6726758654752585,4.211962018722223,0.6162247540881555,101.0,33.333333333333336,194.44444444444446,509.311169218,537.06289421
12726,12797,1,4,0,0,8244.444444444445,0.0843898921832884,0.26537041778975745,0.8630590296495957,8.33333333333,1.4514309979798599,9.845641462111113,1.7408292190743095,125.0,22.222222222222225,122.22222222222224,1500.0,1245.99606731
12732,12803,0,0,0,0,4452.777777777778,0.15171397379912663,0.31665333749220215,0.8864504678727386,2.77777777778,0.0,2.1143521152555556,1.2919060073446698,0.0,8.333333333333334,22.222222222222225,1409.27482785,3000.0
12740,12811,1,2,0,0,28969.44444444445,0.1339513280276153,0.29064752133473964,0.8987874484610221,19.4444444444,0.11994223634771856,8.348783299472222,1.5576488262180208,108.0,33.333333333333336,44.44444444444445,363.902087786,1593.59758115
12742,12813,6,6,2,2,26933.333333333336,0.09098365305280529,0.29062977516501654,0.8649494946369638,33.333333333300004,1.682147788065356,5.406584656416666,1.825738060014717,95.25,33.333333333333336,247.22222222222226,1500.0,417.08238052
12743,12814,8,7,14,2,20727.77777777778,0.11959178504422407,0.2998644331278478,0.8590458590190297,2.77777777778,1.9192798941832607,12.61987771827778,1.8717042929625498,80.8490566038,100.0,63.88888888888889,577.806489042,191.96519347
12746,12817,0,1,2,0,1963.8888888888891,0.10547934936350777,0.2496086280056577,0.8469253182461104,5.55555555556,1.8185545051912673,3.862962387055556,1.1654713978060698,0.0,5.555555555555556,66.66666666666667,1500.0,2095.48607033
12753,12824,1,1,0,1,10697.222222222224,0.12278044663723708,0.2759891716437289,0.8673518047260452,16.6666666667,1.7178878743348842,6.77116992225,1.918310449789858,46.0,19.444444444444446,136.11111111111111,826.230674504,1633.32668356
12757,12828,0,2,2,0,15483.333333333334,0.08867285611768927,0.2048874775744528,0.8451230355220667,36.1111111111,1.7474105331733392,3.140530745305556,1.8735132681302114,323.416666667,25.0,158.33333333333334,1266.49296226,1776.21995983
12761,12832,0,4,1,2,23947.222222222223,0.09177583806982947,0.22882642384874144,0.8583460271430228,30.555555555599998,0.0,15.216610442972224,2.005323993549547,417.333333333,127.77777777777779,91.66666666666667,666.505533109,3000.0
12775,12846,1,2,0,0,27758.333333333336,0.11676504553187232,0.4547528870209146,0.8640350945661963,27.777777777799997,1.7896334241995742,6.420861783583333,1.5560036190691864,714.666666667,33.333333333333336,211.11111111111111,656.684483345,883.83404825
12777,12848,0,2,0,0,2919.444444444445,0.09403549000951475,0.25024043767840154,0.9006550903901046,5.55555555556,0.2625252158369558,0.0,0.0,0.0,5.555555555555556,27.777777777777782,1500.0,1398.44992983
12779,12850,0,0,0,0,552.7777777777778,0.08226231155778894,0.26235628140703515,0.8254778894472362,0.0,0.0,2.9879873305833335,0.0,0.0,0.0,0.0,1500.0,2618.8055307
12794,12867,0,0,0,0,683.3333333333334,0.10761219512195122,0.30059024390243905,0.8123170731707318,0.0,0.0,1.7241411230361114,0.0,0.0,0.0,2.777777777777778,1500.0,3000.0
12826,12899,3,0,0,0,4816.666666666667,0.07676758938869666,0.254539907727797,0.8664203575547866,0.0,0.0,4.625437296916667,1.8672996580603005,0.0,5.555555555555556,33.333333333333336,1500.0,3000.0
12827,12900,6,5,9,3,4508.333333333334,0.09213684534812075,0.3798609981515712,0.8860874922982132,5.55555555556,1.416924849452282,1.740218888886111,1.7029084336832683,0.0,19.444444444444446,347.22222222222223,826.32065577,1654.00796084
12837,12910,0,0,0,0,10569.444444444445,0.13174601839684627,0.3526637582128778,0.8752985282522997,0.0,0.22864538686858146,0.6342395185833334,1.114578868945448,0.0,61.11111111111112,122.22222222222224,1500.0,1410.56574333
12847,12920,1,1,0,0,1927.777777777778,0.06871440922190201,0.2636629682997118,0.8755406340057637,0.0,0.0,0.5143197454305556,1.8648755755393822,0.0,13.888888888888891,55.555555555555564,1500.0,222.34717317
12865,12938,1,1,0,0,13941.666666666668,0.2030798366208408,0.24608155010958357,0.9168450488145049,2.77777777778,0.28343573405154004,1.7780250110638893,1.5604873533825585,0.0,38.88888888888889,8.333333333333334,1500.0,1815.69600147
12867,12940,0,2,0,0,7786.111111111112,0.08638144844809133,0.34796179093828045,0.8300509097395647,11.1111111111,1.8340234536057787,5.173940821527778,1.2475774019093806,64.0,16.666666666666668,75.0,512.529317551,637.46342233
12872,12945,0,0,0,0,5988.88888888889,0.12257690166975882,0.19118237476808908,0.8311563079777365,13.888888888899999,0.0,13.29416452313889,1.5903874210149849,207.5,13.888888888888891,158.33333333333334,1500.0,3000.0
12880,12953,0,5,1,0,10686.111111111111,0.14631070964387835,0.2867067065245646,0.8782864829737457,5.55555555556,0.6558670980527395,3.6546389836944444,1.746414109740035,0.0,27.777777777777782,55.555555555555564,1326.79530476,1312.27044819
12887,12960,0,0,0,0,1988.8888888888891,0.08732765363128492,0.2929378491620112,0.879468156424581,2.77777777778,0.0,9.925212023583333,0.9002560512685369,0.0,2.777777777777778,47.22222222222223,1500.0,3000.0
12895,12968,0,0,0,0,625.0,0.08950666666666666,0.17540000000000003,0.847504,0.0,0.0,4.26193475036111,0.0,0.0,0.0,5.555555555555556,1500.0,3000.0
12903,12976,2,4,0,1,7088.8888888888905,0.10354474921630094,0.41191034482758626,0.890275,13.888888888899999,1.8286297070916098,2.5890053906611112,1.7199400415194237,397.0,69.44444444444446,369.4444444444445,198.035342898,1067.295415
12909,12982,3,4,0,0,14361.111111111113,0.08369984526112186,0.28670636363636365,0.8577114313346228,16.6666666667,1.8092980706051656,5.332695992611111,1.9512293070261142,69.25,33.333333333333336,86.11111111111113,1500.0,2141.50819889
12915,12988,0,0,3,0,625.0,0.12871733333333335,0.2607022222222222,0.8105760000000001,0.0,0.0,0.0,0.0,0.0,2.777777777777778,0.0,820.829990213,1446.30333288
12918,12991,0,0,0,0,352.7777777777778,0.024338582677165356,0.37839527559055114,0.8720291338582676,0.0,1.9014245495018542,7.841027793861112,1.0114042647073516,0.0,0.0,25.0,1500.0,3000.0
12919,12992,1,1,0,0,3166.666666666667,0.07985526315789473,0.26300429824561405,0.8696021929824561,2.77777777778,0.0,5.6324486845,0.9949236325717751,0.0,0.0,113.88888888888891,1500.0,3000.0
12926,12999,3,6,0,2,34727.77777777778,0.10707637977923531,0.29005128779395295,0.8367145416733323,22.2222222222,1.482030830102257,13.415187464333334,1.8494523581329465,60.5,86.11111111111113,183.33333333333334,905.410249601,1023.64732207
12932,13005,4,7,0,0,14044.444444444447,0.1393746835443038,0.2830730814873418,0.8784869462025316,11.1111111111,0.0,8.62154866102778,1.747686683849874,52.2,333.33333333333337,272.22222222222223,1420.53975425,102.75445246
12938,13011,0,0,0,1,1802.777777777778,0.1804684129429892,0.31984175654853625,0.9209947611710323,0.0,0.23794555576547344,6.08812534738889,1.5268781472745927,0.0,22.222222222222225,5.555555555555556,396.578815843,702.11553071
12941,13014,5,7,0,3,67077.7777777778,0.14290084479045884,0.32105796339241344,0.9012249917177406,36.1111111111,0.0,8.994763932333333,1.1925398545520902,119.636363636,94.44444444444446,69.44444444444446,392.695877382,517.81493845
12954,13027,0,2,0,0,22313.88888888889,0.15051038217353416,0.3318176272874393,0.8682120129465953,2.77777777778,0.44055484247219817,4.651978926638889,1.85664278468191,52.4545454545,147.22222222222226,77.77777777777779,1500.0,598.22839418
12956,13029,10,5,0,0,25527.77777777778,0.11063578890097932,0.27069211099020674,0.8556809684439608,25.0,0.0,17.92985275891667,1.311785992090741,60.6222222222,63.88888888888889,255.55555555555557,1500.0,442.15813457
12962,13035,4,5,5,0,21297.222222222223,0.09543685926698839,0.21525948871788184,0.8650192643798096,8.33333333333,0.7446894717655032,4.802783461555555,1.400969352660607,68.5714285714,30.55555555555556,41.66666666666667,977.296974184,971.51287364
12964,13037,29,35,4,6,64077.77777777779,0.11899745101439223,0.2949520677995492,0.8799676261487775,83.3333333333,0.4335113694008602,2.447145199833334,1.9193287840971491,51.1666666667,100.0,402.7777777777778,852.725094917,994.29719828
12966,13039,0,0,0,0,672.2222222222223,0.057778512396694216,0.24077561983471074,0.7970148760330579,0.0,0.0,4.69558234413889,0.0,0.0,2.777777777777778,2.777777777777778,1353.21510233,3000.0
12970,13043,1,1,0,0,7163.8888888888905,0.0904009305932532,0.2627327258627375,0.8883125630089181,30.555555555599998,1.699835435200286,0.0,1.6422913858984356,0.0,16.666666666666668,483.33333333333337,518.153310787,853.05404802
12972,13045,0,0,0,0,3555.555555555556,0.082624765625,0.28787109375000003,0.821905546875,0.0,1.841303538663383,0.0,0.9649629230074277,0.0,0.0,8.333333333333334,1500.0,3000.0
12979,13052,0,1,0,1,1200.0,0.11351342592592592,0.28900671296296293,0.8618284722222223,0.0,0.0,2.7734057824694442,1.5041016923955193,84.0,27.777777777777782,108.33333333333334,1500.0,3000.0
12981,13054,2,3,0,1,32352.77777777778,0.11844569417017257,0.3667096677255946,0.8566096848973985,36.1111111111,0.0,7.910729586000001,1.8452514766070283,59.25,27.777777777777782,25.0,611.553621232,690.44959766
12989,13062,1,3,0,1,13469.444444444445,0.08481295112394308,0.25041829243142916,0.834229366879769,11.1111111111,0.0,6.74147875513889,1.8834467136369624,386.666666667,44.44444444444445,138.8888888888889,1500.0,3000.0
12992,13065,1,2,0,1,20166.666666666668,0.08121742424242424,0.23439650137741047,0.8392694352617079,19.4444444444,0.0,3.578765771555556,1.860025434239479,442.0,27.777777777777782,47.22222222222223,1500.0,3000.0
12993,13066,0,1,0,0,3755.555555555556,0.040088239644970415,0.3072809171597633,0.900966050295858,11.1111111111,0.0,0.3560684858277778,1.6715952780212542,0.0,19.444444444444446,2.777777777777778,1151.01861305,1595.47394454
12996,13069,2,15,38,10,38716.66666666667,0.16890810015784188,0.4282759291146506,0.8796414191419142,16.6666666667,0.13591642458810552,10.731989775500002,1.8737857956319994,167.857142857,166.66666666666669,152.7777777777778,292.014230401,140.67866632
12997,13070,1,0,0,0,4205.555555555556,0.10307760898282696,0.24578170409511227,0.8457847424042272,0.0,0.0,5.275803310333334,1.636517803788467,49.0,8.333333333333334,50.0,1500.0,3000.0
13000,13073,0,2,0,0,2369.444444444445,0.06530808909730364,0.17758780773739744,0.8163267291910902,0.0,0.0,3.6391941670277785,0.6931471805599453,0.0,5.555555555555556,0.0,1066.29551573,3000.0
13005,13078,0,0,0,0,2063.888888888889,0.05064885598923284,0.2537729475100942,0.8083979811574696,0.0,0.0,6.692890567138889,0.9404479886553263,0.0,2.777777777777778,2.777777777777778,740.580424232,1858.87440908
13006,13079,0,1,2,0,1769.4444444444446,0.0923458398744113,0.19716750392464677,0.8125494505494506,0.0,0.0,9.567734638305556,1.0433534269422904,0.0,5.555555555555556,2.777777777777778,1500.0,3000.0
13009,13082,2,2,0,0,14177.777777777781,0.06922362852664578,0.2748181622257053,0.8492852664576803,22.2222222222,0.0,14.310745707250002,1.5910959076989177,70.0,22.222222222222225,166.66666666666669,1500.0,1157.53161929
13025,13098,0,0,0,0,1741.6666666666667,0.06566012759170654,0.21735247208931419,0.846641148325359,13.888888888899999,1.1711669574056323,0.0,1.5247073930301436,230.333333333,22.222222222222225,0.0,1500.0,2553.83411692
13038,13111,1,0,0,0,872.2222222222223,0.1210420382165605,0.3231184713375796,0.9179232484076433,0.0,0.0,0.0,1.4577918345350258,0.0,13.888888888888891,5.555555555555556,1500.0,2327.4604399
13047,13120,0,0,0,0,588.888888888889,0.12691698113207547,0.19094858490566036,0.8732320754716981,0.0,0.0,6.120473774194444,0.6931471805599453,0.0,5.555555555555556,0.0,1500.0,1950.9639585
13061,13134,0,1,0,0,1786.1111111111113,0.10463110419906688,0.33512146189735614,0.9061192846034214,8.33333333333,1.813196884076155,5.967467070583334,0.787812772073006,0.0,11.111111111111112,133.33333333333334,1083.99035343,1422.31483953
13067,13140,2,2,1,0,6988.8888888888905,0.08556768680445151,0.22355492845786964,0.8609701112877584,5.55555555556,0.0,9.93889653938889,1.7517509243712324,0.0,25.0,141.66666666666669,1500.0,3000.0
13078,13151,2,1,1,0,4230.555555555556,0.10604629021667761,0.230267826657912,0.8640965856861458,5.55555555556,1.1302294831886888,0.7516206430388891,1.7015492615149008,0.0,27.777777777777782,141.66666666666669,285.999743238,671.66611086
13087,13160,0,0,1,0,12822.222222222224,0.10291995233968805,0.3953430025996534,0.8743142764298093,0.0,1.7560538807098207,4.563023545777778,1.6007471233794521,492.0,19.444444444444446,27.777777777777782,1500.0,525.26657573
13089,13162,0,0,0,0,600.0,0.07036342592592593,0.3718560185185185,0.8379374999999999,0.0,0.0,5.147953201305556,0.9950269901795212,0.0,13.888888888888891,116.66666666666667,1500.0,2512.52282404
13096,13169,0,1,0,0,11316.666666666668,0.1558372115856652,0.35295908198330883,0.8709016445753559,8.33333333333,0.46455797270654275,0.49035150705277786,2.0129614270689595,0.0,19.444444444444446,77.77777777777779,170.780488549,1812.63019033
13103,13176,0,1,0,0,19000.0,0.09341402046783626,0.28101480994152045,0.8396768274853802,11.1111111111,0.3240033501621115,7.590821600361111,1.6272069230498007,498.916666667,38.88888888888889,75.0,868.673110871,1399.35952365
13105,13178,0,1,0,0,4008.3333333333335,0.07957754677754678,0.22658981288981292,0.8474392238392239,0.0,0.3233449448163665,11.437251558750003,1.3564255575079847,0.0,8.333333333333334,19.444444444444446,1500.0,3000.0
13113,13186,0,1,0,0,7858.333333333334,0.1440737363025804,0.354989183457052,0.8277079886885825,2.77777777778,1.3642706029306237,0.1842611134127778,1.4013926466081228,0.0,11.111111111111112,44.44444444444445,1500.0,2283.50546934
13114,13187,0,0,0,0,269.4444444444445,0.03198762886597938,0.18518453608247423,0.8391979381443299,0.0,0.0,0.0,0.0,0.0,0.0,0.0,1500.0,2862.6949462
13121,13194,0,0,0,0,1425.0,0.0795251461988304,0.23403255360623781,0.8310298245614035,0.0,0.0,5.422175225250001,0.0,0.0,0.0,0.0,1500.0,3000.0
13157,13230,0,0,0,0,488.88888888888897,0.027363636363636364,0.2557573863636364,0.8428232954545455,0.0,0.6694965987404662,0.3460666421777778,1.2511559833636317,0.0,0.0,5.555555555555556,1500.0,3000.0
13166,13239,0,0,0,0,1477.777777777778,0.13193796992481205,0.2622077067669173,0.8097035714285714,0.0,0.0,6.173923859416667,1.704551445267297,0.0,11.111111111111112,5.555555555555556,1070.09140372,1187.12832441
13167,13240,0,0,0,0,1769.4444444444446,0.10300549450549451,0.28670361067503924,0.8561135007849293,0.0,1.3568042818919248,2.825671804972222,1.4030540122579973,0.0,0.0,136.11111111111111,1500.0,1481.64182358
13170,13243,5,8,5,3,50069.444444444445,0.14347691539528434,0.4733149292649098,0.8687150790568654,55.555555555599994,1.7131494765731257,3.09631024425,0.9107986667776559,476.333333333,113.88888888888891,502.7777777777778,420.274248965,1046.20547083
13187,13260,1,1,0,0,10427.77777777778,0.08714643047416089,0.20299397975492808,0.8664855354288759,50.0,0.0,15.970977357777778,1.6939848476805794,47.0,13.888888888888891,177.7777777777778,1500.0,1994.35542376
13192,13265,0,1,1,0,23050.0,0.08602429501084599,0.26144769824053987,0.8473156664256448,13.888888888899999,0.0,2.9225224690555556,1.8004288997676745,32.0,25.0,130.55555555555557,1500.0,2494.49931724
13203,13276,1,6,2,2,14211.111111111113,0.10273225175918688,0.25444188819390146,0.8449579945269741,8.33333333333,0.0,11.118294771777778,1.9846586737852088,284.230769231,75.0,97.22222222222223,1500.0,2675.86983229
13210,13283,13,4,2,0,13338.88888888889,0.10610953769262807,0.2829098708871304,0.8818535818408996,50.0,0.0,7.148597325527778,1.7351005138195241,95.0,11.111111111111112,213.8888888888889,568.593954607,1327.57041236
13230,13303,0,0,0,0,5141.666666666667,0.07056256077795786,0.27275418692598596,0.8452688276607239,8.33333333333,0.0,3.7593442191388884,0.9404479886553263,0.0,0.0,13.888888888888891,1500.0,3000.0
13235,13308,0,0,0,0,1352.777777777778,0.06995728952772075,0.40290616016427105,0.8797901437371664,8.33333333333,0.0,5.119598977750001,1.6779813896925748,0.0,11.111111111111112,41.66666666666667,1019.97909718,571.13656376
13241,13314,0,1,0,1,344.4444444444445,0.07746854838709677,0.2374790322580645,0.7903604838709677,0.0,1.058883033630959,5.491322582555556,1.0986122886681096,0.0,0.0,13.888888888888891,1500.0,3000.0
13246,13319,0,3,0,0,163.8888888888889,0.01694915254237288,0.2535186440677966,0.9148610169491525,0.0,1.6691652891572992,0.0,0.0,0.0,0.0,0.0,1500.0,1683.57043124
13263,13336,0,1,0,0,2533.3333333333335,0.14710372807017544,0.2679517543859649,0.9115888157894737,2.77777777778,0.06050442303149982,4.807890598944445,1.320888343149322,0.0,0.0,8.333333333333334,434.47272243,1251.70183869
13268,13341,0,0,0,0,1830.5555555555559,0.11614764795144158,0.2705617602427921,0.8755902883156298,0.0,2.028307617817254,3.0777195033333338,0.8576347830548221,70.0,5.555555555555556,63.88888888888889,898.813477606,1196.88140038
13279,13352,0,0,0,0,1405.5555555555557,0.06053379446640316,0.2676110671936759,0.838747233201581,2.77777777778,0.0,6.131031452361111,1.277034259466139,0.0,13.888888888888891,8.333333333333334,1500.0,1656.69492321
13287,13360,0,1,0,0,902.7777777777779,0.05377784615384615,0.1486483076923077,0.8054455384615384,0.0,0.0,7.170503937194446,0.0,0.0,5.555555555555556,11.111111111111112,1500.0,3000.0
13292,13366,4,2,2,0,19102.77777777778,0.13304171877272067,0.3183298240511851,0.892394474334739,22.2222222222,1.2106375878098727,4.664441596833334,1.5990433521211989,0.0,33.333333333333336,222.22222222222226,148.537407919,624.72131022
13293,13367,0,1,0,1,1416.6666666666667,0.11846588235294117,0.23500196078431373,0.8597460784313726,0.0,0.10293821133886523,3.3197712444444445,1.5626392566097436,272.0,27.777777777777782,5.555555555555556,857.282212212,409.64020265
13294,13368,0,0,0,0,2744.444444444445,0.07725374493927126,0.18781285425101216,0.85138987854251,25.0,1.6691435800765742,5.934896996527778,1.9743615753484667,93.0,11.111111111111112,102.77777777777779,1500.0,3000.0
13302,13376,4,6,2,3,26966.666666666668,0.15065448084054386,0.3864734651833539,0.8728001957148743,25.0,2.0753856331713503,6.449903513500001,1.9984749082679105,126.5,125.0,352.7777777777778,292.326775186,888.22341477
13303,13377,1,0,0,0,327.7777777777778,0.07961525423728814,0.608985593220339,0.9117627118644067,5.55555555556,0.0,7.397904266888889,1.0114042647073516,0.0,2.777777777777778,8.333333333333334,1500.0,3000.0
13315,13389,1,12,15,5,29655.555555555562,0.10475349381790934,0.27896517422255523,0.8463140408392656,22.2222222222,0.6819638772359903,12.760767409722222,1.9771826426558117,526.547486034,150.0,66.66666666666667,1500.0,1755.44521091
13328,13402,0,0,0,0,736.1111111111112,0.054772452830188674,0.3173120754716981,0.8374162264150944,0.0,1.744213545852234,2.7507433045750003,1.506883348864113,0.0,13.888888888888891,2.777777777777778,34.0419138817,3000.0
13331,13405,3,7,3,19,68563.88888888889,0.15247540412429608,0.3149350970303448,0.8962496414536321,44.4444444444,2.0726496901870832,6.8961380531111125,1.9784519214574345,72.9090909091,133.33333333333334,141.66666666666669,201.796477794,824.8412857
13337,13411,0,0,0,2,1011.1111111111113,0.06309230769230768,0.22170219780219783,0.8233409340659341,0.0,0.0,2.0805536020611113,0.0,0.0,2.777777777777778,0.0,1500.0,3000.0
13342,13416,4,7,0,1,23775.0,0.12163581025820773,0.2741745180511742,0.8555480663628929,50.0,0.06092393495745902,2.342974566905556,1.9622277432834216,524.25,77.77777777777779,44.44444444444445,1278.5441341,2452.44551604
13349,13423,3,1,2,0,18752.77777777778,0.0784904162346319,0.20700711005776923,0.8662376536809362,27.777777777799997,0.0,0.36580107949444446,1.8360790127826694,0.0,8.333333333333334,83.33333333333334,1500.0,1840.08774511
13358,13432,2,4,2,0,31944.44444444445,0.12968004347826087,0.31835087826086955,0.8591332869565218,25.0,1.0666354171628891,11.914454799083334,1.8185688445921449,57.0,100.0,250.0,873.244537893,270.86367302
13365,13439,0,1,0,0,4563.88888888889,0.08680255629945223,0.17476080340839928,0.8541163724893488,2.77777777778,0.0,9.491666991111114,1.4127446368638479,0.0,11.111111111111112,5.555555555555556,1500.0,1289.87892749
13368,13442,0,0,0,0,361.11111111111114,0.1259776923076923,0.2581123076923077,0.9087484615384616,5.55555555556,0.0,0.0,0.0,0.0,0.0,22.222222222222225,1500.0,3000.0
13369,13443,3,6,3,1,11822.222222222224,0.08919941259398496,0.25566994830827067,0.8298274671052631,2.77777777778,0.0,8.695936893666667,1.8874849634783841,688.75,38.88888888888889,13.888888888888891,1500.0,3000.0
13371,13445,0,1,0,0,3380.555555555556,0.11062358258011502,0.2707124075595727,0.9116384552177486,5.55555555556,0.0,1.2565877529361111,1.0549201679861442,0.0,16.666666666666668,0.0,1243.19220433,1655.58368041
13374,13448,0,0,0,0,4577.777777777778,0.06454842233009708,0.22451092233009712,0.832406432038835,8.33333333333,0.0,4.744238791888889,0.9832739442463889,0.0,2.777777777777778,0.0,1500.0,2811.8897447
13375,13449,0,0,0,1,805.5555555555557,0.0388348275862069,0.2603848275862069,0.8083765517241379,0.0,0.0,2.8457613116666667,1.3321790402101223,0.0,0.0,0.0,1500.0,3000.0
13382,13456,4,9,0,0,53877.77777777778,0.11525344400907404,0.24106084244174059,0.88285588781192,25.0,0.8367210317987144,3.6311480502500006,1.7936068572328112,103.181818182,58.333333333333336,63.88888888888889,297.358811708,514.14988808
13386,13460,0,0,0,0,2941.666666666667,0.10797195467422095,0.20182407932011331,0.8557210576015108,0.0,1.3091536771761427,6.264207007222223,0.8683093023184761,63.5,16.666666666666668,38.88888888888889,1500.0,524.35933245
13390,13464,2,5,1,2,31277.77777777778,0.15545334813499112,0.4301636234458259,0.8731559502664299,25.0,1.0301553953088658,12.197199199055555,1.8505034676469794,172.272727273,125.0,319.4444444444445,177.415053274,788.21140886
13406,13480,3,2,0,0,18830.55555555556,0.10958350789201947,0.2973611889659242,0.8557386192653783,11.1111111111,1.7499449968291034,5.655571305138889,1.6283242497663417,114.0,16.666666666666668,13.888888888888891,888.748394138,2378.29281558
13414,13488,1,1,0,1,18272.222222222223,0.08970621769534813,0.23830603526907873,0.8353363180297964,16.6666666667,1.7069224288557083,10.28933428916667,1.9623164097267625,189.0,19.444444444444446,77.77777777777779,1500.0,3000.0
13420,13494,0,0,0,0,2166.666666666667,0.07749897435897436,0.28018230769230773,0.8706551282051281,0.0,0.0,8.880714908138891,0.5004024235381879,0.0,16.666666666666668,41.66666666666667,1500.0,3000.0
13424,13498,2,9,3,0,11288.88888888889,0.17316412401574804,0.27684517716535434,0.8922350147637795,22.2222222222,0.0,1.9349729977972225,1.912005556058615,193.0,80.55555555555556,38.88888888888889,221.249251416,1815.65879359
13432,13506,1,9,4,0,29997.222222222226,0.13652463191036207,0.46707868321140844,0.8702928882303917,69.4444444444,0.27379481026796804,7.651630541277777,1.338803009361227,332.5,122.22222222222224,275.0,486.757982154,1436.14024244
13434,13508,3,0,4,0,9650.0,0.14459145077720206,0.23710440414507772,0.8656864421416235,5.55555555556,0.3498146010903067,10.416688815944447,0.672014254726093,52.9090909091,5.555555555555556,150.0,1500.0,1077.50774994
13435,13509,3,7,4,3,11419.444444444445,0.11069523230357578,0.42923254682558987,0.8617267331549501,22.2222222222,0.19317536096020974,9.800616870527778,1.9329797133359048,0.0,111.11111111111113,177.7777777777778,1500.0,1513.27029063
13440,13514,0,2,1,0,5025.0,0.10771840796019899,0.4821912658927584,0.8293135986733001,2.77777777778,0.0,13.873999571305555,1.6595892270053696,71.0,2.777777777777778,66.66666666666667,784.523550991,2524.44559619
13442,13516,0,7,1,4,23966.666666666668,0.11146448771441818,0.42604471488178025,0.8452525730180807,33.333333333300004,0.5315946170399336,2.9917474568611113,1.8412517000156103,124.058823529,122.22222222222224,163.8888888888889,1500.0,121.23963352
13443,13517,0,0,2,1,4588.88888888889,0.08587179176755448,0.40452058111380146,0.88566803874092,11.1111111111,0.0,4.1389024181666665,1.129175755875705,0.0,0.0,38.88888888888889,1500.0,1394.98089151
13444,13518,0,0,0,0,2841.666666666667,0.1036208211143695,0.297160899315738,0.8260807429130009,8.33333333333,0.900702218031597,1.9610489827166668,1.7192587168046858,0.0,19.444444444444446,16.666666666666668,1500.0,3000.0
13446,13520,0,3,0,1,22041.666666666668,0.0818644990548204,0.3180542911153119,0.8199544171392565,30.555555555599998,1.7587663606064246,9.921448909444445,1.8510710294432033,305.8,41.66666666666667,133.33333333333334,1500.0,598.67431125
13447,13521,0,1,2,0,6263.88888888889,0.08929924611973393,0.27448421286031044,0.8414091796008869,11.1111111111,1.3780307795838596,10.312296895861111,1.890095416545447,75.0,13.888888888888891,22.222222222222225,1500.0,3000.0
13451,13525,0,1,2,2,4266.666666666667,0.09383313802083333,0.3179719401041667,0.8557348958333333,11.1111111111,1.6521584684006587,7.424565856888889,1.8095170643203002,0.0,25.0,150.0,1015.13597534,1293.33084244
13453,13527,2,2,0,0,16216.666666666668,0.1649082048646797,0.24116853374443303,0.8763687392942789,2.77777777778,1.3083120581208296,2.8435071539722228,1.9791017289054462,0.0,38.88888888888889,66.66666666666667,950.738357621,392.91315076
13468,13542,3,5,1,1,43288.8888888889,0.13169563013347024,0.38782322253593426,0.8639119224845996,61.111111111099994,0.530927618217746,0.0,1.9999344257289553,100.0,55.555555555555564,77.77777777777779,508.145448838,1237.95498161
13489,13564,1,3,0,1,5027.777777777778,0.12209883977900551,0.33900950276243097,0.8799391712707183,8.33333333333,1.78890031743009,7.213336962861112,1.5958800167968208,0.0,16.666666666666668,422.22222222222223,1500.0,1556.31370439
13501,13577,0,0,0,0,2122.2222222222226,0.08012002617801048,0.22644685863874348,0.854266884816754,2.77777777778,1.1207570052450717,2.7519127697083334,1.040649409510233,0.0,2.777777777777778,41.66666666666667,1500.0,3000.0
13502,13578,0,4,0,0,18497.222222222223,0.1258491064724433,0.38547522150473046,0.8548045652500376,41.666666666699996,1.7942221712416397,5.7805246798333325,1.6874722229880068,108.0,44.44444444444445,161.11111111111111,337.010450099,2566.64781399
13508,13584,0,0,0,1,883.3333333333334,0.08240849056603773,0.1721745283018868,0.8645622641509433,0.0,0.0,5.108762513138889,1.0114042647073518,0.0,2.777777777777778,5.555555555555556,1500.0,3000.0
13511,13587,1,4,4,0,11738.88888888889,0.17916119261713206,0.34665986748698535,0.8745717699952674,0.0,0.3831562583643722,2.522421491988889,1.776857195100283,61.5882352941,130.55555555555557,75.0,1500.0,2758.45329579
13524,13600,0,0,0,0,494.4444444444445,0.08043370786516854,0.3523893258426966,0.9148870786516854,0.0,0.0,3.2594865566111118,1.0397207708399179,0.0,2.777777777777778,41.66666666666667,612.261249435,2356.22533948
13525,13601,1,0,0,0,4530.555555555556,0.06332060085836909,0.21220128755364806,0.8843579399141631,2.77777777778,0.16148523613915813,2.5100298734361113,1.6325864835876676,0.0,0.0,83.33333333333334,1500.0,788.42472623
13527,13603,0,4,0,0,11494.444444444445,0.07844146930884485,0.3621675447075882,0.8146940550990818,16.6666666667,1.1779949135967966,10.794907307722221,1.731265565270959,2190.0,19.444444444444446,122.22222222222224,1500.0,1118.94009676
13532,13608,0,2,0,1,7775.0,0.0795914255091104,0.24108660235798499,0.8585692032868882,2.77777777778,0.0,8.955318693999999,1.8029742346333617,125.0,22.222222222222225,22.222222222222225,1500.0,260.92973962
13535,13611,0,0,2,0,1411.1111111111113,0.09351397637795275,0.21992814960629922,0.8660952755905512,16.6666666667,0.8314047007164449,8.477721588222222,0.8537403268641766,0.0,11.111111111111112,61.11111111111112,808.362520441,1497.22747001
13537,13613,0,0,0,2,991.6666666666667,0.10372464985994398,0.18835994397759104,0.840510644257703,0.0,0.0,9.516204362888889,0.0,0.0,0.0,0.0,1500.0,3000.0
13540,13616,0,0,0,0,2011.1111111111113,0.10284433701657458,0.4174841160220995,0.8503948895027623,8.33333333333,0.0,6.884295277583335,1.7481554572476763,0.0,36.111111111111114,58.333333333333336,1500.0,1407.75718059
13542,13618,0,0,0,0,263.8888888888889,0.07841684210526316,0.28119263157894736,0.8834736842105264,0.0,0.0,2.341916911977778,0.0,0.0,0.0,0.0,1500.0,3000.0
13546,13622,4,8,3,1,12586.111111111111,0.11145122489516664,0.3390142794085191,0.892378349150298,27.777777777799997,1.0477538757019138,5.8097804755,1.5642209568949113,163.0,33.333333333333336,533.3333333333334,481.294651581,789.05074783
13561,13638,0,0,0,0,20627.77777777778,0.13565118502558576,0.41381436843522756,0.8750871263129545,22.2222222222,0.4894754413109419,0.0,1.788119821159515,0.0,25.0,150.0,409.805533378,1680.34700986
13567,13644,1,1,0,0,17938.88888888889,0.07846190771136574,0.2777258129451843,0.8507847785692164,22.2222222222,0.8602659763206681,8.482775893472224,1.7347847338233597,113.0,25.0,83.33333333333334,1500.0,2278.62616471
13575,13652,8,6,4,4,30800.0,0.11775579906204907,0.38746938131313136,0.8598407647907648,50.0,1.707875999806398,10.171987112722224,1.9616033994715734,165.842105263,319.4444444444445,100.0,286.812358277,200.03561644
13576,13653,2,6,1,1,30891.666666666668,0.0984956568653898,0.2808802805503102,0.8417498066720618,44.4444444444,0.0,7.875709206666667,1.7917245861657298,593.333333333,22.222222222222225,133.33333333333334,1271.13176477,1838.37596209
13578,13655,0,1,0,0,838.888888888889,0.07380662251655629,0.19449999999999998,0.8860245033112584,0.0,0.0,6.838260751527778,1.0397207708399179,0.0,0.0,11.111111111111112,606.118693115,2403.6218418
13589,13666,7,20,6,3,59166.66666666667,0.14317193427230046,0.5123959014084507,0.8740679483568076,47.2222222222,1.7414808977368228,3.403157360138889,2.0665711713222006,452.909090909,150.0,294.4444444444445,357.758305297,384.55809693
13592,13669,0,3,0,1,20405.55555555556,0.08653731282330519,0.23774481350394774,0.8552915464198203,11.1111111111,1.6783249695052915,6.712103381861111,1.951749053541441,368.153846154,30.55555555555556,55.555555555555564,904.344485566,1831.55735949
13602,13679,2,3,2,1,9547.222222222224,0.09115481524585395,0.4500890602269421,0.8668821937736397,8.33333333333,0.0,0.0,1.9571625961085388,709.6,8.333333333333334,13.888888888888891,1500.0,248.25200987
13606,13683,1,3,0,1,16463.88888888889,0.07784010460604016,0.2684200438670491,0.8469060570271637,8.33333333333,1.886545191468769,11.461971825138887,1.7633037935501847,353.0,30.55555555555556,88.8888888888889,1139.81265038,1008.49860968
13612,13689,1,1,0,0,3966.666666666667,0.18961778711484595,0.3624815826330532,0.8714613445378151,5.55555555556,0.0,4.4336843301944455,1.0296530140645737,0.0,16.666666666666668,2.777777777777778,731.796898874,1558.79907244
13613,13690,0,2,1,1,22238.88888888889,0.08848368723457407,0.29145771921059205,0.8570069697726704,11.1111111111,1.646481068217721,7.824061806666667,1.6068818461906125,95.3333333333,22.222222222222225,172.22222222222226,1500.0,1989.26323133
13621,13698,0,2,2,1,5022.222222222223,0.10766150442477876,0.2894238384955752,0.857081360619469,5.55555555556,1.6859244363862327,7.185481485111112,1.7214143417362315,0.0,16.666666666666668,266.6666666666667,713.970152727,548.73518854
13628,13705,1,4,0,0,20547.222222222223,0.16374366635122348,0.4806700283898878,0.8823458834662701,8.33333333333,0.03783658808292653,3.9369874850555555,1.9284587209697692,278.0,186.11111111111111,366.6666666666667,479.790072145,1254.15871694
13634,13711,0,0,0,0,958.3333333333334,0.08584173913043479,0.5347217391304349,0.8746840579710146,38.8888888889,0.11270852927511796,4.295250062666667,0.9502705392332347,0.0,2.777777777777778,88.8888888888889,1500.0,2462.93798435
13637,13714,0,1,0,1,16569.44444444445,0.15501344509639564,0.20149344509639563,0.8408617937971501,8.33333333333,1.7124927474185374,2.002999060636111,1.6618771418975733,92.25,22.222222222222225,8.333333333333334,1500.0,3000.0
13640,13717,0,1,0,0,4052.7777777777783,0.08972474297464017,0.2109290610006854,0.8603461274845784,0.0,0.0,12.158231982750001,1.1269287948006759,0.0,0.0,102.77777777777779,1500.0,3000.0
13642,13719,0,8,2,0,30627.77777777778,0.11811072011608925,0.4262482949392345,0.8716928986033013,27.777777777799997,0.0,1.1927083962444447,1.9528667410861116,1143.0,47.22222222222223,47.22222222222223,290.041479639,1994.59204469
13649,13726,0,3,0,0,3883.3333333333335,0.11264155937052933,0.3584328326180257,0.8807321173104435,2.77777777778,1.6687605901084501,0.7217276741444446,1.8545816695652158,0.0,19.444444444444446,197.22222222222226,923.98256646,2428.5206536
13653,13730,0,0,1,0,6047.222222222223,0.11832338079926503,0.3444174552135967,0.8576660542030317,0.0,0.0,6.097992500416667,1.6837156323598892,0.0,2.777777777777778,94.44444444444446,700.671131203,2797.60343669
13656,13733,0,2,0,0,341.6666666666667,0.02437479674796748,0.3177861788617886,0.915739837398374,0.0,0.0,0.0,0.0,0.0,2.777777777777778,0.0,1500.0,3000.0
13675,13752,0,4,0,0,16255.555555555557,0.08202137730690362,0.21475449419002052,0.8561574675324676,16.6666666667,1.1416056938105055,11.744960252444445,1.7743703235110524,0.0,58.333333333333336,91.66666666666667,1500.0,3000.0
13678,13755,8,7,3,0,16169.444444444447,0.12551590791960143,0.27900840061845045,0.8878282253908263,19.4444444444,1.5070593862757249,7.930598992083334,2.0064064695973474,0.0,11.111111111111112,47.22222222222223,397.817164089,647.92488522
13681,13758,3,3,0,0,1638.888888888889,0.07704525423728813,0.2388676271186441,0.8049862711864406,0.0,1.8588504000341959,6.251992747694445,1.0905994737794786,0.0,5.555555555555556,5.555555555555556,261.775757667,3000.0
13698,13775,0,0,0,0,302.7777777777778,0.07364954128440367,0.20400825688073393,0.845902752293578,0.0,0.0,3.9696984360000007,0.0,0.0,0.0,5.555555555555556,1500.0,3000.0
13700,13777,0,6,0,0,3280.555555555556,0.13739889923793397,0.2315679932260796,0.8963683319221,0.0,1.741073657040931,15.205662708388891,1.4181965182490954,0.0,19.444444444444446,25.0,443.803577688,845.82917113
13706,13783,2,9,4,0,40041.66666666667,0.14886502254595907,0.42936437738466876,0.8714682969129379,13.888888888899999,0.4370274217333482,6.502664031111111,1.9407759203410124,136.4,172.22222222222226,536.1111111111112,135.573946611,967.29178831
13711,13788,0,0,0,0,144.44444444444446,0.07960192307692308,0.21758653846153847,0.8984423076923077,0.0,0.0,3.7293657584166677,0.0,0.0,0.0,0.0,1500.0,3000.0
13725,13802,0,1,0,0,1372.2222222222224,0.12352429149797571,0.2580222672064777,0.8608056680161943,0.0,0.0,7.32794563888889,0.9502705392332347,0.0,19.444444444444446,16.666666666666668,590.394612263,3000.0
13731,13808,0,0,1,0,1994.4444444444446,0.06328718662952645,0.261074651810585,0.8697658774373259,5.55555555556,0.9786722910214686,0.0,0.6365141682948128,0.0,5.555555555555556,33.333333333333336,876.791546333,1446.49414324
13732,13809,0,0,0,0,411.11111111111114,0.0827695945945946,0.3234635135135135,0.8293594594594594,0.0,1.2338438738533044,3.588053611777778,0.0,0.0,2.777777777777778,0.0,1500.0,3000.0
13735,13812,0,1,0,0,9250.0,0.17180546546546546,0.28458465465465466,0.9106779279279279,11.1111111111,2.0621829796993274,0.0,1.8689986610181732,0.0,25.0,13.888888888888891,447.216584872,497.18817155
13737,13814,0,5,0,0,10463.88888888889,0.149010645075657,0.2997361295460579,0.8658877355986196,19.4444444444,1.6487364378719396,7.54624097075,1.4996213438642976,60.5,41.66666666666667,163.8888888888889,1274.85422745,538.26131623
13744,13821,0,5,1,1,21561.111111111113,0.13930698273640815,0.28966053852099977,0.8752412909044062,11.1111111111,0.9111090820986467,5.097984369833333,1.7495104322626436,77.3333333333,177.7777777777778,272.22222222222223,645.143051337,122.63426847
13747,13824,0,0,0,0,8766.666666666668,0.08251717363751584,0.3708462610899873,0.851124112801014,33.333333333300004,0.0,6.601966790805556,1.6427601719111649,0.0,0.0,205.55555555555557,1500.0,1760.99060231
13764,13841,1,0,1,0,8308.333333333334,0.09934439986626546,0.2756116014710799,0.8513468739551988,5.55555555556,0.0,9.30640677302778,1.9931505407718104,56.0,8.333333333333334,16.666666666666668,1220.21703709,3000.0
13776,13853,0,1,0,0,319.4444444444445,0.020293913043478263,0.27467478260869566,0.7719460869565217,0.0,0.0,3.350466973055556,0.6365141682948128,0.0,0.0,0.0,1500.0,3000.0
13780,13857,0,1,0,0,6600.0,0.08457487373737374,0.3144074074074074,0.864001430976431,8.33333333333,1.2259976783551607,6.686589429638889,1.9527715977484172,0.0,5.555555555555556,30.55555555555556,511.7036672,3000.0
13798,13875,1,4,2,1,12525.0,0.0818705256154358,0.17649656243069417,0.8319982257706808,13.888888888899999,1.2952035395279007,15.136036875555556,1.6692301521459372,39.25,16.666666666666668,161.11111111111111,1500.0,1665.37278048
13808,13885,3,2,0,2,30477.77777777778,0.11707529165147648,0.23664758476121037,0.8769554411228581,22.2222222222,0.0,8.364577006666666,1.6767919269799567,83.2,16.666666666666668,47.22222222222223,430.903313113,1058.8988949
13809,13886,2,0,0,0,1425.0,0.07711598440545808,0.3794736842105263,0.8499109161793372,5.55555555556,0.0,6.009400679111112,1.7283909763890075,0.0,27.777777777777782,47.22222222222223,1500.0,3000.0
13815,13892,0,0,0,0,402.7777777777778,0.09439655172413793,0.1658841379310345,0.8273634482758621,0.0,1.6912742211682603,3.8962329654444443,0.0,0.0,2.777777777777778,0.0,1500.0,3000.0
13835,13912,0,0,0,0,1200.0,0.08297523148148149,0.211344212962963,0.804463425925926,0.0,0.0,10.15918284152778,0.0,0.0,0.0,0.0,1500.0,3000.0
13849,13926,8,26,41,36,55230.55555555556,0.16776016194739224,0.5194579439722375,0.8844208670723733,38.8888888889,0.8947145091364697,5.912529692666667,1.7407209425489316,451.195767196,466.6666666666667,697.2222222222223,247.977071668,223.46293078
13850,13927,0,0,0,1,3716.666666666667,0.07721562032884903,0.23842077727952168,0.8388109865470852,11.1111111111,1.7410442358227405,7.406035731222223,1.6575827892998014,36.0,0.0,63.88888888888889,1500.0,3000.0
13870,13947,0,0,1,0,12261.111111111111,0.14146221114635252,0.2391537381060263,0.848576778432261,8.33333333333,0.779406215238689,2.069318449141667,1.7890429529344718,0.0,5.555555555555556,25.0,764.396779632,1203.90017816
13878,13955,0,0,0,0,2258.3333333333335,0.09707011070110702,0.2184118081180812,0.8693019680196802,13.9587334473,0.0,6.382711387916667,1.4932076917775363,0.0,5.555555555555556,13.888888888888891,779.783794146,2035.0393121
13884,13961,6,10,0,4,47836.11111111112,0.14581746704604845,0.35086170373381337,0.8710472969049416,52.777777777800004,0.0,8.39983187563889,1.8546182683476788,67.4166666667,119.44444444444446,180.55555555555557,344.975577468,643.41345873
13894,13971,0,0,0,0,5311.111111111112,0.14151046025104602,0.2806654288702929,0.9052297594142259,8.33333333333,1.161188863334494,5.81987268363889,1.4902305301189536,0.0,36.111111111111114,111.11111111111113,992.806003263,1083.97967993
13898,13975,4,15,0,1,34733.333333333336,0.08155754158669225,0.25980220729366604,0.8691838931541906,47.2222222222,0.708955953084805,12.652951925277778,1.916445094768885,40.75,11.111111111111112,205.55555555555557,1500.0,1334.42623539
13903,13980,0,0,0,0,3252.777777777778,0.07437617421007685,0.17745465414175918,0.8301949615713066,0.0,0.0,3.642103150166667,1.3321790402101223,0.0,2.777777777777778,25.0,1500.0,3000.0
13905,13982,0,0,0,0,2480.555555555556,0.058675251959686446,0.28954938409854425,0.7950013437849944,0.0,0.0,8.108856338361111,1.3321790402101223,44.0,2.777777777777778,0.0,1500.0,3000.0
13906,13983,8,21,11,2,28613.888888888894,0.09169341811474614,0.24571789146684786,0.8669804776235317,38.8888888889,1.9442872132820992,5.905954454083334,2.04731839188195,87.8571428571,105.55555555555556,133.33333333333334,507.505134602,245.51621178
13908,13985,3,4,0,0,40127.77777777778,0.14914169320227053,0.23580985739997232,0.8908297244912087,22.2222222222,0.0,3.978092390555556,2.0649788136075014,0.0,38.88888888888889,33.333333333333336,968.434161546,288.76887306
13939,14016,1,4,1,1,13894.444444444447,0.09314510195921633,0.28663986405437825,0.8636928828468612,33.333333333300004,0.0,8.940604175916667,1.913416001140443,66.5,19.444444444444446,219.44444444444449,866.986589349,1972.99232216
13951,14028,0,2,0,0,9036.111111111111,0.11978997848140178,0.2820804180756225,0.8437364279126959,5.55555555556,0.0,10.03939979161111,1.7414374513769826,0.0,44.44444444444445,97.22222222222223,1500.0,1213.08248024
13963,14040,0,0,1,0,8569.444444444445,0.11083186385737438,0.24563585089141005,0.8481923824959481,3.05322597389,0.0014969130028603327,0.0,0.6067083977463922,0.0,11.111111111111112,19.444444444444446,1500.0,2502.93907212
13975,14053,0,5,0,0,625.0,0.052272,0.19445911111111114,0.8386848888888889,8.33333333333,1.0010836317743108,11.206879917555556,1.5654291838885233,0.0,30.55555555555556,11.111111111111112,1500.0,1676.51541566
13982,14060,0,0,0,0,1363.888888888889,0.05027881873727088,0.17794052953156822,0.8691678207739307,0.0,0.0,6.393315368611112,0.0,0.0,0.0,19.444444444444446,1500.0,3000.0
13987,14065,1,0,0,0,1336.1111111111113,0.05855010395010395,0.2526126819126819,0.8712137214137214,0.0,1.75871947224768,5.136539245277778,1.3686896376228386,0.0,0.0,2.777777777777778,1500.0,3000.0
13990,14068,0,1,0,0,3050.0,0.2725966302367942,0.3094592896174863,0.9019399817850637,0.0,0.0,2.5511993075833335,0.0,0.0,0.0,5.555555555555556,1301.3014337,1885.24934477
13992,14070,0,1,0,0,15575.0,0.1402546103085429,0.37518000713393973,0.8949086499019083,2.77777777778,1.259929962593171,0.0,1.745271229370928,455.0,141.66666666666669,122.22222222222224,644.434965475,568.14786517
14014,14092,0,0,0,0,5602.777777777778,0.10357783837382252,0.24069261279127416,0.8421621219633119,37.4010826063,0.7609652784965892,6.492970690250001,1.3681174825371343,68.0,27.777777777777782,77.77777777777779,1500.0,1616.45727557
14015,14093,0,0,0,0,3280.555555555556,0.07777984758679087,0.3032471634208298,0.8412823878069432,0.0,0.0,0.0,0.7356219397587946,0.0,2.777777777777778,0.0,1500.0,3000.0
14034,14113,0,1,0,0,1411.1111111111113,0.12625925196850393,0.32456988188976377,0.8799043307086614,2.77777777778,0.0,10.905826007222222,1.145490812966171,0.0,16.666666666666668,183.33333333333334,1500.0,1757.52865667
14042,14122,0,1,0,0,2547.2222222222226,0.12480338058887677,0.333850054525627,0.8539352235550708,0.0,1.912397885048991,0.0,1.041477386277853,180.0,44.44444444444445,50.0,726.553488257,695.88362031
14044,14124,0,2,1,0,17208.333333333336,0.17750166263115416,0.22218847457627117,0.8611638579499596,5.55555555556,0.0,5.937301148750001,1.7770420440712102,104.0,83.33333333333334,5.555555555555556,1500.0,3000.0
14046,14126,0,1,0,0,3019.444444444445,0.10476982520699171,0.23745510579576817,0.8617822447102116,0.0,0.0,0.7046988348055556,1.135900959294373,0.0,8.333333333333334,19.444444444444446,1500.0,1418.83824037
14049,14129,0,0,0,1,5705.555555555556,0.07742624148003895,0.17947356377799414,0.8171228821811101,22.2222222222,1.7066548229322394,12.07415619663889,1.4340767365368003,0.0,5.555555555555556,75.0,1500.0,1352.53952233
14058,14138,1,3,0,0,24872.222222222223,0.0651930310475765,0.18647739557739557,0.8739913334822426,5.55555555556,0.0,0.9450610021083334,0.9404479886553263,143.0,19.444444444444446,16.666666666666668,637.773155159,1315.14240318
14059,14139,0,1,0,0,397.22222222222223,0.11084825174825175,0.35993006993006993,0.8775405594405594,2.77777777778,0.0,2.4025492427194446,1.0986122886681096,0.0,11.111111111111112,41.66666666666667,645.058158059,2950.98128879
14061,14141,0,0,1,5,3066.666666666667,0.06876168478260869,0.20769592391304348,0.841654981884058,0.0,1.4821976767351486,6.666995873138889,1.2493432310675612,0.0,2.777777777777778,44.44444444444445,1500.0,3000.0
14064,14144,5,6,5,5,27916.666666666668,0.11711303482587065,0.3250224776119403,0.846103960199005,8.33333333333,1.6366674162110986,0.09846112297555557,2.08328962932697,535.538461538,127.77777777777779,105.55555555555556,1500.0,1553.90653277
14067,14147,0,0,0,0,711.1111111111112,0.068729296875,0.2629921875,0.791891796875,0.0,0.0,3.555857129055556,0.6365141682948128,0.0,11.111111111111112,8.333333333333334,1500.0,2655.86315513
14073,14153,0,0,0,0,1755.5555555555559,0.07477120253164557,0.19840522151898735,0.8101367088607595,2.77777777778,1.707238124616158,4.082824117611111,1.4871135884612565,0.0,0.0,33.333333333333336,1500.0,2064.93535152
14077,14157,0,1,2,0,12652.77777777778,0.08829167947310648,0.35358309549945116,0.8344921844127332,25.0,0.8825506502186309,4.6082881403055564,1.560910573376774,62.0,5.555555555555556,30.55555555555556,863.516539513,3000.0
14091,14171,0,0,0,0,5077.777777777778,0.08840984682713349,0.22778107221006566,0.8762137308533916,11.1111111111,1.0398051296714048,7.359902785111111,1.0258025211548956,68.0,16.666666666666668,75.0,878.262293655,646.88095673
14104,14185,3,4,0,2,26563.88888888889,0.14251863431977413,0.2807723413154868,0.8651682944682632,8.33333333333,0.017294425938102174,2.801388175944445,1.4308365608641733,0.0,66.66666666666667,25.0,1500.0,1750.78170776
14112,14193,0,0,1,1,5677.777777777778,0.07409843444227006,0.18812627201565557,0.8254881115459883,2.77777777778,0.0,9.943234147472221,1.5747175442214576,0.0,13.888888888888891,63.88888888888889,989.972503033,2048.72531664
14122,14203,1,2,0,0,21544.44444444445,0.1038091799896854,0.3298917870036101,0.865844610624033,33.333333333300004,0.0,3.5537719254722218,1.8619021130227562,79.5,11.111111111111112,97.22222222222223,966.243290636,1284.62832563
14159,14240,0,3,9,2,3827.7777777777783,0.08513388969521045,0.17245638606676342,0.8423157474600871,11.1111111111,0.6789437236897179,5.856127099611111,1.5166272342874523,379.25,11.111111111111112,11.111111111111112,27.8712863579,1811.7113423
14161,14242,0,1,0,0,7897.2222222222235,0.05850383397819205,0.15405631375307774,0.8448812170242701,5.55555555556,0.0,15.033380744777778,1.9982627039565108,71.0,13.888888888888891,69.44444444444446,1500.0,3000.0
14182,14263,1,0,0,0,2355.555555555556,0.08060978773584906,0.24172311320754716,0.8740462264150943,0.0,1.9968308003109496,6.595818143666667,1.3143738430069454,0.0,2.777777777777778,58.333333333333336,1500.0,3000.0
14187,14269,0,11,2,1,30508.333333333336,0.15741686242374578,0.48715951015205317,0.8742250386961669,38.8888888889,0.2917734155887399,2.7863288945,1.7953106310178861,474.454545455,155.55555555555557,547.2222222222223,180.3942127,1229.68579448
14188,14270,0,0,0,0,1586.1111111111113,0.06395306479859895,0.14386042031523644,0.8138879159369528,0.0,0.0,9.405066390361114,0.6931471805599453,0.0,5.555555555555556,5.555555555555556,1500.0,3000.0
14189,14272,1,0,0,0,2938.888888888889,0.07852797731568999,0.2194482986767486,0.8712786389413989,2.77777777778,0.0,9.975122998638888,1.5704306281450635,143.0,13.888888888888891,11.111111111111112,1500.0,1593.18749441
14216,14299,4,7,0,1,17691.666666666668,0.09180664154498351,0.3297396451562255,0.8462879572931387,13.888888888899999,0.8704927328624356,6.902807825083334,0.8858229046722916,82.3333333333,63.88888888888889,405.5555555555556,1281.77212472,1196.99943363
14223,14306,0,0,0,1,1061.1111111111113,0.06173664921465969,0.5082960732984293,0.8246335078534032,11.1111111111,0.0,12.181009598555557,1.0397207708399179,0.0,2.777777777777778,188.8888888888889,1500.0,1823.43318286
14226,14309,0,4,0,1,2691.666666666667,0.07525964912280701,0.2879139318885449,0.8632297213622291,2.77777777778,0.10335027986955753,5.0279836110277785,1.758220980906497,0.0,22.222222222222225,13.888888888888891,1355.45847727,3000.0
14229,14312,0,1,1,0,7391.666666666667,0.09200210447200301,0.35451886508831265,0.8667313416009019,13.888888888899999,0.0,6.323111874361112,1.7207189170177672,0.0,11.111111111111112,127.77777777777779,1268.63210349,786.42619341
14230,14313,9,9,1,2,64908.333333333336,0.15399536097915864,0.3549329909701716,0.8688868361364317,66.6666666667,1.6163794719510092,2.1505352539250002,1.8624653807426916,261.9,197.22222222222226,200.0,424.854647649,289.49893131
14237,14320,0,0,0,0,1819.4444444444446,0.08093709923664123,0.23629404580152674,0.8903361832061069,19.4444444444,0.0,5.804076259444445,1.0986122886681096,0.0,0.0,33.333333333333336,1500.0,3000.0
14238,14321,0,0,0,0,825.0,0.06325286195286196,0.23170033670033668,0.814663973063973,0.0,0.0,7.268674932916666,0.0,0.0,0.0,0.0,1500.0,3000.0
14245,14328,0,0,0,0,2469.444444444445,0.06522002249718785,0.23394364454443195,0.8875262092238471,5.55555555556,0.37003353155660246,4.003394920611112,1.5166798526011929,0.0,2.777777777777778,36.111111111111114,800.343291069,1688.67914559
14251,14334,5,1,1,2,27569.44444444445,0.08937688664987406,0.2726448967254408,0.8400990629722922,19.4444444444,0.0,2.0883522464472226,1.9933388476208482,259.411764706,38.88888888888889,119.44444444444446,407.687598499,1532.02376664
14252,14335,0,0,0,0,413.8888888888889,0.09321476510067114,0.22933288590604026,0.7884362416107383,0.0,0.38860580599326017,0.0,0.0,0.0,2.777777777777778,0.0,1500.0,3000.0
14255,14338,0,0,0,0,3733.3333333333335,0.11946220238095237,0.29432120535714285,0.8327210565476191,0.0,0.0,3.235105248861111,1.7830688996125341,0.0,0.0,5.555555555555556,1500.0,3000.0
14256,14339,0,0,0,0,1586.1111111111113,0.10003204903677758,0.23369159369527148,0.8354241681260945,11.1111111111,1.034353477306835,0.0,1.3114313374732374,277.666666667,11.111111111111112,0.0,1500.0,3000.0
14260,14343,0,0,0,0,11708.333333333334,0.2058961803084223,0.45205461447212336,0.8887039145907474,5.55555555556,0.13720849804627483,6.134832980027778,1.163315377787649,119.0,13.888888888888891,33.333333333333336,455.297393115,1119.44157847
14261,14344,0,1,0,0,4344.444444444445,0.0702190537084399,0.23637301790281331,0.8782116368286444,6.31616438791,0.0,8.13867401675,1.1437482800389427,0.0,5.555555555555556,11.111111111111112,1500.0,1404.94530813
14262,14345,0,3,4,1,16161.111111111113,0.07950467514609831,0.32143795118597457,0.8499338776211756,0.0,0.0,11.592613918472223,1.722260721850025,0.0,0.0,52.77777777777778,1376.67329088,2745.73260915
14268,14351,1,2,0,1,25813.88888888889,0.12287471214892931,0.28689076724416224,0.8816767674593782,13.888888888899999,0.35231134501802636,14.392182879194447,2.1405482621793315,106.5,25.0,77.77777777777779,1079.29308829,896.28465394
14282,14365,1,0,0,0,2761.1111111111113,0.1026099597585513,0.23568450704225352,0.8511696177062374,5.55555555556,0.0,7.521098959222224,1.3208883431493221,0.0,11.111111111111112,91.66666666666667,1500.0,2573.84890902
14283,14366,1,4,0,1,48675.0,0.22077745249101183,0.4994307995206301,0.8825759630200308,8.33333333333,0.16030708391487888,11.600576284861113,1.6900859318124604,573.4,86.11111111111113,38.88888888888889,695.864296037,598.21880184
14295,14378,0,0,0,0,7375.0,0.06727145009416197,0.30654474576271185,0.8410133333333334,11.1111111111,1.7518173829940735,5.41297618888889,1.0114042647073518,63.0,0.0,36.111111111111114,1500.0,3000.0
14305,14388,0,1,4,0,5050.0,0.07685093509350935,0.18833861386138614,0.8475536303630363,11.1111111111,0.0,7.617971506444445,1.7695347691096426,533.166666667,8.333333333333334,44.44444444444445,1210.61341384,3000.0
14312,14395,1,0,0,0,1747.2222222222226,0.09078155802861684,0.2635683624801272,0.8713961844197139,0.0,0.4153752194439723,2.6004802889694445,1.4496892163948072,0.0,0.0,13.888888888888891,1500.0,1968.67800484
14321,14404,0,0,0,0,1719.4444444444446,0.08974232633279483,0.22547576736672054,0.8128287560581583,0.0,1.4851718603468325,3.5437500222222225,1.3562616894517752,0.0,8.333333333333334,44.44444444444445,1500.0,1635.5656335
14322,14405,0,1,0,0,927.7777777777779,0.08023652694610778,0.28743413173652693,0.8714248502994012,11.1111111111,0.0,7.659792117833335,0.9556998911125343,0.0,2.777777777777778,38.88888888888889,1500.0,1733.97313501
14328,14411,0,0,0,0,2352.777777777778,0.06066977567886659,0.15631853600944512,0.855716292798111,0.0,1.8777270730595863,0.0,0.7356219397587946,0.0,2.777777777777778,27.777777777777782,1407.23686139,1659.48384984
14334,14417,1,7,0,1,17294.44444444445,0.1178320269836171,0.41993670093157726,0.8644143912624478,22.2222222222,1.7111988881915614,10.626639353361112,1.8747149774672998,630.0,30.55555555555556,152.7777777777778,277.23780982,2975.36221425
14339,14422,0,4,0,0,9872.222222222224,0.13063055711873944,0.31772870005627457,0.8895330332020259,19.4444444444,0.1308076506690784,2.433773803838889,1.7206615686975726,0.0,44.44444444444445,11.111111111111112,896.829383951,2092.88418555
14355,14438,0,3,1,2,27608.333333333336,0.11501675218834892,0.2959257369956736,0.9039003521481034,38.8888888889,0.38545961735478257,10.59554895563889,2.088166395800344,84.4285714286,80.55555555555556,102.77777777777779,454.51061255,300.66819335
14370,14453,0,0,0,0,733.3333333333334,0.05380340909090909,0.4469261363636364,0.7760806818181818,0.0,1.2476526055764514,0.8931722021750002,0.0,0.0,0.0,5.555555555555556,1305.57737828,1185.90379583
14385,14468,5,4,0,3,37205.55555555556,0.0985594743915186,0.3545030461400627,0.8525537852769898,11.1111111111,1.8822778736774535,15.203330355444448,1.973058033487899,352.0,63.88888888888889,161.11111111111111,1500.0,140.65134872
14394,14477,0,0,0,0,15658.333333333334,0.09024656732304417,0.20907447223700548,0.8397918928508071,8.33333333333,1.6860255663948327,17.26606694552778,1.992273206917764,301.0,47.22222222222223,69.44444444444446,1500.0,3000.0
14395,14478,0,0,0,0,388.8888888888889,0.07770071428571429,0.15293714285714285,0.8053521428571428,0.0,0.0,0.0,0.0,0.0,0.0,0.0,1500.0,3000.0
14403,14486,1,0,0,0,8147.2222222222235,0.15766413228775997,0.24066259802250253,0.853193556085919,0.0,0.0,0.0,0.0,0.0,8.333333333333334,0.0,1500.0,3000.0
14410,14493,0,0,0,0,2416.666666666667,0.07310494252873563,0.2282096551724138,0.8466737931034483,2.77777777778,2.1679701781658447,9.633854108361113,1.4451858789480823,0.0,13.888888888888891,38.88888888888889,737.118771793,613.86215843
14412,14495,0,6,0,2,10352.77777777778,0.1040342903139254,0.3010144620338074,0.8261700831768178,11.1111111111,1.67551566359455,12.226103106583333,1.848225545639568,690.666666667,22.222222222222225,52.77777777777778,384.489705829,3000.0
14414,14497,1,4,0,0,18788.88888888889,0.1934841957421644,0.4684498373743347,0.8843446777054997,5.55555555556,0.4626463046416593,3.132846997388889,1.9047804092978158,0.0,83.33333333333334,138.8888888888889,67.2903600057,577.80037176
14420,14503,3,0,0,1,7200.0,0.12173985339506171,0.31394008487654324,0.8605550925925926,8.33333333333,0.0,5.374160049000001,1.3820432675737095,0.0,11.111111111111112,41.66666666666667,1332.42854784,1158.19637726
14424,14507,0,4,0,0,8522.222222222224,0.0810677966101695,0.22818895045632334,0.8574196219035202,8.33333333333,0.0,8.731317871527779,1.3103751503012742,0.0,8.333333333333334,33.333333333333336,964.077595898,1091.54331706
14446,14529,2,4,0,0,10047.222222222224,0.07796674039259054,0.23578578932817254,0.8366914570085706,25.0,0.0,3.3460870715833337,1.7691721896814,306.0,2.777777777777778,108.33333333333334,1500.0,2045.42260424
14449,14532,0,4,0,1,4477.777777777778,0.15861830024813897,0.3803558933002481,0.9030796526054591,5.55555555556,0.0,2.664400199741667,1.5288207552621664,73.6666666667,63.88888888888889,770.0,1500.0,2576.72605263
14452,14535,0,0,0,0,1758.3333333333335,0.10025260663507109,0.2264595576619273,0.8743819905213269,0.0,0.5786343851482455,4.008191540638888,1.1407201964134568,0.0,5.555555555555556,69.44444444444446,1500.0,3000.0
14455,14538,0,1,0,1,22427.77777777778,0.1624506316571712,0.39613918751548177,0.8679285731979193,5.55555555556,0.36309105292320676,1.5196990171250002,2.0630365631864582,0.0,47.22222222222223,25.0,332.132087455,554.58220517
14461,14544,0,0,0,0,2013.8888888888891,0.07841420689655172,0.23612413793103448,0.8156023448275862,0.0,0.0,4.893276197944446,1.1490596969706202,0.0,0.0,13.888888888888891,1500.0,3000.0
14472,14555,4,11,1,2,12080.555555555557,0.08673023683605427,0.2230514830995631,0.8327892618992871,11.1111111111,0.0,17.701479995083332,1.970111468287965,133.333333333,44.44444444444445,69.44444444444446,1500.0,3000.0
14474,14557,0,1,0,0,9802.77777777778,0.09790391045621989,0.2746488240294701,0.8652453669594785,0.0,0.4758726048752433,1.6017261641277778,1.4985756022054164,0.0,13.888888888888891,197.22222222222226,163.806245823,754.38256561
14479,14562,0,0,0,0,216.66666666666669,0.09143333333333334,0.1417525641025641,0.8337064102564102,0.0,0.0,0.0,1.0986122886681096,0.0,5.555555555555556,0.0,1500.0,3000.0
14481,14564,4,6,0,0,32005.555555555562,0.1823955042527339,0.4893610050338483,0.881954651970144,11.1111111111,0.15743941502641665,3.116969225916667,1.9543083625323825,848.5,166.66666666666669,138.8888888888889,324.577065826,1727.49761974
14494,14577,0,9,2,0,21916.666666666668,0.16768035487959443,0.34087652724968315,0.8693307097591888,38.8888888889,0.5184522807442395,4.322760546805556,1.1871048288083759,413.375,30.55555555555556,719.4444444444445,77.1060505726,967.40180346
14497,14580,1,0,0,0,4480.555555555556,0.07934934903905766,0.2770050836949783,0.8571650960942343,8.33333333333,0.0,9.127087057166667,1.4975795067632287,0.0,2.777777777777778,122.22222222222224,1500.0,3000.0
14500,14583,1,14,2,3,47663.8888888889,0.1066457136196748,0.3302663208811702,0.8307004254327176,16.6666666667,1.6804890968774207,24.716872621944443,1.8923583134604458,332.25,66.66666666666667,100.0,1500.0,861.74168627
14502,14585,7,5,1,3,33261.11111111112,0.10082185568732253,0.39922519625856023,0.8288481626858192,38.8888888889,1.6662548219474886,1.4018337324583334,1.8025841007373524,86.2727272727,113.88888888888891,180.55555555555557,1368.12571477,806.0542385
14503,14586,0,1,0,0,22.222222222222225,0.1875,0.62,0.8750125,0.0,0.0,0.0,0.0,0.0,0.0,0.0,1500.0,3000.0
14504,14587,2,3,0,0,9008.333333333334,0.07984788775824854,0.28937671908726487,0.8716774591427691,50.0,0.0,8.428989335527778,1.8434196252693766,44.0,2.777777777777778,288.8888888888889,1353.24624832,601.34546235
14506,14589,2,10,2,0,29630.555555555562,0.16367087278522546,0.467061723071154,0.8762395425142965,66.6666666667,1.1232989605002432,8.989918381611112,1.9369918479818082,169.083333333,102.77777777777779,341.6666666666667,279.99863929,436.37033869
14520,14603,3,13,4,1,37291.66666666667,0.12461444320297953,0.31512578026070764,0.8707381527001863,25.0,0.0,8.863097196861112,1.926808131724303,445.2,94.44444444444446,205.55555555555557,1051.41142314,192.67766267
14521,14604,1,0,0,0,380.5555555555556,0.10143795620437956,0.19221532846715328,0.8837306569343065,0.0,0.0,4.808000208194445,0.0,0.0,0.0,0.0,1500.0,3000.0
14524,14607,2,4,2,1,3552.7777777777783,0.08220641125879594,0.23850398749022675,0.8728868647380765,2.77777777778,1.751194768425658,8.060123800361112,1.958574430488762,40.0,30.55555555555556,47.22222222222223,1303.10712988,261.60364474
14525,14608,0,7,0,0,14866.666666666668,0.08440838938714498,0.2090347907324365,0.8841849588938715,58.3333333333,1.1026060946183176,11.358836476166667,1.2547478320122865,36.0,5.555555555555556,58.333333333333336,681.755474858,1098.59667783
14528,14611,1,8,11,3,41538.8888888889,0.13435822522402033,0.46414709107930985,0.8747852748428514,19.4444444444,0.2143808902422158,6.671207963722222,1.8990612274639753,773.4,113.88888888888891,225.0,1113.4837632,1105.36754224
14541,14624,0,1,0,0,12280.555555555557,0.0898712056095906,0.2447907260800724,0.8367837140918344,8.33333333333,0.0,10.727335070416668,1.6352992220581912,0.0,27.777777777777782,27.777777777777782,1500.0,892.03804152
14546,14629,0,0,0,0,777.7777777777778,0.06760214285714286,0.25811214285714285,0.91194,5.55555555556,0.2757659685719901,1.0911029472361111,1.7328679513998633,1046.0,5.555555555555556,8.333333333333334,1500.0,3000.0
14569,14652,2,0,0,0,425.0,0.09668627450980391,0.20743660130718955,0.9109803921568627,0.0,0.0,3.723688234888889,1.0549201679861442,0.0,2.777777777777778,8.333333333333334,1500.0,3000.0
14570,14653,1,1,0,0,9572.222222222224,0.06895536854323854,0.2516508415554266,0.8461364190365641,5.55555555556,0.0,9.202436325222223,1.8778382404072835,105.0,8.333333333333334,105.55555555555556,1315.80465312,1700.91305861
14582,14665,3,4,0,0,18744.44444444445,0.08124736218138708,0.28348316538233553,0.836163026081802,13.888888888899999,1.5899754355084847,3.6472107269166667,1.0043716445771222,60.0,38.88888888888889,102.77777777777779,1500.0,1751.58334636
14584,14667,0,3,3,0,13269.444444444445,0.10307035796525016,0.30516612936989745,0.8668353359849278,8.33333333333,0.0,3.735180145527779,1.7396112957633054,118.0,19.444444444444446,166.66666666666669,855.922533683,900.79811739
14592,14675,2,5,3,3,3141.666666666667,0.13486551724137932,0.5031029177718833,0.8824155614500442,5.55555555556,0.8688431841847597,5.165359219777778,1.6623769591928224,100.095238095,50.0,713.888888888889,756.698450973,1373.79910434
14594,14677,0,1,0,0,3144.444444444445,0.05232181978798586,0.15882040636042402,0.8541542402826855,0.0,0.0,5.284089878166667,1.6094379124341005,0.0,2.777777777777778,8.333333333333334,1500.0,3000.0
14601,14684,8,7,0,3,29177.77777777778,0.19101716488956588,0.3471873571972582,0.8789935072353389,30.555555555599998,1.224911052193501,5.581454551694446,1.9415403577954324,74.0,194.44444444444446,261.11111111111114,264.608004847,1176.86878618
14602,14685,0,0,1,0,6572.222222222223,0.0870495773457312,0.2094641166525782,0.8372590025359256,0.0,0.7248074442447636,1.327563294813889,1.3556774045735889,112.0,8.333333333333334,41.66666666666667,1500.0,1803.89463296
14611,14695,0,0,1,0,3619.4444444444453,0.11240644666155027,0.37920445126630853,0.864545510360706,5.55555555556,0.0,3.7960245652222224,1.3322449224385329,106.0,2.777777777777778,22.222222222222225,385.48555866,1535.73339666
14622,14706,0,2,2,0,9402.77777777778,0.07968581979320531,0.2525227474150665,0.8621903988183162,50.0,1.7853397291999087,2.5952960221583337,1.6696723353649454,50.0,5.555555555555556,50.0,415.319069579,980.59985745
14624,14708,7,13,1,1,23880.55555555556,0.13262698615796206,0.3151014423636152,0.8855133185995114,52.777777777800004,0.5081781356997699,1.9808451889500003,1.7738597404601952,185.263157895,52.77777777777778,366.6666666666667,686.103281837,866.96837355
14625,14709,1,0,0,0,227.77777777777783,0.10857560975609756,0.29524634146341466,0.751219512195122,0.0,0.0,0.0,0.0,0.0,0.0,0.0,1500.0,3000.0
14634,14718,0,2,0,1,10013.88888888889,0.08905608876560332,0.21751217753120666,0.8414687378640776,8.33333333333,0.0,16.89039551027778,1.8231328799720274,58.5,36.111111111111114,72.22222222222223,1500.0,3000.0
14636,14720,1,1,1,1,13208.333333333334,0.16949005257623553,0.4758451314405888,0.8914760883280757,11.1111111111,1.6726984795552013,1.5257456095388888,2.073206648233938,0.0,122.22222222222224,25.0,420.693630896,291.24748159
14641,14725,0,5,1,0,6908.333333333334,0.08591934057096903,0.2613317651789304,0.8830057498994773,16.6666666667,0.06807136950985479,5.462637177416667,1.3185155160076507,40.0,2.777777777777778,94.44444444444446,504.694961319,2035.13627597
14648,14732,1,7,1,0,31261.111111111113,0.10758434334458859,0.23815745512706596,0.8786544073218412,61.111111111099994,0.0,4.750526127944445,1.8921865943713085,0.0,27.777777777777782,50.0,608.093387707,1847.19424742
14652,14736,1,0,0,0,400.0,0.12361388888888888,0.3288506944444445,0.8359895833333333,0.0,0.0,9.00928825538889,0.0,0.0,2.777777777777778,5.555555555555556,1500.0,3000.0
14653,14737,1,0,0,0,372.22222222222223,0.03295,0.2983171641791045,0.8843149253731343,0.0,0.0,0.5274804750166668,0.0,0.0,2.777777777777778,0.0,1500.0,3000.0
14654,14738,0,1,0,0,1008.3333333333334,0.0745236914600551,0.22199669421487603,0.8903702479338843,0.0,0.6113250686101831,4.246929252722222,0.9507489270509151,0.0,0.0,22.222222222222225,1452.61715638,3000.0
14656,14740,0,0,0,0,1122.2222222222224,0.08768316831683168,0.17696138613861387,0.8492722772277228,0.0,1.5237773926678821,0.6756496023388889,0.0,0.0,0.0,5.555555555555556,1500.0,2069.84324742
14657,14741,0,1,0,0,1813.8888888888891,0.05708177641653905,0.16138912710566616,0.8584689127105666,0.0,0.0,6.923919451611111,0.0,0.0,0.0,11.111111111111112,1500.0,1083.43801147
14658,14742,1,0,0,0,422.22222222222223,0.07140855263157896,0.20084473684210527,0.8308809210526316,0.0,0.0,6.61662140288889,0.0,0.0,5.555555555555556,0.0,1500.0,3000.0
14660,14744,0,0,0,0,1336.1111111111113,0.06353139293139293,0.239710395010395,0.8913577962577963,0.0,0.0,2.5150711832388892,1.1269287948006759,0.0,5.555555555555556,22.222222222222225,1500.0,3000.0
14673,14757,0,0,0,0,1908.3333333333335,0.0637372634643377,0.17953551673944687,0.8405088791848618,2.77777777778,0.0,5.013434227527778,1.277034259466139,0.0,0.0,41.66666666666667,1500.0,3000.0
14684,14768,0,2,0,0,1536.1111111111113,0.11865913200723327,0.4165623869801085,0.8929573236889693,2.77777777778,1.5226191507569307,7.705287479500002,1.1274832349932322,528.2,16.666666666666668,375.0,1500.0,1295.91432338
14688,14772,0,0,0,0,3000.0,0.06245074074074074,0.286077037037037,0.887785925925926,0.0,0.0,5.213726734000001,0.7963116401738131,0.0,11.111111111111112,11.111111111111112,1500.0,1592.13078773
14692,14776,2,6,2,1,35494.444444444445,0.13123135075911724,0.3095543903584285,0.8759479965565816,13.888888888899999,0.4322602362659654,0.0,2.0604018284073224,445.625,86.11111111111113,69.44444444444446,191.62290649,1147.10742252
14700,14784,0,0,0,0,1041.6666666666667,0.06128293333333334,0.288012,0.874308,11.1111111111,2.2807614100183216,4.560125030666667,1.598708145492178,0.0,2.777777777777778,22.222222222222225,1500.0,3000.0
14703,14787,0,1,0,0,11169.444444444445,0.18564332255657798,0.24114889331012188,0.8723785874160657,5.55555555556,0.3897572312778461,3.101015813361111,1.8708302238413212,0.0,38.88888888888889,61.11111111111112,901.483718318,380.98631212
14716,14800,0,2,2,0,4230.555555555556,0.11568082731451085,0.21825239658568613,0.8732850295469468,11.1111111111,0.07347186079611447,8.845841939972223,1.8879626260439661,158.4,55.555555555555564,208.33333333333334,627.0527568,495.91132606
14720,14804,30,27,5,2,50119.444444444445,0.126902754530843,0.3193768608324558,0.881803414066397,180.555555556,0.05543328855836874,11.25967254413889,2.080354547908495,146.45,144.44444444444446,483.33333333333337,354.625114508,1162.51125601
14732,14816,0,0,0,0,8505.555555555557,0.07530382103200522,0.17704418680600914,0.8548236120182887,5.55555555556,0.0,5.703052715638889,1.7517857295133048,0.0,2.777777777777778,5.555555555555556,1500.0,547.89891337
14736,14820,0,0,0,0,8880.555555555557,0.0748881138567407,0.24065530184548015,0.8564336252736942,5.55555555556,0.0,10.286374682166668,1.6606103646977186,37.0,33.333333333333336,0.0,1500.0,3000.0
14737,14821,0,2,0,0,16200.0,0.11471320301783264,0.22611448902606307,0.9108159122085048,5.55555555556,1.829437736725785,13.58066596013889,1.833800438313781,0.0,36.111111111111114,19.444444444444446,389.840343207,1383.87932218
14738,14822,0,0,0,1,1305.5555555555557,0.0781163829787234,0.35568893617021274,0.8636472340425532,2.77777777778,0.14755686765884804,5.433252610111111,1.5695047801602051,77.0,0.0,8.333333333333334,1467.84272639,3000.0
14744,14828,0,1,0,0,9838.88888888889,0.07509328063241107,0.1476123658949746,0.8453717673630716,19.4444444444,0.0,12.16414011463889,1.7141512672350958,119.0,27.777777777777782,33.333333333333336,1500.0,3000.0
14748,14832,0,0,0,0,1119.4444444444446,0.10333374689826304,0.21887642679900746,0.8146354838709677,0.0,0.4774451226591206,3.909820523916667,0.0,0.0,0.0,2.777777777777778,1500.0,3000.0
14749,14833,0,0,0,0,4786.111111111112,0.07692257690075449,0.23123366221706326,0.8641224027858387,13.888888888899999,1.5545820685031309,7.890718115972223,1.859777708817181,0.0,2.777777777777778,16.666666666666668,399.719248874,1698.68607541
14753,14837,0,1,0,0,7419.444444444445,0.08407278172968925,0.1886538000748783,0.8636400224634967,19.4444444444,0.0,20.460168740500002,0.9784398219109175,61.5,8.333333333333334,83.33333333333334,632.466540384,1748.35403671
14758,14842,0,0,0,0,486.11111111111114,0.101604,0.37746342857142856,0.8789462857142857,0.0,0.0,4.091210559555556,1.3321790402101223,0.0,5.555555555555556,5.555555555555556,1500.0,3000.0
14760,14844,1,0,1,0,8463.88888888889,0.07531995405316705,0.2637652116836232,0.8685477847062685,2.77777777778,0.0,20.260428183083334,1.9052491670764953,79.5,55.555555555555564,25.0,1500.0,3000.0
14771,14855,0,1,1,0,12172.222222222224,0.07574167047010497,0.23482090369694206,0.8754350524874486,186.11111111099999,0.0,5.710884477277778,1.79151263771413,0.0,8.333333333333334,63.88888888888889,646.00483512,1289.02208338
14776,14860,0,2,0,0,9052.77777777778,0.17127434795949678,0.3405216937710954,0.873933261736729,13.888888888899999,0.0,11.674540928722225,0.16210095345547942,111.944444444,8.333333333333334,158.33333333333334,632.802018733,1068.98045702
14784,14868,12,14,25,1,42411.11111111112,0.11097912627718104,0.3509246397694525,0.874634955462405,108.333333333,0.027055584335521247,5.031731609083334,1.838714980869991,168.833333333,86.11111111111113,244.44444444444449,57.2331704229,878.01705791
14786,14870,4,9,44,3,21252.77777777778,0.13281159325578354,0.41673283230950203,0.8904640569860148,0.0,0.0,10.740307520166667,1.727228416616589,0.0,16.666666666666668,44.44444444444445,558.858888487,1389.71113902
14795,14879,0,1,0,0,2408.3333333333335,0.06700484429065744,0.28720138408304496,0.887375663206459,8.33333333333,0.0,4.829363945694444,1.5670812292933238,0.0,2.777777777777778,19.444444444444446,1145.76003991,820.18090155
14796,14880,0,1,0,1,21300.0,0.0985128716744914,0.3663161450182577,0.8362238262910798,11.1111111111,1.2581676887607627,1.8923722348583338,2.034245632566783,118.307692308,52.77777777777778,47.22222222222223,644.043187623,79.2356904
14803,14887,5,8,8,5,28183.333333333336,0.13898846836191603,0.5100662921348315,0.860573477232407,83.3333333333,0.9482986257883302,9.935219578888889,2.019806049983215,429.921568627,130.55555555555557,752.222222222222,817.861726189,587.75852715
14804,14888,0,1,0,1,23097.222222222223,0.095068959711365,0.29108546001202645,0.8463501503307276,11.1111111111,0.23142827642420213,4.933431534916666,1.5390543391911713,0.0,13.888888888888891,27.777777777777782,1500.0,1008.25196331
14814,14898,2,4,0,0,21775.0,0.0841685674193137,0.22329931113662455,0.8654253603775992,22.2222222222,1.7445087367809764,4.105725669361112,1.6192313451535196,0.0,8.333333333333334,166.66666666666669,1232.95704616,868.799253
14825,14909,1,4,0,1,22308.333333333336,0.10865094010708504,0.2735365085294484,0.8942080064749097,36.1111111111,1.676777470800246,4.842569347388889,1.9610929784094202,0.0,50.0,152.7777777777778,249.871277242,825.38418129
14827,14911,8,5,1,1,49275.0,0.12385922543548115,0.30174138339252493,0.8872109138057387,11.1111111111,0.004629549279635588,5.720073571055556,1.8897818566321845,359.636363636,116.66666666666667,138.8888888888889,714.847822812,1053.76717989
14831,14915,0,2,0,0,7155.555555555557,0.09443466614906833,0.3290463897515528,0.8597511645962733,2.77777777778,0.0,9.510762558888889,1.434991317810733,31.0,5.555555555555556,50.0,1500.0,1182.71400499
14833,14917,1,0,1,0,11766.666666666668,0.1129586402266289,0.2890939801699717,0.8803195467422097,27.777777777799997,1.7618182036647303,0.0,1.500391792599208,73.0,8.333333333333334,58.333333333333336,1312.61058509,1356.49891288
14838,14922,0,2,0,0,2030.5555555555559,0.08575212038303694,0.2973882352941177,0.8523700410396716,2.77777777778,0.0,4.3184831070000005,0.9897386117135833,0.0,11.111111111111112,38.88888888888889,1500.0,1183.43527843
14839,14923,1,4,0,0,10530.555555555557,0.10102906884726985,0.30968918491163283,0.8756807702453179,30.555555555599998,1.5464910211190068,8.372598936027778,1.7697205602787767,79.5,44.44444444444445,47.22222222222223,1386.34915687,2669.49990307
14841,14925,0,0,0,0,1480.5555555555557,0.07472307692307692,0.2701776735459663,0.841237148217636,0.0,0.0,3.6886101530000004,0.0,0.0,0.0,5.555555555555556,268.336659702,2573.41380468
14850,14934,22,9,3,2,64036.111111111124,0.1020698824448011,0.2858551598490435,0.8748765496898451,47.2222222222,0.0,11.000488493833334,1.9581301157290674,200.0,61.11111111111112,105.55555555555556,557.978598824,479.87243212
14851,14935,1,4,3,2,25475.0,0.10817180242067385,0.28557860647693817,0.8547471050049068,11.1111111111,0.5679227695209634,13.012656921138891,1.939093994765366,1045.5,119.44444444444446,94.44444444444446,1500.0,3000.0
14853,14937,0,0,0,0,1063.888888888889,0.02288720626631854,0.15007258485639688,0.8034626631853786,0.0,0.0,3.2620496482222223,0.6365141682948128,0.0,0.0,2.777777777777778,1500.0,3000.0
14857,14941,0,0,0,0,5083.333333333334,0.039598360655737706,0.1608248087431694,0.8554688524590164,5.55555555556,1.3719613183782626,4.8279071951666666,1.1490596969706202,0.0,0.0,19.444444444444446,1500.0,3000.0
14860,14944,0,0,1,0,2327.777777777778,0.07025966587112172,0.37990536992840096,0.8543365155131265,5.55555555556,0.0,6.673453722444445,1.277034259466139,80.0,2.777777777777778,27.777777777777782,1321.15435174,960.25105758
14862,14946,0,0,0,0,438.88888888888897,0.10942911392405064,0.3030506329113924,0.8241873417721519,0.0,0.0,4.132915239222222,0.0,0.0,0.0,0.0,1500.0,3000.0
14866,14950,2,3,0,0,18647.222222222223,0.14506351854610458,0.34508483539401164,0.8768293013555787,13.888888888899999,0.7343173059669295,0.4068453770916667,1.6740230430897727,39.0,94.44444444444446,91.66666666666667,1500.0,749.33891379
14872,14956,1,0,0,0,2650.0,0.06320733752620544,0.24783155136268342,0.8317575471698113,2.77777777778,2.1080863232616482,8.122616785833333,1.1491523765330234,0.0,0.0,13.888888888888891,1500.0,3000.0
14890,14974,1,0,0,0,4316.666666666667,0.07611074646074646,0.24080830115830115,0.8615933075933075,2.77777777778,0.0,5.170126975333334,1.5842952821772025,0.0,11.111111111111112,83.33333333333334,1500.0,1410.95070915
14893,14977,1,0,0,0,1897.2222222222226,0.11959487554904832,0.39100541727672034,0.8830774524158126,0.0,0.0,8.393103575027778,1.3862943611198906,0.0,16.666666666666668,183.33333333333334,1196.55177831,1655.00490698
14897,14981,0,0,0,0,1336.1111111111113,0.07181018711018711,0.24446798336798337,0.8702118503118503,8.33333333333,0.0,8.79935620552778,1.6326309271543518,0.0,0.0,38.88888888888889,1500.0,3000.0
14899,14983,0,0,0,0,502.7777777777778,0.05000497237569061,0.2519220994475138,0.7995734806629835,2.77777777778,1.6481560245615456,7.825374893500001,0.9502705392332347,0.0,5.555555555555556,8.333333333333334,1500.0,2377.47261412
14906,14990,0,0,0,0,1372.2222222222224,0.125501012145749,0.2462912955465587,0.8519097165991902,2.77777777778,0.0,6.423862604555556,0.9347698978582794,0.0,0.0,13.888888888888891,1500.0,3000.0
14916,15000,0,0,1,0,3977.7777777777783,0.08198135474860335,0.21569064245810057,0.869200558659218,5.55555555556,0.0,11.45161183875,1.9674817262116255,0.0,16.666666666666668,55.555555555555564,1500.0,543.10470541
14923,15007,7,8,4,1,51911.11111111112,0.11836876605308219,0.2931494755993151,0.8874105682791096,72.2222222222,1.7175045198233534,4.382948327166668,1.9688125452835128,42.0,58.333333333333336,216.66666666666669,1208.56835836,880.75079169
14926,15010,0,0,0,0,1394.4444444444446,0.07562808764940239,0.24705836653386457,0.7801942231075698,0.0,0.0,4.667549742444445,0.0,0.0,5.555555555555556,0.0,1500.0,2442.22422793
14927,15011,1,0,0,1,9802.77777777778,0.0862534995749504,0.29439076225559646,0.8576711816378577,8.33333333333,0.5404886403521678,13.342088419916669,1.9243715260660434,89.0,50.0,44.44444444444445,1111.26233306,3000.0
14938,15022,0,1,0,0,2747.2222222222226,0.10295328614762386,0.20319241658240647,0.8286026289180991,2.77777777778,0.036928896649823094,10.278553263277779,1.6318165192120806,0.0,16.666666666666668,44.44444444444445,1500.0,3000.0
14947,15031,0,1,0,0,7511.111111111112,0.07886227810650887,0.18632940088757396,0.8490140902366864,16.6666666667,0.0,14.55834765102778,0.765726541446242,0.0,2.777777777777778,33.333333333333336,1384.00975512,1826.52058555
14948,15032,7,3,0,0,12416.666666666668,0.22564031319910516,0.4140312527964206,0.8473752796420582,5.55555555556,0.0,6.54646023188889,1.7798041739057435,0.0,41.66666666666667,5.555555555555556,1500.0,2097.77329189
14953,15037,0,0,0,0,672.2222222222223,0.06422479338842975,0.22035454545454547,0.8201210743801653,2.77777777778,0.27120700935669595,5.76192840813889,1.6560482355798325,0.0,0.0,13.888888888888891,1500.0,3000.0
14961,15045,9,17,5,4,56625.0,0.13389107677213638,0.4793396222712779,0.8670355653666912,86.1111111111,1.2474216638938649,6.641752075583334,1.9026368567176117,527.857142857,144.44444444444446,244.44444444444449,365.403166138,553.40818788
14962,15046,0,2,0,0,355.5555555555556,0.07175546875,0.2701328125,0.81244296875,0.0,0.0,5.294622279722223,0.5623351446188083,0.0,2.777777777777778,0.0,1500.0,3000.0
14969,15053,1,0,0,0,6800.0,0.07467745098039215,0.17458182189542484,0.8334176879084967,8.33333333333,0.0,22.22574932827778,1.000455386213812,0.0,5.555555555555556,38.88888888888889,983.582493097,917.92028223
14972,15056,0,0,0,0,2072.2222222222226,0.08024731903485255,0.19923418230563003,0.8345871313672922,0.0,0.0,5.999508073944446,1.0397207708399179,0.0,0.0,0.0,1500.0,3000.0
14974,15058,0,0,1,0,2325.0,0.06880274790919952,0.27157992831541217,0.8519661887694145,0.0,0.0,8.612426593361112,1.4598382276198365,0.0,0.0,133.33333333333334,1500.0,1068.9436597
14980,15064,4,7,5,0,43955.55555555556,0.18089063447927198,0.399149608190091,0.8654926946410515,25.0,1.7216286869166952,8.781885616694444,1.8932724090733206,225.0,136.11111111111111,97.22222222222223,838.20779172,644.28230867
14983,15067,0,1,3,0,16666.666666666668,0.09782793333333333,0.31970581666666664,0.8565022833333334,30.555555555599998,1.7667254815029148,3.0253246817500004,1.55820442344953,67.0,27.777777777777782,172.22222222222226,982.667254547,1228.24926738
14986,15070,0,1,0,0,727.7777777777778,0.07932251908396946,0.41224312977099237,0.8465545801526718,0.0,0.0,5.071171048194445,0.0,0.0,0.0,0.0,1500.0,3000.0
14987,15071,0,0,0,0,1036.1111111111113,0.0675402144772118,0.38282412868632704,0.8152887399463807,0.0,0.0,1.1155178793027778,0.0,0.0,2.777777777777778,0.0,1500.0,3000.0
14988,15072,0,0,0,0,677.7777777777778,0.07419549180327868,0.25724508196721313,0.8119,0.0,0.0,3.0977999925833335,0.5623351446188083,0.0,0.0,8.333333333333334,1500.0,3000.0
14993,15077,0,1,0,0,13300.0,0.09299419381787802,0.2724578529657477,0.8780714285714286,11.1111111111,0.0,18.20680139075,1.8479136321770595,448.545454545,27.777777777777782,36.111111111111114,1500.0,3000.0
14994,15078,0,0,1,0,2016.6666666666667,0.08083278236914601,0.219366391184573,0.8149760330578513,0.0,0.0,3.760358913305556,0.9502705392332347,0.0,5.555555555555556,5.555555555555556,1066.98611534,3000.0
14998,15082,0,0,0,0,13133.333333333334,0.14592582487309647,0.24450846023688663,0.8675613790186126,2.77777777778,0.2967389262881644,4.7679252742500005,1.8650120568646729,0.0,80.55555555555556,83.33333333333334,1219.17295367,581.12837587
15004,15088,0,1,0,0,6430.555555555556,0.17898116630669547,0.2958091576673866,0.8876212095032397,22.2222222222,1.8143142114977586,3.7631331443055567,1.772411230734135,0.0,38.88888888888889,44.44444444444445,1500.0,2882.66237009
15007,15091,0,1,0,0,2827.777777777778,0.07451994106090373,0.3338167976424361,0.8314679764243614,2.77777777778,0.0,7.451113412833333,1.9276949965815067,0.0,0.0,125.0,1174.1389404,2862.89536174
15010,15094,0,4,0,0,28119.44444444445,0.22831407685468733,0.3557103724192433,0.8911577398004544,16.6666666667,0.7321061049093339,6.3009955232222215,1.84897395213356,363.0,77.77777777777779,75.0,1007.58924285,1750.38865005
15013,15097,0,1,0,0,6641.666666666667,0.05342705980761188,0.16191894604767879,0.8960120451693852,77.7777777778,0.7916663293945457,6.7268327855555565,1.2856155744104338,0.0,2.777777777777778,22.222222222222225,964.12075612,2661.61075682
15014,15098,2,5,1,2,34580.55555555556,0.13334301550325328,0.2948178568559724,0.8767423809141296,16.6666666667,0.0,5.337171918388889,1.7139425990586563,288.0,55.555555555555564,177.7777777777778,902.885994831,1533.63722173
15017,15102,0,0,0,0,277.7777777777778,0.033792,0.16333999999999999,0.8221970000000001,0.0,0.0,0.0,1.5607104090414063,0.0,0.0,2.777777777777778,1500.0,3000.0
15021,15106,1,3,0,0,15794.444444444447,0.09139069644741471,0.24065079141751672,0.8670265036932817,5.55555555556,1.7434778495199859,10.161095475333333,1.6401592646168877,66.2,22.222222222222225,30.55555555555556,973.434439969,500.14372666
15039,15124,1,0,0,0,5691.666666666667,0.16176203025866276,0.32332869692532945,0.8852132747681796,0.0,0.0,1.2569373291472223,0.7356219397587946,0.0,8.333333333333334,72.22222222222223,1500.0,1573.01424995
15050,15135,0,1,1,0,18530.55555555556,0.0974458851746365,0.28369013641133267,0.8407703043022036,16.6666666667,0.0,0.0,1.7373064465447408,0.0,8.333333333333334,125.0,1500.0,1561.4276744
15051,15136,0,0,2,0,11380.555555555557,0.15045960458872346,0.3595450573590432,0.8917397852086892,0.0,0.6800138780083193,0.22425632083583336,1.3219553141532248,0.0,161.11111111111111,30.55555555555556,388.804073211,1472.00738719
15058,15143,1,0,0,0,18236.111111111113,0.15633366336633664,0.285872018278751,0.8642529017517137,0.0,0.0,0.0,0.45056120886630463,66.2,11.111111111111112,2.777777777777778,1200.36329434,820.38376628
15072,15157,0,0,0,0,411.11111111111114,0.059822297297297294,0.2062608108108108,0.8468033783783784,0.0,0.0,5.6034379055,1.0397207708399179,0.0,0.0,2.777777777777778,1500.0,3000.0
15088,15173,1,0,0,0,2594.444444444445,0.06254721627408993,0.17929710920770878,0.8588837259100642,0.0,0.0,7.76525434513889,1.0114042647073518,0.0,5.555555555555556,8.333333333333334,1500.0,2586.05986827
15089,15174,1,0,0,0,883.3333333333334,0.05112767295597485,0.23644245283018867,0.8823176100628931,0.0,0.0,3.1776435173055555,0.0,0.0,0.0,11.111111111111112,1500.0,3000.0
15090,15175,0,7,0,0,40591.66666666667,0.1159982755081092,0.2952512352015329,0.871754957914186,33.333333333300004,1.6672101592830708,8.65276427025,1.929327077316071,378.6,86.11111111111113,102.77777777777779,1003.68325423,664.15072862
15091,15176,0,0,0,1,2830.555555555556,0.09846300294406281,0.23604700686947988,0.8122092247301276,2.77777777778,0.0,7.8682190436944435,1.6035681031705156,0.0,0.0,11.111111111111112,1500.0,3000.0
15096,15181,0,1,0,0,619.4444444444445,0.06679551569506727,0.2778116591928251,0.8737170403587444,0.0,0.0,0.0,0.9502705392332347,0.0,0.0,30.55555555555556,1500.0,3000.0
15097,15182,6,7,0,0,35022.222222222226,0.13455789181472083,0.3543469305203046,0.8685290688451778,19.4444444444,0.5216453306577511,3.184302498027778,1.9334314673766153,59.5,83.33333333333334,69.44444444444446,1018.21454413,166.65212176
15101,15186,1,5,0,0,12058.333333333334,0.1446224602626123,0.3607068417415342,0.8744424326192122,16.6666666667,1.6666809818233388,7.989326209305556,1.825707534065345,70.7073170732,41.66666666666667,94.44444444444446,432.918777733,425.4425563
15105,15190,2,8,2,0,29747.222222222226,0.1060612195349706,0.3680205434681109,0.8538384349612477,41.666666666699996,2.080412204869981,2.480709054488889,2.0388104975218537,47.8333333333,75.0,233.33333333333334,1211.86646015,1118.76609508
15106,15191,0,0,0,0,1313.888888888889,0.1215600422832981,0.2380367864693446,0.865593446088795,2.77777777778,0.43158953000996425,6.006406798111112,1.4586496783662024,0.0,16.666666666666668,108.33333333333334,1500.0,2147.82832917
15108,15193,0,1,0,0,261.11111111111114,0.030125531914893616,0.0989,0.7942563829787234,0.0,0.0,4.432554944666666,0.0,0.0,2.777777777777778,0.0,1500.0,3000.0
15110,15195,0,2,0,0,6302.777777777778,0.15259118554429263,0.3443756280299691,0.9073448655795504,0.0,1.5997528599048025,4.343851102833334,1.69240886298655,128.0,22.222222222222225,33.333333333333336,646.999267873,991.69714192
15120,15206,0,0,0,0,2230.555555555556,0.06416575342465754,0.16363437110834372,0.8595855541718556,0.0,0.0,5.730921828277778,0.9433483923290391,0.0,2.777777777777778,27.777777777777782,1500.0,3000.0
15121,15207,10,4,3,1,39002.77777777778,0.11354979702300405,0.2986689338366213,0.8799207748735844,47.2222222222,1.6682083949047852,2.406440165980556,1.8067260547579842,94.7777777778,33.333333333333336,105.55555555555556,602.099689928,1547.97652683
15122,15208,0,0,1,0,20552.77777777778,0.09411431274496554,0.33948274091093394,0.8427819435058791,19.4444444444,0.0,2.1586399626666672,1.9821161333423112,65.0,16.666666666666668,33.333333333333336,547.372415083,598.8462977
15123,15209,2,7,0,1,16669.44444444445,0.08171401433094484,0.27148578570238296,0.8653807865355774,63.88888888889999,1.6787511585779666,9.655397701305555,1.785574140938821,0.0,27.777777777777782,219.44444444444449,534.331068087,385.4675548
15125,15211,6,9,5,4,18083.333333333336,0.13489771121351765,0.32646907834101385,0.8767192012288787,27.777777777799997,1.7216100720999612,8.855784324194445,1.9206833552873714,143.0,55.555555555555564,216.66666666666669,255.282570707,1221.08518425
15126,15212,0,3,1,0,1497.2222222222224,0.11397105751391466,0.5198200371057514,0.8396317254174398,13.888888888899999,0.35684315003002026,5.585013264777778,1.7782333057997073,0.0,0.0,47.22222222222223,1500.0,3000.0
15133,15219,0,1,0,0,197.22222222222226,0.0673830985915493,0.383656338028169,0.8772830985915493,6.9429080593100005,0.0,2.9923529163611113,0.6931471805599453,0.0,2.777777777777778,11.111111111111112,1500.0,3000.0
15135,15221,2,13,6,1,11019.444444444445,0.10883138391731788,0.2765736072598941,0.8477926644819763,5.55555555556,1.583277297881213,5.717663249166666,1.6653101402887298,504.6,41.66666666666667,100.0,1500.0,1923.9465888
15136,15222,2,7,0,0,5452.777777777778,0.04227294956698931,0.16043372389200203,0.8443711665817627,8.33333333333,0.0,12.98722633088889,1.267504532115771,0.0,2.777777777777778,61.11111111111112,1500.0,1988.00946171
15144,15230,0,0,1,0,4675.0,0.07753178847296494,0.2891636957813429,0.8673973856209151,30.555555555599998,0.0,2.5196392369277776,1.8971162695718202,0.0,11.111111111111112,55.555555555555564,1425.39136472,2330.79123857
15145,15231,0,0,0,1,111.11111111111113,0.1566575,0.63,0.94741,0.0,0.0,0.6926457722861112,0.0,0.0,0.0,2.777777777777778,1032.16359468,3000.0
15155,15241,0,0,3,0,1819.4444444444446,0.11164442748091603,0.44219832061068703,0.8663712977099237,0.0,0.0,0.0,0.5623351446188083,0.0,0.0,8.333333333333334,1500.0,1276.67618346
15158,15244,3,6,1,0,40041.66666666667,0.22362278182448836,0.5113694346167187,0.887535608740895,19.4444444444,0.4625232732079539,4.630760137055556,1.9471613688468608,49.6666666667,150.0,105.55555555555556,393.51471084,1912.16496475
15159,15245,1,2,1,1,10947.222222222224,0.09262342045166203,0.33471857396599847,0.8295977416899264,8.33333333333,1.717738131501632,11.55332210475,1.945187462243707,167.888888889,13.888888888888891,91.66666666666667,1500.0,252.56690403
15163,15249,17,15,5,1,64463.8888888889,0.14126980652389365,0.3125083035291076,0.8866973542465636,63.88888888889999,0.8085139336453385,2.0569501023277774,1.9753699370552165,74.5714285714,63.88888888888889,63.88888888888889,577.97472184,463.00737851
15172,15258,0,0,0,0,497.2222222222223,0.0727631284916201,0.2314703910614525,0.8725474860335196,0.0,0.0,3.756925320722223,0.0,0.0,0.0,0.0,1500.0,3000.0
15173,15259,23,15,16,9,51400.0,0.1288947795071336,0.33131584522265456,0.8799775291828794,19.4444444444,0.2880427490517651,15.88989445788889,1.9404791964937822,136.723404255,161.11111111111111,138.8888888888889,328.68506081,392.74907778
15184,15270,0,0,0,0,2558.3333333333335,0.07892942453854507,0.22001541802388708,0.8305170466883822,0.0,0.21271250200669234,8.46523518563889,1.1205710370360085,0.0,0.0,22.222222222222225,1500.0,2183.92282961
15187,15273,0,2,1,0,22588.88888888889,0.09976690850959173,0.3058567879980325,0.8363918347270045,25.0,0.9658546212376575,5.173060549944444,1.7665266111625557,83.0,47.22222222222223,61.11111111111112,1500.0,1316.70754053
15204,15290,1,2,1,0,3083.3333333333335,0.1007691891891892,0.40602945945945945,0.8651158558558558,5.55555555556,1.7114557836856215,6.406723421333334,1.7071794109802527,100.0,8.333333333333334,272.22222222222223,1500.0,1636.18667633
15213,15299,18,14,5,1,49255.55555555556,0.10619408978118655,0.29147025152267086,0.8856595082337018,44.4444444444,1.2604814427486295,5.900847559000001,1.9001763259355504,102.1875,47.22222222222223,222.22222222222226,543.260762796,761.62356513
15218,15304,0,1,0,0,8494.444444444445,0.13628763897972532,0.26677567037279265,0.8702080117724004,11.1111111111,0.039982577122835,11.697372196444446,1.4907238705460872,300.0,47.22222222222223,38.88888888888889,1104.95810267,1321.2017009
15226,15312,0,0,0,0,1533.3333333333335,0.08580996376811595,0.21387228260869567,0.8747065217391304,5.55555555556,1.687414776026619,9.361651180138889,1.5797618513906606,0.0,25.0,25.0,1500.0,302.04132588
15231,15317,0,0,1,0,1536.1111111111113,0.09791717902350815,0.28354358047016276,0.8764010849909585,11.1111111111,0.0,7.8196145502500025,1.4520440731936837,0.0,11.111111111111112,25.0,1332.53165762,1531.26884725
15249,15335,3,7,1,0,30516.666666666668,0.12750463316948846,0.29958081194247227,0.8924185872929182,77.7777777778,0.0,11.020490107111113,1.40981066209464,134.985915493,58.333333333333336,266.6666666666667,539.679159719,756.58610007
15253,15340,11,7,3,9,59936.111111111124,0.13926106965750568,0.36830377717013485,0.8933394123372109,27.777777777799997,0.1145794444407026,8.186211108083334,2.0177874105736255,533.0,172.22222222222226,80.55555555555556,275.315998236,253.87206805
15261,15348,0,1,0,0,9805.555555555557,0.08913271954674222,0.22087048158640227,0.873949433427762,5.55555555556,0.0,11.693653011166669,1.0534722169054485,0.0,8.333333333333334,130.55555555555557,1500.0,1004.52889078
15262,15349,0,0,0,0,1855.5555555555559,0.08571332335329342,0.2880223053892216,0.8716176646706586,2.77777777778,0.6157616799918948,6.422974894305557,0.7634040692849312,0.0,5.555555555555556,111.11111111111113,1033.26334107,1191.14675778
15266,15353,3,10,3,3,36627.77777777778,0.19328462763537085,0.5293025936599424,0.9013082815106932,33.333333333300004,1.666668816920928,12.312509346722223,1.9088380148959843,0.0,358.33333333333337,586.1111111111112,438.404536468,183.03029678
15276,15363,0,3,0,0,13025.0,0.06992241416080187,0.2212617402431222,0.8396899125613138,8.33333333333,0.0,4.059191698611111,1.2016582388438937,0.0,11.111111111111112,41.66666666666667,1500.0,2156.72302637
15284,15371,7,2,2,0,46816.66666666667,0.10302804082117005,0.2436974961433488,0.9001577904355049,22.2222222222,0.0,4.960264336972223,1.7446503775899531,124.0,25.0,141.66666666666669,996.628305663,476.16433054
15287,15374,0,2,16,1,3394.444444444445,0.11392487725040916,0.27712495908346974,0.858664566284779,13.888888888899999,0.0,1.9772032382333335,1.7041236816587457,216.0,8.333333333333334,166.66666666666669,1368.900241,3000.0
15292,15379,0,0,3,1,888.888888888889,0.13680187500000002,0.233066875,0.8920781249999999,8.33333333333,0.0,10.827073803027776,1.5147569877321136,0.0,33.333333333333336,52.77777777777778,1500.0,352.93748626
15293,15380,18,24,25,4,27258.333333333336,0.11123461734433915,0.3428053602364211,0.8611700703148883,2.77777777778,1.1788718240796863,14.935941047750003,1.9961277174890963,89.3333333333,147.22222222222226,61.11111111111112,1314.70202792,609.30618052
15309,15396,0,0,0,0,916.6666666666667,0.1039990909090909,0.45423454545454545,0.8672263636363637,0.0,0.0,6.939580812472222,0.0,0.0,5.555555555555556,50.0,1387.83813601,3000.0
15314,15401,0,0,0,0,3044.444444444445,0.06836724452554745,0.21021085766423356,0.8365787408759124,0.0,1.6890886452346032,2.1052130085500003,0.9556998911125343,0.0,2.777777777777778,13.888888888888891,1500.0,3000.0
15319,15406,0,0,0,0,177.7777777777778,0.106240625,0.41831875,0.904234375,0.0,0.0,0.9299300871166668,0.0,0.0,0.0,2.777777777777778,1500.0,3000.0
15322,15409,3,1,0,0,6002.777777777778,0.06821568718186025,0.18773697362332253,0.8942909301249421,5.55555555556,0.3278336090736472,1.835548520163889,1.6480190592046622,63.5,2.777777777777778,136.11111111111111,799.858582195,1204.10507644
15327,15414,8,10,0,3,37661.11111111112,0.1484016300339283,0.420854727835964,0.8719933692284998,22.2222222222,0.5533767085911765,7.763391335111112,1.9622852799211588,83.0,258.33333333333337,247.22222222222226,350.414400225,487.57834972
15328,15415,4,8,2,3,12788.88888888889,0.11877495655951345,0.22087152476107733,0.8230807341442223,2.77777777778,0.0,14.045386314194445,1.9008191487117687,95.5,183.33333333333334,86.11111111111113,1500.0,320.16195061
15341,15428,16,31,29,5,39194.444444444445,0.08945963146704465,0.2370705457122608,0.8568856059532246,58.3333333333,2.0630880722144807,5.1244851472777775,2.046955428503748,125.4,91.66666666666667,150.0,1500.0,1483.94523269
15343,15430,0,1,0,0,2408.3333333333335,0.06255536332179931,0.21983840830449827,0.8579754325259515,11.1111111111,0.0,8.139755527916668,1.6370753492249692,0.0,2.777777777777778,77.77777777777779,1500.0,1890.6996339
15348,15435,0,0,0,0,255.55555555555557,0.0690554347826087,0.31166739130434784,0.8646739130434782,0.0,0.0,6.182319719083333,0.0,0.0,0.0,5.555555555555556,1500.0,3000.0
15375,15462,0,1,0,0,7072.2222222222235,0.08317780832678712,0.18370616653574234,0.8275367635506677,2.77777777778,0.03234629732741994,7.5855002085555565,1.7179640228805915,55.5,22.222222222222225,75.0,1500.0,1088.51520092
15380,15467,0,0,0,0,1022.2222222222223,0.0764695652173913,0.19923668478260873,0.8675429347826088,2.77777777778,0.027459546815341893,1.0621410438111114,1.3862943611198906,0.0,5.555555555555556,11.111111111111112,942.086531944,793.32101132
15382,15469,0,1,0,0,602.7777777777778,0.04841797235023042,0.16604377880184332,0.8510958525345622,0.0,1.707659277486356,2.4644958716472223,1.0986122886681096,0.0,0.0,5.555555555555556,1500.0,3000.0
15387,15474,0,5,9,1,10458.333333333334,0.08054037184594955,0.21895535192563081,0.8502701195219123,33.333333333300004,1.1601457058509845,9.47329935252778,1.4979897174081016,33.0,13.888888888888891,119.44444444444446,1166.05360416,2633.08945983
15399,15486,2,4,0,8,80847.22222222223,0.1326797526198248,0.29551449922693696,0.8917400755883869,77.7777777778,1.8185510137962297,6.366901981222222,1.7542584597381619,82.9090909091,125.0,338.8888888888889,726.180402307,311.33309771
15404,15491,3,7,0,1,29322.222222222226,0.08754409814323608,0.22375930276619932,0.8659377036756347,27.777777777799997,0.0,13.386318544194445,1.8349070275573238,46.0,16.666666666666668,150.0,1365.25679666,342.45108341
15415,15502,1,0,0,0,6894.444444444445,0.08487018533440774,0.24408980660757457,0.8456883561643836,13.888888888899999,0.27202278794018087,10.645992604166667,2.0026157988781694,0.0,16.666666666666668,27.777777777777782,1500.0,3000.0
15427,15514,0,0,0,0,4902.777777777778,0.07674951841359773,0.2936728045325779,0.8561201699716714,2.77777777778,1.6715821210317219,1.576961421322222,1.700490452318701,0.0,16.666666666666668,113.88888888888891,1500.0,1378.97592745
15430,15517,0,2,0,0,31658.333333333336,0.08366824602965693,0.31863008686496447,0.863755181188032,13.888888888899999,0.0,8.932175486777778,1.4301030049597612,63.0,8.333333333333334,30.55555555555556,1500.0,3000.0
15432,15519,0,1,0,0,6783.333333333334,0.07942178542178542,0.3061882882882883,0.8328775184275184,0.0,0.0,1.2797099999972223,1.7411470886212932,78.0,8.333333333333334,11.111111111111112,869.587809165,1308.33288487
15433,15520,0,0,0,0,697.2222222222223,0.07915418326693227,0.42144223107569717,0.8461972111553785,2.77777777778,1.0794033920933883,1.0579600420611113,1.6434340961114338,52.0,13.888888888888891,36.111111111111114,1103.79884548,2641.4604881
15443,15530,0,3,0,0,31363.888888888894,0.11726997608714905,0.3068811797006465,0.8625847134886192,33.333333333300004,0.5969664668098945,7.514087000111112,1.9492905785644385,60.4545454545,97.22222222222223,305.5555555555556,672.322436789,824.35959758
15444,15531,0,0,0,0,200.0,0.016675,0.371,0.8097458333333333,0.0,1.0047988741065828,0.0,0.0,0.0,2.777777777777778,0.0,1500.0,3000.0
15448,15535,0,0,1,1,7783.333333333334,0.10631352605281941,0.22926263383297646,0.8455059243397572,5.55555555556,0.0,15.80129295288889,1.9569977916094075,79.75,58.333333333333336,33.333333333333336,1500.0,3000.0
15454,15541,2,3,0,1,49055.55555555556,0.1378741732729332,0.4158254416761042,0.8791616704416761,13.888888888899999,1.1039544214906192,1.315079682277778,1.960688932209322,270.0625,102.77777777777779,275.0,777.390556278,303.39038707
15458,15545,1,2,1,0,11161.111111111111,0.10686110004977602,0.18257849676455948,0.8374948232951718,16.6666666667,0.8715551052977002,4.417748525166667,1.8868504359765352,66.25,55.555555555555564,5.555555555555556,1500.0,3000.0
15459,15546,0,1,0,0,2205.555555555556,0.1364323677581864,0.31638324937027706,0.8847065491183879,2.77777777778,1.4208563154079696,7.4553212188055555,1.333074293476779,110.0,2.777777777777778,102.77777777777779,277.875813079,3000.0
15460,15547,0,3,0,0,8197.222222222223,0.1011997627922738,0.29608698746187734,0.8804640799728906,8.33333333333,0.0,0.0,1.9058558633904668,0.0,116.66666666666667,5.555555555555556,747.049658979,1926.19029843
15462,15549,1,0,1,0,15816.666666666668,0.07956617492096944,0.2204256234632947,0.8582622936424306,25.0,0.0,4.316971232555556,1.5221375175647176,50.0,19.444444444444446,119.44444444444446,1148.96760644,1306.78195075
15469,15556,4,4,0,0,8430.555555555557,0.09434922570016474,0.26790144975288305,0.8611130148270182,36.1111111111,0.1469309756289916,6.244220762888889,1.7230643687987839,0.0,36.111111111111114,191.66666666666669,1500.0,1717.01449781
15471,15558,1,4,0,0,19961.111111111113,0.07950947676036738,0.2143924993042026,0.8634228778179794,22.2222222222,0.0,2.0852970775361115,1.7553780562169377,0.0,25.0,58.333333333333336,1500.0,1984.48518644
15473,15560,0,1,0,0,4425.0,0.08410037664783428,0.35795681104833643,0.863920464532329,0.0,1.6754661853438173,3.716200370222223,1.3592367006650063,0.0,0.0,66.66666666666667,357.153212901,1872.1496396
15481,15568,0,2,1,1,23577.77777777778,0.12333877238454288,0.25470294533459,0.8884218779453346,11.1111111111,1.0164697079899763,0.0,1.658634739997674,126.568181818,33.333333333333336,41.66666666666667,152.405343879,771.62701028
15486,15573,0,0,0,0,7530.555555555557,0.14759251198819623,0.21053957949096272,0.8511087052748064,5.55555555556,0.0,3.3527530297777783,1.7036036870768962,48.0,19.444444444444446,25.0,864.214670915,1018.75060933
15500,15588,2,4,3,1,56738.8888888889,0.15383415744639187,0.2840675266816802,0.8755516155879761,16.6666666667,0.0,0.5194277470944445,1.8171332101064102,0.0,108.33333333333334,55.555555555555564,902.305442882,725.37635585
15503,15591,5,3,2,1,41058.333333333336,0.10063247412218389,0.3486373723022799,0.8320962587105067,16.6666666667,1.68464327147253,25.225829360861113,1.9271975790077354,944.142857143,69.44444444444446,108.33333333333334,1500.0,578.51696815
15507,15595,0,5,0,0,25202.77777777778,0.10250359307836437,0.2643319629670451,0.8602431279620852,33.333333333300004,0.21251689778092786,5.465317169527778,1.6918943884648943,444.571428571,30.55555555555556,113.88888888888891,437.704219295,1580.57583375
15509,15597,2,7,2,1,18547.222222222223,0.08916637711547101,0.2495920473266437,0.8535543058259697,25.0,1.0118492699275756,13.407449127472225,1.8856576929687352,60.25,38.88888888888889,61.11111111111112,792.193003687,433.9196983
15514,15602,0,0,0,0,375.0,0.10542592592592592,0.19808444444444442,0.8418800000000001,0.0,0.7993643127979143,3.2651441496666664,0.6931471805599453,0.0,2.777777777777778,2.777777777777778,1500.0,3000.0
15519,15607,3,5,0,1,27636.111111111113,0.13360776962508794,0.26908587797768624,0.8833263041511711,25.0,0.43014582311865335,2.0893014690666667,1.8047449715050314,83.0588235294,38.88888888888889,69.44444444444446,340.502933983,708.74727436
15520,15608,0,0,0,0,319.4444444444445,0.08206521739130435,0.27566347826086957,0.8072347826086956,0.0,0.0,0.0,0.0,0.0,0.0,0.0,1500.0,3000.0
15529,15617,1,0,0,0,600.0,0.04251620370370371,0.16198055555555554,0.8320777777777778,0.0,0.0,5.118505546250001,0.0,0.0,0.0,0.0,1500.0,3000.0
15549,15637,0,1,0,0,113.88888888888891,0.024390243902439025,0.5365853658536586,0.9009756097560975,0.0,0.0,2.405025011977778,0.6931471805599453,0.0,0.0,5.555555555555556,1500.0,1454.0314579
15563,15651,1,5,3,4,32505.555555555562,0.13429397538882243,0.42112656810801574,0.8591208767732013,33.333333333300004,1.1407779981240307,1.5781409855194446,2.031364857031488,83.3333333333,130.55555555555557,122.22222222222224,429.322496502,756.94743218
15573,15661,0,2,0,1,4069.4444444444453,0.09890361774744028,0.23432020477815702,0.8720951535836178,7.6889048530499995,0.0,4.521556411222222,1.8331679106019523,972.0,5.555555555555556,27.777777777777782,1500.0,2680.26227832
15578,15666,4,3,9,4,89469.44444444445,0.11961040081964668,0.4356953242882424,0.8695849948772083,38.8888888889,0.0,0.0,1.9037128834585846,618.833333333,72.22222222222223,69.44444444444446,1500.0,460.38716968
15581,15669,1,16,1,2,38647.222222222226,0.1229967009271904,0.3735965931143535,0.8514078918996623,2.77777777778,0.3725738627895795,14.158257615333335,1.876573981522066,425.5,111.11111111111113,100.0,1500.0,516.60812173
15585,15673,0,0,0,0,147.22222222222226,0.02727547169811321,0.26243396226415094,0.7735622641509434,0.0,0.0,3.314366752305556,0.6365141682948128,0.0,5.555555555555556,2.777777777777778,1314.18647298,1357.7761602
15601,15689,1,0,0,2,7633.333333333334,0.078027365356623,0.37536917758369726,0.8457429403202329,47.2222222222,1.689137141092875,3.533888070722222,1.6586595716807686,0.0,16.666666666666668,100.0,1500.0,2166.7651767
15611,15699,0,0,0,0,7377.777777777778,0.15474751506024098,0.47174710090361444,0.8728432605421685,2.77777777778,1.6959129014046945,4.748036179666666,1.531824747015207,0.0,19.444444444444446,150.0,612.045761904,509.93246077
15613,15701,10,13,3,5,45230.55555555556,0.10692928821470245,0.3542450654056378,0.8597966713750538,27.777777777799997,0.0,8.736390900555556,1.9610265749785942,114.125,80.55555555555556,100.0,1500.0,587.30412215
15622,15710,1,0,0,0,538.888888888889,0.09260309278350515,0.36021958762886597,0.8555963917525774,0.0,0.0,5.365551278527778,1.6094379124341005,0.0,2.777777777777778,8.333333333333334,715.625416368,727.40037476
15629,15717,0,1,1,2,6913.8888888888905,0.12136528726396142,0.46293547609481717,0.834640016070711,5.55555555556,1.9569770144280698,2.2342329235972223,0.9661165467028439,138.0,13.888888888888891,261.11111111111114,860.711257082,1401.73533584
15630,15718,11,10,3,1,61058.333333333336,0.13709822574041217,0.30725914198626086,0.879461057276739,38.8888888889,1.6996636688808702,0.606220737638889,1.9722749513099327,137.294117647,77.77777777777779,52.77777777777778,639.732359457,347.47223989
15633,15721,3,8,0,1,20830.55555555556,0.0966220029337245,0.32198183757834375,0.8554422322976397,16.6666666667,0.07952505797081101,3.281585734444445,1.8769112269388997,57.5,44.44444444444445,172.22222222222226,619.647138793,3000.0
15639,15727,0,8,16,0,24677.77777777778,0.11368631247185952,0.3743740319675822,0.8561410288158487,22.2222222222,0.3339106514082651,16.247416397666665,1.855025909999474,462.394736842,52.77777777777778,316.6666666666667,1023.58122527,1201.7323285
15642,15730,0,3,0,2,5802.777777777778,0.07197142173288655,0.21448286261369076,0.8421544279559599,5.55555555556,1.99555270606785,8.979361001555555,1.5886733445146897,0.0,19.444444444444446,19.444444444444446,1500.0,3000.0
15644,15732,0,0,0,0,12441.666666666668,0.10487939272158964,0.4343408350078143,0.8580292029470864,13.888888888899999,0.0,0.0,1.5102265164189705,581.0,2.777777777777778,36.111111111111114,673.555865841,1213.39700468
15646,15734,0,0,0,1,4747.222222222223,0.06441445289643066,0.24959122293739028,0.8592834991222937,16.6666666667,1.5201238521247056,4.988533989055556,1.5848588332257123,36.0,41.66666666666667,125.0,1500.0,2986.67368912
15648,15736,0,1,0,1,23850.0,0.13360065222455159,0.46613018867924527,0.8710672373631493,11.1111111111,0.12487619247940561,2.6635722594638893,1.8056815589417126,635.5,55.555555555555564,138.8888888888889,1223.15023474,1180.48441897
15654,15742,0,5,0,0,3497.2222222222226,0.10403486894360603,0.21868141382049247,0.848886656076251,61.111111111099994,0.0,3.747945637888889,0.8598970473108754,0.0,5.555555555555556,269.4444444444445,1500.0,895.0520721
15666,15755,0,0,0,0,2536.1111111111113,0.1694077765607886,0.3626430449069003,0.8704054764512597,0.0,0.0,15.089721011805556,1.0397207708399179,0.0,27.777777777777782,188.8888888888889,888.069773217,2060.59105442
15667,15756,1,0,0,0,15802.777777777781,0.15745895587976796,0.28954944629987694,0.9126140622253471,5.55555555556,0.4939153716256218,0.0,1.758628605762085,35.0,36.111111111111114,27.777777777777782,457.077390653,1206.4554527
15681,15770,2,9,0,1,64886.111111111124,0.12851853675242947,0.3240392011644334,0.893098403185068,25.0,1.5377729098547044,4.562431076500001,1.8366465810240507,343.25,72.22222222222223,75.0,425.742932336,912.04441133
15683,15772,0,1,0,1,9372.222222222224,0.09398704801422644,0.24546769413159453,0.8366213100177831,13.888888888899999,0.3543676458382549,11.674239681444446,1.9487739942000237,110.0,33.333333333333336,47.22222222222223,1500.0,3000.0
15690,15779,0,0,0,0,36.111111111111114,0.0,0.4102153846153846,0.8769230769230769,16.714725015699997,0.0,3.4536869173888887,0.2337916587064593,0.0,0.0,63.88888888888889,1500.0,2518.34007649
15693,15783,7,13,1,0,23483.333333333336,0.08795088715400994,0.2735768985095813,0.8592438135793707,16.6666666667,0.7769776283069911,6.8549390315,1.7880467917433172,30.0,8.333333333333334,88.8888888888889,1500.0,1411.99133609
15694,15784,2,1,0,0,6861.111111111112,0.08353935222672064,0.30895441295546555,0.8693134817813765,0.0,0.0,7.981993150361112,1.8760099784379491,110.0,8.333333333333334,125.0,1466.43430006,1475.19693157
15704,15794,0,0,0,0,158.33333333333334,0.023396491228070172,0.13019122807017544,0.9093631578947369,0.0,0.0,2.0488815954611113,0.6837389058487535,0.0,0.0,5.555555555555556,1500.0,3000.0
15706,15796,1,2,0,0,8286.111111111111,0.08712983573583641,0.28852101910828026,0.8361397586322494,11.1111111111,0.5731370922964518,8.556757517694445,1.8359055101757344,100.0,27.777777777777782,13.888888888888891,1500.0,3000.0
15721,15811,0,1,0,0,2386.1111111111113,0.1252428405122235,0.4976187427240978,0.8779817229336437,2.77777777778,1.732361453151607,1.6699412302111112,1.5624669281927281,73.0,11.111111111111112,72.22222222222223,1500.0,1759.65130926
15723,15813,0,4,0,0,17422.222222222223,0.06100593112244898,0.1739888073979592,0.8612874043367347,5.55555555556,1.784005464772292,2.9771799247222224,1.827909100272482,661.0,25.0,33.333333333333336,1500.0,3000.0
15724,15814,4,8,0,2,18177.77777777778,0.0867528422982885,0.25175,0.8629407243276284,41.666666666699996,0.0,16.404567420861113,1.7584165110048968,71.6,25.0,247.22222222222226,1500.0,1285.83528907
15736,15826,1,2,0,0,17250.0,0.13550206119162642,0.31297648953301127,0.881787729468599,8.33333333333,0.29197085512561,8.010386962444445,1.7189077662908216,46.0,155.55555555555557,19.444444444444446,1500.0,538.57567823
15742,15832,0,0,0,0,908.3333333333334,0.07171712538226299,0.2987030581039755,0.8842220183486239,11.1111111111,1.749896126581988,0.16901380321555556,1.6260206924207543,0.0,13.888888888888891,147.22222222222226,288.101822261,2018.02191679
15743,15833,1,3,1,1,33841.66666666667,0.16648644832963966,0.2446714848559468,0.8405832389395059,16.6666666667,0.0,5.037950093666668,1.9683937365217061,218.0,72.22222222222223,13.888888888888891,1500.0,2898.50758122
15745,15836,0,1,0,0,3902.7777777777783,0.09329572953736655,0.19080398576512458,0.8472034875444839,0.0,1.685100965370058,7.407040623555556,1.6305419955444433,0.0,5.555555555555556,27.777777777777782,1500.0,3000.0
15755,15846,1,2,0,2,16502.77777777778,0.14437244571620939,0.34163871402120854,0.8921123211580543,8.33333333333,1.8630480468982016,0.0,1.8064849831162952,435.0,125.0,27.777777777777782,652.794537336,1326.37459534
15764,15855,2,4,1,2,27575.0,0.13660813941774957,0.39576671703435073,0.8730540545985696,19.4444444444,1.6701890320554527,8.723777622666669,1.9431488037563018,105.714285714,180.55555555555557,205.55555555555557,1012.49264862,221.73212578
15774,15866,1,2,0,1,9238.88888888889,0.0728137402285027,0.20842856283824412,0.8521034876728804,8.33333333333,0.0,12.180839331388889,1.6704137324457244,81.0,38.88888888888889,33.333333333333336,1032.36428499,542.48338441
15777,15869,0,2,0,0,6255.555555555556,0.07495883658969804,0.2066257104795737,0.8723443605683837,2.77777777778,0.0,7.82047381638889,1.8421167836114503,0.0,5.555555555555556,41.66666666666667,1500.0,3000.0
15780,15872,10,9,7,1,15961.111111111113,0.12159510964148974,0.2804679777236338,0.8757196484510965,16.6666666667,0.8399967388605821,5.9976417067500005,1.9702759660151177,61.0,86.11111111111113,427.7777777777778,603.434956597,992.01675454
15781,15873,0,8,3,0,9925.0,0.08583070249090399,0.2302029107192835,0.8222842429331094,16.6666666667,0.4588581932105359,10.32174310363889,1.554499306125378,0.0,16.666666666666668,69.44444444444446,1219.39728635,1211.35266014
15782,15874,1,0,0,0,177.7777777777778,0.0513140625,0.4136125,0.883103125,0.0,0.0,6.2812729534722225,0.6931471805599453,0.0,0.0,2.777777777777778,1500.0,2583.29928166
15784,15876,0,4,1,0,15583.333333333334,0.09544559714795009,0.2732794830659537,0.8653834581105169,22.2222222222,0.41963180928409066,6.314450564666666,1.99504796693446,0.0,44.44444444444445,77.77777777777779,1500.0,964.42430699
15792,15884,0,0,0,1,636.1111111111112,0.09638122270742358,0.2769170305676856,0.8404087336244541,0.0,0.0,2.456225570063889,0.0,0.0,0.0,5.555555555555556,1500.0,3000.0
15795,15887,0,0,0,0,6122.222222222223,0.08773058076225046,0.2520708257713249,0.8244727313974591,0.0,0.0,5.250234406861112,1.567866948181738,0.0,5.555555555555556,19.444444444444446,1500.0,804.2170298
15796,15888,4,9,3,3,39316.66666666667,0.1403020983467571,0.3459060618906316,0.8901510456408082,22.2222222222,0.30219458209644934,4.017634046416667,1.8800807402519126,358.5,147.22222222222226,108.33333333333334,306.038475997,714.47003246
15797,15889,0,1,0,0,8472.222222222224,0.08743439344262294,0.295118131147541,0.8698453114754099,13.888888888899999,1.6693355663607707,8.588272028611113,1.7927950135051696,57.0,11.111111111111112,111.11111111111113,1500.0,3000.0
15800,15892,0,1,0,2,11161.111111111111,0.07958656047784968,0.3049358885017422,0.8616904430064709,11.1111111111,0.0,3.4936032351111113,1.88355361100197,0.0,44.44444444444445,25.0,1020.44800048,3000.0
15804,15896,2,11,2,0,18261.111111111113,0.09291184971098267,0.26137310617584425,0.8572913294797688,22.2222222222,0.0,13.467124999694446,1.7674868906954955,293.0,30.55555555555556,219.44444444444449,735.997174389,1714.61188479
15807,15899,0,0,0,0,583.3333333333334,0.06902333333333333,0.3454014285714286,0.8033780952380952,2.77777777778,0.0,7.699355376055555,0.0,0.0,0.0,0.0,1073.41068701,3000.0
15809,15901,0,3,1,2,12586.111111111111,0.11922059148090929,0.4553948355771352,0.8803376958728758,13.888888888899999,0.7651446819346238,5.3960740419722235,1.9628358092453846,488.090909091,108.33333333333334,227.77777777777783,244.299553532,378.85881144
15812,15904,1,3,0,0,10458.333333333334,0.15336531208499335,0.3831846215139442,0.8321331208499336,5.55555555556,0.631927465387289,6.6436977165833335,2.0080278247083165,0.0,38.88888888888889,58.333333333333336,1104.47284095,2096.57811728
15817,15909,2,9,0,0,46891.66666666667,0.10854870564540015,0.41501098868550446,0.8610400627924886,69.4444444444,0.9019270316423871,9.314840523694446,1.734204298951937,255.6,30.55555555555556,111.11111111111113,907.055968481,852.41766378
15822,15914,0,0,0,0,2411.1111111111113,0.18729182027649768,0.23536520737327188,0.8775785714285714,0.0,0.0,0.0,0.6931471805599453,0.0,2.777777777777778,11.111111111111112,1500.0,1999.91519662
15828,15920,0,1,0,0,486.11111111111114,0.09013828571428571,0.22983714285714285,0.952852,0.0,0.0,2.6785380015694447,1.5607104090414063,0.0,8.333333333333334,0.0,1500.0,3000.0
15837,15929,1,1,0,0,10627.77777777778,0.0737082331416623,0.24298758494511238,0.8511241766858337,5.55555555556,1.1035360838325663,6.091761453916668,1.2309770833358624,0.0,13.888888888888891,119.44444444444446,1500.0,2092.43050285
15846,15938,1,0,0,0,9344.444444444445,0.09114179548156956,0.34284863258026155,0.8542807966706302,0.0,1.7011429149747337,0.0,1.2654130965141723,0.0,5.555555555555556,0.0,1151.21891729,1004.82626068
15864,15956,0,2,1,0,22855.55555555556,0.12254292659212444,0.44338371414681577,0.8691508142926593,25.0,0.9349918697638178,0.0,1.825342834501189,1031.4,44.44444444444445,138.8888888888889,699.693134101,1578.99834395
15868,15960,4,2,0,3,25800.0,0.13046854005167957,0.3107260766580534,0.9019058785529716,41.666666666699996,1.9140635722429724,2.6092060540833337,1.603683831577403,213.0,38.88888888888889,138.8888888888889,179.899115266,957.60385738
15876,15968,0,0,0,0,1572.2222222222224,0.05833374558303887,0.16252226148409893,0.8261056537102474,0.0,0.0,1.9210880530111112,0.0,0.0,2.777777777777778,0.0,1500.0,3000.0
15886,15978,1,2,0,0,4497.222222222223,0.07151043854231007,0.21548739962940086,0.8592053736874614,105.555555556,0.0,7.6419371646666665,1.4141483114327016,0.0,5.555555555555556,150.0,736.832156255,3000.0
15900,15992,0,8,0,0,6850.0,0.09000344687753446,0.2282765612327656,0.8483367802108679,72.2222222222,0.0,13.690457976527778,1.1369673139975645,0.0,8.333333333333334,255.55555555555557,1500.0,364.64587758
15904,15996,1,0,0,0,3258.3333333333335,0.07319113384484228,0.27190485933503833,0.8626480818414323,2.77777777778,0.0,3.116390578527778,1.1952684170869834,0.0,0.0,55.555555555555564,1500.0,1855.6746212
15905,15997,1,1,0,3,10438.88888888889,0.13039656732304417,0.3476353645556147,0.8676441458222458,11.1111111111,0.22737698453188265,6.46646735538889,1.7394536289512228,354.666666667,94.44444444444446,66.66666666666667,1500.0,665.23258081
15909,16001,1,0,0,0,3850.0,0.08344256854256854,0.18684848484848485,0.8643285714285714,0.0,0.0,3.656913279111112,0.0,0.0,0.0,8.333333333333334,1500.0,3000.0
15915,16007,1,0,0,0,3077.777777777778,0.059247833935018056,0.15967084837545126,0.8498417870036101,0.0,1.3325973806559475,3.6357006230555564,1.3879877765518975,0.0,0.0,33.333333333333336,1500.0,3000.0
15924,16016,0,4,4,1,11725.0,0.06793489694385217,0.16873963515754561,0.8598637289741767,27.777777777799997,1.2427371449294269,1.3086309185277778,1.5555478261523994,0.0,5.555555555555556,63.88888888888889,1452.6182547,1555.80107125
15925,16017,1,5,0,0,18005.55555555556,0.12073569885837704,0.27868446467139774,0.8392124344338167,5.55555555556,0.9323199994792227,7.81921758325,1.8400342503018194,513.666666667,163.8888888888889,58.333333333333336,1500.0,2062.36387194
15929,16021,1,2,1,1,11244.444444444445,0.16969125494071147,0.39496519268774705,0.8612237154150197,8.33333333333,0.9323640443075266,3.222731454111111,1.4827743429365008,0.0,169.44444444444446,261.11111111111114,341.201705439,1482.8818892
15954,16046,0,1,0,0,5247.222222222223,0.1289705664372684,0.2618934356802541,0.8667755955532027,114.250916721,0.4088515323815078,2.3143778840750002,1.9209699566893863,0.0,11.111111111111112,61.11111111111112,474.71760558,744.41580578
15956,16048,1,4,0,0,555.5555555555557,0.09735350000000001,0.203141,0.881387,5.55555555556,0.662812748002609,4.857895555555555,1.5315392542960464,0.0,8.333333333333334,0.0,1154.91386495,920.25013358
15957,16049,0,2,0,0,3958.3333333333335,0.1051341052631579,0.196791649122807,0.873204701754386,2.77777777778,2.2127248826725903,1.7370239006638892,1.0908672785734947,48.0,5.555555555555556,30.55555555555556,1500.0,1218.06701791
15960,16052,0,0,0,1,550.0,0.08473535353535354,0.2588080808080808,0.8613161616161616,0.0,0.0,5.597770920277779,0.6931471805599453,0.0,8.333333333333334,5.555555555555556,1500.0,2300.13235925
15967,16059,2,1,1,0,5330.555555555556,0.08998999478895257,0.1930891089108911,0.8758602918186555,47.2222222222,0.0,3.951215798222222,1.831740878004061,0.0,16.666666666666668,47.22222222222223,590.417968668,1973.08627645
15968,16060,2,4,0,0,24338.88888888889,0.11908595069618809,0.4094319561743894,0.859338016434604,38.8888888889,1.2961345627438587,1.088275608016667,1.0521624499521978,762.0,11.111111111111112,383.33333333333337,363.733297226,2041.5401126
15982,16074,2,1,0,0,23888.88888888889,0.16510884883720928,0.38927772093023255,0.8349857325581396,11.1111111111,0.2254217144398353,0.7205187953472223,1.6227564336075768,86.4285714286,41.66666666666667,16.666666666666668,1144.45947676,1146.23117881
15985,16077,1,1,1,0,12283.333333333334,0.10606417910447762,0.24554045680687472,0.8694992085029398,5.55555555556,1.813874345266688,0.0,1.6141232030972912,57.3333333333,8.333333333333334,33.333333333333336,678.905423505,606.50999504
15989,16081,0,1,0,0,15997.222222222224,0.11211300573016149,0.1977502691439486,0.8660388956416044,19.4444444444,0.0,4.789633851777778,1.4084547167015087,0.0,8.333333333333334,38.88888888888889,1500.0,2166.86269839
15998,16090,1,0,0,0,3708.3333333333335,0.1535991011235955,0.33124599250936326,0.904592883895131,0.0,0.0,0.0,1.7339835697484476,0.0,11.111111111111112,27.777777777777782,1500.0,1301.18652812
16002,16094,0,0,0,0,1883.3333333333335,0.061010029498525076,0.2510783185840708,0.8254063421828909,0.0,1.4264669305512025,0.7260126764805557,1.8571662707505083,0.0,0.0,2.777777777777778,1500.0,3000.0
16008,16100,0,0,0,0,580.5555555555557,0.08656315789473684,0.19836602870813397,0.8237937799043062,0.0,0.0,2.0277361524972224,0.6931471805599453,0.0,0.0,2.777777777777778,1500.0,3000.0
16013,16105,0,3,0,0,1330.5555555555557,0.06133048016701462,0.2553118997912317,0.8370878914405011,41.666666666699996,0.20096770414537182,2.2026468388250007,1.334592953237241,0.0,2.777777777777778,30.55555555555556,617.774091211,2782.16734044
16023,16115,1,3,0,0,4916.666666666667,0.10787361581920904,0.24602435028248587,0.859667627118644,11.1111111111,1.7468329499790685,1.6221524375111112,1.5535740318529356,100.0,8.333333333333334,113.88888888888891,1500.0,990.04049135
16028,16120,10,19,5,1,39363.8888888889,0.15758392491708417,0.3276353609484158,0.8911181285724367,33.333333333300004,0.2753642479888081,7.005483107472223,2.043045762860922,105.222222222,111.11111111111113,122.22222222222224,630.86258723,450.68968683
16031,16123,1,7,0,0,9500.0,0.1482637426900585,0.3566761403508772,0.8555184210526315,0.0,1.2367632896907335,4.914775501805556,2.044841264324889,90.0,36.111111111111114,58.333333333333336,1487.95590017,219.04203196
16032,16124,1,2,0,0,7291.666666666667,0.10476266666666667,0.28554704761904764,0.8522644952380953,22.2222222222,0.2753507912225661,0.6494825497694444,1.5525767499251988,50.0,11.111111111111112,88.8888888888889,1500.0,615.16789818
16033,16125,0,2,0,0,4986.111111111112,0.09738518105849582,0.39779080779944287,0.8514718662952646,13.888888888899999,0.0,4.252713510416666,1.8852672866726714,293.2,11.111111111111112,50.0,1500.0,2133.80705322
16036,16128,0,5,1,2,36355.55555555556,0.17958860024449877,0.4280207212713936,0.8691964242053789,19.4444444444,0.12381559123363149,1.8836814101000001,2.0495039589531423,160.529411765,166.66666666666669,183.33333333333334,411.74671142,1191.49928901
16037,16129,0,1,1,0,1491.6666666666667,0.10483128491620113,0.26323705772811923,0.788616573556797,2.77777777778,1.7602147933021033,4.599917424833333,1.0114042647073516,0.0,0.0,0.0,1500.0,3000.0
16039,16131,1,6,2,0,13066.666666666668,0.16025797193877553,0.24062085459183674,0.8840273596938777,8.33333333333,0.4768539881594822,4.9499884872777775,1.9743658896000729,86.3333333333,58.333333333333336,25.0,209.277623895,405.01339945
16043,16135,0,0,0,0,5713.88888888889,0.07799178415167721,0.22547209528439477,0.8570539620807001,8.33333333333,0.5389809890946722,8.917113114611112,1.5749972630319633,0.0,8.333333333333334,77.77777777777779,1112.43976717,3000.0
16047,16139,1,0,0,0,7591.666666666667,0.05926684961580681,0.2703296011708745,0.8507915477497255,11.1111111111,0.0,9.006506708972223,1.6153285937740443,0.0,13.888888888888891,61.11111111111112,1500.0,1826.57463929
16048,16140,0,1,0,0,5794.444444444445,0.0891349472674976,0.3261620325982742,0.8694658676893576,5.55555555556,0.0,13.339172013055556,1.6199357554533904,126.916666667,33.333333333333336,247.22222222222226,1500.0,1597.85763106
16058,16150,0,1,0,0,1266.6666666666667,0.07738837719298246,0.2986684210526316,0.9060199561403509,8.33333333333,0.07682260041204426,2.8052679718055558,1.20369084743481,0.0,11.111111111111112,30.55555555555556,1500.0,2148.75125041
16070,16162,1,0,0,1,6591.666666666667,0.08858162663295406,0.35646236831015593,0.8542589127686473,25.0,0.0,18.94600386425,1.467373751510782,0.0,13.888888888888891,272.22222222222223,1500.0,2065.0893578
16071,16163,0,0,0,1,158.33333333333334,0.0,0.08903508771929824,0.7889719298245614,0.0,0.0,2.5978947624,0.0,0.0,0.0,11.111111111111112,1500.0,3000.0
16072,16164,3,7,2,8,13491.666666666668,0.08558820259419395,0.3361972205064855,0.8505634548074944,8.33333333333,1.581238798636434,9.67779749138889,1.813769638284798,0.0,19.444444444444446,297.22222222222223,1022.61032466,2453.48646064
16086,16178,0,1,0,0,358.33333333333337,0.10447364341085272,0.24858062015503873,0.8149062015503876,0.0,0.0,9.004011706416666,1.8237930495945587,0.0,5.555555555555556,13.888888888888891,556.648626695,3000.0
16097,16189,1,1,0,0,11008.333333333334,0.1021884935654807,0.30743865758263944,0.8667873075952561,166.666666667,0.0,3.3688059719444445,1.2604720097001012,166.833333333,19.444444444444446,402.7777777777778,482.228343502,1790.69795883
16098,16190,1,6,0,0,28386.111111111113,0.21789286622957235,0.31616475193267446,0.8746931402289853,11.1111111111,1.2832697073440658,0.5495779465638889,1.9639614192653259,93.0,50.0,38.88888888888889,404.231416633,335.74670828
16099,16191,0,0,0,0,844.4444444444445,0.06323355263157894,0.31067730263157894,0.8529013157894736,2.77777777778,0.0,3.5780747879444443,1.0986122886681096,0.0,2.777777777777778,88.8888888888889,1500.0,2066.09032795
16103,16195,1,3,3,3,20972.222222222223,0.19818238410596026,0.2959266622516556,0.8734217483443709,5.55555555556,0.5508943550019658,8.371916410500003,1.607344192542531,59.3333333333,147.22222222222226,72.22222222222223,358.899787938,1171.93482436
16117,16209,1,1,0,0,9002.77777777778,0.1773317494600432,0.24376988583770443,0.8560254859611232,2.77777777778,0.9912694877467029,3.761489431194445,1.8228537978191026,136.0,52.77777777777778,19.444444444444446,1500.0,1962.15162371
16121,16213,4,6,0,0,5955.555555555556,0.09812285447761195,0.23812943097014927,0.8297046641791045,8.54121692049,0.0,8.3709390915,1.5018837820986537,629.666666667,2.777777777777778,94.44444444444446,1500.0,2545.73156453
16124,16216,15,25,10,3,59577.77777777779,0.15140806135770235,0.5019371829541216,0.8628861478925774,66.6666666667,0.26887314280756464,11.430094994222225,1.9918290142456556,491.19047619,275.0,672.2222222222223,882.578221031,85.00953178
16127,16219,0,0,1,0,8094.444444444445,0.09450813315030886,0.29491317776252574,0.8876181194234729,5.55555555556,0.05455062867640458,9.015224709888889,1.2173300346966127,85.0,13.888888888888891,58.333333333333336,789.226283707,352.41271397
16144,16236,0,0,0,0,1836.1111111111113,0.07668804841149773,0.22690892586989408,0.775001512859304,0.0,0.6147265340414702,0.373989695625,0.6931471805599453,0.0,0.0,0.0,1500.0,3000.0
16166,16258,0,4,14,2,9958.333333333334,0.06740217573221757,0.1979702370990237,0.8410709902370991,0.0,0.0,12.710041570583332,1.8904612875052773,481.4375,25.0,111.11111111111113,1500.0,3000.0
16172,16264,0,1,0,0,4013.888888888889,0.09548200692041522,0.257339446366782,0.838138615916955,2.77777777778,1.8592608970627964,5.2090396788055555,1.0929742631263881,0.0,2.777777777777778,33.333333333333336,1489.45493684,3000.0
16174,16266,2,6,0,0,12552.77777777778,0.10960584200044259,0.36255771188316,0.861874928081434,16.6666666667,0.49214700018090535,3.465864415888889,1.5337756425035307,108.5,58.333333333333336,347.22222222222223,1437.50010663,725.11506026
16182,16274,6,18,25,9,30841.666666666668,0.19682368729172295,0.5245706565793029,0.8846661983247771,30.555555555599998,1.008857282025859,8.141141224333332,1.917235392439676,566.681818182,119.44444444444446,544.4444444444445,188.983478595,646.97235743
16183,16275,0,1,0,0,1897.2222222222226,0.05261698389458272,0.13674216691068816,0.8566146412884335,0.0,0.0,0.656287756513889,0.6365141682948128,0.0,5.555555555555556,0.0,1500.0,3000.0
16204,16297,0,1,0,0,9072.222222222224,0.13050734843845682,0.4193705756276791,0.8779719228413961,2.77777777778,1.7953061878722978,1.2746046087111114,1.2888100469859483,0.0,47.22222222222223,16.666666666666668,1500.0,1408.18756588
16209,16302,0,2,0,0,4583.333333333334,0.09119981818181819,0.36210406060606065,0.8738460606060606,8.33333333333,0.0,8.058504845027779,1.6469413993185995,0.0,2.777777777777778,261.11111111111114,1076.71141073,1177.00821881
16216,16309,6,9,2,2,28302.77777777778,0.07021904014132889,0.16520153106291097,0.856174295809206,36.1111111111,0.0,11.251563066527778,1.7916160454436563,0.0,52.77777777777778,97.22222222222223,1500.0,1917.54327298
16228,16321,0,0,0,0,436.11111111111114,0.04475923566878981,0.2058624203821656,0.8284407643312102,0.0,0.0,1.055862895013889,0.0,0.0,0.0,0.0,1500.0,3000.0
16231,16324,2,5,2,0,20744.44444444445,0.1649989957150509,0.3141848687734333,0.8861762453133369,33.333333333300004,0.0,8.661465328472223,1.8161268920953775,62.5,102.77777777777779,261.11111111111114,607.333433423,599.37878413
16236,16329,3,3,2,1,25202.77777777778,0.11300742863440978,0.36415130607296375,0.8805265513060729,11.1111111111,1.3314234777076839,6.635468934277777,1.8443212111177916,0.0,116.66666666666667,63.88888888888889,1032.90458659,293.46313747
16242,16335,7,9,7,3,44397.222222222226,0.16355132328098607,0.3700759619595821,0.8746687918413314,27.777777777799997,0.9451281934476085,8.714012206666666,1.8314264631715937,166.804347826,305.5555555555556,544.4444444444445,167.907497148,103.01482427
16248,16341,1,1,0,0,14205.555555555557,0.1112378373093469,0.3764425694172859,0.8445630230739147,22.2222222222,1.6751170832272089,11.827673358194446,1.6947081755435014,31.0,13.888888888888891,41.66666666666667,511.240997925,1592.41613285
16259,16352,0,1,0,0,136.11111111111111,0.17277959183673472,0.3763714285714286,0.8232204081632654,0.0,1.3370458485490173,2.600978359694445,0.0,0.0,0.0,22.222222222222225,1500.0,3000.0
16276,16369,1,2,0,0,31769.44444444445,0.1585662761213605,0.47353332167526446,0.8845178893066364,25.0,0.0,1.2738586288833336,1.8875671905572209,59.0,55.555555555555564,97.22222222222223,439.397188091,1578.01500102
16277,16370,3,7,6,1,22358.333333333336,0.10407070443533359,0.3577158032053671,0.8640445024226612,8.33333333333,1.6726940031301418,6.9820490702222235,1.9695342474039623,129.8,61.11111111111112,447.2222222222223,1033.14749731,397.99776938
16278,16371,1,0,0,0,1788.8888888888891,0.05011739130434782,0.21004906832298137,0.8606282608695652,0.0,0.0,6.9798274335277775,0.6931471805599453,0.0,2.777777777777778,11.111111111111112,1500.0,3000.0
16279,16372,0,0,0,0,333.33333333333337,0.08559083333333332,0.35314416666666665,0.8972233333333333,8.33333333333,0.0,0.0,0.9556998911125343,0.0,0.0,8.333333333333334,1413.4959324,1337.71963122
16284,16377,1,5,0,0,5413.88888888889,0.08430733709594664,0.2499205233453053,0.8580624935864546,5.55555555556,0.6908690499223556,9.0439994105,1.5776243814704423,0.0,19.444444444444446,97.22222222222223,1500.0,1546.50946639
16285,16378,1,0,1,6,2727.777777777778,0.14084134419551933,0.44993289205702647,0.8804868635437882,0.0,2.223119055828582,3.820351359666667,1.0571375895278774,675.428571429,11.111111111111112,44.44444444444445,829.205342584,506.33447785
16288,16381,0,1,0,0,3263.888888888889,0.06306893617021277,0.2180107234042553,0.7810839148936171,8.33333333333,0.0,4.325128823250001,1.3124506089178565,997.666666667,5.555555555555556,27.777777777777782,1500.0,2658.06702856
16290,16383,0,1,0,0,10050.0,0.09591133222775014,0.2202712271973466,0.8113708402432283,5.55555555556,1.76079214616298,3.8479536643055554,1.6615220882343371,470.285714286,13.888888888888891,16.666666666666668,1500.0,3000.0
16299,16392,0,1,0,0,3388.888888888889,0.06153549180327869,0.22449950819672132,0.8550181967213115,0.0,1.9405839469912165,0.690432350963889,0.9890938651821026,1111.0,5.555555555555556,55.555555555555564,1500.0,3000.0
16301,16394,1,1,0,0,25222.222222222223,0.14334014317180616,0.4003315308370044,0.8608580837004406,13.888888888899999,1.6725427502719636,2.7613007179361113,1.9856987826976327,131.375,58.333333333333336,58.333333333333336,335.374415101,593.20305441
16331,16424,0,0,1,0,8613.88888888889,0.08077452434698484,0.18982744276039987,0.813697065462754,2.77777777778,0.33466536932726976,9.00055817527778,1.507068459480226,0.0,11.111111111111112,119.44444444444446,1500.0,1266.98848493
16333,16426,0,4,0,0,3111.1111111111113,0.09707767857142857,0.22565973214285714,0.8386459821428571,5.55555555556,1.7035464872381645,5.4966134428333335,1.6233221787770593,311.5,8.333333333333334,16.666666666666668,992.339114171,3000.0
16340,16433,0,2,0,1,19022.222222222223,0.12242571553738318,0.36770017523364484,0.8676664573598132,13.888888888899999,0.0,0.0,1.676948193019233,0.0,8.333333333333334,38.88888888888889,1300.9957606,1117.74241224
16341,16434,10,20,3,4,53841.66666666667,0.11207703141928493,0.43956907083526797,0.8660212557395656,38.8888888889,0.2035366506398577,8.293164516944445,2.0151391777787833,618.461538462,30.55555555555556,130.55555555555557,868.247434338,1501.92324576
16347,16440,1,2,0,1,14869.444444444447,0.11497111899869232,0.2991509620773398,0.8415623201942836,22.2222222222,1.447382371407392,2.3773880883444445,1.9563967694935784,90.625,11.111111111111112,66.66666666666667,1495.82726515,1710.88765159
16356,16449,1,3,0,1,13916.666666666668,0.13063692614770459,0.29128449101796405,0.9011831536926148,19.4444444444,0.20437128132092336,1.5466883807055556,1.866387152147283,291.0,75.0,172.22222222222226,143.177195047,468.98822272
16357,16450,0,2,0,1,6627.777777777778,0.1553327745180218,0.4266012154233026,0.8682396898575021,33.333333333300004,1.674141396730015,3.386333514388889,1.6905327155263352,0.0,8.333333333333334,25.0,776.459165012,1844.21245388
16363,16456,1,0,0,0,9288.88888888889,0.09125541267942583,0.29165870215311,0.8595709928229666,2.77777777778,0.0,1.7355176785416666,1.714421279538733,0.0,5.555555555555556,22.222222222222225,438.759664159,1166.83560192
16371,16464,0,0,0,0,8486.111111111111,0.09062432078559739,0.18267639934533553,0.8546219967266775,6.029684195590001,0.0,7.442809901027778,0.5271339988375421,0.0,2.777777777777778,22.222222222222225,1500.0,844.28199293
16374,16467,4,3,0,2,23347.222222222223,0.1721601189767995,0.2890846162998215,0.8944535752528258,8.33333333333,1.5431848549719727,2.162337994119445,1.7969085533772804,337.5,58.333333333333336,36.111111111111114,373.058900442,1084.7233393
16375,16468,0,4,0,0,2088.888888888889,0.07478523936170213,0.23796529255319152,0.8166867021276596,2.77777777778,0.0,7.0558645339722235,1.0670025771708695,1120.0,0.0,27.777777777777782,1500.0,3000.0
16378,16471,4,1,1,0,18827.77777777778,0.1451087488934789,0.2793529359693125,0.8486402478607259,8.33333333333,0.0,10.613260379194445,1.7868411899645524,669.333333333,100.0,13.888888888888891,1500.0,1227.15448085
16381,16474,0,1,0,0,13566.666666666668,0.0837034398034398,0.2338510647010647,0.8693471334971336,30.555555555599998,0.0,14.329362150861114,1.6303351277216034,0.0,8.333333333333334,138.8888888888889,1500.0,715.19319229
16391,16484,5,3,0,2,23666.666666666668,0.1228087558685446,0.25272649061032865,0.8781308450704225,30.555555555599998,0.0,7.07979300125,1.8519748525652893,64.0,33.333333333333336,44.44444444444445,519.188607803,605.61070558
16392,16485,5,6,1,0,17005.55555555556,0.07291522378307742,0.20972861809866056,0.8697322606991179,22.2222222222,0.0,9.220036815750001,1.8339211008954308,60.0,22.222222222222225,127.77777777777779,1431.5067289,737.59995012
16403,16496,2,5,0,1,30877.77777777778,0.09196630082763585,0.3174960417416337,0.8539629902842749,16.6666666667,1.2401753892505831,1.8905513841944446,2.0203830284620636,51.0,77.77777777777779,47.22222222222223,566.354919028,665.75148263
16414,16507,0,3,2,0,5080.555555555556,0.09844570803717878,0.29275418261345,0.8662951339529797,11.1111111111,0.0,8.969202022055557,1.63402513609954,0.0,0.0,150.0,1367.36941549,2533.73126362
16423,16516,0,3,0,0,3455.555555555556,0.08807934083601286,0.39216832797427653,0.8993269292604501,13.888888888899999,0.0,7.91959934802778,1.5057333739915255,441.0,36.111111111111114,375.0,56.8138640281,438.79974626
16428,16521,0,0,0,0,688.888888888889,0.17686774193548388,0.4286592741935484,0.9103108870967742,0.0,0.0,5.021406829944445,0.0,0.0,27.777777777777782,30.55555555555556,1392.57834149,1472.36520123
16429,16522,5,3,1,1,47322.222222222226,0.1113208969241606,0.282090349847382,0.8835517257572201,27.777777777799997,0.45640612124956914,10.938361066805555,1.9052417778834654,85.8181818182,61.11111111111112,94.44444444444446,364.16465749,627.85223916
16433,16526,0,2,1,0,1869.4444444444446,0.09084264487369985,0.3454092124814264,0.8945588410104012,8.33333333333,0.9402892338629617,7.667870086388889,1.4750080554560214,37.0,0.0,180.55555555555557,665.788834275,3000.0
16436,16529,2,4,4,0,59616.66666666667,0.10149833193551393,0.2648669928245271,0.8830420650451961,47.2222222222,0.7306519493270968,3.1397244383888894,1.9565735600755072,148.5,30.55555555555556,197.22222222222226,452.876979841,795.3923927
16437,16530,0,0,0,0,3652.7777777777783,0.07460357414448669,0.2611567300380228,0.8764916349809885,2.77777777778,1.0411500411480659,0.0,1.4941751382893085,0.0,2.777777777777778,27.777777777777782,1230.97960012,2460.37867354
16441,16534,1,1,0,0,2269.444444444445,0.10376695226438189,0.3848925336597307,0.8597309669522645,25.0,0.0,7.658708918944444,1.6789360657145305,119.5,16.666666666666668,111.11111111111113,1500.0,1034.9384177
16451,16545,0,0,0,0,483.33333333333337,0.06185,0.28879310344827586,0.8615988505747127,0.0,1.0493675193064462,2.4970577413,0.0,0.0,0.0,5.555555555555556,1500.0,2943.97036949
16452,16546,1,0,0,0,77.77777777777779,0.10121071428571428,0.2951964285714285,0.8234964285714286,0.0,0.0,3.5662074800277783,0.0,0.0,0.0,0.0,1500.0,3000.0
16454,16548,23,48,14,8,80252.7777777778,0.13795895607628672,0.3611836835000519,0.875279017687169,77.7777777778,0.48382056799707385,6.9132640141944455,2.049320561913603,132.5,166.66666666666669,444.4444444444445,436.995259985,233.63710746
16490,16584,0,0,0,0,5802.777777777778,0.15877845859262804,0.2704168980373384,0.8783841072283389,2.77777777778,1.8083945622180277,0.0,1.3208883431493221,0.0,5.555555555555556,27.777777777777782,1500.0,3000.0
16494,16588,0,1,0,0,6186.111111111112,0.10877916479568928,0.2742986977997306,0.8501697350696004,0.0,1.6983923816745552,3.961420955055556,1.873715943640154,0.0,19.444444444444446,36.111111111111114,1500.0,3000.0
16502,16596,0,0,0,0,144.44444444444446,0.030436538461538463,0.45669230769230773,0.8082346153846154,0.0,0.0,4.7404626308888895,0.0,0.0,2.777777777777778,5.555555555555556,1500.0,3000.0
16509,16603,2,3,3,3,11752.77777777778,0.1577128811155755,0.352206452375325,0.8973888915150083,27.777777777799997,0.10899469678676382,5.067805204222222,1.8126130545987382,202.0,83.33333333333334,83.33333333333334,361.306237909,252.87050894
16515,16609,0,1,0,1,3052.777777777778,0.07227115559599637,0.22904121929026386,0.8563967242948134,8.33333333333,0.0,12.269970732361113,1.4040999504779983,0.0,5.555555555555556,236.11111111111114,1500.0,3000.0
16516,16610,6,10,5,1,84080.55555555556,0.14762459612144438,0.43730280815355643,0.8707398295285607,44.4444444444,0.6243000464602568,12.94142945327778,1.883977236843009,156.75,113.88888888888891,175.0,341.013660507,848.19905469
16541,16635,1,2,0,0,9627.77777777778,0.09544059434506635,0.2950710617426428,0.845334448932487,13.888888888899999,0.0,7.310523178777777,1.7160468554519281,0.0,33.333333333333336,111.11111111111113,610.326794486,1818.17384142
16547,16641,0,0,0,0,186.11111111111111,0.09189850746268656,0.23100746268656716,0.8787119402985074,0.0,1.2176685416196513,0.0,0.0,0.0,0.0,2.777777777777778,1500.0,3000.0
16550,16644,2,3,0,0,9691.666666666668,0.1250395815419891,0.33886345657781597,0.8282772714244768,2.77777777778,0.0,0.0,1.3760552852604169,127.666666667,11.111111111111112,0.0,1500.0,2513.84493656
16551,16645,7,6,0,2,20608.333333333336,0.1594896347216606,0.40749313923709396,0.8841694702790134,22.2222222222,1.3190691605780283,1.5965461138861115,1.8790911812838946,169.0,55.555555555555564,86.11111111111113,508.149675179,554.27635033
16562,16657,0,0,0,0,19027.77777777778,0.1340914598540146,0.37909140145985404,0.9011092846715328,22.2222222222,0.6933735170449961,2.6139913774027783,1.755808792548294,688.0,33.333333333333336,75.0,681.403559414,1225.04025986
16566,16661,0,0,0,0,530.5555555555557,0.04242303664921466,0.22748638743455496,0.85117277486911,0.0,0.0,2.646756681577778,0.0,0.0,0.0,0.0,1500.0,3000.0
16567,16662,2,0,0,1,7508.333333333334,0.08113655197928227,0.26102634110247874,0.8671390307066222,2.77777777778,0.0,3.2725103437222227,1.7186419151069914,0.0,97.22222222222223,44.44444444444445,1500.0,2136.29197722
16580,16675,0,2,0,0,1541.6666666666667,0.07095261261261261,0.3988135135135135,0.8197234234234234,13.888888888899999,1.965722275335622,0.23427687776916667,1.505072122628115,71.6666666667,2.777777777777778,8.333333333333334,1500.0,1314.17567582
16583,16678,0,3,1,1,16783.333333333336,0.1039409632571996,0.23823386295928503,0.8365769778219133,2.77777777778,0.0,15.485235932305557,1.8121044918370466,36.75,41.66666666666667,113.88888888888891,1500.0,683.73980652
16585,16680,1,2,0,0,12705.555555555557,0.12268189768255357,0.2895503716659379,0.8694083952776563,19.4444444444,2.181458472385227,2.5821895657944447,1.790456777818937,32.0,27.777777777777782,225.0,1500.0,2067.2068508
16586,16681,0,1,0,0,13211.111111111111,0.0840321488645921,0.19158479814970564,0.8223092094196803,2.77777777778,0.0,4.448486187805555,1.6925835722869556,0.0,25.0,69.44444444444446,1500.0,2335.92960874
16589,16684,0,3,1,0,5908.333333333334,0.1476306535025858,0.29397574047954866,0.894080677009873,11.1111111111,0.0,1.6931392474083333,0.641886466443369,0.0,11.111111111111112,269.4444444444445,714.626131319,756.65229693
16594,16689,3,4,0,0,18611.111111111113,0.07838814925373135,0.21166023880597012,0.8629288507462687,19.4444444444,0.5268183772340995,10.2331385595,1.7028752018619953,0.0,25.0,133.33333333333334,1500.0,485.4545069
16596,16691,0,1,0,0,686.1111111111112,0.10373076923076924,0.20613967611336032,0.8396546558704453,0.0,1.6913101166879991,7.52893203225,1.4270610433807247,0.0,2.777777777777778,22.222222222222225,1500.0,3000.0
16601,16696,0,1,0,0,3216.666666666667,0.10008013816925733,0.3303401554404145,0.8629257340241796,16.6666666667,0.22472979087586112,10.3882573165,1.017750116642937,0.0,2.777777777777778,122.22222222222224,1500.0,1736.28147336
16610,16705,0,2,0,0,2413.888888888889,0.07642094361334868,0.16521910241657078,0.8426081703107019,0.0,0.0,7.710937071,1.6881741707394664,0.0,5.555555555555556,13.888888888888891,1240.86853859,714.80935773
16613,16708,0,1,2,1,1791.6666666666667,0.14700573643410852,0.42299736434108526,0.8838770542635658,5.55555555556,0.0,9.861425932583334,1.5859341131926616,0.0,16.666666666666668,233.33333333333334,337.843344687,3000.0
16625,16720,0,1,0,0,2111.1111111111113,0.13803513157894737,0.2753206578947368,0.8963052631578947,2.77777777778,0.0,0.7826017790694445,1.166733308360715,0.0,0.0,11.111111111111112,1097.13111299,844.52225021
16631,16726,0,1,0,0,6363.88888888889,0.07980829332169359,0.18003697075512876,0.8761001309471846,13.888888888899999,1.7023573802366812,2.2591519743083337,1.6153294916925856,0.0,13.888888888888891,50.0,863.225683372,973.0399271
16634,16729,0,0,0,0,1363.888888888889,0.08423808553971487,0.16664256619144602,0.8549040733197556,2.77777777778,0.0,9.98625834927778,1.0397207708399179,0.0,0.0,5.555555555555556,1180.19516905,1127.36556452
16644,16739,1,7,0,0,8886.111111111111,0.09469118474523289,0.3129804001250391,0.8583694279462332,16.6666666667,0.0,5.5834872068055565,1.6199500956091992,0.0,5.555555555555556,105.55555555555556,729.504094451,3000.0
16653,16748,0,6,0,0,10872.222222222224,0.10488127235564638,0.2727402657128258,0.8827179867143587,8.33333333333,1.174248096827399,6.274993220361112,1.7507055875901818,0.0,8.333333333333334,266.6666666666667,159.12865343,571.19809261
16656,16751,0,1,1,0,8869.444444444445,0.1261899467585343,0.24981569057312875,0.8423273410585655,5.55555555556,1.7744537911159604,2.2259909038472223,1.0669870592419481,0.0,22.222222222222225,116.66666666666667,1500.0,599.53192416
16660,16755,0,0,0,0,1363.888888888889,0.08164562118126273,0.3962765784114053,0.8851433808553971,5.55555555556,1.738385111627749,0.9627095086250003,1.0933747175566468,0.0,5.555555555555556,30.55555555555556,857.941389719,3000.0
16665,16760,1,0,0,1,4005.555555555556,0.06170957004160888,0.2269015950069348,0.8524063800277393,2.77777777778,0.0,3.3521649375277773,1.6558638177935348,0.0,19.444444444444446,41.66666666666667,1500.0,3000.0
16666,16761,0,0,0,0,1833.3333333333335,0.11377,0.32171378787878785,0.854715909090909,5.55555555556,0.0,5.544711084805557,1.4985690796770055,78.0,0.0,58.333333333333336,1500.0,2372.22907015
16667,16762,0,1,0,0,1950.0,0.11489188034188035,0.2565103988603989,0.8485042735042735,0.0,2.018228505169959,3.818878257027778,0.0,0.0,2.777777777777778,5.555555555555556,1500.0,3000.0
16668,16763,1,0,6,1,16613.88888888889,0.12215866911887643,0.2664062531349273,0.8929560274201639,5.55555555556,0.4644603752036346,2.480809724341667,1.745243571642883,0.0,25.0,169.44444444444446,832.726789684,560.82393957
16670,16765,0,0,0,0,3305.555555555556,0.0700079831932773,0.17410058823529412,0.852266974789916,0.0,0.0,5.178665833194445,0.0,0.0,13.888888888888891,2.777777777777778,1500.0,3000.0
16671,16766,5,28,8,12,20736.111111111113,0.10623419959812459,0.3098299263228399,0.8618300334896183,11.1111111111,0.17168780366919845,18.006312007527775,1.9952051326574902,353.894736842,80.55555555555556,108.33333333333334,1166.02807789,907.84249809
16678,16773,0,1,0,0,3613.888888888889,0.16598101460415066,0.3411075326671791,0.8733826287471176,0.0,1.8742907599324534,0.0,1.904470461268878,72.0,30.55555555555556,177.7777777777778,984.502495871,412.39213389
16693,16788,1,1,0,0,10283.333333333334,0.12959689357104268,0.35238198271204757,0.8546999189627228,11.1111111111,0.3754385161087245,4.8663536934166665,1.8546607518874678,150.0,44.44444444444445,55.555555555555564,1147.36959418,1198.48119452
16698,16793,0,2,0,2,9808.333333333334,0.10300320022656471,0.2966725290286038,0.8556869725290286,5.55555555556,1.6945732630651178,6.704044924694444,2.055239223418147,60.0,97.22222222222223,102.77777777777779,1500.0,42.71288963
16699,16794,0,7,0,0,25941.666666666668,0.17017848806082023,0.28992297890566443,0.9073341042938216,25.0,0.35194839433976804,4.335818796833333,1.791829083670584,42.0,80.55555555555556,269.4444444444445,210.177133143,756.95952839
16703,16798,0,3,0,0,17452.77777777778,0.12001596371160274,0.2307980741683909,0.8585976603533344,8.33333333333,0.5549990509057839,7.3591076906944455,1.6872828045433914,0.0,13.888888888888891,22.222222222222225,1500.0,711.38524537
16710,16805,0,0,0,0,1111.1111111111113,0.05933,0.19426175,0.8372247500000001,0.0,0.0,0.0,0.0,0.0,0.0,0.0,1500.0,3000.0
16714,16809,0,0,1,0,2722.2222222222226,0.22961642857142858,0.4069305102040816,0.8695594897959185,8.33333333333,0.0,5.630039032888889,1.3321790402101223,0.0,8.333333333333334,25.0,1500.0,2000.6606694
16730,16825,0,2,0,0,1725.0,0.04963123993558776,0.21450144927536233,0.8484760064412238,2.77777777778,0.25854327421333656,6.775458157222223,1.1973401339967784,0.0,2.777777777777778,52.77777777777778,1500.0,3000.0
16735,16830,3,3,0,1,21027.77777777778,0.1224197357992074,0.35805509907529726,0.8689735138705416,8.33333333333,0.6974513033589235,2.9004972673888894,1.7812683769079551,46.5,102.77777777777779,186.11111111111111,1500.0,1135.89564488
16748,16843,0,0,0,0,2255.555555555556,0.062163423645320195,0.17499482758620688,0.8659864532019705,2.77777777778,0.0,7.378773012222222,0.7963116401738131,0.0,2.777777777777778,16.666666666666668,1500.0,3000.0
16754,16849,0,1,0,0,1625.0,0.08314786324786325,0.192188547008547,0.8708993162393162,2.77777777778,0.0,0.0,1.3114313374732374,0.0,2.777777777777778,16.666666666666668,1500.0,1472.14629146
16755,16850,2,2,0,0,34472.222222222226,0.1496585979049154,0.3874212651087832,0.8737092747784044,19.4444444444,0.48381523087614625,5.942103858055556,1.8806326750941194,145.5,113.88888888888891,313.8888888888889,422.630009898,690.18586552
16759,16854,0,0,1,0,5827.777777777778,0.10971387035271687,0.2220076739752145,0.8742223546234509,0.0,0.0,3.9549406383611116,1.2493432310675612,0.0,13.888888888888891,25.0,569.500603867,2660.96342941
16769,16864,0,3,0,0,4211.111111111112,0.09045356200527704,0.29687585751978895,0.8438906992084432,2.77777777778,1.3122065925651056,2.911845138916667,1.4297188105044665,0.0,2.777777777777778,47.22222222222223,1488.86159963,993.83047981
16773,16868,4,5,0,2,15536.111111111113,0.08835177900947613,0.23698036831753977,0.8338013230824244,8.33333333333,1.6448635681006785,12.424968422833334,1.8196065536467978,442.666666667,44.44444444444445,77.77777777777779,1500.0,3000.0
16778,16873,4,6,0,0,36325.0,0.16825344497973543,0.48759442532690983,0.8593034717442839,41.666666666699996,1.7597263432198291,7.664644481527779,1.8804825219398398,272.0,125.0,94.44444444444446,829.859413931,821.03113113
16786,16881,7,10,2,1,49438.8888888889,0.09578778514439824,0.3994581694572424,0.8572184177997528,58.3333333333,0.055269123077073504,0.20730920420333335,1.9619531559133223,842.5,33.333333333333336,16.666666666666668,1500.0,478.17920196
16789,16884,3,3,0,2,28722.222222222226,0.13420853965183752,0.27704176982591877,0.8818417311411992,2.77777777778,0.49599023361287153,3.5277702107222226,1.7690129782770834,375.0,66.66666666666667,77.77777777777779,303.18191334,1160.34006221
16793,16888,3,5,0,1,23513.88888888889,0.11804897814530418,0.32146140578854104,0.8754959007678677,25.0,0.5625193183683587,0.8206899298222223,1.8138180314067092,122.4,19.444444444444446,83.33333333333334,1500.0,2799.60420258
16796,16891,1,1,0,1,3563.888888888889,0.08719275136399066,0.32120561184723306,0.8427823850350741,2.77777777778,0.16896474050952567,3.369177616805556,1.544001559229629,0.0,11.111111111111112,8.333333333333334,1048.52325974,3000.0
16801,16896,7,14,3,3,105413.88888888889,0.1293162085957469,0.4475715776436797,0.8821261983187962,47.2222222222,0.0,2.3984426059055557,1.9835658673431555,771.21875,172.22222222222226,91.66666666666667,601.308722045,489.61164157
16820,16915,1,1,0,0,1836.1111111111113,0.10854523449319214,0.32323812405446295,0.8624210287443268,0.0,0.0,12.885229549888889,0.6931471805599453,0.0,0.0,58.333333333333336,1500.0,3000.0
16824,16919,0,2,3,3,18363.88888888889,0.08225566480108909,0.2083172742399032,0.8357701255483286,22.2222222222,0.368372608708361,9.55924164536111,1.8350520080690946,70.6666666667,22.222222222222225,77.77777777777779,1500.0,3000.0
16827,16922,0,0,0,0,5302.777777777778,0.13179785227867993,0.2889567312729177,0.8867861707700367,8.33333333333,1.699401892383168,2.241559816702778,0.5623351446188083,0.0,2.777777777777778,5.555555555555556,869.261559665,823.41546398
16830,16925,0,3,2,1,22788.88888888889,0.1168590687469527,0.4425358361774744,0.8674166016577279,19.4444444444,1.4179533452340636,3.0589188380000003,1.3417435864834322,423.045454545,27.777777777777782,100.0,813.753323306,1710.88582577
16832,16927,0,1,0,1,13747.222222222224,0.07144043241058799,0.19811968074358455,0.8550679733279449,8.33333333333,0.0,8.051687872833334,1.4572362390224334,0.0,0.0,63.88888888888889,336.063951447,997.74062864
16833,16928,5,5,13,5,8794.444444444445,0.10866522425773847,0.42391651926721413,0.8619661718256475,2.77777777778,1.7791216551095599,3.66205085175,1.673370812274828,0.0,5.555555555555556,169.44444444444446,1500.0,458.26700289
16838,16933,1,1,0,0,24519.44444444445,0.07224968845587403,0.24091933839356516,0.8645698878441146,16.6666666667,0.0,4.547116117972222,1.715576435409332,90.3333333333,5.555555555555556,47.22222222222223,841.066198668,490.17038258
16844,16939,0,0,0,0,1311.1111111111113,0.09303326271186442,0.2026707627118644,0.8464870762711865,0.0,0.015624876337699795,6.28970625,0.0,0.0,0.0,8.333333333333334,1500.0,3000.0
16857,16952,0,0,0,1,208.33333333333334,0.047108000000000004,0.3284533333333333,0.7984813333333333,0.0,0.0,6.7025026144444455,0.5004024235381879,0.0,0.0,5.555555555555556,1500.0,3000.0
16867,16962,0,0,0,1,1347.2222222222224,0.07685876288659793,0.3288416494845361,0.863998144329897,27.777777777799997,0.5721852722470577,4.802302735111112,1.3378606778364337,0.0,0.0,33.333333333333336,890.474095609,3000.0
16868,16963,0,0,0,0,1616.6666666666667,0.09382577319587629,0.19731254295532646,0.8269524054982818,5.55555555556,0.0,7.250992799055556,1.0608569471580214,0.0,5.555555555555556,5.555555555555556,1500.0,3000.0
16871,16966,2,1,0,0,19527.77777777778,0.14838714082503554,0.3341953769559033,0.857165960170697,2.77777777778,1.2575981262781122,7.671277086416667,2.0287309720502096,58.3333333333,97.22222222222223,27.777777777777782,565.709456017,1683.91566591
16880,16975,0,1,1,0,17452.77777777778,0.10845094699984084,0.32301410154384846,0.8520775744071304,11.1111111111,0.3754287911241703,5.582232373027778,1.5420187548643625,40.0,19.444444444444446,227.77777777777783,549.242207999,1176.33561524
16881,16976,0,0,0,0,5583.333333333334,0.11298502487562188,0.2843929353233831,0.8772674129353233,38.8888888889,1.6717299057330535,6.896878438611111,1.5836481214468068,54.0,8.333333333333334,138.8888888888889,755.654296979,1264.84253456
16885,16980,4,5,0,3,27280.55555555556,0.09789399246512576,0.326723867223297,0.8599766826188779,22.2222222222,1.1776999995546313,3.364386648694445,1.7209131073734776,68.6666666667,66.66666666666667,288.8888888888889,1192.21345211,462.96118785
16891,16987,0,1,0,0,6522.222222222223,0.09158539182282793,0.26576192504258944,0.834651660988075,5.55555555556,1.6319181628058534,8.770958018166667,1.9468194968585273,0.0,13.888888888888891,11.111111111111112,1500.0,3000.0
16898,16994,0,0,0,0,3441.666666666667,0.07154439063761098,0.2835440677966102,0.8449287328490719,5.55555555556,1.6857363019696396,4.614014678666667,1.5210166692427518,0.0,2.777777777777778,88.8888888888889,1500.0,2867.77236928
16900,16996,0,0,1,0,3008.3333333333335,0.14500526315789472,0.20468051708217913,0.9157153277931671,0.0,0.0,0.0,0.0,0.0,8.333333333333334,0.0,1500.0,3000.0
16901,16997,0,0,0,0,202.7777777777778,0.10501643835616438,0.19553013698630137,0.7687342465753425,0.0,0.0,1.6810673027666667,0.0,0.0,2.777777777777778,0.0,1500.0,3000.0
16903,16999,2,1,0,0,5136.111111111112,0.22656327744726878,0.2864310978907517,0.8949751216873986,13.888888888899999,0.5232101419832735,0.0,1.8739645228734352,0.0,19.444444444444446,11.111111111111112,1500.0,2361.76086594
16904,17000,0,0,0,1,1933.3333333333335,0.07482772988505747,0.3090721264367816,0.8656961206896552,5.55555555556,0.0,5.4722388666388895,1.1682824501765625,348.0,5.555555555555556,66.66666666666667,1500.0,3000.0
16906,17002,1,1,0,0,3925.0,0.09457360226468506,0.2747920736022647,0.8848113234253361,11.1111111111,0.0,3.841734446666667,1.2812977061807775,87.0,8.333333333333334,169.44444444444446,473.502029395,2049.56744689
16907,17003,0,2,0,0,21613.88888888889,0.14744422310756972,0.38015703637064646,0.8525774450584758,22.2222222222,0.5920777725836655,0.0,1.8421713078420023,62.0,61.11111111111112,105.55555555555556,860.107965414,1190.71415471
16917,17013,3,5,2,0,18902.77777777778,0.12459021307861867,0.30265960323291696,0.8564535782512858,22.2222222222,0.33652244923249575,8.87654414377778,1.9136340770519018,136.0,91.66666666666667,144.44444444444446,504.362532191,1713.69741003
16924,17020,2,0,0,0,1138.888888888889,0.08482170731707317,0.20070560975609755,0.8777112195121951,0.0,0.0,5.015174505222223,0.9404479886553263,0.0,5.555555555555556,27.777777777777782,714.83043433,1843.31713249
16929,17025,0,0,0,0,3572.2222222222226,0.12493996889580093,0.3841213063763608,0.8958476671850699,2.77777777778,1.4094542271667945,0.0,0.9507489270509151,0.0,11.111111111111112,16.666666666666668,1193.07574792,1419.77054769
16930,17026,0,3,0,1,28425.0,0.14139062835922994,0.4054086289455683,0.8490229551451187,11.1111111111,1.081921301290882,8.694227165277779,2.0610094547739504,114.4,25.0,19.444444444444446,337.882309721,1850.51003783
16934,17030,0,1,0,0,3333.3333333333335,0.06567525,0.26172283333333335,0.8862946666666667,2.77777777778,0.0,7.391838395055556,1.0987754267405243,103.0,2.777777777777778,38.88888888888889,1366.59830328,3000.0
16941,17037,0,2,1,4,12547.222222222224,0.12380715076378127,0.3129466460039849,0.8366115342041177,8.33333333333,0.6770052454182057,3.808699285777778,1.9169333586923163,102.481481481,55.555555555555564,25.0,888.173317119,325.36259966
16942,17038,0,0,0,0,266.6666666666667,0.072359375,0.17956875000000003,0.9129572916666667,0.0,0.0,8.843931415277778,0.0,0.0,0.0,11.111111111111112,1500.0,3000.0
16945,17041,3,5,0,0,18752.77777777778,0.09208967560361428,0.22757262627758848,0.8536773663161014,19.4444444444,0.3780116169990995,11.424070830694445,2.0378418653396033,45.0,61.11111111111112,61.11111111111112,432.946365061,143.17327993
16957,17053,7,7,3,2,31258.333333333336,0.11819814271749755,0.29825035101750647,0.8636849462365592,11.1111111111,0.25965020504911474,3.366357849777778,1.8058598517740458,76.9,69.44444444444446,222.22222222222226,1021.45161639,379.37886995
16959,17055,0,1,0,0,661.1111111111112,0.05987016806722689,0.18909327731092435,0.8626365546218487,0.0,1.798302977896376,1.5187180035611112,0.0,0.0,0.0,8.333333333333334,1500.0,3000.0
16968,17064,3,4,1,0,18169.44444444445,0.1538772358966519,0.23559016969882282,0.8849926158079805,8.33333333333,0.0,0.13299160812638888,1.8725346170926203,94.0,66.66666666666667,77.77777777777779,827.929657935,964.76921276
16970,17066,0,2,0,0,18561.111111111113,0.09474233762346602,0.3685113439090093,0.8466228374738102,19.4444444444,0.9569218463769396,7.745328387888889,1.8122522018873277,61.2,5.555555555555556,8.333333333333334,1244.77136379,1059.5314266
16980,17076,0,0,0,1,1013.888888888889,0.06645232876712329,0.37366849315068495,0.8484142465753425,13.888888888899999,0.0,9.753322443666669,1.0651915729410415,0.0,2.777777777777778,202.7777777777778,1500.0,2008.32188238
16984,17080,0,4,0,1,7822.2222222222235,0.099112890625,0.28215965909090907,0.8593046519886364,16.6666666667,1.9102167680220214,5.935324133805556,1.6774481144284086,0.0,63.88888888888889,372.22222222222223,1500.0,3000.0
16999,17095,0,0,0,0,1777.777777777778,0.09249500000000001,0.23178578125,0.8374607812500001,0.0,0.0,7.512315599083335,1.397991702060472,0.0,0.0,16.666666666666668,1500.0,3000.0
17004,17100,0,1,0,0,130.55555555555557,0.031914893617021274,0.09156382978723404,0.9601063829787234,0.0,1.2707448881729015,2.241566329216667,0.0,0.0,0.0,13.888888888888891,1500.0,2984.08031744
17012,17108,0,2,0,0,1725.0,0.09112737520128825,0.26428083735909824,0.8937209339774558,2.77777777778,1.7156831825977938,2.7837325811666664,1.4270610433807247,0.0,0.0,36.111111111111114,1500.0,2347.98960211
17018,17114,0,0,0,0,1091.6666666666667,0.055469720101781174,0.21470687022900764,0.8616567430025446,0.0,0.0,6.409206146416667,0.9502705392332347,0.0,0.0,19.444444444444446,1276.21571168,1901.48031471
17031,17127,0,0,0,0,538.888888888889,0.06888762886597938,0.21660309278350515,0.8557695876288659,0.0,0.0,7.355007195861112,1.0751393240053735,40.0,2.777777777777778,5.555555555555556,1500.0,3000.0
17032,17128,0,1,0,1,2861.1111111111113,0.07005388349514563,0.22019155339805827,0.8633365048543689,0.0,0.03075084039966848,7.629372727972222,1.3397942802855756,0.0,8.333333333333334,8.333333333333334,1500.0,3000.0
17035,17131,0,1,0,0,5466.666666666667,0.13186875,0.31131849593495936,0.86623206300813,2.77777777778,0.45746299559872333,0.1538066539452778,1.6576582911404043,0.0,80.55555555555556,58.333333333333336,332.816937399,394.93732356
17037,17133,0,2,0,0,7933.333333333334,0.08416453081232493,0.30945686274509804,0.8633145308123249,2.77777777778,1.2773118868348934,2.336831770894445,1.9835406898412247,40.0,16.666666666666668,33.333333333333336,1500.0,3000.0
17043,17139,1,0,0,0,3316.666666666667,0.0725716917922948,0.41060284757118926,0.8832175041876047,5.55555555556,0.8003654886374331,0.8976042052777778,1.9765299179720552,360.0,36.111111111111114,27.777777777777782,1352.33534604,1427.99393998
17050,17146,0,0,0,0,1325.0,0.032443396226415094,0.20825031446540881,0.8500628930817611,0.0,0.0,1.9320458192472223,0.6365141682948128,0.0,2.777777777777778,5.555555555555556,1500.0,3000.0
17052,17148,10,12,0,0,60586.111111111124,0.12522788501214985,0.44800939434230436,0.868526431617074,83.3333333333,1.5114692065407296,5.942756026777778,1.928992375051351,353.0,38.88888888888889,50.0,717.617453678,555.93174604
17059,17156,0,0,1,0,1300.0,0.06678611111111112,0.2569226495726496,0.8681029914529914,0.0,0.6976154170462131,3.293482874861111,1.0397207708399179,0.0,5.555555555555556,25.0,1500.0,1516.58179635
17062,17159,2,2,1,0,20069.44444444445,0.1255054117647059,0.4446089965397924,0.876370892733564,13.888888888899999,0.7538438894295226,0.0,1.4794918707401399,1225.0,22.222222222222225,144.44444444444446,664.636799691,1593.84878262
17063,17160,0,0,0,0,1902.777777777778,0.06661503649635037,0.1977922627737226,0.8635811678832116,0.0,0.0,4.174114036777778,0.0,0.0,2.777777777777778,8.333333333333334,1500.0,3000.0
17071,17168,0,0,0,0,236.11111111111114,0.05436235294117647,0.34935058823529413,0.8419670588235294,0.0,0.0,2.6483679687416672,0.0,0.0,0.0,0.0,1500.0,3000.0
17073,17170,12,11,4,2,33358.333333333336,0.19962309934216005,0.2421194270963444,0.885194728953285,36.1111111111,0.3623026339751695,0.0,1.8968789470702605,175.576923077,255.55555555555557,152.7777777777778,500.622650424,905.76402823
17079,17176,0,7,0,0,2633.3333333333335,0.11245232067510548,0.3851503164556962,0.8633240506329114,2.77777777778,0.2712765454808612,5.413018652916667,1.8476328493232277,86.652173913,8.333333333333334,58.333333333333336,428.565502901,482.88708639
17085,17182,0,0,0,0,497.2222222222223,0.05084860335195531,0.13869944134078213,0.8337156424581005,0.0,0.0,4.017073050805556,0.0,0.0,0.0,2.777777777777778,1500.0,3000.0
17110,17208,0,0,1,0,3563.888888888889,0.05916952455183165,0.18930678098207326,0.875666017147311,2.77777777778,0.0,7.732026573916668,0.8981370031878679,30.0,2.777777777777778,91.66666666666667,1500.0,1436.10795426
17114,17212,2,0,0,0,14300.0,0.14868659673659673,0.2995726884226884,0.8732863247863247,2.77777777778,0.9501619040772026,1.8468052703972222,1.5492389790498384,51.0,52.77777777777778,25.0,1500.0,1246.17569157
17115,17213,8,9,2,7,63641.66666666667,0.1252086203133866,0.34686069137095715,0.8718296582427655,36.1111111111,1.6739941894006014,0.0,1.99851046197956,476.936708861,280.5555555555556,244.44444444444449,309.379790625,619.90289296
17118,17216,1,3,9,1,15583.333333333334,0.07536301247771836,0.2183172549019608,0.860749679144385,27.777777777799997,0.0,5.4899253990000005,1.860749298442985,0.0,22.222222222222225,75.0,1500.0,1318.43240157
17119,17217,0,3,0,0,15677.777777777781,0.12182131467044649,0.32434766123316794,0.8950527817150956,5.55555555556,1.8561994745048036,4.213018853833333,1.8455776767217211,46.0,19.444444444444446,66.66666666666667,128.615887493,1568.33329964
17120,17218,1,0,0,0,19244.44444444445,0.07529672344110855,0.20502383083140877,0.8841157765588914,5.55555555556,0.6171032800756435,6.450693706916667,1.5101078126711056,33.0,8.333333333333334,55.555555555555564,1212.85167121,3000.0
17125,17223,1,0,0,0,766.6666666666667,0.05804166666666667,0.12692246376811595,0.8057112318840579,0.0,0.0,3.183290234555556,0.0,0.0,0.0,0.0,1500.0,3000.0
17128,17226,0,0,0,0,3916.666666666667,0.06464489361702128,0.19825056737588653,0.8485348936170212,0.0,1.799999118909274,0.2866610710888889,1.1490596969706204,0.0,2.777777777777778,22.222222222222225,1500.0,2894.04827435
17132,17230,0,1,0,0,372.22222222222223,0.07591119402985075,0.19990820895522388,0.8753858208955224,2.77777777778,0.0,2.3991635742750006,1.6715952780212542,0.0,0.0,16.666666666666668,1500.0,2921.97012612
17146,17244,0,1,0,0,8388.88888888889,0.08061834437086092,0.2452717549668874,0.8631181788079471,2.77777777778,0.0,2.6122963038444444,1.7129479380592632,37.0,2.777777777777778,19.444444444444446,716.304003759,2259.27917794
17148,17246,0,0,0,0,652.7777777777778,0.04136765957446808,0.28472553191489364,0.8738795744680852,0.0,0.0,7.120034337972223,0.0,0.0,0.0,5.555555555555556,1500.0,3000.0
17151,17249,0,0,0,0,1033.3333333333335,0.07052338709677419,0.2098997311827957,0.8903978494623657,0.0,0.0,4.835836499472222,0.0,0.0,0.0,5.555555555555556,1500.0,2306.17458412
17159,17257,1,1,0,1,9966.666666666668,0.14938361204013376,0.3603768394648829,0.8627458193979933,27.777777777799997,1.9907084403315174,8.163988830805556,1.8933609515032725,0.0,47.22222222222223,52.77777777777778,1500.0,642.4926938
17161,17259,3,7,2,0,26108.333333333336,0.10329533992977975,0.4185111926800723,0.8484497606128312,38.8888888889,1.3735824495321196,4.339560981416668,2.015613077339298,839.166666667,38.88888888888889,75.0,876.718191987,1084.35145663
17162,17260,1,3,1,0,25422.222222222223,0.07890539772727273,0.2492650240384615,0.8490765187937063,19.4444444444,0.0,10.429233227500001,1.9816239195813155,37.5,41.66666666666667,77.77777777777779,1500.0,2943.65252249
17167,17265,0,1,0,0,7591.666666666667,0.12256414196853276,0.2429148554701793,0.8506302597877791,5.55555555556,0.0,3.6202054871111113,1.4669071049122544,737.0,16.666666666666668,0.0,1500.0,1402.20535086
17184,17282,1,4,0,0,28705.555555555562,0.20274805496419587,0.3484398200116121,0.8999171085736404,11.1111111111,1.6855137225850352,0.6578093632750001,2.0725876198809057,396.5,86.11111111111113,25.0,493.530748482,1643.65104459
17210,17308,0,1,0,1,6669.444444444445,0.08475314452311537,0.2920228238234069,0.8591398167430238,8.33333333333,0.0,4.09705340738889,1.80376662766679,62.0,2.777777777777778,80.55555555555556,1370.15412047,2087.84875407
17211,17309,0,1,0,0,4786.111111111112,0.0823583284968079,0.29235066744051075,0.835927219965177,8.33333333333,0.0,7.259906251055556,1.896574181445078,0.0,16.666666666666668,0.0,1500.0,3000.0
17214,17312,0,0,0,0,677.7777777777778,0.07159303278688524,0.16009467213114753,0.8293348360655738,0.0,0.0,1.8868082550055556,0.0,0.0,0.0,0.0,1500.0,3000.0
17216,17314,1,3,0,0,15322.222222222224,0.11747460116026107,0.3080367476432197,0.905889829586657,2.77777777778,1.4892609325156778,12.478404131722224,1.8974583307839974,84.3333333333,41.66666666666667,72.22222222222223,260.715470407,966.34335821
17222,17320,1,0,0,1,861.1111111111113,0.056410645161290324,0.24705354838709678,0.8852093548387097,2.77777777778,0.0,0.0,1.0397207708399179,0.0,8.333333333333334,2.777777777777778,1500.0,3000.0
17224,17322,3,3,1,0,7950.0,0.09639150943396227,0.2976837526205451,0.8695827044025157,2.77777777778,0.1230860648001429,9.794508386361112,1.6459168300174678,50.75,0.0,11.111111111111112,876.744009939,3000.0
17225,17323,9,14,5,9,48477.77777777778,0.14377938918175567,0.4429863740545496,0.8705313946825579,13.888888888899999,1.0073254259063862,10.476392093277779,1.756011129930838,230.465517241,433.33333333333337,422.22222222222223,409.510751902,109.05567994
17230,17328,3,0,1,0,9325.0,0.11512618409294012,0.29175531724754245,0.8935688114387846,0.0,0.0,6.178645391333334,1.7056592772901273,95.4444444444,5.555555555555556,27.777777777777782,406.460503736,1810.65427754
17231,17329,0,0,0,0,1308.3333333333335,0.11721740976645435,0.21283949044585987,0.8401099787685775,41.666666666699996,1.764477994731074,1.884198889438889,0.8675632284814612,0.0,0.0,8.333333333333334,1500.0,3000.0
17235,17333,0,1,0,0,1333.3333333333335,0.05910208333333333,0.22862208333333334,0.8136866666666667,2.77777777778,0.0,4.302183445444445,1.0132690262497301,0.0,0.0,19.444444444444446,1500.0,2231.92997143
17246,17344,0,0,0,0,4330.555555555556,0.09531141757536882,0.3883936497754971,0.846696664528544,13.888888888899999,0.21110752850852255,5.218627079861111,2.01282554259424,0.0,11.111111111111112,158.33333333333334,1500.0,538.00478404
17249,17347,0,0,0,0,2172.2222222222226,0.09446879795396419,0.3154420716112532,0.8545470588235294,2.77777777778,1.1629074870786893,6.876480997888889,1.560661482685308,0.0,13.888888888888891,52.77777777777778,1475.03523393,2735.72724781
17251,17349,0,1,0,0,647.2222222222223,0.06651330472103005,0.24480472103004292,0.804643347639485,0.0,0.0,6.024745631666668,0.5004024235381879,0.0,2.777777777777778,2.777777777777778,1500.0,2950.91130965
17257,17355,1,6,1,1,18575.0,0.08190562285030656,0.32140272169881856,0.8539552564677733,19.4444444444,1.2697397756237465,12.00930929013889,1.955948470235767,58.1935483871,83.33333333333334,133.33333333333334,1407.32913262,485.16587721
17262,17360,0,0,0,1,2163.888888888889,0.09083478818998716,0.24435738125802312,0.8594480102695764,8.33333333333,0.0,6.635085716166667,0.9057885085687165,0.0,0.0,88.8888888888889,582.5240443,3000.0
17270,17368,6,10,5,3,15122.222222222224,0.10835121234386481,0.3725668809698751,0.861557788390889,16.6666666667,0.5067532281621981,13.462325363333335,1.9649112245118099,135.9,119.44444444444446,166.66666666666669,1218.3059024,3000.0
17275,17373,0,1,0,0,725.0,0.0787088122605364,0.1985088122605364,0.8832727969348659,0.0,0.0,3.070911823833334,0.0,0.0,0.0,66.66666666666667,1500.0,3000.0
17278,17376,3,3,2,0,11841.666666666668,0.12191381656110721,0.2783023457658926,0.8442140980530143,27.777777777799997,0.22270696376611473,6.609364429805555,1.8870914455455992,0.0,22.222222222222225,80.55555555555556,251.29923359,1709.13216236
17284,17382,0,1,0,0,3327.777777777778,0.060420617696160264,0.24766427378964942,0.8468801335559266,8.33333333333,0.0,5.944071811555556,1.7440461744912361,0.0,5.555555555555556,36.111111111111114,1500.0,1858.95543497
17288,17386,0,0,0,0,891.6666666666667,0.025763551401869155,0.19114485981308413,0.8481280373831775,0.0,0.0,4.231484803527779,1.6769877743224173,0.0,0.0,0.0,1500.0,3000.0
17293,17391,1,2,1,0,2102.777777777778,0.07436882430647292,0.2820141347424042,0.8593063408190225,2.77777777778,0.0,6.077641774194444,1.3494091044167051,54.0,2.777777777777778,158.33333333333334,1500.0,2034.16703149
17296,17394,2,1,1,1,2925.0,0.14282469135802467,0.3412821462488129,0.8788631528964862,2.77777777778,2.5330519455543494,1.1949252598555555,1.3296613488547582,1905.0,55.555555555555564,11.111111111111112,857.6494141,1097.27188907
17304,17402,0,0,0,0,4272.222222222223,0.19776287386215863,0.34358159947984396,0.9300663849154747,2.77777777778,0.431502091094614,3.305786177194445,1.4420930769667712,0.0,16.666666666666668,22.222222222222225,707.619170388,1775.28007434
17305,17403,0,2,2,0,5361.111111111112,0.08393284974093264,0.3066024870466321,0.8323494300518135,8.33333333333,0.0,9.322171770166667,1.6557225972651677,0.0,2.777777777777778,100.0,1500.0,2041.32683782
17306,17404,1,7,2,1,11741.666666666668,0.1712402413058907,0.3308779039507925,0.8758630234208659,44.4444444444,1.939245570118321,2.889736603361111,1.7671469587488429,0.0,47.22222222222223,230.55555555555557,1257.60003016,2857.77255578
17311,17409,3,8,0,0,30727.77777777778,0.15173579822816852,0.21266275537877416,0.8810675194359067,19.4444444444,0.0,13.133827044194444,1.883145590473297,86.1428571429,91.66666666666667,11.111111111111112,1423.98431513,1568.27599728
17314,17412,3,7,1,4,21119.44444444445,0.1700672497698277,0.2978945284756017,0.8893247928449296,8.33333333333,0.5339311204207774,4.384159125583333,1.9627651433871893,46.0,125.0,113.88888888888891,471.788721139,688.08273153
17315,17413,0,0,0,0,12444.444444444445,0.12180573660714286,0.3402096205357143,0.8610292857142857,16.6666666667,0.0,11.397504944416667,1.693023600093046,0.0,61.11111111111112,141.66666666666669,946.182461228,1871.41893238
17317,17415,4,11,15,1,8963.88888888889,0.10121701270529904,0.29235075921908893,0.8594745584133869,36.1111111111,1.6892512456292252,5.872308512638889,1.1288013632057876,416.5,11.111111111111112,72.22222222222223,1207.28822655,1549.59598196
17318,17416,0,0,0,0,18205.55555555556,0.17480868172108635,0.23796237412267315,0.8634526090936833,8.33333333333,1.6482617090784577,3.994998422027778,1.6035610503964626,173.5,5.555555555555556,41.66666666666667,185.193747286,1251.2084899
17323,17421,1,2,0,0,25111.111111111113,0.09190654867256637,0.2213858628318584,0.8666086946902655,25.0,2.019571821285124,3.1954786707500005,1.699089423275761,0.0,11.111111111111112,72.22222222222223,535.354928928,1090.51100264
17325,17423,0,1,0,0,2513.888888888889,0.07222618784530387,0.2766482872928177,0.8582291712707183,2.77777777778,0.0,5.248039612527777,1.3321790402101223,0.0,0.0,52.77777777777778,1500.0,1255.43310778
17329,17427,2,0,1,0,13155.555555555557,0.13066182432432433,0.4323946157094595,0.8720273226351352,13.888888888899999,0.5723569842045872,0.8496882117944444,1.964952187643153,83.0,52.77777777777778,33.333333333333336,1500.0,865.16462911
17332,17430,0,2,0,0,5027.777777777778,0.09327685082872927,0.2092396132596685,0.8472129281767956,22.2222222222,0.0,11.74688242463889,1.610721146495464,0.0,16.666666666666668,52.77777777777778,1402.16201053,936.49618717
17335,17433,0,0,0,0,3069.444444444445,0.06584986425339366,0.2220892307692308,0.8554117647058823,8.33333333333,1.8265324074437403,0.0,1.1626998334975678,0.0,0.0,80.55555555555556,1500.0,3000.0
17336,17434,0,1,0,0,305.5555555555556,0.0684,0.13548363636363636,0.9494999999999999,2.77777777778,0.0,0.0,0.0,0.0,8.333333333333334,0.0,1500.0,3000.0
17339,17437,0,1,1,0,15736.111111111113,0.08902146513680494,0.22266504854368932,0.8527743336275375,2.77777777778,0.0,18.54484987872223,1.6869025948471867,0.0,19.444444444444446,83.33333333333334,1500.0,3000.0
17347,17445,11,17,4,1,77944.44444444445,0.16169754454739846,0.3752586956521739,0.8685559622238062,25.0,1.6793404485133088,6.975234963694446,1.7497418401599012,493.606060606,186.11111111111111,227.77777777777783,265.583585759,266.48818379
17348,17446,1,0,0,0,655.5555555555557,0.06493516949152542,0.19640805084745763,0.8678822033898305,0.0,0.0,5.495643175500001,1.1244168915426467,0.0,8.333333333333334,50.0,1500.0,2803.27404551
17349,17447,3,15,1,0,19644.44444444445,0.246517717760181,0.32441968325791853,0.8874630656108596,8.33333333333,1.837889162489556,10.396666770777777,2.0461909796349085,106.5,61.11111111111112,441.6666666666667,634.155874455,372.38446294
17350,17448,0,1,0,0,13472.222222222224,0.11718416494845361,0.3388099381443299,0.8514759793814433,5.55555555556,0.340829665756645,7.847944826194445,1.8963222963708504,129.857142857,52.77777777777778,105.55555555555556,655.712834459,547.80896855
17356,17454,4,6,0,0,21063.88888888889,0.23311401819860214,0.35340979823288937,0.884093208492681,2.77777777778,0.0,0.0,1.699546747691349,0.0,130.55555555555557,111.11111111111113,486.405702132,1719.73331929
17358,17456,0,0,0,0,6172.222222222223,0.09812398739873987,0.29042799279927994,0.8650833933393339,5.55555555556,1.1365645975236842,7.322706856583333,1.7915860469195668,0.0,8.333333333333334,105.55555555555556,1500.0,2459.54003898
17361,17459,2,3,0,0,4508.333333333334,0.13117775723967962,0.22676734442390636,0.8459369685767097,2.77777777778,1.7181280418949811,0.0,1.7489626018127462,546.363636364,19.444444444444446,11.111111111111112,1500.0,1728.53946029
17363,17461,0,0,0,0,6352.777777777778,0.10630476606908613,0.26575491910800175,0.896391735898557,5.55555555556,1.9214274486965894,6.7601990334444455,1.3817860322593334,0.0,5.555555555555556,47.22222222222223,1456.79778315,1828.49267297
17367,17465,0,1,0,0,9738.88888888889,0.11005579007415858,0.21105621791215062,0.8782952937820878,13.888888888899999,0.9273513135920131,9.041782287694444,0.9119166626171813,116.5,13.888888888888891,47.22222222222223,1305.34698767,1108.59272938
17373,17471,3,4,0,2,26269.44444444445,0.10258301787036059,0.3330243629057841,0.8607024109125515,33.333333333300004,2.097211106638114,11.14614077738889,2.024049616741735,72.3863636364,144.44444444444446,75.0,1440.2365043,846.19572498
17383,17481,0,11,0,0,6522.222222222223,0.1134052810902896,0.2722460391822828,0.8656770442930153,11.1111111111,0.0,3.0606242831111112,1.8353721465510127,105.4,13.888888888888891,108.33333333333334,536.905366815,3000.0
17384,17482,0,3,0,1,10927.77777777778,0.10203108795119471,0.2326276563294357,0.8626405439755973,55.555555555599994,1.6725247966615822,14.97966594641667,1.9808692932612693,70.6666666667,16.666666666666668,108.33333333333334,1500.0,3000.0
17390,17488,0,0,0,0,7322.2222222222235,0.06056809559939302,0.14799434749620635,0.8264207890743551,2.77777777778,0.0,10.70973054961111,1.7000552976821002,41.3333333333,5.555555555555556,27.777777777777782,1500.0,3000.0
17398,17496,0,0,0,0,2777.777777777778,0.0773934,0.3138541,0.8549824,11.1111111111,1.8072199443411714,7.700776016250001,0.5004024235381879,0.0,2.777777777777778,63.88888888888889,1500.0,1573.38906246
17419,17518,0,0,1,0,1691.6666666666667,0.08026781609195402,0.1982144499178982,0.8198451559934319,2.77777777778,1.693297046125792,2.131059949519444,1.2373316688930311,0.0,2.777777777777778,69.44444444444446,1500.0,3000.0
17422,17521,0,0,0,1,988.888888888889,0.18295898876404493,0.36522808988764044,0.8438292134831461,0.0,0.0,1.8054198218277782,0.0,0.0,0.0,0.0,1500.0,3000.0
17429,17528,6,6,0,1,58563.8888888889,0.14546542712137742,0.3257362329839207,0.8726767822416165,22.2222222222,1.6683267920374882,3.3040291115833336,2.060358631529682,476.892857143,186.11111111111111,80.55555555555556,410.684578839,1541.08858556
17431,17530,0,0,0,0,2161.1111111111113,0.08596285347043701,0.2656,0.8259557840616967,0.0,0.08527025743153495,7.788490992944445,1.0910060110003856,0.0,2.777777777777778,13.888888888888891,892.181004314,3000.0
17433,17532,1,4,1,2,2733.3333333333335,0.1252770325203252,0.2225361788617886,0.8835319105691057,5.55555555556,0.13099503492119777,7.302109599777779,1.4636751432989774,0.0,13.888888888888891,141.66666666666669,411.958481738,934.2701282
17440,17539,0,0,0,0,2244.444444444445,0.10450915841584157,0.3670089108910891,0.874144801980198,2.77777777778,1.8098203877205168,9.608102413083333,1.6325451118996743,32.0,5.555555555555556,102.77777777777779,1094.18319067,1080.23728699
17441,17540,1,1,0,0,1705.5555555555557,0.09320032573289902,0.3750071661237785,0.8350724755700326,0.0,0.6844834930975033,1.4872862480444449,0.887694275799104,0.0,0.0,8.333333333333334,756.336481247,893.78890578
17450,17549,4,9,8,4,40013.8888888889,0.13617375216938563,0.49653222492190213,0.8661941409232905,77.7777777778,1.0259276277414149,5.498612678111112,1.96263802845132,680.777777778,116.66666666666667,75.0,682.496411741,263.5668747
17452,17551,0,1,0,0,8619.444444444445,0.08627286496938447,0.21148047051240734,0.8807673541733806,61.111111111099994,0.6243063111093051,7.183395225750001,1.7654564976545892,0.0,16.666666666666668,105.55555555555556,1500.0,783.91021218
17462,17561,0,0,0,0,6211.111111111112,0.04676887298747764,0.17365505366726297,0.8673679338103757,5.55555555556,0.6743843009176949,5.915606710416668,1.3317775565762302,0.0,11.111111111111112,44.44444444444445,1500.0,3000.0
17471,17570,1,21,11,7,33447.222222222226,0.11549591396063451,0.3399379038285857,0.8629914292832821,22.2222222222,0.7814472388951225,23.40759035213889,1.910710628413203,428.476190476,86.11111111111113,63.88888888888889,1440.78103374,1379.44707725
17472,17571,1,2,0,0,6233.333333333334,0.12397303921568627,0.29062245989304814,0.894932486631016,13.888888888899999,0.0,3.3809253195000006,1.3986205203440565,0.0,8.333333333333334,72.22222222222223,471.87694566,2486.5587496
17474,17573,0,4,0,0,21550.0,0.15377026295436966,0.38447536736272236,0.8788548079401908,19.4444444444,0.0,1.507975236138889,1.8242059069347,178.0,86.11111111111113,30.55555555555556,701.857831041,609.41942227
17478,17577,2,0,0,0,2280.555555555556,0.10020657734470158,0.18112984165651647,0.8791275274056028,5.55555555556,1.6935679779367814,2.9938613326944448,1.3005920075345052,0.0,2.777777777777778,25.0,827.59344946,1075.33496525
17483,17582,0,7,7,0,16622.222222222223,0.10513302139037432,0.3006489973262032,0.8424416610962567,30.555555555599998,1.7283406306339024,20.115356629111115,1.6642583107908242,498.5,41.66666666666667,227.77777777777783,1459.54573018,1871.93567662
17489,17588,0,3,0,0,21336.111111111113,0.23139705767478191,0.4812957167035542,0.884943145423773,5.55555555556,0.26999605116008707,1.1989234078694446,1.0337705357946634,0.0,61.11111111111112,208.33333333333334,476.637201102,658.40820059
17491,17590,2,6,3,0,61202.77777777779,0.10145961512277038,0.24336938682884762,0.8824037943085371,58.3333333333,1.7428071293744647,5.019862096861111,1.6586587508206396,80.8333333333,94.44444444444446,205.55555555555557,712.843100452,327.70700564
17499,17598,0,0,0,1,21150.0,0.0635034804307854,0.2289601392172314,0.8620696874179143,2.77777777778,1.3247170577073648,0.23588827821194447,1.8161086625420721,0.0,11.111111111111112,30.55555555555556,658.26510696,3000.0
17502,17601,0,0,1,0,1172.2222222222224,0.07490118483412322,0.17420284360189572,0.843159952606635,0.0,0.0,6.509111662444445,1.0986122886681096,0.0,0.0,0.0,1500.0,3000.0
17505,17604,0,0,0,0,5519.444444444445,0.07619753397081028,0.16616753900352288,0.832293407146452,5.55555555556,1.384901349385535,11.24948259763889,1.549506165497625,0.0,2.777777777777778,47.22222222222223,834.801651812,2069.25325189
17511,17610,1,2,0,0,24411.111111111113,0.15836223258989532,0.3182415566681839,0.8866483727810651,11.1111111111,0.36562175428697624,0.0,1.8718245000988523,91.7857142857,116.66666666666667,47.22222222222223,704.014107506,663.16585694
17524,17623,1,1,0,1,7341.666666666667,0.2729806280741581,0.3345399545970488,0.8924464245175937,2.77777777778,0.0,3.1311064401111115,1.6234397151166942,0.0,122.22222222222224,33.333333333333336,796.04781047,2401.12520767
17527,17626,0,0,0,0,736.1111111111112,0.05883471698113208,0.2584377358490566,0.8389656603773584,0.0,0.46766210173764555,0.6319444028333333,0.0,0.0,0.0,2.777777777777778,867.637834132,3000.0
17528,17627,0,1,0,0,2897.2222222222226,0.15598600191754555,0.32704084372003833,0.9054378715244488,0.0,1.6685768532333904,4.7207250418888895,1.3066799704142684,0.0,11.111111111111112,22.222222222222225,600.234026481,927.50444978
17529,17628,0,0,0,0,9250.0,0.06607174174174174,0.1580747147147147,0.8356310810810811,8.33333333333,1.6932757944944778,9.891905324722224,1.5679509463653691,0.0,11.111111111111112,83.33333333333334,1500.0,2291.93145739
17534,17633,0,0,1,0,5947.222222222223,0.08777730032695003,0.231222466137319,0.8785236338159739,0.0,0.0,0.7737943821611111,1.8349145100507893,84.3333333333,2.777777777777778,8.333333333333334,803.291829648,593.25762792
17538,17637,1,1,1,0,6277.777777777778,0.09293853982300886,0.2880753982300885,0.8413816371681416,5.55555555556,1.7469794802562277,11.5019516545,1.8915264427691791,0.0,11.111111111111112,52.77777777777778,1500.0,3000.0
17542,17641,23,5,0,0,14547.222222222224,0.0746896505632996,0.2751117624594233,0.853903780790529,19.4444444444,0.0,8.354512545083335,1.4346609754219024,74.0,22.222222222222225,522.2222222222223,1500.0,1262.3750383
17543,17642,1,4,0,1,9919.444444444445,0.09072909549145898,0.2290369924390927,0.8517587790534864,25.0,0.0,24.302073397555557,1.844450031017278,52.5,13.888888888888891,88.8888888888889,1500.0,3000.0
17548,17647,1,0,0,0,1658.3333333333335,0.053435008375209384,0.17775577889447236,0.8541527638190954,0.0,1.4334162295751465,0.5325417085583334,1.309015795371127,198.0,2.777777777777778,19.444444444444446,1500.0,1254.01404889
17549,17648,3,0,0,0,13036.111111111111,0.08148810995099083,0.26692691242275735,0.847994310675474,5.55555555556,0.0,5.923070673472224,1.5877121291398326,56.0,63.88888888888889,186.11111111111111,1500.0,790.82748858
17560,17659,1,1,0,0,11597.222222222224,0.1041911377245509,0.3116876886227545,0.8985209820359281,2.77777777778,1.8262149147226967,2.6025183307333335,0.6666660889947862,0.0,8.333333333333334,44.44444444444445,602.188176205,1380.82094425
17570,17669,2,14,0,4,29188.888888888894,0.18931663494480394,0.5503859725923106,0.8905094023601066,22.2222222222,0.5083274916368176,6.6128813730000005,2.0389296406726074,249.958333333,247.22222222222226,790.55555555556,266.783246122,108.77167675
17576,17675,0,0,0,0,1886.1111111111113,0.06438954344624448,0.18244079528718704,0.8652910162002946,2.77777777778,0.0,8.196910074805555,1.3038755293363848,0.0,0.0,100.0,1104.39638529,3000.0
17581,17680,3,5,4,0,75772.22222222223,0.10014042085196861,0.28108130728059244,0.8845376603856588,47.2222222222,1.068726349903122,5.513594530500001,1.9520013487970398,76.75,88.8888888888889,102.77777777777779,328.174526846,1376.55248873
17586,17685,0,0,0,0,611.1111111111112,0.06005863636363636,0.27161681818181815,0.8090731818181819,0.0,1.6793223981468282,1.1586033903944446,0.6931471805599453,0.0,0.0,2.777777777777778,1500.0,3000.0
17590,17689,0,9,0,0,11780.555555555557,0.09559063900023579,0.3134347559537845,0.8625535251120019,61.111111111099994,1.7235755966933946,16.97656931452778,1.6428698433324618,81.7272727273,19.444444444444446,291.6666666666667,1369.84036556,632.91993869
17601,17700,17,7,4,3,59138.8888888889,0.09746361202442462,0.3548861296383279,0.8327499812118365,77.7777777778,0.0,6.650089286861111,2.090589859690664,90.2941176471,44.44444444444445,83.33333333333334,656.824950196,884.77359486
17604,17703,4,5,3,3,36747.222222222226,0.1401223977624915,0.35500384760752896,0.8775622873988964,36.1111111111,0.0,9.169956595472224,1.8869676840058387,96.95,113.88888888888891,675.0,256.654648216,199.41885275
17613,17712,0,0,0,0,538.888888888889,0.1027639175257732,0.31456237113402064,0.8080056701030928,0.0,1.7016912598592653,3.6245055012777785,0.8239592165010823,0.0,0.0,25.0,1500.0,3000.0
17618,17717,3,9,10,3,19111.111111111113,0.10004795058139535,0.25894523255813956,0.8516242587209303,41.666666666699996,0.0,18.052381221250002,1.8296207332966825,109.285714286,41.66666666666667,275.0,1500.0,622.88036294
17619,17718,1,6,0,0,39297.222222222226,0.16658232840884993,0.24248945359440166,0.8767634410122287,8.33333333333,0.9340334325842565,7.7902609921111114,1.5651743967587126,0.0,77.77777777777779,13.888888888888891,335.92257445,2709.71664126
17623,17722,0,1,1,0,561.1111111111112,0.06800346534653466,0.19090445544554455,0.8253920792079208,5.55555555556,0.0,3.630696645305556,1.0296530140645737,0.0,0.0,5.555555555555556,1500.0,2972.29235118
17634,17733,1,1,0,0,21291.666666666668,0.10997672537508153,0.2080910371819961,0.8718863274624918,13.888888888899999,0.0,5.465927889611111,1.682003581086527,115.0,5.555555555555556,8.333333333333334,696.184276925,1447.91810619
17635,17734,4,0,0,1,4030.555555555556,0.09678318401102688,0.3329157133011716,0.8722110957960026,19.4444444444,1.7571520115195396,9.338812790333334,1.8922313969701374,0.0,52.77777777777778,433.33333333333337,1500.0,383.62452485
17636,17735,0,0,0,0,908.3333333333334,0.08797675840978593,0.23771865443425075,0.8501504587155962,0.0,0.0,1.0836231556416667,0.0,0.0,0.0,16.666666666666668,1500.0,3000.0
17638,17737,1,1,0,0,3158.3333333333335,0.06660650835532102,0.2674617414248021,0.8371918205804749,8.33333333333,1.7565473478232814,5.80571831463889,1.767157929287813,0.0,16.666666666666668,8.333333333333334,1500.0,3000.0
17648,17747,1,0,0,0,4550.0,0.07913583638583639,0.3767178266178266,0.8680278998778999,0.0,0.0,7.244126188083334,1.4391741154213276,0.0,5.555555555555556,30.55555555555556,1500.0,2614.10924032
17649,17748,1,4,0,0,4600.0,0.056470591787439614,0.14577113526570049,0.8739916666666667,0.0,0.0,0.47293671177222235,1.6238428455689164,182.0,19.444444444444446,100.0,1339.16776074,1853.63112979
17653,17753,0,2,3,1,18216.666666666668,0.10864101860323269,0.25585301921317477,0.8790201890820373,25.0,0.0,13.618090588777779,1.766964886138446,142.0,108.33333333333334,91.66666666666667,1356.79226213,296.1075494
17656,17756,0,0,1,0,2363.888888888889,0.072275910693302,0.14704277320799058,0.8207585193889542,0.0,0.44941897427155464,9.22288748811111,0.0,0.0,0.0,11.111111111111112,1500.0,3000.0
17659,17759,0,4,0,0,7397.2222222222235,0.09492084115659032,0.19530713481036424,0.8049865189635749,11.1111111111,1.8127014467530573,4.037454778805556,1.7606331299630387,677.818181818,16.666666666666668,11.111111111111112,1500.0,3000.0
17663,17763,0,0,0,0,777.7777777777778,0.0955782142857143,0.28063535714285714,0.8260525,0.0,0.0,8.282462835027777,0.0,0.0,0.0,0.0,595.395606032,2115.75241071
17665,17765,0,1,0,1,491.6666666666667,0.07741638418079096,0.27358531073446324,0.905274011299435,0.0,0.0,3.9563152883888892,0.0,0.0,0.0,13.888888888888891,1500.0,3000.0
17670,17771,0,2,6,0,10627.77777777778,0.07163758494511238,0.19297211186617877,0.8292918714061683,8.33333333333,0.0,11.624952756972224,1.6570286162992567,457.5,0.0,8.333333333333334,1500.0,3000.0
17672,17773,1,3,0,0,30858.333333333336,0.12042174813214511,0.2559780538302277,0.9071849851471779,11.1111111111,0.04224874084836732,4.749631267916667,1.7085319657394185,233.0,38.88888888888889,94.44444444444446,68.5849809348,1088.04247425
17673,17775,2,4,1,1,30261.111111111113,0.20255600330457135,0.4628894712685882,0.876056012483936,22.2222222222,1.6797968399793357,9.564272736694445,2.011768202775931,177.0,119.44444444444446,280.5555555555556,788.348485385,386.57864839
17676,17778,1,10,1,2,22855.55555555556,0.09001339329120077,0.21768490520175013,0.8460282693242587,11.1111111111,0.0,19.822572503833335,1.73823008099464,63.652173913,88.8888888888889,227.77777777777783,1500.0,241.2051974
17679,17781,1,3,1,1,7886.111111111112,0.09575840084536807,0.193439309616062,0.8409688974991193,19.4444444444,0.0,12.818783476861112,1.7434745217729457,0.0,19.444444444444446,358.33333333333337,1156.68344793,1779.74284237
17691,17793,0,0,0,0,780.5555555555557,0.07767366548042705,0.32678469750889677,0.8383199288256228,0.0,1.7665466925478044,0.0,0.45056120886630463,0.0,0.0,22.222222222222225,365.832541659,2335.4090602
17693,17795,1,5,0,0,27666.666666666668,0.11694720883534138,0.23235812248995985,0.8688426405622489,30.555555555599998,1.7788481695527592,9.337634946222222,1.880401760340762,55.5,13.888888888888891,52.77777777777778,461.676963,3000.0
17701,17803,0,0,0,2,8438.88888888889,0.07000157998683344,0.18516550362080314,0.8449456879526005,5.55555555556,0.0,5.897358307000001,1.7086559473420695,0.0,2.777777777777778,58.333333333333336,1500.0,3000.0
17711,17813,0,0,0,0,4455.555555555556,0.10839519950124689,0.3353433291770574,0.8699504987531171,27.777777777799997,0.0,4.949880988333334,1.5127935166817554,112.0,13.888888888888891,77.77777777777779,671.482345951,1183.12363123
17719,17821,16,0,0,0,12850.0,0.07774176394293125,0.2205795503674881,0.8889367704280154,30.555555555599998,1.7035366291314902,2.383710578497223,1.1032367955777067,0.0,2.777777777777778,350.0,381.916394723,1646.85054907
17725,17827,0,0,1,0,300.0,0.029719444444444448,0.13586851851851853,0.8455037037037038,0.0,0.0,0.0,0.0,0.0,0.0,0.0,1196.08733687,3000.0
17726,17828,3,5,0,2,27125.0,0.10607711213517666,0.257283922171019,0.8701161495135689,25.0,0.6967602832113668,17.06844582041667,1.7905678788754735,0.0,77.77777777777779,322.22222222222223,974.658193265,340.96608255
17729,17831,1,0,0,0,1741.6666666666667,0.08219617224880382,0.23478915470494416,0.859804625199362,2.77777777778,0.0,9.690528406055558,1.2130075659799042,0.0,5.555555555555556,0.0,1500.0,3000.0
17733,17835,0,0,0,1,4019.4444444444453,0.11065542501727713,0.32974927436074636,0.8676678645473394,0.0,0.12078558846906431,4.007543279027778,0.7070322896258634,832.0,5.555555555555556,94.44444444444446,584.950748924,925.49743803
17740,17842,0,0,0,0,1225.0,0.03921201814058957,0.3312439909297052,0.8896238095238095,2.77777777778,0.12018536690392978,3.9054397901388893,1.0986122886681096,0.0,0.0,69.44444444444446,740.146464847,2660.0859448
17745,17847,0,1,0,2,6275.0,0.09462766710934042,0.17095493581230634,0.851982337317397,5.55555555556,0.0,12.81441239425,1.850784510877654,86.5,63.88888888888889,69.44444444444446,1500.0,582.39853106
17757,17859,1,8,2,0,20391.666666666668,0.20179959133633021,0.4208775507424057,0.8767455659991826,16.6666666667,0.20781839031218893,4.167197266444445,1.8797535047541007,447.333333333,55.555555555555564,138.8888888888889,798.857335248,464.72526877
17763,17865,1,1,0,0,8530.555555555557,0.12024943015304461,0.22119534353630738,0.8431029957668512,8.33333333333,0.850347454972379,1.5301695394500003,1.6294867154506516,0.0,11.111111111111112,8.333333333333334,1370.37631362,1950.53672099
17765,17867,2,3,3,1,45947.222222222226,0.16873953811740522,0.4610210325856961,0.8785062329967959,27.777777777799997,0.8318008330350953,13.086491499916667,1.9054274585216573,113.25,236.11111111111114,230.55555555555557,495.902043744,708.78365567
17766,17868,0,0,0,1,1411.1111111111113,0.18268188976377953,0.5334023622047244,0.8738712598425197,2.77777777778,1.9673100704152675,6.2754090952777775,1.9134795030542073,0.0,52.77777777777778,336.11111111111114,694.441409879,312.21328119
17770,17872,0,0,1,0,575.0,0.10888115942028985,0.28762028985507243,0.7808695652173913,0.0,0.0,5.2611913036111115,0.0,0.0,5.555555555555556,0.0,837.830270345,3000.0
17771,17873,0,0,0,0,4661.111111111112,0.07987473182359953,0.17366692491060787,0.8424007151370679,30.555555555599998,0.3154524695054457,14.521786401361112,1.1421200429883351,38.75,5.555555555555556,52.77777777777778,1384.59520622,3000.0
17772,17874,0,1,2,1,34436.11111111112,0.10537542147293699,0.3036499314350246,0.8511706461240622,13.888888888899999,0.70090891500693,17.802904069500002,1.747916098295337,137.666666667,55.555555555555564,166.66666666666669,1500.0,823.67299532
17775,17877,0,1,0,0,313.8888888888889,0.04465132743362832,0.10394513274336283,0.9159893805309735,2.77777777778,0.0,0.3760672538027779,1.6094379124341005,0.0,11.111111111111112,5.555555555555556,861.681554823,3000.0
17780,17882,1,2,0,0,7375.0,0.10689668549905838,0.2336522033898305,0.8781090018832391,13.888888888899999,0.4049227025177029,10.662676659611112,1.8184184193507875,0.0,8.333333333333334,161.11111111111111,314.160293474,3000.0
17781,17883,0,0,0,0,2050.0,0.0768970189701897,0.32288631436314363,0.8460252032520325,8.33333333333,0.0,5.093292789222223,1.4897503188505912,0.0,2.777777777777778,91.66666666666667,739.658106398,2269.89310426
17786,17888,0,0,0,0,1055.5555555555557,0.07345868421052631,0.3711426315789474,0.8463707894736843,16.6666666667,0.0,7.095611887944444,1.7214023220140038,0.0,2.777777777777778,83.33333333333334,1162.0256167,3000.0
17787,17889,1,1,0,0,1586.1111111111113,0.09028651488616463,0.35794010507880913,0.7976070052539405,0.0,0.0,5.872924307888889,0.9502705392332347,0.0,5.555555555555556,5.555555555555556,1500.0,3000.0
17793,17895,1,4,0,0,20155.55555555556,0.09660995038588754,0.29044531422271225,0.853264829106946,0.0,1.737796327259947,8.972796815472224,1.9951436658586426,160.0,61.11111111111112,47.22222222222223,919.569682597,671.17897602
17795,17897,0,1,1,0,7722.2222222222235,0.08349079136690647,0.2800948920863309,0.8513839568345324,19.4444444444,1.7279438712712265,12.98370423977778,1.635006175009955,0.0,16.666666666666668,150.0,1500.0,1729.67143689
17806,17908,1,1,0,0,811.1111111111112,0.10868390410958904,0.16122020547945207,0.8504712328767123,0.0,0.0,0.0,0.0,0.0,2.777777777777778,0.0,1500.0,3000.0
17811,17913,2,0,0,0,7288.8888888888905,0.08541032774390245,0.2524553353658537,0.8686864329268292,8.33333333333,0.0907679613656813,0.0,1.285550672202945,66.0,11.111111111111112,238.8888888888889,470.401898764,1977.36342695
17812,17914,0,0,0,0,5422.222222222223,0.12014918032786887,0.32834021516393447,0.861934887295082,8.33333333333,1.5309437537820023,4.3181794192777785,1.5634726982544664,0.0,11.111111111111112,438.88888888888897,299.702401221,1967.0866346
17816,17918,7,5,4,0,43569.444444444445,0.15312056104558494,0.339591750079694,0.8899993178195729,41.666666666699996,1.004120093954707,2.00047767415,1.9757973797255675,424.346153846,119.44444444444446,288.8888888888889,545.01077897,1355.07746013
17821,17923,1,3,0,1,83.33333333333334,0.08814333333333332,0.5066666666666666,0.87122,0.0,0.2057273253421221,1.7036918396111114,1.3862943611198906,0.0,2.777777777777778,0.0,793.541725513,652.32125922
17824,17926,0,1,0,0,2927.777777777778,0.08460787476280834,0.2705719165085389,0.8509585388994307,0.0,0.0,13.275510063,1.7648772559653463,47.0,5.555555555555556,130.55555555555557,1500.0,3000.0
17827,17929,0,0,0,0,4941.666666666667,0.06867121978639686,0.25640477796514893,0.8262062956717257,2.77777777778,0.9684310556249266,6.089082260083334,1.240684291953396,100.0,8.333333333333334,11.111111111111112,1500.0,3000.0
17829,17931,4,14,23,0,37452.77777777778,0.09000589631387675,0.2296629162649262,0.8679202328858563,75.0,1.0230854137777947,5.643362245583334,1.8705742405111625,70.5,27.777777777777782,102.77777777777779,973.305529593,568.64365567
17831,17933,1,1,0,0,31686.111111111113,0.10179953537301657,0.29545869203120895,0.8460667660208644,25.0,0.2319238604957303,5.40519998138889,1.3625152741063287,0.0,36.111111111111114,38.88888888888889,971.057807106,578.22143828
17837,17939,0,1,0,0,3336.1111111111113,0.11134629475437136,0.3013631973355537,0.8189506244796003,5.55555555556,1.1451915495686429,0.4488553066861112,1.2284916775245969,0.0,11.111111111111112,27.777777777777782,1360.81969766,2878.88372151
17843,17945,0,0,0,0,3458.3333333333335,0.07310232931726908,0.2239187951807229,0.872557751004016,0.0,0.0,6.235234080027779,0.0,0.0,5.555555555555556,19.444444444444446,1500.0,1151.47060218
17844,17946,0,0,0,0,911.1111111111113,0.03648780487804878,0.23310121951219512,0.8485295731707317,2.77777777778,0.4487160669831321,7.395487988944446,1.5912841837478133,0.0,2.777777777777778,0.0,1500.0,3000.0
17845,17947,1,7,1,1,17072.222222222223,0.133100894890986,0.2720252684672958,0.8804609990237553,25.0,0.562913502434332,6.745378417083334,1.9646559961111518,92.4285714286,94.44444444444446,152.7777777777778,477.884591443,480.36784279
17854,17956,0,0,0,0,2969.444444444445,0.06075247895229186,0.18077614593077643,0.82772263797942,2.77777777778,0.0,6.830719343333334,0.7589367727620596,0.0,5.555555555555556,25.0,1500.0,1545.73492557
17868,17970,0,7,2,0,23219.44444444445,0.1050574590261993,0.23680782390238067,0.8825867089364756,30.555555555599998,1.4245336511564426,0.2865454661055556,1.7503151484615855,0.0,22.222222222222225,155.55555555555557,1500.0,1629.30091208
17869,17971,0,0,2,0,1447.2222222222224,0.07824145873320539,0.22650863723608444,0.8295631477927063,0.0,0.0,1.599239729416667,0.0,0.0,0.0,0.0,1500.0,3000.0
17887,17989,0,1,0,0,7325.0,0.08007262040197194,0.251143155100493,0.8678865377322714,13.888888888899999,1.1014462230032103,13.569948350416668,1.503616649985265,37.0,2.777777777777778,141.66666666666669,1500.0,3000.0
17888,17990,1,1,0,0,20177.77777777778,0.1202041024229075,0.19017822136563878,0.8294237472466961,2.77777777778,1.4454298334760787,4.347867092194445,1.9456864946457804,71.5,52.77777777777778,11.111111111111112,1500.0,3000.0
17892,17994,4,6,1,1,27041.666666666668,0.09671153569594247,0.2980482485875706,0.8533837596302003,13.888888888899999,1.5753009618375902,2.9283098786944444,1.5733161492261099,44.0,27.777777777777782,161.11111111111111,989.87389035,608.51482061
17906,18009,1,3,1,0,15922.222222222224,0.12433571179344034,0.21977883810188417,0.8365761863224006,27.777777777799997,1.674640906283137,15.733743897388889,1.6379187186154602,58.6666666667,25.0,36.111111111111114,442.359155628,2365.20631644
17910,18013,5,7,1,0,18422.222222222223,0.08382881483715321,0.3070362937273824,0.8596189987937274,19.4444444444,0.0,11.952325774472222,1.8363856450321443,72.5,25.0,183.33333333333334,870.248278103,1379.64625281
17931,18034,2,6,5,1,25575.0,0.12432117953730856,0.32276336483110674,0.8819588682524167,22.2222222222,1.636874798915636,9.672923239277777,1.9873966685746032,117.666666667,94.44444444444446,166.66666666666669,558.156798782,469.4083818
17934,18037,1,0,0,0,25675.0,0.0950623282484042,0.28844565617223844,0.8495678459374661,30.555555555599998,1.2837168505137357,2.313401230052778,1.6889891850047132,443.18,11.111111111111112,80.55555555555556,1052.64652234,1062.57837613
17945,18048,0,0,0,1,4797.222222222223,0.07879090909090909,0.39293011001737116,0.824680660104227,8.33333333333,0.0,6.410191413861112,1.207515325037699,0.0,19.444444444444446,86.11111111111113,1500.0,739.80808585
17949,18052,0,0,0,0,16.666666666666668,0.0,0.0,0.8333499999999999,0.0,0.0,0.0,0.0,0.0,0.0,0.0,1500.0,3000.0
17954,18057,4,5,1,2,42502.77777777778,0.09411786157767467,0.30344275537546567,0.8630375138879811,22.2222222222,0.06225923620707096,2.0562772760222225,2.0126784762531744,83.6,41.66666666666667,194.44444444444446,751.431569739,1406.82640233
17955,18058,0,3,1,0,6316.666666666667,0.14652902374670185,0.3437918645558487,0.8870157871591909,5.55555555556,1.3070395373491803,4.162422890277779,1.7262806584918369,0.0,33.333333333333336,208.33333333333334,502.310097639,765.95807067
17958,18061,0,1,1,0,9955.555555555557,0.1265364676339286,0.4427440848214285,0.8725087890625,5.55555555556,0.0,2.823851762027778,1.718646488943626,0.0,16.666666666666668,111.11111111111113,423.012775655,2714.6961784
17960,18063,1,0,0,0,6000.0,0.13908171296296296,0.44481629629629627,0.8466344444444444,5.55555555556,0.0,6.1974231861666675,1.4817951716235649,319.5,22.222222222222225,155.55555555555557,1500.0,2023.6884704
17978,18081,0,0,0,0,208.33333333333334,0.04428,0.17281333333333335,0.6851053333333333,0.0,0.0,2.825576295555556,0.0,0.0,0.0,0.0,1500.0,3000.0
17989,18092,1,5,1,1,29055.555555555562,0.0965996653919694,0.26640469407265777,0.8538640535372849,33.333333333300004,0.0,3.2547555837499997,1.890579251910343,721.0,47.22222222222223,191.66666666666669,453.257086912,1149.39743752
17995,18098,0,0,0,0,8666.666666666668,0.08230910256410257,0.22537121794871795,0.8694344871794872,4.45163848114,0.0,4.066371356305556,1.7542530869592945,51.5,5.555555555555556,13.888888888888891,1116.61609948,1261.3910934
17997,18100,2,0,0,0,17491.666666666668,0.12355764649833255,0.35549090042877557,0.9035364300460537,36.1111111111,0.34847849712948537,8.706374713527778,1.4243644758022285,0.0,47.22222222222223,150.0,415.263504683,999.63049958
18002,18105,2,0,1,0,3230.555555555556,0.07406276870163371,0.22203559759243335,0.8124684436801376,8.33333333333,1.043853954490245,6.483844042444445,1.5217567963311878,151.0,16.666666666666668,30.55555555555556,1500.0,3000.0
18024,18127,0,0,0,0,12286.111111111111,0.11575975582184038,0.20840890798100836,0.8160521365588966,11.1111111111,0.13650668209756361,0.9860308291777778,0.9551094628200354,664.5,8.333333333333334,47.22222222222223,1500.0,2757.03984738
18025,18128,0,1,0,0,1411.1111111111113,0.051763976377952756,0.25690492125984254,0.8723149606299213,2.77777777778,0.2802901802924197,6.182333040611112,0.0,0.0,8.333333333333334,113.88888888888891,1156.07912946,2462.28308964
18029,18132,0,0,1,0,3797.2222222222226,0.1101667154352597,0.2790237015362107,0.8648618873445502,16.6666666667,1.6287117083762488,5.257700737250001,1.5176516211003839,0.0,8.333333333333334,55.555555555555564,952.594072733,872.80660752
18031,18134,0,0,0,0,2036.1111111111113,0.055251841746248295,0.18237162346521146,0.8407421555252388,0.0,0.007869581461123073,0.0,0.9002560512685369,729.0,5.555555555555556,2.777777777777778,420.250492946,3000.0
18033,18136,0,0,0,0,3458.3333333333335,0.0876970281124498,0.31919269076305223,0.8450340562248996,0.0,0.17055206712793594,0.5160049939000001,0.6829081047004717,0.0,0.0,8.333333333333334,664.928903082,729.55816101
18037,18140,1,3,1,0,7830.555555555557,0.09098460446967009,0.23149730400851368,0.8406118481731111,5.55555555556,0.7983336887952344,0.3288278624333334,1.2940621811552566,363.0,13.888888888888891,61.11111111111112,1346.21626199,823.51002065
18041,18144,1,6,4,0,3186.1111111111113,0.09971891891891892,0.26204306887532697,0.8634508282476024,13.888888888899999,1.322243991162432,6.958207265277778,1.7893872968660878,0.0,2.777777777777778,180.55555555555557,1209.63667001,1149.62688102
18049,18152,0,0,1,0,4052.7777777777783,0.06551021247429747,0.24333899931459907,0.8541488005483208,5.55555555556,0.0,10.02055008775,1.7380949024451797,0.0,19.444444444444446,50.0,1500.0,974.13829029
18058,18161,1,2,0,0,10841.666666666668,0.16470189597745324,0.20892910581603893,0.8777217781193953,2.77777777778,0.0,8.367069880777779,1.6628378135026376,0.0,11.111111111111112,11.111111111111112,1455.11910444,580.28321722
18067,18170,1,0,0,0,602.7777777777778,0.05458801843317972,0.2903428571428571,0.873205069124424,0.0,0.0,8.760492662027778,0.8979457248567797,0.0,16.666666666666668,97.22222222222223,1500.0,2125.59394536
18069,18172,0,0,0,0,9255.555555555557,0.1195685174069628,0.25882527010804324,0.8461351740696279,8.33333333333,1.6767914166773095,12.113055015111112,1.4894501033916474,42.0,5.555555555555556,113.88888888888891,1500.0,2203.00607185
18071,18174,3,4,0,0,10491.666666666668,0.08586367487423881,0.2534398199629336,0.8726249404289118,27.777777777799997,0.0,11.608030551388891,1.5231836794270857,0.0,16.666666666666668,105.55555555555556,1456.37842724,1897.19314933
18076,18179,0,2,0,0,1558.3333333333335,0.07848039215686275,0.22862905525846702,0.8838950089126559,0.0,0.0,4.153485138694444,0.6931471805599453,0.0,0.0,0.0,1500.0,3000.0
18080,18183,0,0,0,0,1475.0,0.05953860640301318,0.21185047080979283,0.8399621468926554,0.0,0.0,7.154316809083334,1.242453324894,0.0,5.555555555555556,5.555555555555556,1500.0,3000.0
18081,18184,0,1,0,0,4758.333333333334,0.08675954465849388,0.1903788091068301,0.8500849970811442,2.77777777778,1.7057157803905463,1.2990995456472223,1.5343274040152497,0.0,22.222222222222225,50.0,1500.0,3000.0
18086,18189,5,10,7,3,10602.77777777778,0.08284424941053183,0.24885396908566937,0.8639911186795913,33.333333333300004,0.0,7.072285420750001,1.9032576148564297,500.0,63.88888888888889,155.55555555555557,1198.44428269,467.58738475
18088,18191,1,1,0,0,15230.555555555557,0.11018736093379536,0.383260094838592,0.8669881269378077,13.888888888899999,2.1103372258732604,6.3066640837222225,1.831316692986747,0.0,44.44444444444445,100.0,626.564917795,2261.5370993
18091,18194,0,0,0,0,3144.444444444445,0.06819620141342755,0.18299487632508835,0.8636816254416961,11.1111111111,0.0,9.974388141666667,1.7645713575475097,208.0,5.555555555555556,63.88888888888889,1500.0,3000.0
18108,18211,0,2,1,0,8713.88888888889,0.06952218680267772,0.19914399107427477,0.8338555945170545,11.1111111111,0.7729241501006472,9.331625916111111,1.6510599474769538,533.0,13.888888888888891,36.111111111111114,1500.0,1149.74644462
18113,18216,0,1,0,0,3575.0,0.101303885003885,0.28702750582750586,0.8736798756798756,5.55555555556,0.40065334516919826,10.370610085611112,1.8138976158974196,0.0,2.777777777777778,80.55555555555556,1500.0,3000.0
18115,18218,0,2,0,0,17166.666666666668,0.1166645792880259,0.43264868932038836,0.8749179126213592,8.33333333333,0.0,2.3698382026361116,1.8356495631569973,0.0,5.555555555555556,22.222222222222225,504.796500206,1090.40691754
18129,18232,0,1,1,0,10044.444444444445,0.12063968473451327,0.2530369745575221,0.8486953816371682,2.77777777778,1.3393801746996052,7.2404182763888905,1.8200759753606213,0.0,13.888888888888891,16.666666666666668,1308.84825658,1031.44550889
18133,18236,0,2,0,0,14236.111111111113,0.07919732682926829,0.22887301463414636,0.860358887804878,13.888888888899999,0.7091517243892066,8.163475386527779,1.6759315652976359,0.0,25.0,94.44444444444446,1500.0,2660.51963584
18134,18237,0,3,0,0,4194.444444444445,0.08195139072847682,0.24869258278145695,0.8562758278145696,25.0,1.7282633102462068,11.804514037722223,0.8062055741541756,0.0,2.777777777777778,113.88888888888891,1346.98104015,3000.0
18145,18248,0,0,0,0,1166.6666666666667,0.09408023809523809,0.24205904761904762,0.7939797619047619,0.0,0.0,4.191533869305555,0.9502705392332347,0.0,2.777777777777778,2.777777777777778,1500.0,3000.0
18156,18259,1,0,0,0,2602.777777777778,0.13416350053361795,0.2774355389541089,0.8661435432230523,0.0,0.0,6.0074280433055565,1.8867405155302717,0.0,2.777777777777778,2.777777777777778,1500.0,3000.0
18162,18265,0,1,0,0,11516.666666666668,0.16512310660877955,0.22602455378678243,0.8777642064640617,0.0,0.08876256194753823,3.761281864083333,1.232643284498737,0.0,8.333333333333334,0.0,478.218760676,3000.0
18163,18266,1,4,4,1,6050.0,0.10736602387511478,0.2350716712580349,0.8682303948576675,16.6666666667,1.8561106141587589,10.979458915194444,2.068868125865989,298.363636364,58.333333333333336,100.0,1273.47224098,53.46140899
18169,18272,1,0,0,0,4075.0,0.1102747102931152,0.4230450579413769,0.8799087252897069,2.77777777778,1.4837801304583007,0.2863213619111112,1.711845135233912,0.0,41.66666666666667,33.333333333333336,348.680864831,820.42276759
18172,18275,0,1,0,0,3658.3333333333335,0.11178792710706151,0.2121510250569476,0.8630432801822323,25.0,0.0,3.95186474175,1.0197598235444327,554.333333333,11.111111111111112,66.66666666666667,1500.0,2435.68263823
18173,18276,0,4,0,0,4216.666666666667,0.12071548089591569,0.22765797101449273,0.8660388010540184,2.77777777778,1.6666666761778008,2.3892459282972225,1.6709958074356976,0.0,8.333333333333334,11.111111111111112,1500.0,3000.0
18176,18279,1,1,1,0,7688.8888888888905,0.14857268786127167,0.4185460260115607,0.8961517341040461,5.55555555556,1.7316637101618184,1.5546946254472223,1.6897245690860014,93.6666666667,83.33333333333334,47.22222222222223,224.212214696,636.52707905
18185,18288,0,1,0,0,10177.77777777778,0.11031995087336245,0.26598659934497815,0.8529530021834061,80.5555555556,0.0,8.10815187861111,1.3940771957884395,43.25,77.77777777777779,319.4444444444445,1500.0,2635.14249067
18187,18290,3,12,1,1,57391.66666666667,0.14696485165287254,0.3435892454382653,0.9076964861332946,50.0,1.6698903526499336,5.854798042055556,1.1319886938321444,98.2857142857,141.66666666666669,177.7777777777778,493.852573006,583.31721401
18200,18303,2,1,1,1,7025.0,0.10721348359035192,0.3106842625543693,0.8670220245156188,2.77777777778,0.0,3.962537369972223,1.6959639335853496,93.5,11.111111111111112,200.0,885.275067412,1125.03320951
18202,18305,0,4,0,0,16497.222222222223,0.08840404108435763,0.2206357467587136,0.8411111634955379,8.33333333333,0.0,21.611843643222223,1.7889174477639826,122.571428571,27.777777777777782,119.44444444444446,1500.0,973.06521094
18213,18316,0,0,0,0,313.8888888888889,0.0847991150442478,0.1411274336283186,0.8050787610619469,2.77777777778,1.7223767757036266,0.0,0.0,0.0,2.777777777777778,5.555555555555556,1500.0,3000.0
18219,18322,0,0,1,0,9622.222222222224,0.07288695150115473,0.1867776558891455,0.8608764722863742,11.1111111111,0.0,12.858830811861113,1.7483001820514998,0.0,33.333333333333336,58.333333333333336,1413.94401015,3000.0
18223,18326,0,1,0,0,1544.4444444444446,0.08936187050359713,0.2550230215827338,0.8890962230215826,2.77777777778,0.0,9.004007720722225,1.6715952780212544,0.0,11.111111111111112,61.11111111111112,1500.0,3000.0
18226,18329,13,18,1,6,45755.55555555556,0.1772876699854298,0.5393996296745993,0.886229322486644,27.777777777799997,0.27721426638479346,4.069672918222222,1.972684111070273,366.211538462,388.8888888888889,633.3333333333334,209.658885236,332.07851715
18237,18340,2,5,2,6,17541.666666666668,0.1647877434679335,0.2577407442596991,0.8789993349168645,11.1111111111,0.10432648622541052,5.998997003555556,1.8414381076658224,433.769230769,122.22222222222224,91.66666666666667,861.723508958,338.18046731
18239,18342,0,1,0,0,2991.666666666667,0.09181857010213555,0.20156824512534818,0.8773176415970287,2.77777777778,0.0,6.575531823833334,0.6931471805599453,0.0,5.555555555555556,36.111111111111114,1134.75094569,3000.0
18241,18344,1,0,0,2,6066.666666666667,0.0832646978021978,0.24158539377289376,0.8215927655677656,8.33333333333,0.0,17.696400813361112,1.9506034752998818,54.0,16.666666666666668,19.444444444444446,1500.0,3000.0
18245,18348,1,10,0,1,5766.666666666667,0.05128140655105973,0.15963824662813103,0.8663459537572255,5.55555555556,0.779490808519365,3.9602255609999997,1.544697450223246,0.0,16.666666666666668,8.333333333333334,1133.73619624,3000.0
18248,18351,0,0,0,0,6716.666666666667,0.06796666666666666,0.22073813068651782,0.8536683209263854,0.0,1.6708618578223022,4.018626906111111,1.00279060598746,0.0,11.111111111111112,25.0,257.210859321,3000.0
18249,18352,0,1,2,0,12016.666666666668,0.09716740638002774,0.2256571197411003,0.8610337263060565,5.55555555556,1.6669967033168436,2.910590525805556,0.741210563470062,219.0,5.555555555555556,83.33333333333334,969.896568086,1282.26183492
18266,18370,0,0,0,0,1608.3333333333335,0.08573246977547495,0.20136476683937823,0.8799872193436961,0.0,0.0,3.1419528542222226,1.14370838942625,0.0,2.777777777777778,19.444444444444446,1500.0,3000.0
18267,18371,0,3,0,0,13597.222222222224,0.08612102145045966,0.2956036159346272,0.8444975485188968,8.33333333333,0.0,10.13767141725,1.9381651795446166,104.0,8.333333333333334,122.22222222222224,1500.0,584.07984241
18269,18373,0,0,1,0,1813.8888888888891,0.08125497702909648,0.2216208269525268,0.845327258805513,2.77777777778,0.7918485156084286,2.847303490805556,0.9002560512685369,0.0,5.555555555555556,8.333333333333334,1500.0,3000.0
18277,18381,6,0,2,1,736.1111111111112,0.026063396226415094,0.24917169811320755,0.8284116981132076,0.0,0.0,4.635740103666667,0.0,0.0,5.555555555555556,5.555555555555556,1500.0,3000.0
18278,18382,0,0,0,0,1244.4444444444446,0.10124263392857143,0.18816339285714287,0.8141915178571428,5.55555555556,0.0,3.2398321426111116,1.6582280766035327,833.0,5.555555555555556,25.0,1500.0,2464.4321594
18287,18391,13,15,8,15,36641.66666666667,0.18240438177545296,0.5447684709271473,0.8946933060419984,38.8888888889,0.2189327225811684,2.6873163553750006,1.76281495181468,744.657142857,286.11111111111114,372.22222222222223,176.367080389,123.84436502
18289,18393,1,0,0,0,4861.111111111112,0.08986565714285714,0.24956542857142858,0.8717121142857143,25.0,2.313289911862933,2.865833139666667,1.655350726909219,0.0,8.333333333333334,86.11111111111113,1500.0,903.43614879
18291,18395,2,3,4,1,42616.66666666667,0.1097491070264633,0.2500116999087472,0.9063653239473342,30.555555555599998,1.583937297731197,10.162973372222222,2.0286162065651436,159.0,77.77777777777779,113.88888888888891,509.42342954,991.44250231
18293,18397,0,0,0,0,5675.0,0.07642770435633871,0.33581801272638273,0.8563128242780226,2.77777777778,0.0,9.121024180444445,1.5403058252265167,0.0,8.333333333333334,11.111111111111112,521.26270103,1976.11376019
18294,18398,2,6,1,2,17208.333333333336,0.11661573849878934,0.3290414205004035,0.8512523648103308,8.33333333333,0.7729898815375377,10.870606445611111,1.993355226355687,174.285714286,66.66666666666667,86.11111111111113,1500.0,2923.78555822
18299,18403,0,0,0,0,686.1111111111112,0.05533603238866396,0.1606097165991903,0.8175587044534414,0.0,0.0,9.574683821472224,0.0,0.0,2.777777777777778,8.333333333333334,1500.0,3000.0
18305,18409,2,0,0,0,941.6666666666667,0.05846873156342183,0.28957374631268434,0.8865002949852507,2.77777777778,0.0,3.41496505,1.66816065043309,0.0,2.777777777777778,0.0,1500.0,1571.80795477
18306,18410,0,2,0,0,8305.555555555557,0.11174939799331103,0.218915016722408,0.8562791638795987,8.33333333333,1.1075714468288604,2.7882544008055556,0.8039828536308388,0.0,5.555555555555556,38.88888888888889,992.246594415,3000.0
18313,18417,0,1,0,0,4275.0,0.09126309291747889,0.223779012345679,0.8599197530864198,8.33333333333,0.1880301973142178,7.25666666925,1.4348459756175895,34.0,11.111111111111112,55.555555555555564,1294.36428365,3000.0
18314,18418,0,0,0,0,6900.0,0.09778377616747182,0.38157322866344606,0.8648834138486312,16.6666666667,0.0,0.0,1.2314127883416224,0.0,8.333333333333334,19.444444444444446,1500.0,885.19871242
18320,18424,0,1,0,0,3438.888888888889,0.09295605815831987,0.22170557350565429,0.8567288368336026,5.55555555556,0.0,13.51750986038889,1.3917397695183338,0.0,5.555555555555556,36.111111111111114,1500.0,3000.0
18323,18427,0,0,0,0,383.33333333333337,0.03718333333333334,0.15139710144927537,0.8226007246376812,0.0,0.0,0.09098538191777777,0.0,0.0,0.0,0.0,1500.0,3000.0
18324,18428,0,0,0,0,4541.666666666667,0.04343822629969419,0.14991510703363914,0.8758005504587156,36.442286377500004,0.5152874173165534,4.398825257666666,1.8083829846140023,0.0,0.0,155.55555555555557,1500.0,587.29983155
18329,18433,0,0,0,0,1261.1111111111113,0.04235066079295154,0.1449013215859031,0.848307268722467,0.0,0.0,4.092390277611112,0.0,0.0,2.777777777777778,2.777777777777778,1167.0038768,1873.77637639
18332,18436,0,0,0,0,594.4444444444445,0.09936401869158878,0.2376214953271028,0.8819373831775701,0.0,1.8022442848800362,2.0858116493722223,1.0770870738635743,0.0,0.0,27.777777777777782,1500.0,3000.0
18336,18440,0,1,1,0,1291.6666666666667,0.11416967741935484,0.2997511827956989,0.8664154838709677,11.1111111111,0.0,12.530714925944444,1.3815577408758823,0.0,0.0,83.33333333333334,888.250210196,2359.88118506
18342,18446,0,0,0,0,5797.222222222223,0.08966185912793484,0.2116310972688069,0.8235756588404408,11.1111111111,1.3800442317002646,10.63506178963889,1.2119750212104496,32.0,19.444444444444446,33.333333333333336,1500.0,3000.0
18350,18454,0,3,0,0,1369.4444444444446,0.09924827586206897,0.1969949290060852,0.8860359026369168,0.0,1.8577455785036447,3.0917774164166674,0.8918673953172509,38.0,2.777777777777778,36.111111111111114,1500.0,2892.31554686
18360,18464,0,0,0,0,12716.666666666668,0.08453757099169942,0.2040782874617737,0.8393401048492791,5.55555555556,1.7108100271642233,2.5684647511944445,1.4941462387416813,177.0,2.777777777777778,22.222222222222225,731.895589211,914.48191894
18363,18467,0,0,0,0,1447.2222222222224,0.08431785028790786,0.29129635316698654,0.8599140115163147,0.0,1.051922448906222,7.183426822194446,0.0,0.0,2.777777777777778,5.555555555555556,1500.0,3000.0
18365,18469,3,9,0,0,15447.222222222224,0.1654355691422406,0.3771989210573638,0.8795310196007913,2.77777777778,1.681451908842995,4.207421589305556,1.9325356710290331,140.0,263.8888888888889,194.44444444444446,417.863161132,607.9123753
18372,18476,1,0,0,1,5805.555555555556,0.07132181818181818,0.3464555502392344,0.8536186124401913,5.55555555556,0.29898638173072006,7.518108990861112,1.6170423704212404,93.0,2.777777777777778,175.0,675.360008255,1432.01527355
18379,18483,1,0,0,0,7250.0,0.09137877394636015,0.19932103448275862,0.8186003831417624,41.666666666699996,0.0,6.1127132456944455,1.644623066317871,0.0,8.333333333333334,50.0,1500.0,3000.0
18384,18488,0,1,0,0,9277.77777777778,0.15022838323353294,0.4412371856287425,0.8625424251497006,5.55555555556,1.7611372309985398,0.5273993796055556,1.6017226697031912,0.0,11.111111111111112,158.33333333333334,748.519708311,1488.39542763
18388,18492,2,3,6,0,22552.77777777778,0.07809131666461387,0.2339671388101983,0.8697438600812908,36.1111111111,0.0,5.076149685055556,1.8815985223605707,48.6,11.111111111111112,147.22222222222226,855.566964343,731.63145545
18391,18495,0,1,1,0,3991.666666666667,0.1733383437717467,0.39322964509394576,0.8837235212247738,11.1111111111,0.0,9.18494532013889,1.9704782661688134,0.0,86.11111111111113,202.7777777777778,895.575806847,1056.70465073
18401,18505,0,7,0,1,13375.0,0.22082679127725854,0.49155389408099687,0.8946310488058152,8.33333333333,0.8615318837756104,2.9057934751666665,1.5806004987840894,68.3333333333,175.0,238.8888888888889,399.496839149,370.16186796
18413,18517,0,0,0,0,2988.888888888889,0.0499660780669145,0.16105092936802973,0.8826021375464683,2.77777777778,0.7001522890530006,6.868191596583333,0.9556998911125343,0.0,2.777777777777778,5.555555555555556,1500.0,2072.04775059
18431,18535,0,0,0,0,5086.111111111112,0.07599158929546695,0.21223533588203167,0.8745200436919717,0.0,0.0,8.98278749125,1.6397063574156068,0.0,5.555555555555556,11.111111111111112,1500.0,3000.0
18433,18537,0,2,0,0,6475.0,0.11148309738309738,0.2229310596310596,0.8422480909480909,11.1111111111,1.7713632986408394,3.1142732664444446,1.6854730188502671,0.0,5.555555555555556,66.66666666666667,1500.0,2708.16034768
18445,18549,0,1,0,0,5105.555555555556,0.10641632208922742,0.36000402611534277,0.8558801414581066,2.77777777778,1.2478338753904428,12.986272417555558,1.719719277172989,0.0,5.555555555555556,13.888888888888891,1251.94280951,3000.0
18446,18550,2,3,0,0,79213.88888888889,0.11887155030332784,0.2422591787354911,0.9032878598730582,19.4444444444,0.0,6.063193004805556,1.8654158393496423,266.0,36.111111111111114,30.55555555555556,700.623451123,384.55286194
18456,18561,0,1,0,0,872.2222222222223,0.08100382165605095,0.1772796178343949,0.8234270700636943,0.0,0.0,3.384100940138889,0.0,0.0,0.0,5.555555555555556,1500.0,3000.0
18467,18572,2,2,0,0,16155.555555555557,0.13253939133425036,0.2444642537826685,0.871449931224209,5.55555555556,0.0,5.807801664305556,1.6203129436552302,242.625,36.111111111111114,61.11111111111112,786.457981066,1862.0350675
18468,18573,1,0,0,0,8591.666666666668,0.0928218558034271,0.27742292272874236,0.8576719366311025,2.77777777778,0.0,8.11102400388889,1.6788484735653317,0.0,13.888888888888891,25.0,985.437753731,3000.0
18472,18577,0,1,0,0,3194.444444444445,0.08527460869565218,0.32578469565217394,0.8215255652173913,13.888888888899999,1.4068645546222305,6.3900615402500005,1.32066356116195,0.0,5.555555555555556,130.55555555555557,1500.0,1925.26565182
18485,18590,0,0,0,0,1327.777777777778,0.06829225941422595,0.1734364016736402,0.887565690376569,2.77777777778,0.0,3.0326239078888895,1.2130075659799042,0.0,2.777777777777778,5.555555555555556,1500.0,3000.0
18486,18591,0,0,1,2,31186.111111111113,0.12335227576378373,0.24161723523648349,0.8285914580920993,11.1111111111,0.0,5.941651807138889,1.4265337291131528,400.0,22.222222222222225,75.0,1500.0,944.34552837
18489,18594,0,0,0,0,11611.111111111111,0.0701786124401914,0.2783503827751196,0.8699144258373206,0.0,1.7387076801381538,1.8541728161916669,1.9371061758293182,0.0,19.444444444444446,47.22222222222223,376.652754996,1357.41981459
18512,18617,4,3,2,0,32025.0,0.17120844826090728,0.4965332292479834,0.8633984040246335,22.2222222222,1.4879347965521814,2.656963459563889,2.0171075620796604,248.444444444,238.8888888888889,508.33333333333337,696.756032019,442.53408253
18523,18628,0,0,0,0,11230.555555555557,0.07241066040069256,0.22418412070244867,0.8471792728172148,11.1111111111,0.0,8.40922474438889,2.0404660838564657,452.0,38.88888888888889,113.88888888888891,1500.0,3000.0
18527,18632,1,0,0,0,1022.2222222222223,0.047907880434782606,0.3630179347826087,0.8652994565217391,2.77777777778,0.2530262463800879,0.0,0.6931471805599453,89.9393939394,0.0,11.111111111111112,1500.0,3000.0
18528,18633,2,4,0,0,28866.666666666668,0.12420416666666667,0.289249201308699,0.8980466993841416,13.888888888899999,1.5597652113248501,3.852845567250001,1.916698225347755,250.0,33.333333333333336,69.44444444444446,572.340350999,671.04067693
18532,18637,2,1,0,0,9777.77777777778,0.0873305965909091,0.23887278409090906,0.8691667613636364,100.0,1.9024570396122595,4.684096121944445,1.176148421146958,0.0,2.777777777777778,122.22222222222224,53.6830329742,751.78668567
18542,18647,0,0,0,0,600.0,0.09333657407407407,0.2854759259259259,0.8368180555555556,0.0,0.0,6.459840409222223,0.0,0.0,0.0,0.0,1500.0,3000.0
18546,18652,0,0,0,0,6811.111111111112,0.13364763458401305,0.28351386623164765,0.8467944942903751,2.77777777778,0.0,5.07872691638889,1.2334026122735402,112.0,33.333333333333336,47.22222222222223,1500.0,2566.13164256
18547,18653,0,0,0,0,455.55555555555566,0.06050548780487805,0.12084756097560975,0.8826536585365854,0.0,0.0,7.143243908694444,0.0,0.0,11.111111111111112,0.0,1500.0,3000.0
18549,18655,1,0,0,0,827.7777777777778,0.054126510067114095,0.1657808724832215,0.8433510067114094,0.0,0.0,3.4438974346388886,0.0,0.0,0.0,5.555555555555556,1500.0,3000.0
18553,18659,0,0,0,0,2150.0,0.08322183462532301,0.3237171834625323,0.8521481912144703,0.0,0.0,7.944477375500001,1.4270610433807247,0.0,0.0,11.111111111111112,1500.0,2575.64608751
18554,18660,0,2,0,0,5711.111111111112,0.10637140077821011,0.2596756809338521,0.8607382295719844,5.55555555556,1.7070058487158304,8.345558511916668,1.977057469742148,302.2,19.444444444444446,122.22222222222224,444.342458621,3000.0
18561,18667,1,0,1,0,12700.0,0.09207821522309712,0.28786272965879267,0.8597892169728784,5.55555555556,0.0,5.292902979333334,1.4694146713059626,0.0,13.888888888888891,33.333333333333336,1236.11641329,3000.0
18564,18670,1,4,1,0,24100.0,0.15346094974642693,0.27333163900414936,0.8843961964038727,5.55555555556,0.15595726875053406,2.581112732052778,1.1892638492426713,298.8,100.0,180.55555555555557,659.932661258,198.36803065
18565,18671,0,0,0,0,2769.444444444445,0.08161955867602809,0.3074671013039117,0.8565656970912738,2.77777777778,0.0,11.190550252500001,0.6365141682948128,0.0,0.0,8.333333333333334,1500.0,2407.01160292
18575,18681,0,3,0,0,16269.444444444447,0.1701936998463377,0.3568730920266348,0.904681509305105,47.2222222222,0.3760397027613269,1.8218161401944444,1.6531055381954232,0.0,80.55555555555556,58.333333333333336,656.600623527,896.13476509
18580,18686,1,0,0,0,1441.6666666666667,0.07788073217726396,0.1763136801541426,0.8760976878612717,2.77777777778,0.0,4.442623709777777,0.5402041423888608,0.0,2.777777777777778,36.111111111111114,962.64196099,929.46287125
18582,18688,4,4,0,0,27219.44444444445,0.11580219410143891,0.3736542096132259,0.8563866721093989,19.4444444444,0.7367113251128729,5.772439288111111,1.5220878088986731,49.0,86.11111111111113,119.44444444444446,1500.0,1357.21755924
18592,18698,3,8,2,1,40094.444444444445,0.13967289732575863,0.47960385201607314,0.8770984896771512,77.7777777778,0.9015655333186049,13.12192105638889,1.6673801889262634,130.75,55.555555555555564,191.66666666666669,368.510587003,377.9754197
18596,18703,0,0,0,0,38944.444444444445,0.12396213980028531,0.22448189728958629,0.9020019543509272,2.77777777778,0.5005432758656684,3.7102427849166664,1.6693376498181343,95.2,5.555555555555556,5.555555555555556,147.118543515,3000.0
18600,18707,0,3,1,2,35397.222222222226,0.10956606764498156,0.44144637840382955,0.8894290120065919,16.6666666667,0.8186944498424285,0.0,1.7351984533003624,550.0,63.88888888888889,69.44444444444446,532.864109101,861.70193206
18608,18715,1,0,0,0,405.5555555555556,0.1781958904109589,0.2845849315068493,0.7915390410958905,0.0,0.0,4.167410515444445,0.0,0.0,5.555555555555556,0.0,1500.0,3000.0
18624,18731,1,0,0,0,1172.2222222222224,0.06805142180094786,0.21430379146919432,0.858014691943128,0.0,0.5074311875209102,3.5940158102777784,0.6365141682948128,0.0,2.777777777777778,5.555555555555556,1500.0,3000.0
18628,18735,0,1,0,0,650.0,0.05968888888888889,0.29819316239316235,0.8152705128205129,0.0,1.4656691640690973,0.0,1.236684869140504,0.0,5.555555555555556,2.777777777777778,1500.0,3000.0
18632,18739,1,8,2,0,9627.77777777778,0.08585545297172532,0.23102377380265435,0.8750596364685517,61.111111111099994,1.9242356521506678,3.109347244277778,1.3822883407085433,33.0,8.333333333333334,100.0,1500.0,1686.63065497
18634,18741,9,16,2,1,52372.222222222226,0.13558050811498887,0.3312761217778721,0.8744624641985786,69.4444444444,0.0,5.284179317805556,2.0717803739557743,855.0,61.11111111111112,66.66666666666667,496.163709367,410.36110041
18639,18746,6,20,5,4,88386.11111111112,0.15460350105283008,0.4362885854363745,0.8847886294352432,44.4444444444,1.0573877113295762,10.162278542277779,1.896477300428508,89.3076923077,180.55555555555557,361.11111111111114,179.459484737,360.13933761
18640,18747,0,0,0,0,125.0,0.15223555555555557,0.595173333333333,0.8688533333333333,0.0,0.0,4.003890724805555,0.0,0.0,2.777777777777778,5.555555555555556,1500.0,3000.0
18641,18748,0,1,1,0,4233.333333333334,0.08279402887139108,0.29390846456692915,0.8829343175853017,83.3333333333,0.0,4.12262599613889,1.5837870902449303,0.0,11.111111111111112,302.7777777777778,1500.0,649.711637
18653,18760,0,0,0,0,975.0,0.10125299145299145,0.2091632478632479,0.8501965811965811,0.0,0.0,6.475172953583334,0.0,0.0,0.0,30.55555555555556,1500.0,2066.53984944
18657,18764,0,1,0,0,4725.0,0.08282328042328042,0.22336566725455614,0.8978855379188713,2.77777777778,0.07375042798815526,7.880382058722223,1.799592137985074,0.0,25.0,25.0,1500.0,807.21384551
18670,18777,0,1,0,0,302.7777777777778,0.0790394495412844,0.2826834862385321,0.8302577981651376,0.0,0.20503392241786814,0.0,0.0,0.0,0.0,0.0,1500.0,3000.0
18671,18778,0,0,0,0,7300.0,0.07588645357686453,0.23270761035007612,0.8556384322678843,2.77777777778,0.9085325593629547,6.343617972333335,1.8651995936793841,0.0,16.666666666666668,30.55555555555556,1241.738539,2544.5016952
18672,18779,0,2,0,0,7991.666666666667,0.08325484880083421,0.236078971150504,0.8753661452902328,11.1111111111,0.0,9.874800073416667,1.7636539988550097,44.0,13.888888888888891,63.88888888888889,892.050802807,2009.32105606
18673,18780,0,1,0,0,3066.666666666667,0.06246086956521739,0.16728722826086956,0.8588428442028986,0.0,0.0,9.028027036111112,0.6931471805599453,0.0,13.888888888888891,2.777777777777778,775.878419571,3000.0
18681,18788,0,2,0,0,8980.555555555557,0.1212212496133622,0.3801201979585524,0.8638915248994742,27.777777777799997,0.0,13.205030027777779,1.6892846802720787,0.0,19.444444444444446,83.33333333333334,1500.0,2423.36500767
18683,18790,0,0,0,0,4088.888888888889,0.09384334239130436,0.19129972826086958,0.8323609375000001,0.0,1.6715319896383942,0.9344381887833333,1.2621378174507245,0.0,0.0,38.88888888888889,1500.0,1044.30496411
18686,18793,0,0,0,0,1050.0,0.07044708994708995,0.293339417989418,0.7702074074074073,0.0,0.0,4.657930280611112,1.0549201679861442,0.0,11.111111111111112,5.555555555555556,1500.0,3000.0
18689,18796,0,2,7,0,13575.0,0.053598608553304686,0.15124407612031923,0.8514962553713935,2.7844141488400003,0.0,15.224645895916668,1.5574745675432906,0.0,5.555555555555556,30.55555555555556,1500.0,3000.0
18696,18803,0,0,0,0,6183.333333333334,0.07121001796945192,0.2520403414195867,0.8533269541778975,13.888888888899999,0.0,6.388592800916667,1.3506571017544884,0.0,11.111111111111112,83.33333333333334,1500.0,496.36476495
18698,18805,0,1,0,0,5819.444444444445,0.17289594272076372,0.33287474940334133,0.8346461575178997,8.33333333333,0.3004463525305425,2.148782284602778,1.2148896539491205,0.0,5.555555555555556,33.333333333333336,1452.95152038,1859.02590953
18704,18811,0,4,0,0,14919.444444444447,0.11598443492831875,0.2262693167008006,0.8277130888102774,8.33333333333,0.0,9.294381747555557,1.7897281857853473,386.28,80.55555555555556,16.666666666666668,1075.51568559,3000.0
18713,18820,2,2,0,0,25852.77777777778,0.155572859138283,0.2755717954228001,0.8451776189964543,2.77777777778,1.3131466799937332,9.258011855888888,1.9033326147072374,98.6666666667,25.0,8.333333333333334,584.220540663,366.36909657
18724,18831,0,2,0,0,7319.444444444445,0.08494804554079696,0.1535020872865275,0.8719184060721064,38.8888888889,1.679674755422799,11.6325269405,1.563083600630595,0.0,8.333333333333334,30.55555555555556,1500.0,3000.0
18732,18839,0,1,0,0,505.55555555555566,0.11041978021978022,0.4133368131868132,0.8374076923076923,0.0,0.0,3.2484165621666667,0.0,0.0,0.0,0.0,1500.0,3000.0
18743,18850,0,1,0,0,1894.4444444444446,0.11124545454545455,0.5024403225806452,0.8813274193548387,0.0,0.6273333191231343,3.2304633827500004,1.5802363404761086,0.0,0.0,0.0,555.516768282,1052.09467814
18745,18852,6,9,0,0,12183.333333333334,0.15138344733242134,0.25374886000911995,0.8643179890560876,8.33333333333,0.0,1.7996613766305556,1.6965752972847281,920.5,19.444444444444446,8.333333333333334,1287.18167181,2069.70261251
18755,18863,1,10,0,0,10577.77777777778,0.13478983718487397,0.23741486344537813,0.8621360556722689,13.888888888899999,1.2942602349414913,4.193514161083335,1.791499422371691,586.75,2.777777777777778,38.88888888888889,988.768107348,834.03968967
18756,18864,1,3,0,0,14486.111111111113,0.08292949185043146,0.3221841418983701,0.8469873825503356,11.1111111111,0.0,2.4747757482027777,1.7741732150388343,69.7777777778,11.111111111111112,30.55555555555556,511.322304028,2551.71463648
18768,18876,0,1,0,0,2877.777777777778,0.05385675675675676,0.22614140926640927,0.8349504826254825,5.55555555556,0.0,5.15114069375,0.8675632284814612,0.0,8.333333333333334,13.888888888888891,1500.0,3000.0
18770,18878,0,0,0,0,1002.7777777777779,0.0875382271468144,0.18116371191135733,0.843492243767313,0.0,0.0,2.9055835435555553,0.6931471805599453,0.0,2.777777777777778,25.0,1500.0,3000.0
18781,18889,1,0,1,5,11300.0,0.12130221238938053,0.30619183874139627,0.8629583333333334,5.55555555556,0.23735421092775225,8.938352459250002,1.705939805707774,0.0,77.77777777777779,111.11111111111113,1271.36962717,1075.8374717
18783,18891,0,0,6,3,2486.1111111111113,0.12521575418994413,0.4015416759776536,0.8909328491620112,5.55555555556,0.3346713201066175,0.9902862075972223,1.7162438968325406,0.0,16.666666666666668,236.11111111111114,1387.09509596,679.6159678
18785,18893,1,2,1,0,13652.77777777778,0.08483249237029501,0.21422569684638862,0.874324455747711,191.444444444,1.671250488287516,8.463447380805555,1.7093014865118445,0.0,0.0,77.77777777777779,549.294083128,2703.42984917
18787,18895,0,1,0,1,9088.88888888889,0.08147695599022005,0.21219364303178484,0.8587310513447433,0.0,0.0,16.09830344555556,1.9526801407527572,509.333333333,33.333333333333336,27.777777777777782,1500.0,3000.0
18790,18898,0,1,0,0,238.8888888888889,0.015645348837209302,0.39388139534883726,0.8214744186046512,0.0,0.0,0.5071992843805556,0.0,0.0,0.0,13.888888888888891,1500.0,3000.0
18793,18901,0,0,1,0,1833.3333333333335,0.061946515151515155,0.2722792424242424,0.8571354545454545,2.77777777778,0.0,5.154641814666667,1.0397207708399179,0.0,0.0,94.44444444444446,1500.0,2188.89190189
18795,18903,1,1,0,1,4819.444444444445,0.07173907780979827,0.21291435158501443,0.8795068587896254,16.6666666667,0.9120396800071795,8.914263967305557,2.109549786729973,191.0,2.777777777777778,113.88888888888891,721.981108859,2319.71860878
18797,18905,1,5,2,1,12325.0,0.09085557809330629,0.2905746901059274,0.8583858237547893,8.33333333333,0.9964502708405737,1.114479634413889,1.981290738025041,103.375,50.0,122.22222222222224,649.890223071,1509.03796249
18799,18907,0,0,0,0,866.6666666666667,0.036483653846153846,0.30504326923076924,0.8737019230769232,2.77777777778,1.4082546159452425,5.27137217513889,1.3321790402101223,0.0,11.111111111111112,8.333333333333334,176.257936037,3000.0
18803,18911,0,1,0,1,4480.555555555556,0.11370260384376937,0.33964035957842525,0.8823553626782393,8.33333333333,1.6073501995811752,8.098852923694446,1.6370753492249692,96.0,8.333333333333334,100.0,1500.0,2202.5512423
18805,18913,1,2,1,0,19644.44444444445,0.297273826357466,0.28586723699095024,0.8791317166289593,0.0,0.0,5.9757799667222224,1.660486717006258,95.5,47.22222222222223,16.666666666666668,910.800341318,1029.34791799
18806,18914,0,3,2,3,2683.3333333333335,0.08103250517598344,0.18797577639751553,0.8155622153209109,2.77777777778,0.0,7.916390793444445,1.3550184078914747,41.0,5.555555555555556,75.0,1500.0,3000.0
18808,18916,0,0,0,0,1494.4444444444446,0.06464256505576209,0.19363029739776952,0.8083091078066914,0.0,1.6934736090251563,5.856065597500001,1.490356353113172,43.0,5.555555555555556,41.66666666666667,1500.0,3000.0
18811,18919,24,16,2,0,33472.222222222226,0.09848914522821577,0.2394360082987552,0.872086489626556,77.7777777778,1.7305240972420939,5.387136112527778,1.8432680514692807,90.0,33.333333333333336,250.0,256.36942089,867.40845496
18814,18922,0,4,1,0,8933.333333333334,0.08090006218905473,0.271694092039801,0.8697353233830846,55.555555555599994,1.5266225769062618,5.462226723722223,1.626272390839932,0.0,2.777777777777778,147.22222222222226,1295.97872853,1634.34025388
18817,18925,10,8,0,0,30058.333333333336,0.09695726827465115,0.2835521763238148,0.8764621107106552,147.222222222,1.708039141509273,5.198774750611111,1.8887318842040122,1161.0,27.777777777777782,180.55555555555557,752.183008809,817.43554717
18820,18928,1,4,0,0,10741.666666666668,0.12345614171192139,0.2343315231445565,0.8741454357382984,8.33333333333,1.627716575196888,8.587402960027777,1.943936488004792,45.5,47.22222222222223,130.55555555555557,474.564261818,479.64878105
18821,18929,0,1,0,0,2072.2222222222226,0.09879745308310992,0.2273308310991957,0.8226351206434316,5.55555555556,0.9010458253574893,4.834524116250001,1.0805738483648537,0.0,5.555555555555556,33.333333333333336,1500.0,2970.03655632
18822,18930,1,1,1,0,7280.555555555557,0.09093063716138877,0.2455080122090805,0.8369112552460893,27.777777777799997,0.20285661415831757,5.623596142166667,1.6928280334187544,1096.0,2.777777777777778,177.7777777777778,1500.0,3000.0
18826,18934,0,4,3,3,18383.333333333336,0.0970041855545482,0.22678585675430643,0.8488836506497431,16.6666666667,1.6955715902924622,23.407744850250005,1.9076506130160078,55.375,27.777777777777782,319.4444444444445,1500.0,628.99887957
18828,18936,0,0,0,0,4719.444444444445,0.07376038846380224,0.23958410829899943,0.8282668040023543,0.0,0.0,9.537803008583332,0.37677016125643675,0.0,22.222222222222225,5.555555555555556,1500.0,847.46766225
18829,18937,3,2,1,0,15877.777777777781,0.1347177746675997,0.2654222708187544,0.8944911301609517,16.6666666667,0.49595962434024754,4.0907185672777775,2.0308059590454404,0.0,50.0,108.33333333333334,352.846298344,1025.02651014
18832,18940,0,1,0,0,2825.0,0.08789193706981317,0.19802232055063915,0.8670918387413963,0.0,0.0,5.665087165972222,1.329661348854758,0.0,0.0,11.111111111111112,1423.08490412,3000.0
18840,18948,1,5,2,0,3630.555555555556,0.10247245600612089,0.3582354246365723,0.8512457536342769,19.4444444444,0.0,8.7062856375,1.7051168099062202,415.0,27.777777777777782,241.66666666666669,230.187180975,778.09221156
18845,18953,0,1,0,0,994.4444444444446,0.07830055865921788,0.2603918994413408,0.827341620111732,0.0,0.5834633855172806,0.0,1.105005501825005,0.0,0.0,19.444444444444446,1500.0,3000.0
18848,18956,0,1,0,0,3136.1111111111113,0.08129131975199291,0.3084372010628875,0.869007617360496,25.0,0.19383913639956654,10.452378963361113,1.0549201679861442,0.0,5.555555555555556,163.8888888888889,1500.0,1131.50089822
18851,18959,3,1,0,0,9313.88888888889,0.11574580972263646,0.4183484342379958,0.8765253206084104,8.33333333333,1.7158055931989962,2.329357747047222,1.7194694967371773,97.6,47.22222222222223,13.888888888888891,1269.64290128,984.30844851
18854,18962,0,0,0,0,6663.88888888889,0.13162046686119216,0.23684335139641516,0.844391329720717,2.77777777778,0.0,1.4099237737777779,1.4708084763221114,0.0,11.111111111111112,2.777777777777778,1500.0,3000.0
18859,18967,0,1,0,0,6613.88888888889,0.10667627047459051,0.2170010499790004,0.852962620747585,25.0,0.0,10.044570390472224,1.13557117059349,0.0,5.555555555555556,86.11111111111113,1500.0,1041.84947422
18861,18969,0,0,0,0,1005.5555555555557,0.05758839779005525,0.2324414364640884,0.8155127071823204,0.0,0.0,1.1130727332833334,0.0,0.0,0.0,0.0,1500.0,3000.0
18863,18971,0,0,4,0,2944.444444444445,0.07098113207547169,0.20742603773584906,0.8649306603773586,133.333333333,0.19555150049643286,0.0,1.2342678660790767,392.6,0.0,75.0,852.029414827,2532.04218404
18864,18972,4,13,3,3,25416.666666666668,0.12472940983606558,0.2905133551912568,0.8507628087431693,41.666666666699996,0.0,4.9155736818888895,1.8406141855935412,622.157894737,47.22222222222223,236.11111111111114,783.257804753,795.72178753
18870,18978,6,2,3,4,18350.0,0.11233225855283077,0.4009722373599758,0.855323357553739,11.1111111111,1.2292930658827383,1.7229905904472222,1.8385597434740482,400.0,5.555555555555556,94.44444444444446,919.91153524,1610.09121585
18875,18983,0,2,0,0,6125.0,0.1751455328798186,0.2198663038548753,0.8403185034013605,8.33333333333,0.2192434477979496,8.84791706738889,1.4285368068823256,153.5,11.111111111111112,27.777777777777782,959.164195552,721.34500307
18876,18984,0,0,2,0,5377.777777777778,0.06184865702479339,0.14111652892561982,0.8190205578512397,13.888888888899999,0.0,13.636039716222223,1.4253855355673575,0.0,8.333333333333334,47.22222222222223,1500.0,3000.0
18884,18992,0,1,3,0,36580.55555555556,0.11275494722454248,0.4251380970460931,0.8601582124686765,55.555555555599994,0.6096612178644596,3.395232796722223,1.8341439146999874,477.4,55.555555555555564,519.4444444444445,458.778221312,496.39586325
18888,18996,0,0,0,0,3627.7777777777783,0.0806738897396631,0.38190918836140886,0.8282798621745789,5.55555555556,0.3834292966611197,6.367172343083333,1.4368286689630319,0.0,0.0,27.777777777777782,1500.0,3000.0
18890,18998,0,6,0,0,18591.666666666668,0.08074193933960855,0.28742853727775286,0.8237362916479904,13.888888888899999,0.0,12.830812764916667,1.7569007127382401,53.0,61.11111111111112,75.0,1500.0,814.11618351
18892,19000,1,6,0,1,26483.333333333336,0.12917637927417663,0.4450648206419131,0.8615152297042165,25.0,1.6953309013417763,1.9516965986194446,1.932775601679873,368.0,13.888888888888891,83.33333333333334,1184.72782321,1095.09928299
18894,19002,0,0,0,0,2413.888888888889,0.0757921749136939,0.3810059838895282,0.8635651323360184,11.1111111111,0.0,8.96679144127778,1.3862943611198906,0.0,0.0,63.88888888888889,1500.0,2360.06020806
18899,19008,0,1,1,0,3675.0,0.09557626606198034,0.28097437641723355,0.8798021164021164,175.0,0.0,5.496090537833333,1.798105502624266,0.0,0.0,13.888888888888891,821.081690853,2326.98280634
18901,19010,1,3,1,0,3327.777777777778,0.11579599332220368,0.3275813021702838,0.8675807178631051,5.55555555556,1.750960008934985,1.938982447777778,1.6409647427554115,79.0,8.333333333333334,116.66666666666667,1500.0,2127.87055829
18902,19011,0,0,0,0,372.22222222222223,0.0625641791044776,0.2759634328358209,0.8456880597014925,0.0,0.0,3.596322595444445,1.0549201679861442,0.0,2.777777777777778,0.0,1500.0,2302.26843835
18903,19012,0,0,0,0,141.66666666666669,0.03922745098039215,0.3878941176470588,0.8174254901960784,0.0,0.0,0.0,0.0,0.0,0.0,0.0,1500.0,3000.0
18906,19016,0,0,0,0,611.1111111111112,0.03883727272727273,0.09311636363636365,0.8735754545454545,0.0,0.0,3.483321939777778,0.0,0.0,2.777777777777778,2.777777777777778,1500.0,3000.0
18908,19018,2,3,0,1,21269.44444444445,0.2083455139088416,0.3206330547211702,0.8836981585477341,2.77777777778,0.3232536365193629,0.24365613840055558,2.103434044343619,0.0,127.77777777777779,33.333333333333336,703.574885634,1384.07512972
18910,19020,0,2,0,0,3383.3333333333335,0.08797668308702793,0.23721206896551725,0.8425414614121511,5.55555555556,0.5445676624497244,1.4478433289194446,1.4860325981639937,0.0,11.111111111111112,30.55555555555556,1500.0,1365.738036
18914,19024,0,1,0,0,4850.0,0.10112187857961054,0.2448388316151203,0.8566986254295533,5.55555555556,1.738227121375034,16.136128678861112,1.499509409674557,0.0,33.333333333333336,166.66666666666669,1330.22681075,716.68417614
18922,19032,0,1,1,0,4061.1111111111118,0.09096265389876881,0.3731190834473324,0.8627669630642955,11.1111111111,0.0,5.83324553075,1.556859091130091,0.0,8.333333333333334,44.44444444444445,1500.0,2932.6256824
18924,19034,0,1,0,0,4752.777777777778,0.07422191700759789,0.2277551724137931,0.8608796025715955,2.77777777778,1.7087105382884145,5.1142686363333345,1.550023301562933,0.0,5.555555555555556,88.8888888888889,1500.0,2870.54427557
18932,19042,0,0,0,0,2163.888888888889,0.0935568677792041,0.34356649550706037,0.8425623876765083,13.888888888899999,0.0,8.488573296972223,1.472055733274635,0.0,11.111111111111112,80.55555555555556,1500.0,3000.0
18934,19044,4,4,3,0,17641.666666666668,0.08562879861439143,0.2329477247677531,0.8904653912769642,22.2222222222,1.682676137980293,0.0,1.5855207126126454,92.0,72.22222222222223,252.77777777777783,379.899740144,2166.64820099
18947,19057,2,4,0,0,9438.88888888889,0.10675856386109477,0.43943251912889936,0.8564376103590348,13.888888888899999,0.47347835407397215,5.316491316444444,1.7635922421126093,598.0,16.666666666666668,16.666666666666668,1500.0,1769.86698702
18954,19064,3,14,4,2,26794.44444444445,0.11798970557744143,0.3613843665768194,0.8605060335890524,22.2222222222,0.0,3.483675316388889,1.8567006051203558,172.857142857,61.11111111111112,222.22222222222226,1481.09160465,1003.75921544
18958,19068,0,2,2,0,1555.5555555555557,0.07052928571428571,0.17987214285714284,0.8896885714285714,2.77777777778,0.4861789641867327,3.5528388136111118,1.9288098797149804,0.0,13.888888888888891,66.66666666666667,1500.0,210.24374021
18960,19070,1,0,0,1,11750.0,0.08487099290780142,0.2193929550827423,0.8695374231678488,13.888888888899999,0.0,18.517088242138893,1.978975727121659,0.0,22.222222222222225,80.55555555555556,1500.0,1201.00583444
18962,19072,0,1,0,0,2975.0,0.13652689075630253,0.36779271708683475,0.8370979458450046,8.33333333333,0.0,10.164577303722224,2.0000852214906617,0.0,16.666666666666668,38.88888888888889,1500.0,3000.0
18966,19076,0,0,0,0,2613.888888888889,0.07284835281615303,0.1901712008501594,0.8552414452709883,0.0,0.779708413441621,1.7388678980333336,1.6156181418478224,545.0,5.555555555555556,102.77777777777779,845.931139914,1262.28299278
18968,19078,1,0,0,0,619.4444444444445,0.042608520179372195,0.18978475336322873,0.8843914798206278,5.55555555556,1.6797730505165342,9.846384641194446,1.0397207708399179,0.0,22.222222222222225,0.0,1500.0,3000.0
18972,19082,2,3,0,0,11075.0,0.13471775771256583,0.25334467017807877,0.862895410082769,16.6666666667,0.0,9.308770822583334,1.9314443748448817,821.0,50.0,13.888888888888891,1111.33488728,1590.66888738
18990,19100,1,0,0,0,11411.111111111111,0.0722975170399221,0.27078924050632913,0.8475786757546251,16.6666666667,0.0,14.174776453055555,2.0420177778852024,31.0,38.88888888888889,163.8888888888889,1500.0,2394.1025508
18991,19101,0,1,1,0,27800.0,0.11454839128697042,0.29002789768185455,0.8480743705035971,11.1111111111,1.0252330660853697,5.891671834194446,1.9079933743563444,0.0,50.0,97.22222222222223,1420.36414174,1052.47478882
18994,19104,0,0,0,0,9033.333333333334,0.05353068880688806,0.13201110086100862,0.9010581795817958,5.55555555556,1.9688431110698081,1.5540870030333336,0.8463658296262874,0.0,2.777777777777778,25.0,898.538727812,3000.0
18999,19109,1,6,5,7,64575.0,0.1441399836538048,0.4782613326450725,0.8688094377769174,58.3333333333,0.0,7.731708587555556,1.756369041300156,740.269230769,130.55555555555557,127.77777777777779,112.406903762,973.89310664
19001,19111,0,1,0,0,602.7777777777778,0.08778940092165899,0.3285142857142857,0.8788096774193548,8.33333333333,0.0,6.1558240961666675,1.2148896539491203,0.0,0.0,27.777777777777782,1338.25987489,1622.81844569
19008,19118,8,10,5,2,43316.66666666667,0.11501179299730666,0.2809020456585866,0.8729574002821597,41.666666666699996,0.8448524278759493,3.9495011993055558,1.924319632333277,72.0,30.55555555555556,102.77777777777779,1126.11266763,1039.19354383
19014,19124,0,1,0,0,9019.444444444445,0.13505642131198028,0.3501343701878657,0.8335125654450262,5.55555555556,1.657386235152612,2.418563553272222,1.666332585328325,0.0,0.0,55.555555555555564,1142.16024036,1867.79811943
19017,19127,0,0,0,0,1047.2222222222224,0.07288302387267905,0.1957872679045093,0.8572172413793104,2.77777777778,0.5872897148251495,2.8621200097222226,1.3796644859194374,0.0,2.777777777777778,47.22222222222223,1500.0,3000.0
19021,19131,0,0,0,0,4997.222222222223,0.07141172873818788,0.21197198443579768,0.7998185102834908,2.77777777778,0.0,3.500420142722223,1.0789922078775833,0.0,0.0,2.777777777777778,1500.0,1852.27733566
19034,19144,1,9,3,1,5561.111111111112,0.09128901098901099,0.21221543456543457,0.8583981518481518,0.0,1.6676853384520813,4.718825824388889,1.5691529462031188,395.916666667,13.888888888888891,44.44444444444445,369.135288247,1206.32987592
19037,19147,0,1,0,0,1705.5555555555557,0.08157166123778502,0.20047817589576547,0.8234610749185668,0.0,0.0,5.598982101694445,0.0,0.0,2.777777777777778,2.777777777777778,1500.0,3000.0
19038,19148,4,8,9,0,38325.0,0.14987869826773936,0.303646930492136,0.8864207871276364,8.33333333333,0.0172161275228417,0.5534698868944444,1.9548562206720974,567.5,52.77777777777778,102.77777777777779,302.249521116,1317.6818448
19042,19152,7,5,1,3,37202.77777777778,0.1231935563353991,0.239161166280893,0.8632111028149033,27.777777777799997,2.018123672373754,6.060011580666668,1.810438950901329,122.111111111,36.111111111111114,127.77777777777779,507.224701846,1368.01557389
19050,19160,0,3,0,0,8761.111111111111,0.12070681674064679,0.2808698795180723,0.8705273303741281,11.1111111111,1.5513360869725825,6.394668815638889,1.4866916093672724,319.5,80.55555555555556,172.22222222222226,1500.0,1278.17501188
19051,19161,1,4,1,4,28288.888888888894,0.09185327965435978,0.2954805675569521,0.8559009033778476,22.2222222222,0.0,11.299544116027779,1.7683921256416457,216.5,91.66666666666667,88.8888888888889,1500.0,634.28676574
19055,19165,1,3,0,0,10027.77777777778,0.11498160664819944,0.28527880886426593,0.8740152908587258,19.4444444444,0.0,3.5715559812777777,1.8406542043121887,0.0,5.555555555555556,161.11111111111111,518.053616961,1555.6787705
19056,19166,1,5,3,0,30533.333333333336,0.14748481622998544,0.4756081604803494,0.8738938591703057,30.555555555599998,0.02523990172644694,4.291932588277779,1.6945453673413065,467.133333333,111.11111111111113,166.66666666666669,427.418744727,1384.87085429
19057,19167,0,1,1,1,12350.0,0.0849917453891138,0.3689288124156545,0.8297459064327485,33.333333333300004,1.3422174753194815,7.452738943472223,1.5833096894301122,242.5,33.333333333333336,202.7777777777778,1500.0,1221.12107295
19062,19172,0,1,0,0,8383.333333333334,0.128189662027833,0.22222504970178927,0.8330400265076209,11.1111111111,0.6751486945233163,5.384731911277779,1.2090518085091835,386.5,41.66666666666667,88.8888888888889,1267.03603385,1017.21975468
19070,19180,6,6,0,1,56255.55555555556,0.21817260023701363,0.5092140825597472,0.8744374728421884,11.1111111111,0.0,7.983959135305556,1.8216014195541317,317.6,294.4444444444445,88.8888888888889,880.821613991,1216.51163918
19071,19181,1,0,0,0,1097.2222222222224,0.06909493670886076,0.15219696202531646,0.8938283544303798,0.0,0.0,3.077461644805555,1.8200759753606213,133.0,2.777777777777778,11.111111111111112,1500.0,1199.85766656
19072,19182,1,4,0,0,17069.44444444445,0.11985801464605371,0.2150641334418226,0.849952904800651,16.6666666667,0.0,6.651893159555556,1.8217429062002697,54.6,30.55555555555556,22.222222222222225,936.471079313,2517.83769363
19081,19191,0,1,0,1,1294.4444444444446,0.11175386266094421,0.2639244635193133,0.8212579399141632,5.55555555556,1.6841791551029426,3.4894472634166673,1.1490596969706204,0.0,16.666666666666668,8.333333333333334,1176.52074452,3000.0
19084,19194,0,0,0,1,3933.3333333333335,0.09713905367231639,0.32796235875706214,0.872515395480226,27.777777777799997,0.0,7.836075377027778,1.6388643074649893,0.0,8.333333333333334,97.22222222222223,1026.46366124,1765.0227007
19085,19195,0,1,0,0,6350.0,0.07919120734908137,0.25149120734908137,0.8545274715660542,5.55555555556,0.0,9.005549852055555,1.651620615786566,0.0,5.555555555555556,144.44444444444446,852.767762499,2003.47887612
19086,19196,1,1,0,0,9911.111111111111,0.11832841928251121,0.3341747757847534,0.8592997477578475,5.55555555556,0.0,8.36650114163889,1.8595992070409961,500.0,11.111111111111112,0.0,629.842938949,1142.03419588
19087,19197,1,1,0,0,10822.222222222224,0.20943298254620124,0.32835649383983573,0.8783171971252567,0.0,1.0332789867994674,1.9206383242305558,1.598005689854153,141.0,16.666666666666668,16.666666666666668,1500.0,2752.75952884
19093,19203,0,6,0,2,25508.333333333336,0.12165174779483828,0.25126850702384845,0.8642850484591091,30.555555555599998,0.19936064916362614,11.17040593147222,1.8641880534877004,63.1176470588,88.8888888888889,152.7777777777778,928.158873824,635.59968808
19098,19208,0,1,0,0,5036.111111111112,0.1153204081632653,0.39838996138996136,0.8568484280198566,13.888888888899999,0.40247084377598097,1.6359190264833334,1.5368366226227175,50.0,8.333333333333334,216.66666666666669,604.724950784,629.55035225
19104,19214,1,3,0,0,4772.222222222223,0.14984394644935972,0.35509889406286377,0.864441792782305,2.77777777778,0.5155697638238057,2.0725683043861114,1.6388281613973172,0.0,41.66666666666667,388.8888888888889,878.95730436,1271.65730551
19106,19216,5,9,2,1,53300.0,0.12304246404002502,0.32411977798624136,0.8694148478215551,36.1111111111,1.3549930758400657,7.432368626583334,2.061857852863058,389.611111111,113.88888888888891,105.55555555555556,606.051127057,700.0482253
19115,19226,0,0,0,0,808.3333333333334,0.04456185567010309,0.1778680412371134,0.8385054982817869,0.0,0.0,0.0,0.6931471805599453,0.0,2.777777777777778,0.0,1500.0,3000.0
19117,19228,4,3,1,0,43186.11111111112,0.08234511481314723,0.2595066443686885,0.8665570914002702,52.777777777800004,0.0,2.6183704781805557,1.9269761665638832,481.0,47.22222222222223,100.0,357.683661928,377.02657049
19118,19229,1,0,0,0,4280.555555555556,0.07985068137573004,0.18712946138870862,0.8575022712524335,5.55555555556,0.0,2.1984736061000003,1.5808185358593017,0.0,2.777777777777778,22.222222222222225,1500.0,2555.84218741
19119,19230,0,0,1,0,4225.0,0.05870848126232741,0.17749756738987507,0.8580374095989481,2.77777777778,0.0,0.0,1.5952539369783838,0.0,0.0,41.66666666666667,1500.0,2517.07775208
19120,19231,7,2,1,1,37541.66666666667,0.182514132445431,0.3603431224565298,0.8797618054014058,13.888888888899999,0.0,1.5685645514305557,1.8596817787658717,204.75,150.0,36.111111111111114,820.151248338,981.3835117
19121,19232,0,3,5,1,25125.0,0.1125575677169707,0.37761228302929795,0.8555291321171918,36.1111111111,1.429182930631056,8.415317501722225,1.7745002662002192,530.5,30.55555555555556,147.22222222222226,476.158332718,2562.40216795
19134,19246,0,1,0,0,150.0,0.022222222222222223,0.39503333333333335,0.8823074074074073,2.77777777778,2.146290641684726,1.962745027488889,0.0,0.0,0.0,13.888888888888891,1500.0,3000.0
19141,19253,3,4,0,1,12044.444444444445,0.16199497232472326,0.22220544280442805,0.830927167896679,5.55555555556,1.6743693390973913,8.596650337611113,2.0322244804901906,84.3333333333,69.44444444444446,22.222222222222225,100.737282552,3000.0
19146,19258,0,0,0,0,425.0,0.07051241830065359,0.1848843137254902,0.8385281045751635,15.7477735798,0.0,11.608804468500002,1.006214565944081,0.0,2.777777777777778,75.0,1500.0,1007.5113721
19147,19259,2,2,0,0,1138.888888888889,0.07049390243902438,0.18504560975609757,0.8562578048780488,0.0,0.46818021829276457,5.680179348527778,1.3792922544726758,0.0,5.555555555555556,11.111111111111112,1500.0,3000.0
19159,19271,3,1,0,0,2886.1111111111113,0.08410019249278151,0.23118190567853705,0.8271494706448509,2.77777777778,0.0,7.224548944444445,0.7356219397587946,231.0,2.777777777777778,19.444444444444446,1500.0,3000.0
19160,19272,0,0,0,0,8050.0,0.0924805037957212,0.22876528640441685,0.8484786404416839,8.33333333333,0.0,17.305665256083337,1.7884239229721486,56.5,8.333333333333334,94.44444444444446,1500.0,2218.22714718
19165,19277,0,1,0,0,541.6666666666667,0.0617374358974359,0.4586307692307693,0.8563841025641026,2.77777777778,0.0,2.4684182647888893,0.6829081047004717,0.0,0.0,102.77777777777779,1500.0,2303.94643303
19166,19278,0,4,6,0,5533.333333333334,0.07942294176706827,0.22728524096385544,0.8522677710843374,8.33333333333,2.0773967397959856,3.5012636443055563,1.4808493764431923,0.0,2.777777777777778,233.33333333333334,876.237264885,2431.62551495
19167,19279,0,1,0,0,2194.444444444445,0.08642316455696201,0.2686818987341772,0.8749907594936709,2.77777777778,0.0,5.147835441805556,0.7963116401738131,0.0,5.555555555555556,16.666666666666668,1500.0,2137.74679308
19174,19286,0,0,0,0,5072.222222222223,0.08672294633077765,0.22210591456736037,0.8708803395399781,0.0,0.0,8.667538573444444,1.3924214337930323,0.0,0.0,13.888888888888891,998.736616304,1053.0834867
19180,19292,0,3,0,0,433.33333333333337,0.07359871794871796,0.19960833333333333,0.8344153846153847,0.0,0.0,0.7769928496694445,0.0,0.0,0.0,0.0,1500.0,3000.0
19183,19295,1,2,2,0,26166.666666666668,0.1692623991507431,0.43918006369426754,0.8634743418259023,22.2222222222,0.0633467561328438,16.247085543111112,1.91736490227077,99.0,150.0,338.8888888888889,474.082895186,357.50460701
19184,19296,0,1,0,0,488.88888888888897,0.07955852272727272,0.2514357954545454,0.8357994318181817,0.0,0.0,4.522498811444445,0.0,0.0,0.0,5.555555555555556,1320.74648646,3000.0
19191,19303,0,1,0,0,3525.0,0.08131646966115051,0.28921851851851854,0.8221494877856581,2.77777777778,0.0,0.0,0.5623351446188083,0.0,0.0,2.777777777777778,683.051491485,3000.0
19204,19316,2,3,0,0,1783.3333333333335,0.050564485981308416,0.1778461059190031,0.8504018691588785,0.0,0.0,8.469499663250001,0.6829081047004717,0.0,5.555555555555556,11.111111111111112,1500.0,1528.51361644
19205,19317,1,4,0,0,10208.333333333334,0.06344468027210884,0.17858473469387756,0.8703160544217687,16.6666666667,0.0,8.697955068083335,1.6836836097185965,0.0,5.555555555555556,111.11111111111113,881.016398503,2463.90102705
19209,19321,0,0,0,0,3058.3333333333335,0.09432016348773843,0.3488150772025431,0.8303043596730245,2.77777777778,0.0,9.145211223222223,1.2658567518727373,0.0,11.111111111111112,5.555555555555556,833.535720902,2957.82455589
19210,19322,0,0,0,0,1577.777777777778,0.06943908450704225,0.1895463028169014,0.8578001760563381,5.55555555556,0.0,4.602375092916668,1.193942253221623,0.0,0.0,66.66666666666667,1500.0,3000.0
19226,19338,3,7,8,7,37625.0,0.13791357696566997,0.45849992617201923,0.8708759837578443,58.3333333333,0.26478771640752585,1.503047484,1.8127047514705514,177.571428571,94.44444444444446,397.22222222222223,420.191183394,214.84573869
19230,19342,1,0,0,0,10752.77777777778,0.07915197623353137,0.21846876776026866,0.8547766468612762,8.33333333333,0.0,9.82956823413889,1.603240774048994,0.0,8.333333333333334,77.77777777777779,32.8387037094,1291.01660771
19237,19349,0,3,0,0,4255.555555555556,0.11685574412532637,0.2426593994778068,0.8278129242819843,5.55555555556,1.8923272536682623,4.659485860805557,1.3838263029176594,0.0,11.111111111111112,44.44444444444445,1500.0,1058.96930752
19243,19355,0,2,0,0,4522.222222222223,0.09563353808353807,0.2821088452088452,0.8574935503685504,47.2222222222,1.4992057259811862,6.041007045611112,1.5876406798536524,50.6,30.55555555555556,358.33333333333337,1500.0,3000.0
19248,19360,0,0,0,1,5291.666666666667,0.08320283464566929,0.24170456692913386,0.8612846719160105,25.0,0.0,18.523951632944446,1.7816684612509706,0.0,22.222222222222225,72.22222222222223,1500.0,3000.0
19249,19361,4,10,1,0,39525.0,0.09098182584861902,0.22793482324829573,0.8800874833087358,41.666666666699996,1.8301793640057051,4.050359421916667,1.8637762256863988,100.666666667,58.333333333333336,147.22222222222226,757.725075869,2097.26463724
19252,19364,1,6,2,0,8258.333333333334,0.19259344096871844,0.37100790447359566,0.8532355869492096,11.1111111111,0.03634512417547914,2.7836866608055555,1.806221955197268,63.0,113.88888888888891,291.6666666666667,618.683669413,614.16840872
19253,19365,1,0,0,0,263.8888888888889,0.05089473684210526,0.3446947368421053,0.7962526315789474,0.0,0.0,2.3054845888527775,0.0,0.0,0.0,2.777777777777778,1500.0,3000.0
19258,19370,0,1,0,0,1627.777777777778,0.08024419795221843,0.24148924914675768,0.8389957337883959,0.0,0.0,5.373296812138889,1.3321790402101223,0.0,0.0,11.111111111111112,498.871543619,2705.34913617
19261,19373,0,1,0,0,4358.333333333334,0.159721287444232,0.26835857233906946,0.894801912045889,22.2222222222,0.0,4.493091374944445,1.7711775338699476,173.0,16.666666666666668,47.22222222222223,1028.34099915,3000.0
19262,19374,0,0,0,0,430.55555555555566,0.0769341935483871,0.2706735483870968,0.8563793548387096,2.77777777778,1.9047781685672691,0.5144115511527778,0.0,0.0,2.777777777777778,16.666666666666668,1500.0,3000.0
19265,19377,0,2,2,0,9372.222222222224,0.08349997036158863,0.19342104327208062,0.8423429460580912,8.33333333333,0.0,3.359337932888889,1.5471736771331854,147.0,25.0,61.11111111111112,1295.34495011,1031.20496388
19268,19380,1,0,0,0,4388.88888888889,0.043125443037974685,0.19857177215189875,0.861663164556962,0.0,0.82051851936723,0.0,1.277034259466139,0.0,2.777777777777778,16.666666666666668,770.219195351,3000.0
19269,19381,0,0,0,0,6000.0,0.08761884259259259,0.20044,0.8667852777777778,2.77777777778,0.0,9.191578449972223,1.5755331144645344,312.0,2.777777777777778,13.888888888888891,1500.0,3000.0
19273,19385,2,3,1,1,11150.0,0.07973241155954161,0.22624950174389635,0.8599350772296961,2.77777777778,0.0,11.12080352275,1.875596906463633,0.0,27.777777777777782,52.77777777777778,764.965642035,3000.0
19276,19388,0,5,2,0,14752.777777777781,0.08597836565618527,0.24422293353417435,0.8503669365467896,11.1111111111,0.0,10.807216595472225,1.7840133683985244,462.5,22.222222222222225,83.33333333333334,1500.0,2870.63707455
19279,19391,0,3,0,0,4361.111111111112,0.06996770700636942,0.21253968152866243,0.8547324203821657,8.33333333333,1.7378170479759296,4.423310648166666,1.7787420435534982,0.0,0.0,63.88888888888889,1500.0,3000.0
19280,19392,0,1,0,0,2930.555555555556,0.08311004739336493,0.14442957345971563,0.8048633175355451,0.0,0.0,4.25796738775,0.8359373644898986,0.0,0.0,19.444444444444446,1500.0,2611.83329771
19286,19398,0,0,0,0,6630.555555555556,0.21547457059069963,0.37655299539170506,0.8809731043150397,0.0,1.9168590828331604,0.6919006891805556,1.9915093613566137,0.0,11.111111111111112,5.555555555555556,856.149668439,1251.28194413
19287,19399,0,0,0,1,694.4444444444445,0.0517096,0.2173252,0.8494804,0.0,0.0,4.057512515777778,0.0,0.0,0.0,0.0,1500.0,1419.88564692
19303,19415,0,2,0,0,21713.88888888889,0.1227309069975694,0.29959385953690676,0.8708275041576052,19.4444444444,0.8150973662922376,10.071284229916667,1.7236905376755425,40.0,55.555555555555564,147.22222222222226,1500.0,876.02407635
19305,19417,10,11,9,3,22105.55555555556,0.11173115104297562,0.2827691379743654,0.8697719527519477,47.2222222222,1.766323902482463,8.62738928338889,1.9946195765319694,75.6666666667,75.0,250.0,145.675767824,2205.18322301
19308,19420,0,0,0,0,6225.0,0.09645051316376618,0.20144997768853193,0.8765022757697457,0.0,0.5127687320372565,0.0,1.242453324894,0.0,5.555555555555556,16.666666666666668,1348.68757326,3000.0
19309,19421,0,0,0,1,1547.2222222222224,0.08740574506283663,0.2368556552962298,0.8886956912028725,0.0,1.7943320991591194,8.510390403916668,1.6216679171123505,0.0,5.555555555555556,44.44444444444445,1500.0,2934.69365197
19315,19427,0,1,0,0,2552.777777777778,0.07696104461371055,0.2741066376496191,0.8690349292709467,0.0,0.0,1.584085000711111,0.9649629230074277,0.0,0.0,30.55555555555556,1500.0,1207.08217618
19329,19441,0,1,0,0,1972.2222222222226,0.11570774647887325,0.2858043661971831,0.82444,0.0,1.3431269713479421,6.417558904416667,1.3329122812468475,0.0,8.333333333333334,0.0,1500.0,3000.0
19331,19443,0,4,2,0,5691.666666666667,0.14530571010248902,0.3191510980966325,0.8893366520253783,5.55555555556,1.4301028916534126,3.449768553722223,1.1036622283632769,389.6,116.66666666666667,522.2222222222223,26.6588855375,617.59421534
19333,19445,1,6,0,0,10336.111111111111,0.11623507121741466,0.32085326525127655,0.8794099973125504,13.888888888899999,0.0,0.0,1.7894965958810831,163.5,8.333333333333334,25.0,842.036245401,782.00044402
19335,19447,8,11,2,2,19705.55555555556,0.10809633493092755,0.3146921201014942,0.8560310685085988,5.55555555556,0.0,15.160151206638888,1.8108888824879115,212.25,94.44444444444446,47.22222222222223,1208.75921315,634.85038331
19339,19451,4,5,0,2,34883.333333333336,0.16440420449116103,0.44937994903647077,0.8808831262939959,44.4444444444,1.7443250960219197,1.977094366463889,1.9524347377486735,265.0,127.77777777777779,80.55555555555556,79.1904335111,454.794271
19343,19455,0,3,1,0,16922.222222222223,0.17827242284963887,0.36808627708470126,0.8508349803020354,0.0,1.7980465634031018,3.5874021156666673,1.683044186218357,74.0,41.66666666666667,5.555555555555556,626.294506297,1982.86251374
19346,19458,0,1,1,0,3636.1111111111118,0.15807906799083268,0.2673980901451489,0.8581432391138274,8.33333333333,0.6456532542571732,7.83170113188889,0.978172831115188,48.0,83.33333333333334,27.777777777777782,211.151648912,1825.42295592
19347,19459,1,6,0,1,16036.111111111113,0.10544410185345574,0.3362242854668283,0.863208764940239,16.6666666667,0.6911800687571541,1.1360555555555558,1.979542446495546,100.0,69.44444444444446,108.33333333333334,1293.65407103,774.5805198
19351,19463,2,2,0,6,29588.888888888894,0.10213129928651896,0.2548486387532858,0.8615486669170108,13.888888888899999,0.0483336643928985,10.64944975538889,1.9506728982598407,75.1428571429,116.66666666666667,41.66666666666667,563.282064859,470.27259535
19355,19467,1,7,12,0,8819.444444444445,0.11896749606299212,0.2924537637795276,0.8690742992125984,27.777777777799997,2.000125760927604,7.457498330250001,1.306643635736751,185.0,30.55555555555556,166.66666666666669,912.319056122,845.62843938
19356,19468,0,1,0,0,1452.777777777778,0.07348470363288719,0.20987284894837474,0.8798502868068834,55.555555555599994,1.6983313561257674,0.0,1.5372071121861568,0.0,0.0,11.111111111111112,1254.85039573,3000.0
19358,19470,4,8,3,2,30683.333333333336,0.10433614883215644,0.28552397247872535,0.8584522632627195,61.111111111099994,0.21870463366175316,5.111251118888889,1.6897924896091086,451.0,44.44444444444445,350.0,582.364071138,726.86317045
19366,19478,4,16,5,1,21877.77777777778,0.09039735906551549,0.27135622143219906,0.869228593194515,25.0,0.0,14.90179473225,1.9246108267975548,57.3333333333,50.0,175.0,1500.0,816.68844715
19372,19484,2,2,1,0,7186.111111111112,0.1199628913799768,0.2527232701971396,0.8644436026285273,25.0,0.8759175507030874,3.0389847244444446,1.5262672707558305,0.0,41.66666666666667,138.8888888888889,449.192667259,980.67612116
19373,19485,0,2,0,0,10900.0,0.08032431192660551,0.16044332313965343,0.8479294087665648,11.1111111111,1.8549875421496982,5.347045695444445,1.5864316374349403,32.0,2.777777777777778,72.22222222222223,1500.0,3000.0
19380,19492,0,0,0,0,2800.0,0.06461388888888889,0.13935505952380953,0.8365110119047618,0.0,0.0,5.799557127277778,1.0556334325506451,0.0,8.333333333333334,27.777777777777782,1500.0,3000.0
19386,19498,1,3,0,0,39822.222222222226,0.150347607421875,0.3358914969308036,0.8944847098214286,8.33333333333,0.18116363717181055,5.929155396500001,1.729066013213643,416.9,72.22222222222223,72.22222222222223,713.795111522,920.56457741
19396,19508,1,1,0,0,11530.555555555557,0.07323536497229584,0.20088077571669477,0.8510737894483257,5.55555555556,0.0,5.117549811583334,1.534917512309308,0.0,2.777777777777778,38.88888888888889,1500.0,1514.3262485
19400,19512,1,0,0,0,1827.777777777778,0.09257264437689969,0.22979300911854103,0.8677352583586626,8.33333333333,0.0,9.495522704722223,1.1569876443452742,0.0,2.777777777777778,72.22222222222223,1500.0,2702.62005018
19413,19525,3,5,10,0,9438.88888888889,0.10123961153619776,0.29404002354326075,0.8811897292525015,27.777777777799997,1.9226700472243314,2.125556864102778,1.779134306608052,105.0,41.66666666666667,138.8888888888889,1500.0,720.80218595
19416,19528,3,6,0,4,24433.333333333336,0.1254320259208731,0.23198913142337424,0.8628169849931787,8.33333333333,1.646987880132722,3.441848047027778,2.010568121938814,380.5,119.44444444444446,72.22222222222223,262.913567534,55.41895247
19417,19529,0,1,1,0,6116.666666666667,0.09639159854677566,0.3317874659400545,0.8460679836512262,13.888888888899999,0.0,4.553309036777778,1.8060741295707583,184.5,8.333333333333334,52.77777777777778,1500.0,2700.2564018
19419,19531,0,2,0,0,8211.111111111111,0.08097916102841678,0.36442090663058185,0.8483960081190799,13.888888888899999,0.03284432577232327,0.9671945198694447,1.817076938927515,0.0,13.888888888888891,94.44444444444446,804.359899902,2381.72856716
19431,19543,0,3,0,0,5541.666666666667,0.09956431077694235,0.3103742355889724,0.8725761904761905,11.1111111111,0.3053434821603175,4.079051037916667,1.7094559821711204,0.0,13.888888888888891,138.8888888888889,1500.0,3000.0
19432,19544,2,2,0,0,10691.666666666668,0.08985845674201091,0.21543226812159003,0.8573362171992726,16.6666666667,1.5416294232915504,9.549308948805555,1.840098806169434,82.4285714286,36.111111111111114,41.66666666666667,1145.02732291,1231.87948289
19433,19545,1,1,0,0,5541.666666666667,0.10256416040100251,0.21314115288220553,0.8830710776942355,2.77777777778,0.0,18.860380284944448,1.710687215222592,0.0,11.111111111111112,5.555555555555556,1006.6521272,547.57960498
19444,19556,5,8,4,0,12666.666666666668,0.04789274122807017,0.17496412280701754,0.9008449561403509,8.33333333333,0.0,12.287876766666667,1.4129003855158362,54.8571428571,2.777777777777778,163.8888888888889,1264.6789224,2011.91824418
19465,19577,5,2,13,6,5600.0,0.1402983630952381,0.4487031746031746,0.8753854166666667,2.77777777778,2.231871016639035,3.1947466102222224,1.695228083831335,0.0,41.66666666666667,219.44444444444449,1500.0,1109.35261172
19483,19595,0,0,1,0,1480.5555555555557,0.08963545966228893,0.3907106941838649,0.8737125703564729,13.888888888899999,1.6887103101757075,2.2862281497083337,1.4484951213114305,0.0,2.777777777777778,208.33333333333334,1424.11186109,1334.79905306
19495,19607,0,1,0,0,952.7777777777779,0.034841107871720116,0.14270903790087464,0.8519160349854228,2.77777777778,0.0,5.205035527083334,0.818808456222877,0.0,0.0,5.555555555555556,1500.0,1340.40686874
19496,19608,0,1,0,0,4033.3333333333335,0.07674600550964188,0.18439352617079888,0.8378057851239669,22.2222222222,1.1309797992546813,3.8760822356944455,1.5133142430047886,0.0,0.0,69.44444444444446,1500.0,3000.0
19499,19611,3,6,1,0,22027.77777777778,0.1371529003783102,0.3444928751576293,0.8885258511979823,19.4444444444,1.5019685038049906,5.909973008833334,1.804124387434958,59.8333333333,75.0,208.33333333333334,306.281375353,453.36041697
19502,19614,1,0,1,0,8594.444444444445,0.07769372979961216,0.20805378151260503,0.8518553975436329,5.55555555556,0.0,3.9142173615277778,1.4929303437448125,0.0,2.777777777777778,19.444444444444446,625.185906828,3000.0
19504,19616,0,0,0,0,1230.5555555555557,0.10463566591422122,0.1879232505643341,0.8785711060948082,2.77777777778,0.0,5.118467982055556,1.9701814400260842,0.0,5.555555555555556,16.666666666666668,1500.0,407.082681
19514,19626,5,11,2,0,29072.222222222226,0.11310404165870439,0.4704103286833557,0.8554039270017197,66.6666666667,1.5244611072555443,4.449417460444445,1.6746146210063244,290.5,72.22222222222223,558.3333333333334,588.446269388,631.26121063
19516,19628,8,9,5,2,44394.444444444445,0.11130683894381178,0.3724057439619572,0.8484477349518208,63.88888888889999,0.12539696270835196,10.526822583972223,1.9679699077588242,297.409090909,22.222222222222225,158.33333333333334,884.789186309,385.18153453
19519,19631,2,1,0,0,11502.77777777778,0.07760178700796909,0.26027348466553973,0.8579196087901474,166.666666667,0.0,13.068747759555558,1.5558610515688969,44.0,36.111111111111114,108.33333333333334,1500.0,1263.32857508
19524,19636,0,0,0,1,361.11111111111114,0.1291676923076923,0.23689230769230768,0.9191015384615384,2.77777777778,0.0,0.0,1.4102580990073956,49.8,8.333333333333334,0.0,1500.0,3000.0
19527,19639,2,2,0,0,15144.444444444447,0.17005249449743215,0.30075542920029347,0.8739370506236245,0.0,0.0,3.3975070113333334,1.803719377768875,0.0,11.111111111111112,2.777777777777778,524.79134355,2460.86479366
19534,19646,0,2,0,0,5925.0,0.07867065166432255,0.26978129395218003,0.8689547585560243,11.1111111111,1.671062997751971,12.85605676938889,1.6333273236747778,0.0,11.111111111111112,133.33333333333334,1500.0,2120.04175346
19540,19652,0,1,0,0,3983.3333333333335,0.06358723849372384,0.1954292887029289,0.858023570432357,5.55555555556,1.7028542569001708,6.812601733805556,1.714203171343286,0.0,11.111111111111112,66.66666666666667,1500.0,3000.0
19543,19655,0,0,0,0,644.4444444444445,0.03426293103448276,0.2027301724137931,0.8060577586206897,0.0,0.0,6.329932419527778,0.0,0.0,2.777777777777778,5.555555555555556,1500.0,3000.0
19544,19656,0,0,0,0,1263.888888888889,0.09053186813186813,0.3863197802197802,0.8787107692307692,0.0,0.3849986111124357,4.743280732722223,1.6957425341696346,0.0,50.0,416.6666666666667,405.451850785,707.34250387
19548,19661,1,1,0,0,5883.333333333334,0.11031619452313503,0.308278328611898,0.8819848914069878,52.777777777800004,0.24492212698197255,3.1079752975833337,1.5603322033831797,79.0,36.111111111111114,355.5555555555556,483.834069661,754.50958648
19549,19662,0,0,1,0,8394.444444444445,0.08102958305757776,0.2873137657180675,0.8564824950363998,6.318762239250001,0.0,8.981622811611112,1.8536734345981962,0.0,0.0,52.77777777777778,1500.0,3000.0
19551,19664,0,0,0,0,663.888888888889,0.06502594142259414,0.29302510460251047,0.8017803347280335,0.0,1.816522027093905,4.05910087213889,1.3296613488547582,0.0,0.0,8.333333333333334,1500.0,3000.0
19555,19668,0,0,0,0,1280.5555555555557,0.07730867678958785,0.1626826464208243,0.9001145336225597,0.0,1.3678695875508575,6.661098707805557,0.0,0.0,0.0,11.111111111111112,1210.13294697,3000.0
19557,19670,1,0,0,0,5200.0,0.07957863247863248,0.2717313034188034,0.8591024038461539,0.0,1.7492732451997401,7.569210017138889,1.3231699675836268,0.0,0.0,138.8888888888889,1500.0,1920.28692069
19560,19673,0,1,5,0,2347.2222222222226,0.07727834319526627,0.16695431952662723,0.8405784615384616,2.77777777778,0.31943599350853197,0.0,0.8675632284814612,0.0,0.0,16.666666666666668,1500.0,1693.20358276
19571,19684,0,4,0,0,8338.88888888889,0.0812836109260493,0.22739257161892074,0.8331018987341772,8.33333333333,1.0134429818965867,3.774465327527778,0.8844872839232993,624.5,8.333333333333334,97.22222222222223,657.413218058,3000.0
19575,19688,10,9,6,3,43780.55555555556,0.15952895120867963,0.3454336590317873,0.8662495082799315,38.8888888889,1.6385079975172447,7.8230734774722235,1.7490343329547586,204.428571429,205.55555555555557,288.8888888888889,230.584581395,346.24769089
19577,19690,0,1,3,2,1927.777777777778,0.09752262247838617,0.2904985590778098,0.8717691642651296,0.0,0.35784747492095464,8.098418723944446,1.2394967485779316,300.0,5.555555555555556,147.22222222222226,1500.0,635.14518472
19580,19693,1,4,0,0,15108.333333333334,0.13155046883618313,0.2835136973708402,0.8607544401544401,0.0,0.0,4.2626691186666665,1.70608278035192,78.0,22.222222222222225,30.55555555555556,218.958314529,2543.89214771
19581,19694,2,2,0,0,10697.222222222224,0.1482521423007011,0.2238195533627629,0.8329280186964424,11.1111111111,0.0,8.105431400111112,1.754456938739628,585.166666667,41.66666666666667,27.777777777777782,1500.0,3000.0
19584,19697,1,2,0,0,13630.555555555557,0.09575812105155901,0.23322726716934994,0.8388044426329733,13.888888888899999,0.5686733917844514,7.763171109416667,1.7342628874182424,475.0,11.111111111111112,2.777777777777778,1500.0,337.05452453
19586,19699,0,0,0,0,2127.777777777778,0.06991279373368146,0.23416436031331592,0.8562772845953003,0.0,0.13855054941753892,2.474980240191667,1.4593594123475304,0.0,5.555555555555556,38.88888888888889,1500.0,3000.0
19590,19703,5,4,0,2,15383.333333333334,0.11826733477789816,0.3764868544600939,0.8786618996027447,8.33333333333,0.41926346908657786,14.333973633472224,2.0738500175183976,42.8378378378,119.44444444444446,119.44444444444446,1500.0,1088.94282
19598,19711,0,3,2,1,30608.333333333336,0.12357065976948906,0.2829283691805064,0.8817802250657956,19.4444444444,1.7667910979790047,5.799872048944445,1.7346320728963684,86.0,33.333333333333336,127.77777777777779,875.33241163,722.4464752
19602,19715,0,2,1,0,8463.88888888889,0.10061493272070889,0.30258234328848044,0.8774602231703315,5.55555555556,1.5097945453925123,6.763629925527778,1.6491965279499714,0.0,27.777777777777782,325.0,821.161072493,3000.0
19606,19719,1,2,0,0,10997.222222222224,0.07525438241980298,0.1891651932306138,0.8478502399595857,2.77777777778,0.0,8.562859065583334,1.7002646536368562,52.6666666667,22.222222222222225,77.77777777777779,1500.0,1121.26767181
19611,19724,2,2,0,0,677.7777777777778,0.05031639344262295,0.2864717213114754,0.8786897540983606,0.0,0.0,3.327996973722222,1.2554823251787535,0.0,22.222222222222225,0.0,1500.0,3000.0
19628,19741,2,8,1,2,18883.333333333336,0.17291990291262135,0.46206832892027067,0.8866249190938512,8.33333333333,1.7196079796964983,3.2149879517500004,1.7798276391717995,198.333333333,113.88888888888891,80.55555555555556,270.365061988,366.93644438
19631,19744,4,5,0,3,65141.66666666667,0.15143871903117137,0.326993906443222,0.8857661421687775,33.333333333300004,0.6676876248970659,13.363156733388891,1.8745139943007545,448.2,108.33333333333334,183.33333333333334,747.983273384,889.94882083
19638,19751,0,0,0,0,5847.222222222223,0.07029857482185273,0.29003971496437053,0.8515725415676959,2.77777777778,0.179497372676996,1.9778815811222226,1.3961924998299948,0.0,8.333333333333334,5.555555555555556,1339.00937829,932.91129265
19639,19752,1,25,53,6,14775.0,0.1590501598044745,0.377035721000188,0.8823033464937018,5.55555555556,0.0,3.9404091064166664,1.8405563195188321,150.0,52.77777777777778,69.44444444444446,1500.0,1040.32861712
19648,19761,0,1,0,0,7825.0,0.11524671636492723,0.20128299609513667,0.8795234646787362,5.55555555556,1.0580186060179582,3.257461017555556,1.4802975585786091,0.0,8.333333333333334,8.333333333333334,1500.0,1789.58833179
19651,19764,4,9,7,0,26163.88888888889,0.08952031001167851,0.2790804968680327,0.8650188130374774,13.888888888899999,0.0,14.152914029166668,1.4959621883465526,55.0,41.66666666666667,294.4444444444445,378.853162808,1804.55829896
19656,19769,0,0,0,0,2050.0,0.07654146341463415,0.1830252032520325,0.8187703252032521,2.77777777778,1.745222412362841,4.922233994638889,0.8486855577264172,0.0,8.333333333333334,33.333333333333336,1500.0,3000.0
19662,19775,0,1,0,0,3163.888888888889,0.0811955223880597,0.20158674275680422,0.813235118525022,0.0,0.0,11.45792248252778,1.5845593596041554,0.0,8.333333333333334,52.77777777777778,1500.0,3000.0
19663,19776,3,3,3,2,25444.44444444445,0.12456066593886463,0.26135529475982533,0.8978736681222708,5.55555555556,0.4395678095283321,12.825573540333332,1.9267717037711536,88.6,44.44444444444445,16.666666666666668,368.497601677,243.13693645
19665,19778,0,2,0,0,3844.4444444444453,0.07316148843930635,0.18674790462427743,0.8622963150289018,8.33333333333,0.0,6.075532372305555,0.9858289666734469,34.0,5.555555555555556,44.44444444444445,1500.0,2064.15700847
19666,19779,0,1,0,0,638.888888888889,0.030157826086956524,0.15947,0.8633704347826087,0.0,0.02944868866751774,0.984450077063889,0.24493002679463532,0.0,0.0,16.666666666666668,1500.0,855.17365123
19673,19787,2,2,1,1,18880.55555555556,0.10394763866411652,0.31639864646167426,0.8458404001765485,11.1111111111,1.6875657892573164,10.100525018638889,1.8936046280374486,526.5,13.888888888888891,55.555555555555564,1500.0,560.53573915
19693,19807,0,2,0,0,4738.88888888889,0.07500035169988277,0.23696910902696364,0.8519218053927315,8.33333333333,0.21271570536058954,7.776428093361112,1.5330786075585578,0.0,2.777777777777778,169.44444444444446,1347.78273613,1298.69360926
19708,19822,0,1,0,0,2925.0,0.08950493827160494,0.23452507122507124,0.8863040835707502,52.777777777800004,0.7849626488544355,1.8432790447,1.5329976828912328,0.0,2.777777777777778,77.77777777777779,1500.0,1715.01837425
19709,19823,13,3,3,0,30980.555555555562,0.09653731731372724,0.26653631309961445,0.8832589258495472,36.1111111111,0.0,14.614322235666666,1.8008560719231252,75.0,16.666666666666668,147.22222222222226,368.538116089,1013.06626838
19712,19826,0,0,0,0,1194.4444444444446,0.06777325581395348,0.18756023255813953,0.868457441860465,0.0,0.0,3.548931973166667,0.6931471805599453,415.444444444,2.777777777777778,13.888888888888891,1500.0,3000.0
19715,19829,0,1,21,1,9619.444444444445,0.07942038694773318,0.20399044181345655,0.8449373664452786,11.1111111111,0.0,7.220060907972224,1.9361130196890013,702.644444444,13.888888888888891,88.8888888888889,1290.72154783,3000.0
19723,19837,0,0,0,0,6947.2222222222235,0.0713265893642543,0.17626493402638943,0.8378189924030387,8.33333333333,1.7626202757648672,7.601679468583334,1.855102608359351,40.0,25.0,100.0,1500.0,3000.0
19737,19851,2,6,0,5,16922.222222222223,0.1061015758371635,0.25464857189757056,0.9039250000000001,38.8888888889,0.27739990432787065,3.2360779301666667,1.7399040188326294,101.0,86.11111111111113,188.8888888888889,736.890866112,310.16282616
19738,19852,6,13,0,1,20388.88888888889,0.10442630790190736,0.2655522752043597,0.8831568801089918,161.111111111,0.0,12.410488191000002,1.8750913019046807,92.0,33.333333333333336,316.6666666666667,805.133236696,566.47197566
19746,19860,1,7,19,5,23322.222222222223,0.12710120295378752,0.4171827536922344,0.8732527274892806,25.0,1.6666854159037978,1.3952589177861112,1.8290006028230583,359.0,11.111111111111112,38.88888888888889,1500.0,600.27987767
19749,19863,1,0,0,1,9447.222222222224,0.09041908262275802,0.24058044692737432,0.8744570714495736,11.1111111111,0.749816264880372,5.317481630805555,1.628574899794302,0.0,5.555555555555556,102.77777777777779,798.786424086,848.58515551
19751,19865,3,0,0,0,1683.3333333333335,0.13725610561056106,0.30178910891089106,0.8849358085808582,11.620520566800002,0.397692296886789,0.7106153386916667,1.9890390311095896,0.0,8.333333333333334,5.555555555555556,1045.67039795,1075.67472451
19759,19873,4,8,1,2,27530.555555555562,0.12565188174755323,0.29513067298960755,0.8618823024921803,13.888888888899999,0.05292714254594805,16.80312872930556,1.8564605950506334,78.8333333333,111.11111111111113,119.44444444444446,878.53632784,205.77238077
19761,19875,0,1,0,1,6430.555555555556,0.08368207343412526,0.20617477321814254,0.8404669114470843,13.888888888899999,0.6920218419483273,4.2257613410833335,1.3558778247223824,0.0,0.0,69.44444444444446,811.644332342,1765.33658894
19767,19881,0,0,0,0,4169.444444444445,0.12218414390406396,0.2588784810126582,0.8446900066622252,2.77777777778,0.0,4.389764725527778,1.6787526304900948,0.0,16.666666666666668,27.777777777777782,1500.0,3000.0
19773,19887,0,0,0,1,7152.777777777778,0.08177266019417476,0.29247017475728154,0.850047145631068,0.0,1.6152683517603394,8.482196170722224,1.9773754041769607,0.0,11.111111111111112,22.222222222222225,1500.0,3000.0
19774,19888,29,25,0,1,114738.8888888889,0.11726038832130925,0.4371762189512419,0.8714143320582965,119.444444444,0.0,2.751945860458333,1.9393524028021383,673.5,33.333333333333336,66.66666666666667,552.709496733,480.85028931
19775,19889,0,0,0,0,4405.555555555556,0.08489817150063053,0.24111651954602775,0.8547499369482976,0.0,0.31685558886863496,4.526274647138889,1.9226714991364167,420.0,8.333333333333334,11.111111111111112,1500.0,3000.0
19778,19892,0,1,0,0,2100.0,0.09956283068783069,0.20663796296296297,0.8482710317460318,11.1111111111,0.9607596635401288,1.537743570963889,1.91041903799781,54.0,8.333333333333334,94.44444444444446,1061.93765597,1458.31868966
19781,19895,0,8,0,1,24380.55555555556,0.187386772245642,0.49022538452774295,0.8900860316736926,44.4444444444,1.2650448790301174,6.891374825861111,1.6993183196125705,118.0,150.0,375.0,803.805644623,771.77419502
19783,19897,4,5,3,0,26308.333333333336,0.12866721571111814,0.32836052159222895,0.8706595924400802,52.777777777800004,0.5081998514687105,9.044378783111112,1.1228536863920586,0.0,41.66666666666667,144.44444444444446,559.21410392,994.40307236
19792,19906,8,8,1,0,44394.444444444445,0.13554239769740958,0.3324858528344387,0.8853816606181955,50.0,1.785667776780293,11.799521169694446,1.8355849735697518,828.777777778,44.44444444444445,72.22222222222223,567.216040734,988.33679204
19800,19914,0,1,0,0,805.5555555555557,0.053075862068965515,0.20960965517241378,0.8832055172413793,0.0,0.0,2.7126944886333337,0.6931471805599453,0.0,0.0,38.88888888888889,1500.0,2751.00372552
19802,19916,0,1,0,1,594.4444444444445,0.036586915887850464,0.2157714953271028,0.8174598130841121,0.0,1.6887868322008635,7.851613169361112,1.0482847643708477,0.0,0.0,16.666666666666668,1500.0,2560.01751301
19803,19917,1,4,3,1,12719.444444444445,0.08753867656693602,0.21392732037562787,0.8333990172526753,11.1111111111,1.246444670299639,5.476385936472223,1.586857751700014,265.333333333,66.66666666666667,255.55555555555557,1088.79156991,1662.21600807
19814,19928,0,0,0,0,897.2222222222223,0.05686130030959752,0.22039690402476778,0.8526164086687307,0.0,0.0,0.8570530126944447,0.0,0.0,0.0,0.0,1500.0,3000.0
19820,19934,0,0,0,0,10791.666666666668,0.10251328185328185,0.24739454311454312,0.8137493436293437,5.55555555556,0.0,5.717228513277778,1.51756178614693,1800.0,5.555555555555556,5.555555555555556,1500.0,2078.45714354
19833,19948,0,0,0,0,6266.666666666667,0.08719840425531916,0.22744902482269502,0.861144725177305,2.77777777778,0.0,8.573198282416667,1.679204331602707,0.0,5.555555555555556,5.555555555555556,1500.0,3000.0
19835,19950,3,4,4,1,31397.222222222226,0.16421043085906398,0.4191785632133062,0.8690251791559762,41.666666666699996,1.6867045052175689,5.165895828805556,2.078235313103851,168.428571429,111.11111111111113,169.44444444444446,221.392828489,904.93278811
19837,19952,2,3,1,1,26080.55555555556,0.09647045478751731,0.3127143252742571,0.8662367238257536,27.777777777799997,2.22674788745306,5.557536220166667,1.8273635178270544,46.3333333333,41.66666666666667,130.55555555555557,1484.12961835,1030.79848169
19839,19954,1,2,0,1,12469.444444444445,0.16295299621296502,0.4409337268879483,0.8569864112274449,19.4444444444,0.6148247102976494,9.706678092722223,1.7797140347578702,79.0,5.555555555555556,175.0,837.964775949,2004.88319285
19842,19957,0,9,3,0,7983.333333333334,0.0816142658315936,0.21914565066109953,0.8346592553931802,5.55555555556,1.9420296091106184,7.912375634083334,1.6262641745095678,315.333333333,2.777777777777778,52.77777777777778,1500.0,2007.6812537
19844,19959,0,0,0,0,4302.777777777778,0.08245280826339574,0.2626765009683667,0.8051200774693351,0.0,0.0,6.865152005305555,0.6019239717322895,0.0,5.555555555555556,16.666666666666668,1500.0,1183.35436517
19858,19973,5,1,0,0,18488.88888888889,0.10301080228365385,0.2112243689903846,0.8547315955528846,52.777777777800004,0.0,6.607468420138889,1.5028190851416412,53.0,22.222222222222225,58.333333333333336,865.956840084,1538.33233684
19863,19978,1,8,0,0,6361.111111111112,0.1467158515283843,0.24316973799126637,0.8416593886462882,5.55555555556,0.6947540421186964,0.8938121224916667,1.6745067514925749,624.933333333,72.22222222222223,102.77777777777779,1218.12270061,1315.66353894
19866,19981,0,0,0,0,2461.1111111111113,0.0869969525959368,0.22804221218961626,0.8695471783295712,8.33333333333,0.29418756774681104,6.546016708750002,1.8954317052025773,0.0,0.0,166.66666666666669,1500.0,3000.0
19867,19982,4,6,1,2,11827.77777777778,0.16971383278534521,0.2988975575387506,0.89367923907938,8.33333333333,1.5653591095869477,0.0,1.7796372022921347,256.388888889,222.22222222222226,358.33333333333337,277.687289271,90.4123897
19869,19984,1,2,0,1,6113.88888888889,0.2123409359382099,0.28798614266242617,0.8789470240799636,0.0,0.0,3.1268707285555557,1.7524236752648439,75.0,36.111111111111114,11.111111111111112,506.701171477,324.07577878
19873,19988,0,2,0,0,15841.666666666668,0.17416226547431177,0.35421734174995617,0.8319416798176399,5.55555555556,0.5207356431371101,2.772961881275,1.9019427607824213,105.5,30.55555555555556,8.333333333333334,1500.0,3000.0
19874,19989,1,0,0,0,4822.222222222223,0.08307361751152074,0.2592972926267281,0.8487290322580646,5.55555555556,1.6666787750171541,3.4535498509444444,1.6347763793529864,41.0,36.111111111111114,116.66666666666667,1500.0,1964.3772613
19876,19991,0,1,0,2,6886.111111111112,0.07819850746268656,0.2878033077853973,0.8526612747075434,19.4444444444,1.8026018920714073,12.754686109749999,2.047388366808737,0.0,8.333333333333334,19.444444444444446,1500.0,3000.0
19881,19996,0,1,0,0,8077.777777777778,0.07929147180192572,0.3000647867950481,0.8609150618982119,2.77777777778,0.7634151343821671,4.186081170944445,1.5980873295982654,0.0,27.777777777777782,127.77777777777779,1127.00877244,3000.0
19888,20003,3,2,0,0,3008.3333333333335,0.09044607571560481,0.2207893813481071,0.876059649122807,2.77777777778,0.5096242027071787,6.773240334416668,1.648537525449041,0.0,13.888888888888891,30.55555555555556,356.6986715,3000.0
19899,20014,2,2,1,1,20158.333333333336,0.14969411602590604,0.44785804051260847,0.8796330026181617,13.888888888899999,0.0,1.125490255752778,1.8839317597751837,1267.0,72.22222222222223,169.44444444444446,573.592180643,894.01740223
19900,20015,0,1,0,0,225.0,0.034722222222222224,0.32912962962962966,0.8255975308641976,0.0,0.0,5.147884444055557,0.0,0.0,0.0,2.777777777777778,1500.0,3000.0
19907,20022,0,0,0,0,3975.0,0.07171167016072677,0.19541607267645003,0.8462338225017471,5.55555555556,1.7280703352998779,1.7167379832722225,1.151379623329681,0.0,2.777777777777778,22.222222222222225,1500.0,2267.52574925
19915,20030,1,2,0,0,4905.555555555556,0.10297423556058889,0.28290249150622876,0.8741947338618347,8.33333333333,1.7916492027101536,7.405653605000001,1.7859720310609641,0.0,13.888888888888891,166.66666666666669,1500.0,2149.76906193
19919,20034,0,2,0,0,28911.111111111113,0.12386395080707148,0.4811212144504228,0.8556834262106073,33.333333333300004,0.0,6.787006555583334,1.488238787286436,200.0,19.444444444444446,25.0,756.167822913,721.68443728
19923,20038,1,4,0,0,4786.111111111112,0.09052391178177598,0.2510316889146837,0.8433231572838074,0.0,1.67559178259533,8.33327885125,0.6063129176132481,69.0,22.222222222222225,152.7777777777778,1132.4442757,687.12565386
19926,20041,1,0,0,0,1933.3333333333335,0.05739913793103449,0.193416091954023,0.8178762931034482,0.0,0.0,1.8682518883500003,0.0,0.0,5.555555555555556,0.0,1500.0,3000.0
19930,20045,4,3,0,1,43347.222222222226,0.11009772508811279,0.24084404998397949,0.8653710605575137,36.1111111111,0.45792901174146183,19.771065587416665,1.992774470693291,88.5294117647,144.44444444444446,166.66666666666669,1050.47127959,650.86722635
19931,20046,0,0,0,0,5333.333333333334,0.07659057291666667,0.19664984375,0.8293710416666666,5.55555555556,0.0,12.725529340305554,1.6021416786043727,0.0,8.333333333333334,100.0,1500.0,1530.83211677
19934,20049,4,1,1,0,8372.222222222224,0.11017292634372926,0.3273824485733245,0.8738610484406105,16.6666666667,0.0,14.567697001333334,1.813790026162356,66.5,33.333333333333336,327.7777777777778,602.003800784,637.93948888
19938,20053,0,0,0,0,858.3333333333334,0.11392168284789643,0.3703323624595469,0.8916695792880258,2.77777777778,0.40605830568673545,1.6923783569944446,1.3296613488547582,0.0,25.0,277.7777777777778,771.07306568,1594.19739918
19945,20060,0,0,0,0,1372.2222222222224,0.07700546558704453,0.30908987854251013,0.840404048582996,0.0,2.1265939905882045,1.8582786690055557,0.9502705392332347,0.0,2.777777777777778,11.111111111111112,976.829880497,3000.0
19947,20062,1,1,0,0,6894.444444444445,0.0842989524576954,0.2896155116841257,0.8235879935535858,16.6666666667,0.5195439116140139,12.765996985250002,1.8749902945133745,44.5,41.66666666666667,58.333333333333336,931.839777204,350.51920216
19951,20066,4,1,0,0,22844.44444444445,0.10128028939688716,0.256714640077821,0.8437744163424125,13.888888888899999,0.1343989933579769,8.309086277305557,1.9376734319481532,633.0,36.111111111111114,16.666666666666668,932.516171007,2031.55797141
19953,20068,0,1,0,0,5405.555555555556,0.060220966084275435,0.19704116135662897,0.8474137718396711,0.0,0.0,3.2658498743611117,0.8675632284814612,0.0,11.111111111111112,0.0,1500.0,3000.0
19963,20078,0,0,0,0,9030.555555555557,0.07390910489080284,0.29238812673023684,0.8423815441402644,11.1111111111,1.3174538307385186,6.092523323277778,1.1563745537147716,0.0,2.777777777777778,11.111111111111112,1500.0,2144.48792107
19964,20079,0,1,0,0,1852.777777777778,0.062368665667166416,0.19745697151424288,0.8310976011994002,0.0,0.0,8.785568900527778,0.0,0.0,2.777777777777778,5.555555555555556,1500.0,3000.0
19973,20088,0,0,0,0,6133.333333333334,0.08311721014492753,0.26157228260869564,0.8570071557971014,16.6666666667,1.7377974233985496,10.520739459583334,1.806959334347073,1067.0,16.666666666666668,52.77777777777778,792.220825543,2289.35602899
19977,20092,0,1,0,0,4505.555555555556,0.08235739827373613,0.26200209617755854,0.8743038224414302,16.6666666667,0.0,4.396721178277778,1.7234814019295517,0.0,8.333333333333334,125.0,1500.0,3000.0
19982,20097,0,0,0,0,16777.77777777778,0.13383241721854305,0.3255120033112583,0.8133258278145696,8.33333333333,1.5387546193256378,0.6216767802388891,2.1077775549304496,102.5,11.111111111111112,2.777777777777778,417.308602744,3000.0
19984,20099,0,2,0,1,33177.77777777778,0.17820298057602144,0.34241248325519086,0.8241391493636973,16.6666666667,1.8708553025787749,2.148949763783334,1.6602088911558868,114.5,69.44444444444446,44.44444444444445,1258.67083035,1554.84965066
19993,20108,0,1,0,0,6588.88888888889,0.13248031197301854,0.3056976812816189,0.8605565767284992,5.55555555556,0.0,1.9301011155888892,1.6853917447137126,0.0,22.222222222222225,55.555555555555564,508.740206147,2827.58077734
19997,20112,0,1,0,0,680.5555555555557,0.0654873469387755,0.22005469387755103,0.8540865306122449,2.77777777778,0.983529725362747,2.554044815327778,1.033114087516671,0.0,0.0,5.555555555555556,1156.60156616,3000.0
20005,20120,1,0,0,0,7538.8888888888905,0.15803183492999262,0.23568655121591744,0.8576136698599853,13.888888888899999,0.0,8.535565484555557,2.0235829095014872,0.0,52.77777777777778,22.222222222222225,524.871114558,420.9172504
20007,20122,4,7,3,1,26425.0,0.2070177861873226,0.5283845474613686,0.885478324398192,11.1111111111,0.520639660869938,1.7377157582861114,2.124271528936953,343.333333333,286.11111111111114,594.4444444444445,268.812190692,50.95893284
20009,20124,0,0,0,0,2308.3333333333335,0.0645251504211793,0.22386462093862816,0.854156678700361,2.77777777778,0.0,8.384420877333334,1.5124511784664483,0.0,2.777777777777778,13.888888888888891,1500.0,3000.0
20011,20126,5,12,6,0,22797.222222222223,0.09455528207627635,0.27997471670525165,0.8467366394541245,30.555555555599998,0.0,6.466437392027777,1.8684831961703554,542.0,27.777777777777782,161.11111111111111,562.384801769,253.9243288
20019,20134,1,0,0,0,275.0,0.0946969696969697,0.2523353535353535,0.8697494949494949,0.0,0.0,1.9823871651111113,1.1490596969706202,0.0,0.0,8.333333333333334,1500.0,3000.0
20025,20140,0,2,0,0,2608.3333333333335,0.0899405750798722,0.2673030883919063,0.8694814696485622,8.33333333333,0.0,6.2200880384444455,1.265266902761422,0.0,2.777777777777778,86.11111111111113,1092.9903346,2326.98290513
20026,20141,0,0,0,0,3197.2222222222226,0.09048349261511729,0.24040112945264988,0.8597098175499566,5.55555555556,0.0,5.125925370416667,1.6878722687778307,0.0,8.333333333333334,25.0,683.232839151,1543.83576259
20034,20149,0,3,0,0,6322.222222222223,0.072443848857645,0.24935579964850618,0.8702179261862917,13.888888888899999,0.0,12.680947517416667,1.9883026234233778,40.0,55.555555555555564,47.22222222222223,1500.0,383.81059199
20035,20150,0,0,1,0,7894.444444444445,0.0910780436312456,0.21700411681914145,0.8287142505277973,2.77777777778,0.0,5.169731125805556,1.6938902675853424,123.0,8.333333333333334,16.666666666666668,964.643347198,2727.69181369
20041,20156,1,2,0,0,13666.666666666668,0.10782014227642277,0.29851908536585364,0.8164264634146342,2.77777777778,0.7098395326088995,1.8728893053361113,1.590457143863086,148.875,25.0,11.111111111111112,1500.0,3000.0
20044,20159,0,1,0,0,1263.888888888889,0.08071494505494504,0.215850989010989,0.884356043956044,0.0,0.0,1.1860722145388891,1.3321790402101223,0.0,2.777777777777778,16.666666666666668,1500.0,2777.74953815
20046,20161,1,0,0,0,2013.8888888888891,0.05596924137931034,0.1776270344827586,0.856683172413793,0.0,0.0,6.201720218972222,1.3862943611198906,0.0,0.0,16.666666666666668,1500.0,3000.0
20048,20163,0,0,0,0,1708.3333333333335,0.05494845528455285,0.20667268292682928,0.8890834146341463,0.0,1.8062752096805814,0.8577803790416668,0.0,0.0,0.0,0.0,197.294060408,3000.0
20066,20181,0,0,0,0,852.7777777777778,0.04877524429967427,0.11264169381107493,0.8733964169381108,2.77777777778,0.0,0.0,1.7841157163041486,0.0,2.777777777777778,5.555555555555556,1500.0,3000.0
20069,20184,1,5,2,1,6288.88888888889,0.08194430212014134,0.31109068021201414,0.8569439487632509,11.1111111111,1.671336899767894,7.668802379888889,1.8171256301952765,246.4,30.55555555555556,144.44444444444446,378.754811294,711.23082739
20076,20191,0,0,0,0,5625.0,0.0741513086419753,0.20146592592592594,0.8601678024691358,13.888888888899999,0.0,8.508255318444444,1.686766650378467,0.0,5.555555555555556,61.11111111111112,1500.0,1497.25211224
20087,20202,0,2,0,0,5258.333333333334,0.09070375066032753,0.27481806656101426,0.8746348652931855,2.77777777778,0.8053711770755841,0.8477243787388891,1.34233269364406,0.0,2.777777777777778,52.77777777777778,1500.0,1723.00107148
20089,20204,1,0,0,0,1966.6666666666667,0.09916525423728814,0.23322895480225989,0.8128646892655367,0.0,0.0,4.209802161555556,0.45056120886630463,0.0,0.0,0.0,1500.0,3000.0
20113,20229,0,1,4,0,6763.88888888889,0.08634829568788502,0.23835203285420944,0.8900272689938398,19.4444444444,1.1954044999700701,4.609622908333334,1.7763237072317426,0.0,2.777777777777778,25.0,972.491898083,1714.19923681
20118,20234,2,5,0,1,10788.88888888889,0.1200044026776519,0.25163220906282185,0.8507215242018538,11.1111111111,1.6666751405268159,2.4002814353361113,1.8699307440503135,813.0,75.0,22.222222222222225,728.067474508,1117.7391534
20123,20239,0,0,0,0,2150.0,0.10569496124031008,0.3028587855297158,0.8672206718346253,11.1111111111,0.704559204781321,4.067181805833334,1.44070064367065,309.142857143,22.222222222222225,47.22222222222223,1500.0,1824.77768145
20128,20244,0,4,1,0,9358.333333333334,0.09544345503116651,0.2200219946571683,0.8580878895814782,5.55555555556,0.040559596379909225,9.223443552444445,1.8048605644002045,0.0,38.88888888888889,30.55555555555556,526.72530076,878.51144359
20133,20249,0,1,1,0,3925.0,0.09620587402689312,0.22582724699221515,0.8668391365888181,5.55555555556,0.0,9.519402825888891,1.6150034545129146,0.0,11.111111111111112,83.33333333333334,1500.0,3000.0
20134,20250,1,0,2,0,2266.666666666667,0.08473333333333333,0.48161078431372545,0.8650957107843137,8.33333333333,1.7366799119928316,8.990076922388889,1.7054390321884374,0.0,33.333333333333336,52.77777777777778,863.944610885,1977.37094252
20136,20252,2,1,0,0,29441.666666666668,0.11195764694782527,0.2315906783658836,0.8347820077365788,27.777777777799997,0.0,6.473500288722223,1.6794795798874909,415.204225352,16.666666666666668,183.33333333333334,562.542389041,1365.28219312
20139,20255,0,0,1,0,3172.2222222222226,0.07530542907180386,0.21138660245183888,0.8369457968476357,0.0,0.24600889906365808,2.9882161327777776,1.2641403787366692,1374.0,5.555555555555556,55.555555555555564,1247.90879423,3000.0
20153,20269,39,32,9,6,22886.111111111113,0.1290707974268722,0.33877897803131446,0.8736723874256584,88.88888888890001,1.3282413858853115,10.856111269166668,2.100064483945762,92.6842105263,125.0,561.1111111111112,887.781485872,1206.09749403
20155,20271,0,5,1,0,17372.222222222223,0.08371149664214902,0.2188046690118324,0.8509667732651104,30.555555555599998,0.0,17.518144905194447,1.9148052825441506,81.25,27.777777777777782,227.77777777777783,926.931167997,3000.0
20161,20278,0,0,0,0,3586.1111111111118,0.07632695584817971,0.25396560805577073,0.855931448489543,0.0,0.0,2.132842528058333,0.8675632284814612,0.0,2.777777777777778,16.666666666666668,145.744128235,1940.05619923
20164,20281,0,0,0,0,3380.555555555556,0.05659695973705834,0.3176430566967954,0.8716172555464257,2.77777777778,1.6682955610356451,6.628741686416667,1.0397207708399179,0.0,19.444444444444446,58.333333333333336,1500.0,2371.66269714
20165,20282,12,16,4,2,59383.333333333336,0.12205743287491815,0.3089890167461877,0.8898013939564038,77.7777777778,0.41450576766040803,5.509930619611111,1.9891692625404915,167.222222222,72.22222222222223,155.55555555555557,1107.4385212,483.63758635
20168,20285,5,10,0,4,28113.888888888894,0.12104256496393637,0.3660008497184073,0.8647413002667721,25.0,1.223076044552039,3.4133195732222226,1.9603080077850505,176.875,166.66666666666669,108.33333333333334,590.635166441,669.43157375
20170,20287,0,2,0,0,8005.555555555557,0.09464559333795974,0.2336908743927828,0.8635672796668981,2.77777777778,0.0,10.661625491611112,1.0994991405270436,0.0,5.555555555555556,33.333333333333336,979.58998327,925.34444486
20172,20289,1,0,1,0,94.44444444444446,0.03432058823529412,0.12303235294117645,0.9353,0.0,0.0,2.054601937461111,0.9502705392332347,0.0,13.888888888888891,2.777777777777778,1500.0,3000.0
20174,20291,0,0,0,0,813.888888888889,0.09156177474402731,0.21824027303754268,0.8600737201365187,8.33333333333,0.0,1.9196452002083333,0.0,0.0,2.777777777777778,2.777777777777778,1500.0,2100.66312821
20179,20296,1,0,0,0,691.6666666666667,0.05023935742971888,0.25186385542168677,0.787040562248996,0.0,0.0,7.6795802728055556,0.0,0.0,2.777777777777778,2.777777777777778,1500.0,3000.0
20181,20298,0,0,0,0,2083.3333333333335,0.06967586666666667,0.3305169333333333,0.8646486666666666,19.4444444444,1.6880179725762954,6.384242852805556,1.3180238017106036,0.0,22.222222222222225,125.0,1500.0,2611.29545143
20185,20302,0,1,0,0,1136.1111111111113,0.12556234718826406,0.4232640586797066,0.8635921760391199,0.0,0.0,4.757524097222222,1.6304325826288883,0.0,55.555555555555564,30.55555555555556,1500.0,1096.77809482
20191,20308,0,0,0,0,7505.555555555557,0.17347298297557365,0.2914951517394523,0.9018445225758697,5.55555555556,0.19451316916202216,0.0,1.277034259466139,0.0,19.444444444444446,8.333333333333334,1014.89428004,1080.55371456
20194,20311,0,0,0,0,163.8888888888889,0.12108135593220339,0.2175186440677966,0.8542593220338983,0.0,0.0,3.4180344848888895,0.0,0.0,0.0,0.0,1500.0,3000.0
20200,20317,0,0,0,0,1952.777777777778,0.07079743954480797,0.2305832147937411,0.8026,8.33333333333,1.552020938148908,3.201566718361111,0.936888307539016,0.0,0.0,13.888888888888891,1500.0,3000.0
20205,20322,1,0,0,0,4069.4444444444453,0.09676361774744027,0.1869269624573379,0.8321696245733788,8.33333333333,1.931852590439169,4.124777915527779,0.6331971683956851,0.0,5.555555555555556,27.777777777777782,1500.0,3000.0
20221,20338,4,6,0,0,10944.444444444445,0.12204928934010152,0.3994243147208122,0.8751306091370559,13.888888888899999,0.7113810092434595,0.0,2.0026146465497225,86.75,91.66666666666667,27.777777777777782,1297.08033558,1718.15134269
20225,20342,0,0,0,0,2936.1111111111113,0.12339082308420057,0.4396167455061495,0.8981219489120151,2.77777777778,1.6794762700967423,1.0602882952083335,1.7524236752648437,0.0,30.55555555555556,111.11111111111113,272.009775721,1389.80023059
20229,20346,0,2,0,0,8402.77777777778,0.117992,0.28068661157024793,0.8483866776859504,5.55555555556,0.0,4.153098765361111,1.7087591399361857,455.230769231,11.111111111111112,2.777777777777778,1456.44014087,783.72268898
20235,20352,1,2,0,0,8238.88888888889,0.08505650708024276,0.21074409979770736,0.8738720498988537,2.77777777778,0.0,3.20635450425,1.6077078035549102,37.0,8.333333333333334,50.0,810.024318304,2092.3367066
20237,20354,0,4,0,2,24830.55555555556,0.1179513480255062,0.40549535742253046,0.8684530372524891,13.888888888899999,0.5911312217916371,4.126157417583334,1.9953672479469597,83.0,75.0,130.55555555555557,911.685668153,653.14272071
20238,20355,1,4,0,0,12480.555555555557,0.09538904963276208,0.2518311595815713,0.8692852437124416,13.888888888899999,0.0,0.8713236640972223,1.6522294955199737,0.0,16.666666666666668,47.22222222222223,1244.93921042,1173.34769389
20239,20356,4,11,0,0,37794.444444444445,0.17978113332353374,0.43238376451565486,0.8687136189916214,11.1111111111,0.38073633567852005,7.232747779027779,2.0197735872880838,116.666666667,305.5555555555556,322.22222222222223,307.489594648,916.11727464
20246,20363,0,0,1,0,1202.777777777778,0.1056607390300231,0.33590461893764434,0.8632517321016167,0.0,0.22865779822781065,0.0,1.3862943611198906,0.0,0.0,19.444444444444446,1500.0,2708.09509357
20248,20365,0,1,0,0,24269.44444444445,0.10928866887947808,0.3042686047842509,0.8761776582350922,2.77777777778,1.0659860571124447,0.2583002323466667,0.959980168042933,48.8,2.777777777777778,2.777777777777778,309.875820262,3000.0
20253,20370,2,2,0,0,25794.44444444445,0.11251728408356665,0.29637153779883696,0.8456054706009046,16.6666666667,0.0,20.655484062583334,1.8228084890042238,79.8571428571,116.66666666666667,116.66666666666667,1500.0,762.64185099
20254,20371,1,2,1,1,28186.111111111113,0.16701904996550704,0.3167906376268848,0.8924512269636347,5.55555555556,1.6171581623628126,11.319573067194444,1.262043927982901,178.0,52.77777777777778,58.333333333333336,424.94617589,556.22051343
20261,20378,2,12,1,6,49758.333333333336,0.2014795176687322,0.48323936247418076,0.8742134483336125,44.4444444444,1.233773682144121,12.425030340472222,1.9459700809096412,466.208333333,366.6666666666667,519.4444444444445,87.4476261457,438.00192893
20271,20388,1,2,0,0,6841.666666666667,0.13289573690621195,0.410281323589119,0.8638217620787657,33.333333333300004,0.0,12.975312102388889,1.596192124445845,0.0,50.0,5.555555555555556,275.761164626,2320.83071901
20274,20391,0,2,0,0,10772.222222222224,0.1285644146467251,0.22111895306859206,0.8492686436307375,8.33333333333,1.7760681760298023,5.528973791277778,1.8104429925091077,441.666666667,66.66666666666667,38.88888888888889,403.56254602,606.68927514
20279,20396,0,0,2,1,6791.666666666667,0.08834061349693251,0.21728167689161554,0.8290880981595092,0.0,0.0,13.419740658138888,1.6070874950232406,941.6,19.444444444444446,22.222222222222225,1500.0,3000.0
20291,20408,0,0,0,0,1558.3333333333335,0.07711622103386809,0.2895739750445633,0.7943160427807487,0.0,0.0,4.6867415493888895,0.5623351446188083,0.0,5.555555555555556,0.0,1500.0,1792.95552467
20294,20411,1,1,0,0,5655.555555555556,0.19123889980353634,0.3772830058939096,0.8583394400785854,5.55555555556,0.0,10.80033286991667,1.350044689985175,0.0,5.555555555555556,25.0,1107.18414776,2215.28684776
20295,20412,1,3,4,3,9466.666666666668,0.1421200117370892,0.31299979460093896,0.8648951291079813,5.55555555556,0.015590582094939753,1.698421933288889,1.56358725409751,148.0,272.22222222222223,372.22222222222223,600.787651504,220.76465151
20297,20414,0,0,0,0,1530.5555555555557,0.09023012704174228,0.2031464609800363,0.8628529945553539,16.6666666667,0.5985251235205318,2.63141185515,0.5027922796200783,0.0,2.777777777777778,61.11111111111112,1500.0,1004.3933606
20298,20415,0,2,0,0,17036.111111111113,0.14980580466329693,0.4684503831729985,0.8888105820968532,27.777777777799997,0.0,7.895471804416667,2.0257219992820685,200.333333333,72.22222222222223,94.44444444444446,1168.89241126,1657.61297311
20303,20420,1,4,0,0,12827.77777777778,0.10046634906886098,0.37615638804677354,0.8768199220441749,2.77777777778,1.6760305371383282,0.0,1.621452212306873,196.0,27.777777777777782,141.66666666666669,201.410229335,1326.29658986
20304,20421,0,0,1,1,1969.4444444444446,0.062157263751763045,0.2375873060648801,0.8678520451339915,0.0,1.005130126619136,4.672346210222223,1.0114042647073518,0.0,0.0,61.11111111111112,1500.0,3000.0
20305,20422,4,3,4,2,13147.222222222224,0.12638964715825057,0.41382924149588,0.864998330868371,44.4444444444,0.40069881358033976,1.4508134245972224,1.9243075716526197,97.5,16.666666666666668,169.44444444444446,732.070586553,1399.49535985
20308,20425,0,1,0,0,1058.3333333333335,0.0750257217847769,0.34193070866141734,0.8240661417322834,0.0,0.0,3.970172217194445,1.6731183626432506,89.0,19.444444444444446,5.555555555555556,187.426964511,3000.0
20310,20427,1,0,0,0,8080.555555555557,0.10152265383293228,0.2685614644207632,0.8863607425232038,13.888888888899999,2.066920418818839,8.589500043861113,1.6809215837776996,0.0,16.666666666666668,163.8888888888889,824.646562388,786.05782919
20311,20428,0,1,1,0,5180.555555555556,0.09408857908847185,0.39930857908847184,0.8339495442359249,11.1111111111,1.928372721375682,2.860438489138889,1.7766280899282882,45.0,16.666666666666668,125.0,810.370551432,826.53484208
20313,20430,0,1,0,0,3750.0,0.07847503703703704,0.2006011851851852,0.8520877037037038,0.0,0.0,8.725716827777779,0.6365141682948128,0.0,0.0,8.333333333333334,1500.0,3000.0
20321,20438,0,0,0,0,1200.0,0.056674999999999996,0.2151148148148148,0.8688608796296295,5.55555555556,0.0,6.314507171500001,1.277034259466139,0.0,2.777777777777778,33.333333333333336,1500.0,3000.0
20322,20439,0,1,1,0,5669.444444444445,0.07406447819696228,0.21879118079372856,0.8616605585497306,16.6666666667,0.0,12.652133416722224,1.3297871992484958,0.0,13.888888888888891,63.88888888888889,1157.66761407,3000.0
20336,20453,0,1,0,0,11733.333333333334,0.1451588778409091,0.21217708333333332,0.8435627130681819,5.55555555556,0.0,1.9684513729444448,1.2945056947207823,39.0,16.666666666666668,19.444444444444446,877.200217901,926.83161841
20344,20461,3,7,2,1,39036.11111111112,0.14463917313029245,0.46992790151569064,0.859932306269124,36.1111111111,1.6719853717302589,8.262042316194446,1.909002980284792,764.75,113.88888888888891,41.66666666666667,1267.33397575,813.79788912
20347,20464,1,6,0,1,19302.77777777778,0.0865760972801842,0.28110778529284786,0.8627926176428263,69.4444444444,0.9198812763275384,7.199079083277779,1.8572932562499656,54.0,19.444444444444446,344.4444444444445,857.811863328,354.10009082
20353,20470,1,3,0,0,2994.444444444445,0.09788107606679035,0.22898933209647496,0.8906256957328387,11.1111111111,0.0,2.2501617665722224,0.9900847654560644,48.5,0.0,55.555555555555564,295.018894247,2816.42561426
20357,20474,0,0,0,0,2925.0,0.0638948717948718,0.15631310541310542,0.8410764482431149,0.0,0.0,3.31208639275,0.6365141682948128,0.0,0.0,11.111111111111112,1500.0,1929.70829944
20364,20481,0,1,0,0,402.7777777777778,0.04386413793103448,0.1941758620689655,0.8667062068965516,0.0,1.6910832397874904,0.0,0.0,0.0,0.0,8.333333333333334,1500.0,3000.0
20369,20486,0,0,0,0,1488.888888888889,0.06222742537313433,0.1791,0.8425397388059701,0.0,0.0,4.052849241166667,0.0,0.0,0.0,2.777777777777778,1500.0,3000.0
20370,20487,0,3,0,0,11341.666666666668,0.0815409747734509,0.20937567964731815,0.8612703649277491,11.1111111111,0.0,7.270298437472223,1.5813879330217893,50.0,2.777777777777778,41.66666666666667,1201.12462528,1282.90293698
20373,20490,1,0,0,0,4755.555555555556,0.07066764018691589,0.19624334112149533,0.8566208528037383,8.33333333333,0.0,7.7555167058888905,1.5574593369139575,0.0,11.111111111111112,50.0,1229.53751154,981.27654885
20376,20494,0,1,0,0,10113.88888888889,0.07540109859928591,0.21937338643229884,0.8531726998077451,5.55555555556,0.0,10.516684590444445,1.8986802406393457,0.0,55.555555555555564,105.55555555555556,1154.989658,729.65320484
20382,20500,1,3,0,0,14686.111111111113,0.14228800832229999,0.24882439947039908,0.8397753168148289,8.33333333333,0.3938823787136868,10.423169464166667,1.6856565122199878,625.857142857,50.0,113.88888888888891,681.131854277,1222.84094947
20398,20516,0,1,0,0,2294.444444444445,0.08611937046004843,0.2530141646489104,0.8242449152542373,2.77777777778,0.6545831379862702,5.312911192750001,1.5114474730447305,0.0,8.333333333333334,2.777777777777778,1500.0,3000.0
20399,20517,0,9,11,9,38675.0,0.17968501041442217,0.44313316813905046,0.8795321482439129,41.666666666699996,0.48443098520886974,9.569744745750002,2.0202749609684054,485.4,261.11111111111114,355.5555555555556,341.469494719,656.81460112
20402,20520,1,0,0,0,12861.111111111111,0.07867222462203025,0.31796455723542116,0.8526893952483802,5.55555555556,1.5010775915173553,0.0,1.478751524647954,0.0,5.555555555555556,13.888888888888891,1142.69101642,3000.0
20404,20522,0,0,0,0,3958.3333333333335,0.08666891228070175,0.2836504561403509,0.8472692631578947,0.0,0.0,6.236446590611112,0.6931471805599453,0.0,0.0,0.0,1500.0,3000.0
20405,20523,0,0,0,0,2327.777777777778,0.07998389021479714,0.19110775656324583,0.8371936754176611,5.55555555556,1.7291994205683658,3.1896850902222225,1.268941315086782,0.0,27.777777777777782,25.0,345.730579674,3000.0
20409,20527,1,5,17,0,23077.77777777778,0.1289906234954261,0.27992395281656235,0.835859123736158,11.1111111111,0.7686069464414901,7.279424613805556,1.6481568442409287,535.217391304,36.111111111111114,194.44444444444446,1500.0,2494.04625341
20414,20532,10,12,1,3,47127.77777777778,0.1325220028291878,0.27260908876576684,0.8842320582341153,38.8888888889,0.3618584554538293,4.420130147694445,2.093820082015424,363.5,108.33333333333334,83.33333333333334,343.713861453,1821.60280796
20416,20534,0,2,4,0,16544.44444444445,0.12124403962390866,0.44665146071188716,0.8711150940228342,19.4444444444,0.0,2.4207444425805558,1.8009613743999209,241.0,19.444444444444446,83.33333333333334,1271.10970971,882.50259772
20418,20536,0,0,0,0,16244.444444444447,0.1540373803009576,0.26313320793433653,0.8777018296853625,0.0,0.0,3.468186849472222,1.6734467092984167,0.0,5.555555555555556,8.333333333333334,1297.9077028,1115.57245595
20420,20538,1,1,0,0,2769.444444444445,0.1629111334002006,0.2757092276830491,0.8977628886659981,5.55555555556,1.3678145141246503,0.7900738707333333,1.6221829533181968,72.5,41.66666666666667,191.66666666666669,830.033736355,819.90409179
20448,20566,0,0,0,0,2586.1111111111113,0.058997959183673475,0.16793533834586466,0.8732740064446831,16.6666666667,1.841602508916172,14.28346499661111,1.5210969652935984,0.0,11.111111111111112,61.11111111111112,1500.0,2705.08087555
20450,20568,2,1,0,1,2425.0,0.19033081328751433,0.27106048109965636,0.882228636884307,2.77777777778,0.4589386504206498,2.9481482829722228,1.6900923508551438,0.0,25.0,19.444444444444446,472.670120028,1229.85159545
20451,20569,0,1,0,0,1513.888888888889,0.09560146788990825,0.31288532110091744,0.8599251376146789,8.33333333333,0.0,4.82904896175,1.235144651532666,0.0,0.0,138.8888888888889,1500.0,1687.6971077
20456,20574,0,0,0,0,15583.333333333334,0.08489336898395722,0.3129056506238859,0.8295842245989304,11.1111111111,0.0,8.494615340666668,1.229918603764207,56.0,16.666666666666668,30.55555555555556,1086.3839597,1293.79891374
20459,20577,4,14,3,2,9711.111111111111,0.15413032036613272,0.3581848398169336,0.8624351830663616,8.33333333333,1.456969127582486,8.237177503694445,1.8869490844167383,880.5,152.7777777777778,77.77777777777779,1079.7873573,163.66011366
20464,20582,0,0,0,0,33.333333333333336,0.0,0.15,0.87505,0.0,0.0,0.0,0.0,0.0,0.0,0.0,1500.0,2034.03164934
20465,20583,0,0,0,0,10619.444444444445,0.0690854302903479,0.3046499607637981,0.8371929374836516,2.77777777778,0.0,3.2695266903055558,0.8852888344409023,0.0,2.777777777777778,11.111111111111112,884.883936408,829.26429713
20469,20587,1,2,1,0,13936.111111111113,0.20555860075742474,0.34569095076739087,0.8565150886984253,5.55555555556,0.13643783387142708,7.745826802833334,1.9578883925581778,180.0,19.444444444444446,5.555555555555556,485.5852019,1283.73102638
20474,20592,7,15,3,3,26611.111111111113,0.14566029227557412,0.4358264926931107,0.8565559916492692,27.777777777799997,0.7130684086738417,8.897692701055556,1.8170353804053203,76.1428571429,144.44444444444446,94.44444444444446,260.100691187,1304.25986643
20479,20598,3,1,0,0,6333.333333333334,0.08804061403508771,0.3320583771929825,0.8659185526315789,11.1111111111,0.0,5.495434294666667,1.616813964743962,0.0,2.777777777777778,102.77777777777779,807.327655579,924.22685412
20481,20600,0,0,0,0,366.6666666666667,0.05550984848484849,0.18716742424242425,0.879560606060606,0.0,0.0,7.864211588861113,1.5193826646423012,0.0,0.0,8.333333333333334,1500.0,3000.0
20484,20603,0,0,0,0,7925.0,0.05222383456011216,0.16736810375043812,0.8617318962495618,19.4444444444,0.7369420331346515,4.140197579722223,1.662431609608342,0.0,5.555555555555556,22.222222222222225,659.380124633,3000.0
20489,20608,0,3,0,0,2902.777777777778,0.07715741626794258,0.1830506220095694,0.8504964593301436,0.0,0.0,8.631504148166666,1.731535408262282,0.0,11.111111111111112,41.66666666666667,1500.0,1840.97136824
20491,20610,4,8,9,8,40505.55555555556,0.13540595940200248,0.3749245713893842,0.8760008160746126,11.1111111111,0.32852194444276395,8.481964741555556,1.7443605290704052,263.981481481,205.55555555555557,402.7777777777778,350.041497612,118.77482653
20493,20612,5,7,2,0,55858.333333333336,0.1450845193694366,0.3729123377592123,0.9057929633497439,19.4444444444,1.0314340350674522,2.537735576463889,1.8524207373111015,126.714285714,175.0,236.11111111111114,194.111271612,398.29059321
20497,20616,0,0,0,0,3030.555555555556,0.08897470210815765,0.34338185151237394,0.870262144821265,8.33333333333,0.32419294679416355,6.262052913166667,1.4072949784406175,0.0,5.555555555555556,119.44444444444446,1217.33507556,2224.14805022
20499,20618,1,0,0,0,5747.222222222223,0.05504900918318028,0.1474342194296762,0.8535565973900434,0.0,0.0,5.453926434555556,1.4868952268881837,0.0,0.0,16.666666666666668,1500.0,3000.0
20501,20620,2,16,2,3,51169.444444444445,0.19180026057217306,0.5268778296509419,0.8837231094945985,8.33333333333,0.1591462034535972,7.30163035113889,2.020411851396102,273.166666667,150.0,208.33333333333334,454.2319456,172.47841156
20504,20623,1,0,0,0,12347.222222222224,0.1656763329583802,0.21727941507311588,0.8903012373453318,13.888888888899999,0.0,14.47311226013889,1.5508457063832815,130.0,36.111111111111114,11.111111111111112,606.654203256,1109.95818244
20513,20632,0,5,0,2,27497.222222222226,0.09194784321648651,0.3185777957369431,0.8578120214163047,38.8888888889,0.0,11.093776893611112,1.9426823389348262,58.0,27.777777777777782,69.44444444444446,1081.52847599,2321.65722548
20515,20634,2,2,1,0,35950.0,0.18217643331787978,0.3159970174625251,0.8602872585380931,16.6666666667,1.6743967014207901,5.317436285083334,1.7914574911812415,375.0,58.333333333333336,127.77777777777779,378.185715812,574.3295127
20525,20644,1,2,4,0,9088.88888888889,0.07088667481662592,0.22372231051344743,0.8849274144254279,190.333333333,0.0,4.932408330361112,1.9215671529838163,86.0,2.777777777777778,50.0,1132.7748345,1734.79405144
20527,20646,0,0,0,0,47.22222222222223,0.0,0.16544117647058823,0.9673529411764706,0.0,0.0,0.07317067382111112,1.0549201679861442,0.0,0.0,0.0,1500.0,2250.74999855
20533,20652,2,2,0,0,6452.777777777778,0.09895716745587602,0.3982436934997848,0.8588509255273353,11.1111111111,1.7614436028533473,5.5022347860277785,1.6969994276439464,62.5,27.777777777777782,294.4444444444445,1500.0,1419.36435946
20541,20660,0,2,0,0,26250.0,0.08526752380952381,0.3006898306878307,0.8550662010582011,16.6666666667,0.6673715788144794,7.068762409916667,1.8451162492506032,0.0,36.111111111111114,163.8888888888889,532.272797391,1705.94177724
20547,20666,1,7,0,0,33313.8888888889,0.1732403401984491,0.465026782289669,0.8829633119319604,13.888888888899999,1.669045791092993,5.427201338305556,1.735344723522704,653.666666667,72.22222222222223,55.555555555555564,696.676714301,1610.38802876
20548,20667,0,1,0,0,1311.1111111111113,0.07748919491525423,0.20851800847457627,0.8448082627118644,0.0,1.7453602454328223,5.4210330589166675,1.1735173549838454,0.0,11.111111111111112,19.444444444444446,1500.0,3000.0
20556,20675,1,0,0,0,3444.4444444444453,0.08530403225806452,0.2545100806451613,0.8703908064516128,5.55555555556,0.0,7.592268388500001,1.7300261022708463,0.0,11.111111111111112,44.44444444444445,1500.0,3000.0
20561,20680,1,4,0,0,8877.77777777778,0.07613591989987484,0.3068032853566959,0.8519546307884857,36.1111111111,0.16202880520960872,11.546537404527779,1.8324298716990548,0.0,41.66666666666667,336.11111111111114,1500.0,2431.91500375
20565,20684,0,0,0,0,22794.44444444445,0.10386938825249818,0.23440627589568608,0.8602121618328052,11.1111111111,0.0,0.0,1.6976146810430013,221.666666667,52.77777777777778,30.55555555555556,1500.0,2442.40228482
20567,20686,1,1,0,0,11694.444444444445,0.08489144893111639,0.2659880997624703,0.8562035866983373,27.777777777799997,1.6709453163830834,10.981051460722224,1.7692277306137072,51.0,2.777777777777778,180.55555555555557,1500.0,2668.77049869
20569,20688,1,0,7,1,12050.0,0.07163547717842324,0.18995387275242048,0.8444524435223605,8.33333333333,1.6745934354328198,18.852389817888888,1.5933452333069482,0.0,5.555555555555556,136.11111111111111,1284.60191269,2095.35346947
20573,20692,0,0,1,0,2758.3333333333335,0.06191832829808661,0.18633776435045318,0.8643007049345418,2.77777777778,2.0190255081208743,5.202814121805556,0.9554471413937667,0.0,0.0,36.111111111111114,1500.0,3000.0
20577,20696,0,0,0,0,1219.4444444444446,0.06552141230068337,0.1890394077448747,0.8511806378132118,0.0,0.0,9.191833906166666,0.6931471805599453,0.0,2.777777777777778,5.555555555555556,1500.0,3000.0
20581,20700,3,2,0,0,19247.222222222223,0.1941596478568336,0.39673717708183,0.8614980372348103,8.33333333333,1.2216634815217997,2.5349697135944447,1.8389864679586614,401.5,41.66666666666667,8.333333333333334,612.110194375,1416.11019451
20585,20704,2,3,4,1,21288.88888888889,0.10018251565762004,0.25833824373695197,0.8516575808977035,13.888888888899999,0.9766269644236086,8.493893404472223,1.8672976297306285,389.777777778,166.66666666666669,50.0,1500.0,2209.13651142
20594,20713,0,2,0,0,3997.2222222222226,0.08685670604586519,0.201980681028492,0.8455068797776234,0.0,0.0,8.58995945963889,1.216234202668818,0.0,0.0,52.77777777777778,1500.0,1258.27908754
20600,20719,0,0,0,0,4052.7777777777783,0.13209067854694997,0.25532858122001373,0.8805633310486635,5.55555555556,0.11443273892988115,1.3925399595694445,1.8367686105631582,50.0,27.777777777777782,44.44444444444445,608.492433733,692.5735786
20601,20720,0,0,0,0,997.2222222222223,0.09729805013927577,0.35593342618384405,0.8695941504178273,5.55555555556,1.0282377064307544,1.26901577345,1.3094491984717878,43.0,0.0,50.0,1500.0,2309.93790662
20608,20727,0,4,0,0,34063.8888888889,0.13406450297643316,0.334172527114083,0.858207330995678,19.4444444444,0.7007496489833895,6.088945964833334,2.0430846393403375,113.166666667,75.0,36.111111111111114,496.128959761,1883.93688409
20613,20732,0,2,0,0,9547.222222222224,0.11404035496072157,0.36212388711085247,0.8670259237707303,5.55555555556,1.6666666766585418,0.0,1.4918200221611964,0.0,11.111111111111112,91.66666666666667,1142.90884299,1668.11002357
20616,20735,1,1,0,0,658.3333333333334,0.07016497890295359,0.21829198312236286,0.8780430379746836,0.0,0.0,0.9155711528583333,0.9502705392332347,0.0,0.0,27.777777777777782,1500.0,3000.0
20619,20738,1,0,0,0,2772.2222222222226,0.08765400801603207,0.36436773547094187,0.8559816633266533,8.33333333333,0.6876028129457732,6.253985197611112,1.5427136336535756,0.0,2.777777777777778,161.11111111111111,1500.0,2854.08619609
20625,20744,3,3,5,7,11880.555555555557,0.12377032967032965,0.2585992985737666,0.8588891980360065,2.77777777778,1.5198113729487488,2.5710015390555556,1.8955063561816472,412.5,200.0,27.777777777777782,652.95112552,82.2685491
20630,20749,0,2,0,0,7894.444444444445,0.07769232934553132,0.2499564391273751,0.8735380365939479,5.55555555556,0.0,12.760705947083336,1.8297880231042087,0.0,16.666666666666668,52.77777777777778,1500.0,966.87045267
20633,20752,0,2,0,0,1494.4444444444446,0.07444405204460966,0.17574944237918216,0.8306801115241635,0.0,1.7060357033841589,1.8162078728916666,1.1556964882649283,0.0,2.777777777777778,27.777777777777782,1500.0,2472.24212586
20634,20753,0,3,0,0,6252.777777777778,0.16055250999555754,0.22647672145713016,0.8580251443802754,13.888888888899999,1.33403751670218,7.113630494472222,1.6675489389448948,89.5,30.55555555555556,225.0,403.664766106,975.54655444
20641,20760,0,0,1,0,4738.88888888889,0.13615879249706916,0.33452491207502927,0.8914418522860492,0.0,1.5276757403336043,5.341649503527778,1.988641769791399,0.0,8.333333333333334,30.55555555555556,416.41000548,1600.10530346
20642,20761,1,3,1,0,9683.333333333334,0.11729136546184739,0.22108083763625933,0.8297079747561675,16.6666666667,0.0,7.792893460305556,1.6978847448430285,100.0,22.222222222222225,238.8888888888889,1500.0,719.19080145
20645,20764,0,0,0,1,4497.222222222223,0.09867486102532429,0.199201358863496,0.8287741815935763,16.6666666667,1.587835503459334,9.002113298000001,1.3900312868819296,107.0,0.0,66.66666666666667,1500.0,2457.69482224
20646,20765,0,1,0,0,827.7777777777778,0.06919899328859061,0.14869026845637584,0.8532795302013423,0.0,0.0,4.582507841694445,0.0,0.0,0.0,2.777777777777778,1428.90806957,3000.0
20652,20771,1,6,0,0,15169.444444444447,0.09181717634132942,0.2928590368064457,0.8671415125434901,41.666666666699996,0.0,4.5917491040277785,1.7835956369543655,50.0,13.888888888888891,322.22222222222223,1500.0,1122.34532681
20654,20773,0,9,0,0,38605.55555555556,0.0801918405525975,0.32902307526262775,0.8376839473305511,33.333333333300004,0.3683979003038714,0.0,1.8162695436289922,65.0526315789,36.111111111111114,13.888888888888891,378.725987523,923.35345757
20667,20786,6,7,16,1,31080.555555555562,0.09513516846903208,0.29702047546697646,0.8755536330324426,22.2222222222,0.8679861988318407,8.522400887833335,1.7074039905669647,0.0,33.333333333333336,486.11111111111114,473.296415411,479.30894578
20668,20787,0,0,0,0,2816.666666666667,0.08073560157790927,0.20328076923076924,0.8325930966469428,0.0,0.0,7.294034885111113,0.6365141682948128,0.0,2.777777777777778,2.777777777777778,1500.0,1649.60403254
20670,20789,0,0,0,1,2405.555555555556,0.08718568129330254,0.3631024249422633,0.8746870669745959,0.0,1.5190530318583577,0.0,1.4520440731936837,0.0,16.666666666666668,47.22222222222223,1500.0,1374.68756636
20674,20793,3,5,1,0,48011.11111111112,0.14935173570932653,0.3425235535755612,0.8921046343439019,44.4444444444,0.9432556119026148,5.776951222555557,1.8907940928386926,246.230769231,130.55555555555557,255.55555555555557,90.7657833631,772.53765316
20675,20794,1,7,3,0,7638.8888888888905,0.08611138181818181,0.3253578909090909,0.8628548727272727,11.1111111111,0.0,12.047040043777777,1.4265890337339875,0.0,16.666666666666668,166.66666666666669,1203.60991575,678.58818135
20676,20795,5,4,4,1,29838.888888888894,0.09140459877117856,0.2980860733569168,0.8688261683113015,38.8888888889,0.0,5.067804840027779,2.0851914608313846,94.9545454545,88.8888888888889,261.11111111111114,735.639118251,2511.41224763
20691,20810,1,1,2,0,21938.88888888889,0.13045577361357305,0.3327140668523677,0.852326310458344,19.4444444444,1.6725879413868074,1.9678917443583333,1.7422288222998694,291.5,11.111111111111112,86.11111111111113,1020.31320071,1110.21244651
20692,20811,7,8,1,0,74736.11111111112,0.11440354209254786,0.28884686117821967,0.898134606950381,27.777777777799997,0.0,11.124496958555557,1.8735547466018256,176.2,116.66666666666667,102.77777777777779,497.547596508,376.60793263
20695,20814,0,0,0,0,2633.3333333333335,0.0432701476793249,0.11997647679324895,0.8761030590717299,0.0,0.0,3.2311831912499995,0.0,0.0,11.111111111111112,27.777777777777782,1500.0,2815.37224715
20698,20817,0,2,0,0,3355.555555555556,0.0835591059602649,0.25880488410596025,0.8710471026490065,5.55555555556,1.9449560732316251,11.008056859222222,1.7219488841735315,0.0,8.333333333333334,75.0,170.613871421,683.16100138
20701,20820,4,1,0,0,1675.0,0.0664849087893864,0.22377064676616915,0.8569041459369818,11.1111111111,1.741059962565419,0.0,1.6736878673900961,0.0,16.666666666666668,8.333333333333334,1500.0,3000.0
20710,20829,0,1,0,0,505.55555555555566,0.12257692307692308,0.1328489010989011,0.868771978021978,0.0,0.0,0.49748194032222226,0.0,0.0,2.777777777777778,11.111111111111112,1500.0,3000.0
20718,20837,5,5,0,2,57502.77777777779,0.14864792039031932,0.3411484131201391,0.8956029901937104,8.33333333333,0.2676880250083798,7.214152546138889,2.014145322319824,539.333333333,150.0,188.8888888888889,285.250222649,396.05572289
20721,20840,0,0,0,0,2258.3333333333335,0.054378966789667894,0.1982622386223862,0.8623564575645757,0.0,1.6697761092667385,6.985100293138889,1.4941751382893085,0.0,13.888888888888891,55.555555555555564,209.398894188,2313.29641359
20727,20846,0,4,0,0,15930.555555555557,0.0878885091543156,0.2702573670444638,0.8128429468177856,19.4444444444,0.6968436530565661,9.136217085194447,1.789031064160907,39.5,38.88888888888889,33.333333333333336,1500.0,2137.09133861
20728,20847,0,3,0,0,13169.444444444445,0.1007723476059903,0.2551958236658933,0.8527358152288547,33.333333333300004,0.0,12.505328465222222,1.9031341675245965,49.0,8.333333333333334,258.33333333333337,1500.0,1732.42285494
20729,20848,2,7,0,0,8500.0,0.07161977124183007,0.30848764705882353,0.861203725490196,16.6666666667,0.0,3.6040789091111116,1.77614910080348,0.0,30.55555555555556,180.55555555555557,1500.0,1878.53177444
20738,20858,1,6,1,1,13711.111111111113,0.09402856564019449,0.31034132901134526,0.8590386345218801,0.0,1.7176906061875659,7.232107640472223,1.9670048735866548,80.5,38.88888888888889,27.777777777777782,1500.0,3000.0
20743,20863,0,0,0,0,372.22222222222223,0.044652985074626866,0.30965074626865674,0.8306194029850746,0.0,0.0,5.837548921972223,0.0,0.0,2.777777777777778,5.555555555555556,1500.0,3000.0
20745,20865,0,0,0,0,2869.444444444445,0.07421151984511133,0.2466628267182962,0.8736304937076476,0.0,0.541965198584857,6.543400749361112,1.5218914527150942,0.0,5.555555555555556,13.888888888888891,1500.0,3000.0
20749,20869,1,5,0,0,24900.0,0.1569643128067827,0.31431630968317714,0.8934696675591254,2.77777777778,0.17512469631039368,1.9797713382083333,1.7808435456722616,0.0,25.0,38.88888888888889,669.740171789,439.70897907
20754,20874,0,0,1,3,1083.3333333333335,0.06821974358974359,0.23293692307692307,0.8934415384615385,8.33333333333,1.750633710168447,0.0,0.6745212105923761,0.0,13.888888888888891,22.222222222222225,1401.95160157,1762.21224924
20755,20875,6,12,2,2,22569.44444444445,0.09787575384615385,0.25584435692307694,0.8636915076923076,55.555555555599994,1.6714812102661492,3.520957222611112,1.871486647228283,42.5,47.22222222222223,222.22222222222226,758.207793173,1402.8216693
20759,20879,0,1,0,0,17955.55555555556,0.11848115717821783,0.23477741336633665,0.8413513923267326,2.77777777778,0.0,8.107362741333333,1.4151266536173093,0.0,25.0,36.111111111111114,1304.18402422,1641.74667568
20764,20884,0,1,1,0,10286.111111111111,0.08443224412638402,0.28626062651903866,0.8410048069133136,0.0,0.0,5.091306289555556,1.1209503926735833,36.0,11.111111111111112,8.333333333333334,1145.45847578,1771.68984887
20765,20885,0,2,0,0,13155.555555555557,0.13225016891891891,0.21565536317567569,0.8342705025337839,16.6666666667,0.5874677908906277,0.0,1.7557891797466458,0.0,47.22222222222223,83.33333333333334,1500.0,907.79796412
20767,20887,0,2,0,0,8088.8888888888905,0.09411871565934066,0.2650090315934066,0.8742275068681319,30.555555555599998,1.851785202072831,11.092413922250001,1.477917475187611,0.0,11.111111111111112,119.44444444444446,714.654120551,1404.41771995
20769,20889,0,0,0,0,788.888888888889,0.10929929577464789,0.27600281690140843,0.8193510563380281,0.0,0.0,5.24634713125,1.0986122886681096,0.0,0.0,0.0,1500.0,3000.0
20770,20890,0,1,0,0,2858.3333333333335,0.058499416909620995,0.19266384839650147,0.8483008746355686,0.0,0.0,4.604885729694444,0.6365141682948128,0.0,5.555555555555556,8.333333333333334,1500.0,3000.0
20772,20892,2,8,60,5,2519.444444444445,0.08291411245865492,0.49971289966923926,0.8951640573318633,19.4444444444,0.0,6.195318457277778,1.6320911530888802,0.0,5.555555555555556,188.8888888888889,1253.53801052,1733.5655521
20773,20893,1,4,4,0,11594.444444444445,0.07739805941542885,0.35099444178246286,0.8445000958313369,16.6666666667,0.0,2.739485344391667,1.726197926441995,896.0,2.777777777777778,36.111111111111114,1319.47384614,1817.747375
