FID,block_size,block,test_fold
14,3000,23000,1
64,3000,10025,1
85,3000,10021,1
116,3000,9022,1
144,3000,14017,1
151,3000,9017,1
170,3000,11014,1
173,3000,10021,1
198,3000,16034,1
313,3000,15028,1
329,3000,20017,1
350,3000,7027,1
365,3000,21032,1
452,3000,20023,1
458,3000,11009,1
549,3000,17015,1
558,3000,8015,1
647,3000,9026,1
648,3000,10021,1
659,3000,15021,1
660,3000,7027,1
761,3000,10010,1
800,3000,13026,1
804,3000,9026,1
829,3000,10025,1
837,3000,6025,1
880,3000,17015,1
884,3000,9015,1
894,3000,10025,1
926,3000,13009,1
943,3000,21032,1
1070,3000,7025,1
1071,3000,9015,1
1074,3000,11014,1
1144,3000,15026,1
1222,3000,7021,1
1244,3000,11013,1
1286,3000,9015,1
1371,3000,7027,1
1394,3000,9017,1
1510,3000,13026,1
1530,3000,28031,1
1597,3000,9022,1
1722,3000,20028,1
1774,3000,4028,1
1817,3000,18017,1
1837,3000,9034,1
1915,3000,12022,1
1918,3000,7017,1
1944,3000,8028,1
1966,3000,10010,1
2007,3000,18019,1
2045,3000,14010,1
2089,3000,13026,1
2136,3000,20017,1
2179,3000,14017,1
2186,3000,7027,1
2187,3000,7025,1
2188,3000,16028,1
2351,3000,12017,1
2366,3000,9015,1
2402,3000,14012,1
2436,3000,19016,1
2456,3000,18017,1
2458,3000,11015,1
2485,3000,19004,1
2506,3000,12022,1
2538,3000,11010,1
2550,3000,7017,1
2565,3000,12017,1
2569,3000,15010,1
2574,3000,13013,1
2598,3000,16013,1
2638,3000,11015,1
2649,3000,7025,1
2703,3000,14017,1
2710,3000,23032,1
2782,3000,4025,1
2811,3000,13013,1
2852,3000,16024,1
2861,3000,18017,1
2868,3000,15025,1
2936,3000,8015,1
2951,3000,14011,1
3053,3000,7021,1
3119,3000,15010,1
3146,3000,8015,1
3156,3000,9017,1
3183,3000,15010,1
3186,3000,12017,1
3261,3000,12017,1
3265,3000,12008,1
3274,3000,13013,1
3320,3000,14017,1
3436,3000,26033,1
3443,3000,12035,1
3499,3000,21026,1
3518,3000,15013,1
3541,3000,11010,1
3542,3000,6025,1
3553,3000,9015,1
3605,3000,25023,1
3619,3000,17005,1
3628,3000,13026,1
3637,3000,7027,1
3685,3000,26033,1
3694,3000,8028,1
3739,3000,20005,1
3755,3000,7021,1
3756,3000,7025,1
3791,3000,11013,1
3822,3000,11013,1
3823,3000,7025,1
3828,3000,11014,1
3840,3000,12017,1
3868,3000,12022,1
3875,3000,11010,1
3879,3000,14011,1
3932,3000,17015,1
3935,3000,7017,1
3952,3000,11011,1
3987,3000,17021,1
4002,3000,9022,1
4009,3000,9017,1
4050,3000,18017,1
4082,3000,7017,1
4123,3000,16028,1
4146,3000,5026,1
4171,3000,10025,1
4185,3000,19016,1
4201,3000,14005,1
4211,3000,23019,1
4270,3000,27020,1
4276,3000,13013,1
4298,3000,7027,1
4311,3000,18035,1
4361,3000,20017,1
4378,3000,8015,1
4404,3000,12017,1
4426,3000,9015,1
4464,3000,7027,1
4476,3000,11009,1
4500,3000,5027,1
4502,3000,11011,1
4508,3000,7017,1
4541,3000,11015,1
4542,3000,11010,1
4597,3000,9026,1
4603,3000,9015,1
4607,3000,9030,1
4619,3000,9017,1
4769,3000,14017,1
4778,3000,13026,1
4809,3000,14005,1
4850,3000,14011,1
4907,3000,18017,1
4912,3000,14010,1
4926,3000,19022,1
4939,3000,7027,1
4951,3000,15013,1
5012,3000,10021,1
5026,3000,17021,1
5112,3000,27020,1
5117,3000,13013,1
5187,3000,20017,1
5191,3000,16028,1
5231,3000,9015,1
5248,3000,16015,1
5259,3000,6025,1
5288,3000,13013,1
5321,3000,20017,1
5367,3000,5026,1
5388,3000,9017,1
5396,3000,11013,1
5416,3000,16028,1
5431,3000,17020,1
5441,3000,11011,1
5474,3000,14017,1
5485,3000,11014,1
5557,3000,18004,1
5559,3000,9017,1
5589,3000,9017,1
5739,3000,19016,1
5761,3000,22024,1
5807,3000,14012,1
5832,3000,9017,1
5844,3000,14011,1
5861,3000,20017,1
5862,3000,18017,1
5894,3000,13009,1
5968,3000,13026,1
6020,3000,8028,1
6029,3000,14010,1
6050,3000,31027,1
6097,3000,18017,1
6099,3000,14017,1
6131,3000,7017,1
6196,3000,13013,1
6272,3000,8015,1
6283,3000,20023,1
6303,3000,20017,1
6328,3000,20017,1
6362,3000,17032,1
6378,3000,20017,1
6385,3000,14012,1
6389,3000,4026,1
6394,3000,9017,1
6469,3000,11011,1
6526,3000,18004,1
6550,3000,9022,1
6551,3000,20023,1
6600,3000,12022,1
6621,3000,11014,1
6635,3000,17029,1
6737,3000,11015,1
6789,3000,9026,1
6799,3000,7021,1
6808,3000,19016,1
6814,3000,7027,1
6821,3000,12022,1
6825,3000,11013,1
6830,3000,18019,1
6833,3000,18004,1
6911,3000,8028,1
6972,3000,7017,1
7057,3000,14017,1
7067,3000,8028,1
7095,3000,9017,1
7117,3000,12020,1
7125,3000,29022,1
7193,3000,24023,1
7200,3000,7027,1
7270,3000,11013,1
7312,3000,8015,1
7361,3000,9017,1
7393,3000,8015,1
7457,3000,13026,1
7488,3000,14017,1
7492,3000,18034,1
7507,3000,9017,1
7568,3000,14017,1
7599,3000,11013,1
7642,3000,8028,1
7648,3000,7017,1
7651,3000,3027,1
7678,3000,7017,1
7685,3000,8028,1
7690,3000,11014,1
7720,3000,12020,1
7760,3000,7017,1
7763,3000,8015,1
7837,3000,15028,1
7857,3000,24034,1
7859,3000,9017,1
7894,3000,14010,1
7928,3000,14017,1
7944,3000,9022,1
7952,3000,7027,1
7954,3000,11010,1
7970,3000,10025,1
8003,3000,9017,1
8018,3000,8028,1
8050,3000,18017,1
8055,3000,12017,1
8073,3000,11009,1
8077,3000,21032,1
8108,3000,14011,1
8118,3000,11014,1
8120,3000,7017,1
8147,3000,27020,1
8148,3000,9026,1
8157,3000,6025,1
8160,3000,14005,1
8170,3000,14010,1
8186,3000,21026,1
8220,3000,4026,1
8274,3000,8028,1
8279,3000,11010,1
8297,3000,9015,1
8319,3000,11014,1
8349,3000,7021,1
8388,3000,11015,1
8403,3000,17005,1
8452,3000,18034,1
8466,3000,4026,1
8532,3000,10021,1
8540,3000,17021,1
8579,3000,12017,1
8628,3000,10021,1
8682,3000,20017,1
8723,3000,7027,1
8808,3000,11010,1
8817,3000,7027,1
8860,3000,10025,1
8892,3000,11015,1
8899,3000,10010,1
8904,3000,11009,1
8995,3000,9022,1
9048,3000,13013,1
9066,3000,19001,1
9071,3000,14005,1
9140,3000,9022,1
9153,3000,6025,1
9163,3000,25023,1
9175,3000,9026,1
9213,3000,26033,1
9234,3000,14011,1
9315,3000,4026,1
9327,3000,7027,1
9386,3000,29024,1
9426,3000,11013,1
9447,3000,13013,1
9528,3000,20005,1
9564,3000,17020,1
9588,3000,15028,1
9613,3000,9022,1
9639,3000,9022,1
9675,3000,14011,1
9681,3000,5026,1
9762,3000,12020,1
9773,3000,9022,1
9788,3000,21026,1
9811,3000,4025,1
9818,3000,7017,1
9823,3000,14011,1
9869,3000,29028,1
9888,3000,5025,1
9989,3000,18019,1
10021,3000,14005,1
10026,3000,6025,1
10060,3000,9030,1
10066,3000,12017,1
10133,3000,10021,1
10145,3000,11009,1
10169,3000,14011,1
10192,3000,14017,1
10200,3000,27020,1
10206,3000,14017,1
10377,3000,12020,1
10397,3000,11013,1
10431,3000,18019,1
10440,3000,27020,1
10461,3000,19004,1
10467,3000,13013,1
10496,3000,5026,1
10523,3000,13013,1
10548,3000,8028,1
10568,3000,12022,1
10740,3000,11013,1
10776,3000,7027,1
10797,3000,16013,1
10847,3000,11011,1
10864,3000,21000,1
10876,3000,19016,1
10928,3000,19004,1
11000,3000,12022,1
11003,3000,12022,1
11056,3000,14011,1
11074,3000,29022,1
11084,3000,26029,1
11095,3000,8028,1
11102,3000,20000,1
11118,3000,10025,1
11154,3000,9022,1
11178,3000,6025,1
11193,3000,6025,1
11247,3000,11011,1
11257,3000,19016,1
11294,3000,18017,1
11299,3000,20017,1
11305,3000,12017,1
11332,3000,7017,1
11393,3000,9026,1
11408,3000,14017,1
11410,3000,21000,1
11426,3000,9030,1
11443,3000,13013,1
11451,3000,9015,1
11453,3000,12017,1
11454,3000,7021,1
11529,3000,7025,1
11621,3000,11015,1
11675,3000,23019,1
11681,3000,14012,1
11863,3000,10033,1
11917,3000,20017,1
11964,3000,11013,1
11979,3000,11013,1
12015,3000,12028,1
12036,3000,3027,1
12077,3000,25034,1
12080,3000,14012,1
12101,3000,8015,1
12111,3000,14010,1
12142,3000,12008,1
12151,3000,15028,1
12199,3000,9022,1
12200,3000,12017,1
12221,3000,10025,1
12236,3000,22024,1
12277,3000,13013,1
12320,3000,12008,1
12327,3000,7027,1
12355,3000,17014,1
12358,3000,17015,1
12374,3000,12017,1
12377,3000,9022,1
12389,3000,17015,1
12590,3000,19001,1
12595,3000,10021,1
12604,3000,13026,1
12659,3000,14011,1
12666,3000,20017,1
12724,3000,11014,1
12775,3000,14017,1
12847,3000,11010,1
12872,3000,5027,1
12918,3000,12008,1
12932,3000,11011,1
13009,3000,11010,1
13089,3000,11009,1
13167,3000,14011,1
13241,3000,18034,1
13294,3000,6025,1
13328,3000,25023,1
13358,3000,7027,1
13382,3000,8015,1
13390,3000,9017,1
13424,3000,9015,1
13440,3000,17015,1
13442,3000,18017,1
13443,3000,12020,1
13453,3000,10021,1
13508,3000,9026,1
13511,3000,13013,1
13535,3000,19004,1
13537,3000,14004,1
13576,3000,11015,1
13613,3000,14011,1
13642,3000,12017,1
13656,3000,15026,1
13675,3000,6025,1
13706,3000,9017,1
13735,3000,10021,1
13744,3000,7027,1
13747,3000,18017,1
13815,3000,4025,1
13850,3000,18034,1
13870,3000,20017,1
13884,3000,11013,1
13903,3000,28017,1
13908,3000,7017,1
14034,3000,11010,1
14046,3000,10021,1
14091,3000,8015,1
14112,3000,9026,1
14161,3000,5027,1
14223,3000,18017,1
14229,3000,11013,1
14256,3000,29022,1
14260,3000,12017,1
14262,3000,17015,1
14414,3000,12017,1
14455,3000,12020,1
14497,3000,13026,1
14502,3000,18017,1
14506,3000,9017,1
14528,3000,12017,1
14584,3000,11013,1
14622,3000,7021,1
14625,3000,29022,1
14654,3000,16028,1
14660,3000,6025,1
14688,3000,12020,1
14744,3000,5027,1
14760,3000,14005,1
14803,3000,14017,1
14827,3000,9015,1
14860,3000,18017,1
14890,3000,14012,1
14897,3000,6025,1
14972,3000,26018,1
14986,3000,17021,1
14993,3000,14005,1
15004,3000,11014,1
15007,3000,15010,1
15013,3000,7021,1
15014,3000,9015,1
15021,3000,10025,1
15039,3000,11011,1
15050,3000,11011,1
15058,3000,11011,1
15089,3000,14023,1
15123,3000,9022,1
15155,3000,12020,1
15158,3000,12017,1
15276,3000,11010,1
15341,3000,12022,1
15387,3000,7021,1
15404,3000,9022,1
15427,3000,11010,1
15443,3000,7027,1
15444,3000,18023,1
15481,3000,8015,1
15611,3000,14017,1
15629,3000,14017,1
15633,3000,13013,1
15642,3000,27020,1
15706,3000,21026,1
15745,3000,12028,1
15817,3000,14017,1
15828,3000,15026,1
15886,3000,7021,1
15904,3000,11009,1
15954,3000,7017,1
15982,3000,14017,1
15985,3000,8015,1
16028,3000,10021,1
16033,3000,12020,1
16037,3000,21026,1
16047,3000,14012,1
16072,3000,14011,1
16086,3000,24023,1
16097,3000,11014,1
16103,3000,11011,1
16121,3000,20017,1
16174,3000,11013,1
16209,3000,9022,1
16216,3000,12022,1
16276,3000,12017,1
16277,3000,11013,1
16278,3000,12028,1
16341,3000,12017,1
16357,3000,12017,1
16363,3000,9015,1
16375,3000,23019,1
16391,3000,10025,1
16451,3000,18019,1
16452,3000,16024,1
16454,3000,10021,1
16515,3000,7025,1
16516,3000,9017,1
16547,3000,4025,1
16551,3000,9017,1
16567,3000,11009,1
16580,3000,18017,1
16585,3000,13009,1
16653,3000,10021,1
16667,3000,17021,1
16670,3000,6025,1
16671,3000,20017,1
16703,3000,9022,1
16748,3000,24021,1
16755,3000,9017,1
16778,3000,14017,1
16786,3000,14017,1
16824,3000,5026,1
16832,3000,9015,1
16867,3000,17014,1
16871,3000,14010,1
16901,3000,22027,1
16903,3000,11014,1
16929,3000,12017,1
16980,3000,14012,1
17018,3000,9026,1
17063,3000,14005,1
17073,3000,8015,1
17079,3000,7027,1
17118,3000,12022,1
17148,3000,17023,1
17225,3000,9017,1
17251,3000,20022,1
17270,3000,13013,1
17275,3000,15025,1
17293,3000,14011,1
17305,3000,20017,1
17306,3000,13013,1
17314,3000,10021,1
17315,3000,14010,1
17318,3000,8015,1
17325,3000,18017,1
17358,3000,11009,1
17363,3000,10021,1
17422,3000,17029,1
17450,3000,12020,1
17462,3000,7025,1
17489,3000,12017,1
17499,3000,13013,1
17505,3000,9026,1
17524,3000,13013,1
17528,3000,11014,1
17549,3000,11011,1
17576,3000,17029,1
17604,3000,11014,1
17623,3000,20022,1
17634,3000,8015,1
17635,3000,11010,1
17649,3000,11015,1
17656,3000,4025,1
17679,3000,19016,1
17725,3000,19001,1
17726,3000,7027,1
17729,3000,16024,1
17771,3000,5026,1
17775,3000,15028,1
17781,3000,15010,1
17816,3000,9015,1
17824,3000,5027,1
17845,3000,7027,1
17910,3000,11014,1
17931,3000,10025,1
17945,3000,18017,1
17960,3000,12020,1
18002,3000,21026,1
18033,3000,20023,1
18067,3000,11009,1
18076,3000,7025,1
18080,3000,12008,1
18081,3000,12028,1
18133,3000,11009,1
18169,3000,12020,1
18173,3000,20005,1
18245,3000,16028,1
18248,3000,19004,1
18249,3000,20017,1
18269,3000,14023,1
18299,3000,5026,1
18336,3000,11015,1
18431,3000,14005,1
18486,3000,19016,1
18542,3000,27020,1
18553,3000,13026,1
18564,3000,8015,1
18624,3000,16024,1
18671,3000,19004,1
18673,3000,15028,1
18696,3000,14012,1
18768,3000,10010,1
18795,3000,7021,1
18840,3000,9015,1
18848,3000,14012,1
18854,3000,27021,1
18924,3000,9026,1
19021,3000,29024,1
19038,3000,9015,1
19042,3000,8015,1
19062,3000,20017,1
19081,3000,25023,1
19087,3000,13013,1
19093,3000,7027,1
19141,3000,5026,1
19165,3000,14011,1
19180,3000,16024,1
19184,3000,15028,1
19205,3000,7021,1
19226,3000,9017,1
19268,3000,16028,1
19315,3000,11010,1
19351,3000,7027,1
19356,3000,7021,1
19373,3000,4026,1
19400,3000,5027,1
19413,3000,12022,1
19483,3000,14011,1
19496,3000,4026,1
19499,3000,10025,1
19514,3000,14017,1
19557,3000,14011,1
19575,3000,9015,1
19602,3000,13013,1
19611,3000,15026,1
19628,3000,12020,1
19648,3000,20005,1
19651,3000,11014,1
19663,3000,10025,1
19712,3000,14005,1
19723,3000,7025,1
19759,3000,10025,1
19833,3000,13026,1
19873,3000,18019,1
19874,3000,11010,1
19888,3000,15028,1
19919,3000,14017,1
19923,3000,8028,1
19930,3000,7027,1
19931,3000,8028,1
19934,3000,9022,1
19947,3000,20023,1
19997,3000,16028,1
20026,3000,9026,1
20041,3000,18019,1
20069,3000,11015,1
20181,3000,13009,1
20191,3000,10021,1
20235,3000,9026,1
20274,3000,20017,1
20291,3000,20022,1
20364,3000,15028,1
20382,3000,20017,1
20416,3000,12020,1
20450,3000,10021,1
20479,3000,9022,1
20491,3000,9017,1
20497,3000,14011,1
20533,3000,14011,1
20547,3000,12017,1
20567,3000,13009,1
20619,3000,13009,1
20625,3000,20017,1
20675,3000,9022,1
20698,3000,13026,1
20749,3000,9017,1
20755,3000,9022,1
20764,3000,17015,1
26,3000,19032,2
88,3000,7028,2
139,3000,16010,2
146,3000,8022,2
175,3000,7016,2
193,3000,8023,2
251,3000,12013,2
288,3000,15019,2
314,3000,13010,2
335,3000,7015,2
410,3000,26023,2
430,3000,15007,2
443,3000,12024,2
447,3000,10015,2
487,3000,15017,2
489,3000,7016,2
501,3000,12010,2
564,3000,7022,2
607,3000,10014,2
616,3000,13011,2
632,3000,12010,2
640,3000,11019,2
650,3000,13010,2
696,3000,7016,2
723,3000,10012,2
724,3000,18015,2
737,3000,9025,2
754,3000,30041,2
774,3000,12014,2
805,3000,21017,2
825,3000,8022,2
849,3000,12024,2
887,3000,19018,2
902,3000,10014,2
906,3000,16011,2
909,3000,10014,2
911,3000,29032,2
924,3000,12013,2
937,3000,11022,2
945,3000,20016,2
949,3000,29027,2
962,3000,16012,2
970,3000,15019,2
999,3000,12010,2
1097,3000,10014,2
1117,3000,15027,2
1135,3000,8022,2
1187,3000,7022,2
1198,3000,7028,2
1251,3000,18015,2
1285,3000,27023,2
1372,3000,28023,2
1373,3000,13037,2
1437,3000,13021,2
1506,3000,21017,2
1572,3000,15007,2
1582,3000,18021,2
1599,3000,17026,2
1615,3000,18015,2
1640,3000,21017,2
1647,3000,12010,2
1691,3000,10015,2
1695,3000,9025,2
1697,3000,8023,2
1706,3000,10014,2
1741,3000,21035,2
1751,3000,13010,2
1798,3000,8022,2
1820,3000,13036,2
1826,3000,13025,2
1852,3000,12010,2
1856,3000,19034,2
1899,3000,22018,2
1900,3000,10015,2
1911,3000,6026,2
1954,3000,13010,2
1992,3000,13039,2
2001,3000,9025,2
2062,3000,12015,2
2107,3000,20024,2
2124,3000,12010,2
2128,3000,11019,2
2148,3000,6026,2
2172,3000,28023,2
2201,3000,19032,2
2285,3000,21020,2
2453,3000,7018,2
2514,3000,8022,2
2536,3000,12013,2
2556,3000,16012,2
2583,3000,13011,2
2587,3000,11028,2
2621,3000,10012,2
2626,3000,12010,2
2668,3000,8022,2
2695,3000,7026,2
2764,3000,22018,2
2812,3000,12013,2
2822,3000,15027,2
2833,3000,11022,2
2873,3000,27023,2
2893,3000,15014,2
2900,3000,6024,2
2914,3000,2022,2
2935,3000,7023,2
3018,3000,7031,2
3030,3000,16011,2
3036,3000,11019,2
3122,3000,8031,2
3127,3000,12024,2
3130,3000,10014,2
3165,3000,12024,2
3173,3000,19033,2
3175,3000,8022,2
3195,3000,32043,2
3198,3000,19018,2
3266,3000,9031,2
3270,3000,10015,2
3342,3000,7028,2
3382,3000,8022,2
3404,3000,15027,2
3445,3000,8022,2
3510,3000,13010,2
3546,3000,12024,2
3580,3000,22018,2
3582,3000,13011,2
3616,3000,7018,2
3634,3000,13010,2
3723,3000,9025,2
3778,3000,7015,2
3867,3000,12010,2
3880,3000,11019,2
3891,3000,6024,2
3917,3000,21017,2
3936,3000,7026,2
3939,3000,21017,2
3942,3000,14015,2
4003,3000,12013,2
4012,3000,13039,2
4034,3000,7023,2
4048,3000,19033,2
4058,3000,15020,2
4063,3000,7018,2
4072,3000,10014,2
4078,3000,17011,2
4130,3000,12010,2
4131,3000,26023,2
4160,3000,12013,2
4184,3000,7028,2
4206,3000,28023,2
4208,3000,9025,2
4301,3000,12015,2
4339,3000,7026,2
4358,3000,7015,2
4380,3000,7022,2
4406,3000,10015,2
4429,3000,6026,2
4466,3000,21017,2
4469,3000,15014,2
4523,3000,9025,2
4529,3000,27023,2
4579,3000,15017,2
4583,3000,7018,2
4591,3000,7026,2
4633,3000,6026,2
4637,3000,13025,2
4653,3000,16011,2
4660,3000,6024,2
4746,3000,20016,2
4756,3000,21017,2
4759,3000,9025,2
4784,3000,8031,2
4790,3000,7018,2
5019,3000,15020,2
5082,3000,19033,2
5210,3000,9033,2
5225,3000,7023,2
5238,3000,12013,2
5261,3000,7022,2
5271,3000,27023,2
5395,3000,19031,2
5400,3000,8023,2
5407,3000,12013,2
5463,3000,7022,2
5507,3000,8023,2
5536,3000,12010,2
5540,3000,8022,2
5573,3000,27028,2
5594,3000,18032,2
5596,3000,21021,2
5618,3000,28023,2
5656,3000,10015,2
5687,3000,21017,2
5704,3000,12015,2
5716,3000,15007,2
5717,3000,10015,2
5724,3000,15017,2
5765,3000,8022,2
5766,3000,12013,2
5773,3000,16010,2
5859,3000,7018,2
5881,3000,16010,2
5905,3000,8031,2
6017,3000,20024,2
6022,3000,13010,2
6030,3000,21021,2
6037,3000,13011,2
6043,3000,19033,2
6073,3000,7031,2
6133,3000,24039,2
6163,3000,13010,2
6183,3000,27023,2
6254,3000,12014,2
6267,3000,5028,2
6287,3000,21017,2
6307,3000,17011,2
6396,3000,12015,2
6401,3000,12024,2
6404,3000,19032,2
6411,3000,13011,2
6415,3000,13010,2
6437,3000,12024,2
6503,3000,8022,2
6547,3000,14026,2
6561,3000,7022,2
6584,3000,7018,2
6596,3000,14015,2
6609,3000,12024,2
6618,3000,7018,2
6630,3000,12024,2
6676,3000,32043,2
6750,3000,19018,2
6790,3000,15014,2
6800,3000,19033,2
6806,3000,10015,2
6809,3000,10015,2
6819,3000,7026,2
6841,3000,11019,2
6866,3000,5028,2
6943,3000,11019,2
7011,3000,10014,2
7166,3000,28023,2
7177,3000,21017,2
7191,3000,21020,2
7219,3000,10014,2
7272,3000,18015,2
7281,3000,7016,2
7298,3000,18015,2
7317,3000,16011,2
7328,3000,21017,2
7364,3000,16011,2
7367,3000,13025,2
7382,3000,15022,2
7384,3000,7022,2
7427,3000,25029,2
7428,3000,28023,2
7441,3000,21035,2
7490,3000,15007,2
7601,3000,10012,2
7620,3000,7016,2
7663,3000,12013,2
7667,3000,7016,2
7718,3000,12010,2
7748,3000,6026,2
7844,3000,11022,2
7845,3000,13011,2
7900,3000,17011,2
7903,3000,26023,2
7964,3000,11019,2
7969,3000,21021,2
8124,3000,22018,2
8134,3000,16010,2
8138,3000,11019,2
8166,3000,7023,2
8210,3000,19033,2
8266,3000,12010,2
8324,3000,13011,2
8342,3000,26023,2
8364,3000,28023,2
8379,3000,11019,2
8428,3000,12015,2
8435,3000,7026,2
8448,3000,17026,2
8469,3000,12010,2
8492,3000,16011,2
8497,3000,15019,2
8544,3000,8022,2
8629,3000,19034,2
8685,3000,12010,2
8716,3000,22018,2
8760,3000,8023,2
8766,3000,5028,2
8790,3000,11019,2
8864,3000,10012,2
8879,3000,7028,2
8887,3000,7028,2
8930,3000,10014,2
8941,3000,10014,2
8948,3000,12013,2
8978,3000,11019,2
9010,3000,11019,2
9044,3000,19033,2
9069,3000,11019,2
9113,3000,15014,2
9170,3000,13011,2
9178,3000,13010,2
9193,3000,6026,2
9230,3000,12024,2
9248,3000,19032,2
9259,3000,6026,2
9287,3000,6021,2
9334,3000,19021,2
9349,3000,7018,2
9405,3000,13010,2
9412,3000,17035,2
9536,3000,30041,2
9538,3000,22039,2
9542,3000,11019,2
9589,3000,12015,2
9778,3000,16006,2
9801,3000,12024,2
9816,3000,7018,2
9832,3000,16006,2
9840,3000,13010,2
9864,3000,12014,2
9889,3000,21017,2
9926,3000,10008,2
9938,3000,20024,2
9944,3000,10015,2
9966,3000,8022,2
10004,3000,12013,2
10023,3000,5028,2
10056,3000,6021,2
10107,3000,9025,2
10114,3000,19033,2
10142,3000,19033,2
10153,3000,11019,2
10212,3000,18015,2
10215,3000,7023,2
10395,3000,16006,2
10408,3000,14015,2
10455,3000,13011,2
10478,3000,18003,2
10480,3000,14015,2
10504,3000,7022,2
10520,3000,15014,2
10521,3000,10014,2
10532,3000,7015,2
10564,3000,13025,2
10571,3000,10015,2
10628,3000,7023,2
10659,3000,13025,2
10756,3000,12013,2
10783,3000,19034,2
10812,3000,23018,2
10844,3000,7023,2
10854,3000,15017,2
10856,3000,7022,2
10869,3000,17011,2
10883,3000,24039,2
10888,3000,18015,2
10918,3000,21017,2
10961,3000,12010,2
10977,3000,14038,2
11032,3000,29026,2
11049,3000,27028,2
11128,3000,18015,2
11144,3000,13010,2
11151,3000,28023,2
11238,3000,10015,2
11244,3000,21034,2
11286,3000,12013,2
11312,3000,7015,2
11340,3000,16011,2
11366,3000,11022,2
11383,3000,8022,2
11403,3000,6021,2
11485,3000,10014,2
11505,3000,22018,2
11541,3000,33046,2
11552,3000,29032,2
11568,3000,7031,2
11569,3000,19033,2
11597,3000,7028,2
11694,3000,18015,2
11701,3000,7015,2
11718,3000,7028,2
11734,3000,6024,2
11744,3000,19033,2
11745,3000,20016,2
11791,3000,15017,2
11796,3000,10028,2
11823,3000,7026,2
11870,3000,19033,2
11906,3000,8023,2
11908,3000,16006,2
11923,3000,16011,2
12048,3000,7022,2
12065,3000,9025,2
12093,3000,16010,2
12122,3000,6026,2
12143,3000,17030,2
12202,3000,22018,2
12203,3000,19033,2
12206,3000,21017,2
12257,3000,23024,2
12276,3000,27023,2
12305,3000,13010,2
12329,3000,7016,2
12369,3000,13011,2
12388,3000,8023,2
12394,3000,12010,2
12516,3000,7028,2
12564,3000,10012,2
12573,3000,22018,2
12581,3000,10015,2
12591,3000,29027,2
12665,3000,7016,2
12732,3000,19032,2
12742,3000,8022,2
12743,3000,7026,2
12753,3000,7015,2
12779,3000,20024,2
12826,3000,16012,2
12837,3000,13010,2
12909,3000,13011,2
12915,3000,22018,2
12954,3000,12010,2
12981,3000,15017,2
12989,3000,12015,2
12992,3000,12015,2
13006,3000,23018,2
13025,3000,19032,2
13038,3000,12014,2
13061,3000,10015,2
13067,3000,13025,2
13078,3000,10015,2
13114,3000,17011,2
13166,3000,20024,2
13187,3000,8022,2
13246,3000,8023,2
13293,3000,27023,2
13315,3000,21017,2
13349,3000,11022,2
13374,3000,19032,2
13386,3000,7028,2
13432,3000,11019,2
13434,3000,7028,2
13532,3000,15007,2
13542,3000,26044,2
13592,3000,10015,2
13681,3000,17030,2
13737,3000,7028,2
13809,3000,13025,2
13975,3000,17011,2
14014,3000,7016,2
14015,3000,24039,2
14044,3000,19018,2
14122,3000,10014,2
14182,3000,13025,2
14226,3000,15027,2
14230,3000,10015,2
14237,3000,12030,2
14252,3000,27033,2
14268,3000,7016,2
14339,3000,7018,2
14424,3000,9025,2
14461,3000,22020,2
14479,3000,22018,2
14541,3000,28023,2
14570,3000,12014,2
14592,3000,15019,2
14602,3000,18006,2
14657,3000,14026,2
14703,3000,7028,2
14737,3000,7018,2
14753,3000,7015,2
14776,3000,7016,2
14804,3000,19033,2
14814,3000,11022,2
14853,3000,13037,2
14866,3000,12010,2
14893,3000,15019,2
14916,3000,7022,2
14947,3000,7015,2
14961,3000,11019,2
14969,3000,7015,2
14974,3000,12010,2
14983,3000,15017,2
14994,3000,22018,2
14998,3000,7028,2
15017,3000,15022,2
15091,3000,17035,2
15101,3000,13010,2
15105,3000,13010,2
15106,3000,7026,2
15108,3000,22018,2
15120,3000,14026,2
15121,3000,7018,2
15135,3000,21017,2
15136,3000,20016,2
15163,3000,11019,2
15184,3000,28023,2
15187,3000,28023,2
15218,3000,10015,2
15226,3000,27023,2
15261,3000,11022,2
15287,3000,21017,2
15292,3000,6018,2
15319,3000,17013,2
15343,3000,8022,2
15415,3000,15014,2
15432,3000,15020,2
15469,3000,13011,2
15509,3000,7026,2
15514,3000,20027,2
15520,3000,24030,2
15563,3000,15017,2
15573,3000,21017,2
15581,3000,28023,2
15585,3000,16010,2
15639,3000,21017,2
15646,3000,13011,2
15666,3000,12015,2
15690,3000,18015,2
15736,3000,12010,2
15743,3000,19018,2
15764,3000,12010,2
15797,3000,15014,2
15800,3000,14015,2
15809,3000,11019,2
15812,3000,15020,2
15846,3000,15017,2
15864,3000,11019,2
15915,3000,15022,2
15956,3000,7028,2
15989,3000,7015,2
16002,3000,13037,2
16013,3000,22018,2
16023,3000,7028,2
16058,3000,13011,2
16172,3000,13025,2
16236,3000,13010,2
16248,3000,15020,2
16381,3000,11022,2
16437,3000,10012,2
16441,3000,15017,2
16541,3000,10015,2
16594,3000,8023,2
16601,3000,12024,2
16610,3000,14026,2
16656,3000,7028,2
16665,3000,13011,2
16698,3000,12010,2
16735,3000,12010,2
16754,3000,11022,2
16796,3000,17026,2
16827,3000,10014,2
16885,3000,13010,2
16891,3000,24039,2
16907,3000,15017,2
16917,3000,10014,2
16942,3000,6024,2
16959,3000,13029,2
17012,3000,8023,2
17037,3000,16012,2
17071,3000,20024,2
17110,3000,7022,2
17146,3000,12013,2
17159,3000,12010,2
17162,3000,13011,2
17249,3000,16011,2
17288,3000,16006,2
17311,3000,7015,2
17329,3000,12014,2
17347,3000,10015,2
17356,3000,12013,2
17367,3000,7015,2
17373,3000,10012,2
17471,3000,21017,2
17511,3000,11019,2
17527,3000,17026,2
17638,3000,27028,2
17653,3000,6018,2
17659,3000,21020,2
17663,3000,16010,2
17665,3000,6024,2
17733,3000,10015,2
17740,3000,10012,2
17763,3000,18006,2
17766,3000,15019,2
17787,3000,20024,2
17793,3000,7026,2
17811,3000,11022,2
17831,3000,13010,2
17854,3000,20016,2
17869,3000,23018,2
17906,3000,6026,2
17934,3000,10015,2
17955,3000,10014,2
17995,3000,7016,2
18049,3000,7023,2
18058,3000,6018,2
18088,3000,16011,2
18108,3000,7026,2
18115,3000,11019,2
18129,3000,16011,2
18185,3000,13011,2
18213,3000,30029,2
18289,3000,8022,2
18291,3000,7018,2
18294,3000,16011,2
18305,3000,7023,2
18306,3000,26023,2
18320,3000,9025,2
18323,3000,24018,2
18329,3000,20024,2
18350,3000,12024,2
18391,3000,10014,2
18413,3000,9025,2
18446,3000,7015,2
18641,3000,8022,2
18657,3000,7022,2
18713,3000,16011,2
18781,3000,13011,2
18797,3000,12013,2
18814,3000,12024,2
18822,3000,12015,2
18828,3000,28023,2
18861,3000,28029,2
18863,3000,22018,2
18875,3000,7028,2
18922,3000,13021,2
18954,3000,10014,2
18960,3000,7022,2
18990,3000,13011,2
18991,3000,13011,2
19001,3000,15017,2
19056,3000,11019,2
19071,3000,7023,2
19072,3000,6026,2
19104,3000,10015,2
19118,3000,8023,2
19120,3000,10014,2
19147,3000,15022,2
19174,3000,9025,2
19204,3000,14026,2
19258,3000,16010,2
19261,3000,19003,2
19265,3000,7028,2
19339,3000,11019,2
19396,3000,8022,2
19432,3000,6026,2
19433,3000,6018,2
19502,3000,19003,2
19519,3000,12024,2
19544,3000,15019,2
19551,3000,29027,2
19571,3000,26023,2
19581,3000,21017,2
19584,3000,28023,2
19586,3000,13025,2
19590,3000,12010,2
19598,3000,7016,2
19638,3000,10012,2
19665,3000,12024,2
19708,3000,7023,2
19749,3000,9025,2
19751,3000,7018,2
19837,3000,13011,2
19842,3000,22018,2
19844,3000,28023,2
19858,3000,7015,2
19926,3000,23018,2
19938,3000,15019,2
20034,3000,7023,2
20066,3000,15022,2
20139,3000,26023,2
20174,3000,20016,2
20200,3000,21020,2
20238,3000,12013,2
20271,3000,14015,2
20305,3000,11019,2
20308,3000,14015,2
20310,3000,9025,2
20321,3000,13029,2
20376,3000,12024,2
20409,3000,21017,2
20414,3000,7018,2
20418,3000,10014,2
20459,3000,28023,2
20464,3000,20024,2
20474,3000,15017,2
20504,3000,6018,2
20541,3000,10012,2
20565,3000,12015,2
20569,3000,22018,2
20585,3000,21017,2
20601,3000,12024,2
20616,3000,13025,2
20630,3000,7023,2
20641,3000,10014,2
20667,3000,7018,2
20670,3000,15017,2
20691,3000,10015,2
20695,3000,7015,2
20701,3000,15022,2
20710,3000,9031,2
20728,3000,8022,2
20738,3000,15014,2
20743,3000,16031,2
20745,3000,17011,2
20759,3000,6026,2
20767,3000,11022,2
49,3000,10022,3
59,3000,8027,3
80,3000,6029,3
90,3000,10017,3
101,3000,11018,3
242,3000,13012,3
297,3000,27030,3
307,3000,9016,3
320,3000,11020,3
339,3000,14019,3
377,3000,19020,3
386,3000,9014,3
403,3000,8027,3
432,3000,6027,3
456,3000,5030,3
470,3000,10017,3
529,3000,18014,3
571,3000,9016,3
608,3000,11018,3
617,3000,20032,3
678,3000,11020,3
689,3000,30028,3
693,3000,9016,3
695,3000,11018,3
734,3000,11020,3
735,3000,9014,3
792,3000,20020,3
929,3000,15008,3
931,3000,19005,3
983,3000,20032,3
990,3000,12011,3
1035,3000,9011,3
1043,3000,22021,3
1064,3000,11016,3
1090,3000,20003,3
1133,3000,5030,3
1224,3000,12018,3
1258,3000,12018,3
1287,3000,28024,3
1364,3000,9016,3
1384,3000,15008,3
1409,3000,12021,3
1533,3000,28018,3
1605,3000,10017,3
1609,3000,22037,3
1658,3000,12011,3
1677,3000,6029,3
1690,3000,11018,3
1713,3000,25031,3
1762,3000,10016,3
1769,3000,9016,3
1801,3000,9011,3
1836,3000,13020,3
1895,3000,17007,3
1932,3000,11016,3
1989,3000,13006,3
2020,3000,11020,3
2027,3000,9014,3
2030,3000,13017,3
2038,3000,20032,3
2051,3000,12018,3
2061,3000,15016,3
2069,3000,18018,3
2085,3000,20003,3
2120,3000,13017,3
2130,3000,12018,3
2156,3000,11016,3
2200,3000,12021,3
2216,3000,25020,3
2231,3000,12011,3
2253,3000,12021,3
2274,3000,13015,3
2287,3000,14019,3
2288,3000,9016,3
2293,3000,22017,3
2295,3000,1029,3
2312,3000,15016,3
2359,3000,10017,3
2370,3000,20019,3
2394,3000,10022,3
2454,3000,7014,3
2499,3000,10016,3
2527,3000,9016,3
2558,3000,13012,3
2563,3000,10011,3
2599,3000,22036,3
2651,3000,16007,3
2665,3000,11018,3
2674,3000,11018,3
2680,3000,2027,3
2682,3000,8014,3
2726,3000,12011,3
2748,3000,12011,3
2786,3000,15016,3
2791,3000,16007,3
2857,3000,11018,3
2877,3000,11029,3
2881,3000,13017,3
2885,3000,5030,3
2925,3000,22021,3
2952,3000,13017,3
2979,3000,19020,3
3003,3000,11020,3
3004,3000,20019,3
3046,3000,8027,3
3082,3000,13017,3
3091,3000,10022,3
3107,3000,20020,3
3155,3000,15016,3
3170,3000,7014,3
3201,3000,20020,3
3218,3000,14006,3
3249,3000,10011,3
3284,3000,10017,3
3291,3000,10017,3
3310,3000,13038,3
3364,3000,10017,3
3370,3000,28018,3
3393,3000,14006,3
3412,3000,6022,3
3454,3000,10016,3
3458,3000,11029,3
3463,3000,22017,3
3469,3000,5030,3
3476,3000,14019,3
3551,3000,19005,3
3568,3000,10011,3
3603,3000,22017,3
3638,3000,14019,3
3675,3000,9016,3
3716,3000,19005,3
3721,3000,11016,3
3730,3000,22021,3
3735,3000,8030,3
3906,3000,30028,3
3937,3000,11018,3
3940,3000,5030,3
3948,3000,8025,3
3956,3000,11018,3
3958,3000,12018,3
3960,3000,22017,3
4044,3000,11026,3
4049,3000,15012,3
4065,3000,7014,3
4086,3000,8027,3
4093,3000,12018,3
4111,3000,11016,3
4140,3000,13005,3
4142,3000,16029,3
4173,3000,8025,3
4182,3000,10019,3
4246,3000,11029,3
4267,3000,10022,3
4300,3000,28022,3
4302,3000,10019,3
4431,3000,9014,3
4444,3000,9016,3
4456,3000,19005,3
4470,3000,6027,3
4505,3000,19002,3
4559,3000,9014,3
4571,3000,9016,3
4592,3000,15008,3
4632,3000,20020,3
4705,3000,10011,3
4730,3000,10016,3
4753,3000,20032,3
4783,3000,13012,3
4794,3000,16007,3
4883,3000,19005,3
4935,3000,4024,3
4964,3000,13015,3
4976,3000,20032,3
5047,3000,14028,3
5056,3000,10017,3
5162,3000,12011,3
5166,3000,10022,3
5190,3000,10017,3
5201,3000,8027,3
5205,3000,20019,3
5255,3000,10016,3
5292,3000,9016,3
5298,3000,11016,3
5328,3000,21038,3
5330,3000,16005,3
5364,3000,11018,3
5397,3000,8027,3
5405,3000,30027,3
5417,3000,13020,3
5438,3000,14019,3
5501,3000,7014,3
5579,3000,13017,3
5631,3000,12018,3
5637,3000,11018,3
5665,3000,12018,3
5674,3000,15012,3
5677,3000,12021,3
5684,3000,16007,3
5732,3000,21031,3
5803,3000,13015,3
5919,3000,16029,3
5988,3000,10016,3
6069,3000,27019,3
6075,3000,28024,3
6104,3000,8027,3
6193,3000,11018,3
6255,3000,23038,3
6319,3000,20004,3
6347,3000,11035,3
6353,3000,13027,3
6366,3000,12011,3
6474,3000,28018,3
6477,3000,11016,3
6482,3000,22025,3
6501,3000,27019,3
6524,3000,20020,3
6556,3000,18018,3
6565,3000,9014,3
6627,3000,11016,3
6673,3000,8025,3
6741,3000,13020,3
6742,3000,20003,3
6754,3000,20020,3
6758,3000,9014,3
6777,3000,20019,3
6784,3000,9016,3
6798,3000,20032,3
6849,3000,21025,3
6875,3000,13005,3
6918,3000,11026,3
6919,3000,11020,3
6933,3000,19005,3
6984,3000,10016,3
7012,3000,10017,3
7017,3000,20004,3
7027,3000,14019,3
7065,3000,13017,3
7068,3000,13020,3
7123,3000,28024,3
7138,3000,10016,3
7141,3000,30028,3
7154,3000,15012,3
7162,3000,13012,3
7232,3000,13017,3
7237,3000,13027,3
7327,3000,18018,3
7333,3000,13017,3
7340,3000,22017,3
7379,3000,10011,3
7444,3000,3025,3
7531,3000,12011,3
7540,3000,10016,3
7551,3000,20020,3
7554,3000,13020,3
7558,3000,7019,3
7585,3000,13020,3
7647,3000,11020,3
7656,3000,13012,3
7673,3000,10022,3
7689,3000,14019,3
7708,3000,27019,3
7855,3000,10016,3
7877,3000,13017,3
7888,3000,20004,3
7917,3000,12018,3
7926,3000,9016,3
7963,3000,11029,3
8019,3000,3025,3
8034,3000,7019,3
8052,3000,14028,3
8062,3000,10016,3
8116,3000,20021,3
8143,3000,9016,3
8153,3000,19024,3
8228,3000,26022,3
8237,3000,18018,3
8276,3000,13017,3
8306,3000,10022,3
8372,3000,18018,3
8386,3000,13012,3
8394,3000,10022,3
8438,3000,12018,3
8444,3000,8027,3
8479,3000,5030,3
8494,3000,8025,3
8520,3000,16029,3
8543,3000,12011,3
8553,3000,15008,3
8565,3000,10022,3
8649,3000,3028,3
8683,3000,17025,3
8705,3000,10017,3
8732,3000,20032,3
8788,3000,10016,3
8795,3000,20019,3
8865,3000,28024,3
8884,3000,20004,3
8895,3000,10022,3
8918,3000,8027,3
8929,3000,11027,3
8963,3000,10011,3
9020,3000,9016,3
9049,3000,17025,3
9109,3000,5030,3
9128,3000,28022,3
9133,3000,13027,3
9136,3000,6029,3
9151,3000,19005,3
9212,3000,13012,3
9251,3000,19020,3
9299,3000,20003,3
9371,3000,10022,3
9399,3000,14019,3
9479,3000,18029,3
9483,3000,28024,3
9605,3000,12018,3
9620,3000,7019,3
9635,3000,15016,3
9643,3000,12011,3
9655,3000,28024,3
9664,3000,16007,3
9704,3000,10022,3
9711,3000,8027,3
9723,3000,29025,3
9746,3000,8030,3
9802,3000,11018,3
9830,3000,12011,3
9908,3000,20019,3
10006,3000,28022,3
10025,3000,11020,3
10049,3000,10022,3
10093,3000,16029,3
10341,3000,11020,3
10346,3000,20032,3
10370,3000,4024,3
10389,3000,6029,3
10404,3000,8027,3
10463,3000,13006,3
10476,3000,20003,3
10508,3000,10017,3
10529,3000,10016,3
10553,3000,7019,3
10589,3000,13027,3
10597,3000,9016,3
10604,3000,10019,3
10610,3000,5030,3
10698,3000,20032,3
10753,3000,5030,3
10789,3000,5023,3
10852,3000,9016,3
10941,3000,6027,3
11041,3000,16029,3
11051,3000,16030,3
11054,3000,5030,3
11058,3000,11016,3
11070,3000,5030,3
11077,3000,11020,3
11132,3000,11026,3
11149,3000,20032,3
11166,3000,21025,3
11169,3000,22036,3
11185,3000,6029,3
11187,3000,20003,3
11302,3000,20026,3
11362,3000,10017,3
11371,3000,22021,3
11379,3000,26025,3
11384,3000,10022,3
11462,3000,19002,3
11466,3000,9014,3
11607,3000,8027,3
11627,3000,6029,3
11638,3000,28024,3
11652,3000,25020,3
11656,3000,13027,3
11664,3000,19002,3
11695,3000,11018,3
11723,3000,5030,3
11789,3000,7019,3
11809,3000,12018,3
11874,3000,19002,3
11875,3000,10017,3
11897,3000,12011,3
11941,3000,8025,3
11945,3000,15008,3
11972,3000,17008,3
11975,3000,3025,3
11984,3000,13017,3
12021,3000,28024,3
12052,3000,15016,3
12078,3000,13015,3
12098,3000,18018,3
12114,3000,11016,3
12144,3000,19005,3
12163,3000,28024,3
12167,3000,15008,3
12223,3000,19020,3
12270,3000,14035,3
12275,3000,13012,3
12312,3000,7019,3
12378,3000,20020,3
12380,3000,9016,3
12405,3000,28030,3
12428,3000,18020,3
12508,3000,12011,3
12523,3000,6029,3
12543,3000,11018,3
12559,3000,10017,3
12574,3000,11016,3
12577,3000,13020,3
12597,3000,28024,3
12599,3000,19005,3
12619,3000,12011,3
12651,3000,11029,3
12726,3000,10011,3
12761,3000,20003,3
12865,3000,11020,3
12880,3000,11020,3
12895,3000,21027,3
12926,3000,6027,3
12956,3000,6027,3
12972,3000,25020,3
12979,3000,13012,3
12993,3000,13020,3
12996,3000,10017,3
13103,3000,20032,3
13121,3000,13035,3
13170,3000,13017,3
13192,3000,9014,3
13279,3000,19020,3
13337,3000,8030,3
13369,3000,27019,3
13446,3000,19020,3
13447,3000,2027,3
13525,3000,7014,3
13527,3000,19020,3
13540,3000,19020,3
13575,3000,15016,3
13589,3000,13017,3
13628,3000,12018,3
13634,3000,18018,3
13725,3000,16029,3
13732,3000,17025,3
13764,3000,20003,3
13776,3000,20032,3
13849,3000,11018,3
13878,3000,8014,3
13898,3000,10022,3
13951,3000,6027,3
13963,3000,10011,3
13987,3000,26040,3
13992,3000,12018,3
14058,3000,11016,3
14064,3000,19005,3
14067,3000,20032,3
14187,3000,11018,3
14189,3000,20004,3
14216,3000,12011,3
14238,3000,2027,3
14261,3000,8014,3
14282,3000,13012,3
14305,3000,22017,3
14334,3000,13020,3
14481,3000,12018,3
14494,3000,10016,3
14500,3000,28024,3
14520,3000,11016,3
14582,3000,12011,3
14611,3000,15016,3
14634,3000,11029,3
14636,3000,12018,3
14684,3000,14019,3
14692,3000,10016,3
14700,3000,15012,3
14833,3000,11020,3
14838,3000,13027,3
14841,3000,15012,3
14851,3000,15008,3
14862,3000,5023,3
14872,3000,20020,3
14899,3000,28024,3
14906,3000,11029,3
14926,3000,28024,3
14962,3000,25021,3
14988,3000,3028,3
15010,3000,10016,3
15051,3000,10016,3
15088,3000,13027,3
15090,3000,11016,3
15097,3000,12011,3
15126,3000,18018,3
15145,3000,17008,3
15159,3000,19020,3
15231,3000,6027,3
15253,3000,9016,3
15262,3000,8027,3
15266,3000,11018,3
15314,3000,27019,3
15322,3000,7019,3
15327,3000,12011,3
15460,3000,10016,3
15462,3000,10022,3
15486,3000,8027,3
15503,3000,28024,3
15622,3000,13027,3
15630,3000,11020,3
15681,3000,9016,3
15683,3000,14028,3
15723,3000,27019,3
15724,3000,10022,3
15755,3000,10016,3
15774,3000,13027,3
15795,3000,28024,3
15796,3000,9016,3
15807,3000,19024,3
15837,3000,10011,3
15876,3000,2025,3
15905,3000,28024,3
15960,3000,9011,3
15998,3000,12011,3
16008,3000,28018,3
16039,3000,8027,3
16098,3000,11016,3
16124,3000,13017,3
16166,3000,22017,3
16228,3000,23022,3
16290,3000,20020,3
16301,3000,15016,3
16331,3000,5030,3
16347,3000,12011,3
16371,3000,7014,3
16433,3000,9014,3
16586,3000,5030,3
16589,3000,11020,3
16625,3000,10019,3
16666,3000,6027,3
16710,3000,13038,3
16759,3000,20004,3
16773,3000,20019,3
16789,3000,11016,3
16830,3000,10019,3
16844,3000,3024,3
16880,3000,15016,3
16898,3000,13012,3
16900,3000,6031,3
16906,3000,7019,3
16924,3000,9014,3
16945,3000,13027,3
16984,3000,13012,3
16999,3000,8025,3
17052,3000,13017,3
17115,3000,11016,3
17132,3000,20019,3
17184,3000,10016,3
17222,3000,26022,3
17278,3000,11016,3
17332,3000,6027,3
17335,3000,20020,3
17339,3000,13005,3
17350,3000,6027,3
17361,3000,20021,3
17398,3000,18020,3
17429,3000,10016,3
17472,3000,7019,3
17529,3000,5030,3
17534,3000,11020,3
17542,3000,12011,3
17543,3000,3025,3
17548,3000,20021,3
17586,3000,25031,3
17590,3000,10022,3
17618,3000,6029,3
17619,3000,7019,3
17648,3000,12021,3
17719,3000,7019,3
17757,3000,14019,3
17765,3000,10017,3
17770,3000,16026,3
17772,3000,6027,3
17795,3000,13012,3
17812,3000,14019,3
17868,3000,11020,3
17892,3000,12011,3
17949,3000,2025,3
17958,3000,13020,3
17989,3000,11016,3
18024,3000,20019,3
18031,3000,17008,3
18069,3000,8027,3
18162,3000,7019,3
18176,3000,10017,3
18202,3000,5030,3
18219,3000,19002,3
18266,3000,14006,3
18278,3000,20019,3
18324,3000,7014,3
18342,3000,3025,3
18360,3000,19005,3
18365,3000,11016,3
18472,3000,19019,3
18512,3000,13017,3
18527,3000,18018,3
18554,3000,16029,3
18565,3000,18018,3
18580,3000,8027,3
18634,3000,11020,3
18653,3000,15008,3
18681,3000,13020,3
18683,3000,6029,3
18686,3000,19024,3
18689,3000,22017,3
18743,3000,13017,3
18785,3000,7019,3
18793,3000,15008,3
18799,3000,19024,3
18820,3000,8027,3
18821,3000,28022,3
18826,3000,6029,3
18845,3000,25020,3
18859,3000,6027,3
18864,3000,10016,3
18888,3000,18018,3
18890,3000,19020,3
18892,3000,14019,3
18894,3000,18018,3
18903,3000,30028,3
18934,3000,7019,3
18962,3000,18018,3
18968,3000,26022,3
18994,3000,16030,3
18999,3000,13017,3
19008,3000,11020,3
19050,3000,19005,3
19055,3000,11016,3
19070,3000,12018,3
19085,3000,15012,3
19106,3000,10016,3
19119,3000,12021,3
19121,3000,13020,3
19146,3000,7014,3
19209,3000,13020,3
19230,3000,8014,3
19243,3000,13012,3
19248,3000,13005,3
19269,3000,14006,3
19287,3000,16007,3
19305,3000,10022,3
19329,3000,27019,3
19335,3000,13027,3
19346,3000,10017,3
19358,3000,10016,3
19366,3000,10022,3
19386,3000,9016,3
19417,3000,12021,3
19419,3000,13020,3
19495,3000,13027,3
19524,3000,3028,3
19527,3000,8014,3
19549,3000,9011,3
19580,3000,9014,3
19631,3000,9016,3
19673,3000,28024,3
19715,3000,22017,3
19774,3000,13017,3
19781,3000,11018,3
19792,3000,9016,3
19800,3000,12021,3
19866,3000,8025,3
19907,3000,20020,3
19951,3000,13015,3
19953,3000,11026,3
19964,3000,13005,3
20007,3000,11018,3
20011,3000,11016,3
20025,3000,9014,3
20035,3000,6027,3
20089,3000,21025,3
20113,3000,7019,3
20123,3000,12011,3
20133,3000,8025,3
20134,3000,13020,3
20168,3000,15016,3
20185,3000,12018,3
20194,3000,24029,3
20225,3000,13020,3
20237,3000,12011,3
20253,3000,6027,3
20261,3000,10017,3
20279,3000,22017,3
20298,3000,11018,3
20303,3000,11016,3
20353,3000,7019,3
20369,3000,19029,3
20404,3000,18018,3
20405,3000,20004,3
20484,3000,20003,3
20499,3000,11027,3
20501,3000,11018,3
20515,3000,10016,3
20556,3000,13005,3
20561,3000,13012,3
20577,3000,3025,3
20613,3000,14019,3
20634,3000,8027,3
20642,3000,6029,3
20645,3000,20019,3
20652,3000,10022,3
20668,3000,28022,3
20676,3000,10022,3
20718,3000,9016,3
20727,3000,19020,3
20729,3000,9014,3
20765,3000,6029,3
20769,3000,22025,3
2,3000,6030,4
6,3000,16019,4
29,3000,9021,4
46,3000,17006,4
58,3000,12012,4
92,3000,9024,4
99,3000,13008,4
142,3000,8024,4
199,3000,17031,4
223,3000,27025,4
237,3000,7020,4
241,3000,29021,4
299,3000,14016,4
356,3000,19017,4
369,3000,12025,4
395,3000,12009,4
419,3000,19017,4
442,3000,20033,4
503,3000,9021,4
584,3000,29023,4
585,3000,13014,4
592,3000,19017,4
662,3000,16008,4
687,3000,9020,4
694,3000,26020,4
709,3000,8026,4
763,3000,8021,4
764,3000,14018,4
776,3000,22019,4
799,3000,5029,4
831,3000,12016,4
873,3000,29021,4
883,3000,16008,4
886,3000,9021,4
903,3000,18005,4
928,3000,15018,4
936,3000,26031,4
955,3000,16019,4
964,3000,13014,4
984,3000,6030,4
997,3000,18009,4
1079,3000,8019,4
1093,3000,2026,4
1134,3000,21018,4
1142,3000,22019,4
1149,3000,9018,4
1167,3000,5029,4
1180,3000,12023,4
1221,3000,9021,4
1238,3000,10026,4
1250,3000,8026,4
1277,3000,12016,4
1281,3000,21018,4
1304,3000,10009,4
1308,3000,26020,4
1312,3000,17018,4
1332,3000,12012,4
1392,3000,19017,4
1415,3000,29023,4
1438,3000,21018,4
1455,3000,21018,4
1460,3000,12016,4
1525,3000,6030,4
1526,3000,2026,4
1771,3000,17003,4
1777,3000,19017,4
1845,3000,11007,4
1886,3000,12012,4
1888,3000,12012,4
1921,3000,10009,4
1958,3000,6015,4
1965,3000,21018,4
1968,3000,8019,4
1994,3000,14016,4
2019,3000,9021,4
2024,3000,18025,4
2028,3000,6030,4
2056,3000,9020,4
2059,3000,12012,4
2075,3000,11021,4
2088,3000,13008,4
2110,3000,9029,4
2199,3000,16017,4
2241,3000,8021,4
2260,3000,8021,4
2263,3000,8019,4
2314,3000,16019,4
2328,3000,6015,4
2385,3000,9018,4
2488,3000,7020,4
2504,3000,7020,4
2557,3000,21036,4
2705,3000,18005,4
2774,3000,21018,4
2834,3000,8026,4
2851,3000,6030,4
2890,3000,20033,4
2912,3000,7020,4
2977,3000,5029,4
3101,3000,9020,4
3103,3000,20033,4
3141,3000,11024,4
3142,3000,22001,4
3181,3000,15023,4
3206,3000,18007,4
3229,3000,9018,4
3231,3000,15018,4
3236,3000,19017,4
3242,3000,14009,4
3278,3000,9018,4
3292,3000,14018,4
3293,3000,9018,4
3312,3000,19017,4
3316,3000,16022,4
3344,3000,9020,4
3351,3000,11024,4
3354,3000,14018,4
3366,3000,9029,4
3377,3000,11024,4
3387,3000,16019,4
3459,3000,15009,4
3504,3000,14016,4
3594,3000,16014,4
3630,3000,16008,4
3635,3000,13014,4
3674,3000,26020,4
3774,3000,11025,4
3799,3000,12023,4
3804,3000,8019,4
3805,3000,9020,4
3825,3000,8026,4
3832,3000,11006,4
3866,3000,7020,4
3870,3000,6023,4
3894,3000,11024,4
3903,3000,14018,4
3944,3000,12023,4
3961,3000,6023,4
3966,3000,18025,4
3974,3000,20033,4
3980,3000,9020,4
4007,3000,15018,4
4028,3000,16014,4
4071,3000,15018,4
4087,3000,17003,4
4116,3000,20033,4
4127,3000,15018,4
4135,3000,9020,4
4159,3000,10009,4
4204,3000,9021,4
4227,3000,22023,4
4229,3000,12016,4
4234,3000,24020,4
4236,3000,8021,4
4268,3000,8026,4
4274,3000,19017,4
4291,3000,9018,4
4299,3000,8026,4
4308,3000,21018,4
4357,3000,11025,4
4365,3000,19036,4
4446,3000,11025,4
4451,3000,5029,4
4458,3000,20033,4
4475,3000,15009,4
4516,3000,22019,4
4517,3000,7020,4
4520,3000,8019,4
4560,3000,20031,4
4577,3000,8034,4
4590,3000,12023,4
4594,3000,14016,4
4774,3000,26031,4
4782,3000,19023,4
4793,3000,18025,4
4837,3000,24028,4
4843,3000,9021,4
4880,3000,8021,4
4886,3000,20033,4
4911,3000,11024,4
4942,3000,8021,4
4961,3000,7020,4
5033,3000,18025,4
5058,3000,11024,4
5137,3000,4029,4
5138,3000,11024,4
5246,3000,26031,4
5266,3000,20033,4
5289,3000,9020,4
5353,3000,22023,4
5399,3000,25019,4
5401,3000,26028,4
5452,3000,9020,4
5461,3000,19023,4
5482,3000,12023,4
5484,3000,12027,4
5509,3000,9013,4
5512,3000,26031,4
5558,3000,11024,4
5580,3000,6030,4
5581,3000,6030,4
5586,3000,15009,4
5597,3000,21018,4
5616,3000,9020,4
5778,3000,16008,4
5797,3000,14016,4
5799,3000,12009,4
5842,3000,9021,4
5848,3000,12012,4
5858,3000,26028,4
5915,3000,9021,4
6056,3000,9021,4
6058,3000,15018,4
6081,3000,8019,4
6092,3000,19023,4
6118,3000,11024,4
6153,3000,8019,4
6182,3000,12025,4
6211,3000,17018,4
6226,3000,12016,4
6262,3000,8026,4
6290,3000,12012,4
6291,3000,12009,4
6298,3000,21018,4
6343,3000,9021,4
6379,3000,11021,4
6448,3000,18025,4
6464,3000,12025,4
6490,3000,12009,4
6517,3000,8019,4
6544,3000,11021,4
6644,3000,12025,4
6715,3000,16017,4
6729,3000,12012,4
6826,3000,17003,4
6904,3000,16014,4
6925,3000,5029,4
6987,3000,21018,4
6996,3000,18022,4
7049,3000,17003,4
7120,3000,18007,4
7185,3000,22023,4
7215,3000,16019,4
7239,3000,16019,4
7268,3000,19017,4
7305,3000,13019,4
7342,3000,15018,4
7375,3000,8019,4
7385,3000,16008,4
7394,3000,19007,4
7421,3000,9029,4
7455,3000,12012,4
7469,3000,6030,4
7471,3000,16008,4
7479,3000,21018,4
7485,3000,12012,4
7518,3000,7020,4
7530,3000,7020,4
7572,3000,20033,4
7583,3000,11021,4
7621,3000,18005,4
7684,3000,8019,4
7709,3000,8026,4
7775,3000,8019,4
7778,3000,6030,4
7782,3000,21018,4
7787,3000,14016,4
7788,3000,11021,4
7830,3000,9021,4
7871,3000,8019,4
7872,3000,8021,4
7890,3000,8021,4
7924,3000,12012,4
7936,3000,8019,4
7938,3000,6030,4
7995,3000,8019,4
8001,3000,11021,4
8076,3000,15018,4
8150,3000,12025,4
8159,3000,26028,4
8206,3000,18005,4
8233,3000,26020,4
8238,3000,12009,4
8261,3000,4029,4
8269,3000,9024,4
8351,3000,26020,4
8362,3000,13008,4
8384,3000,26031,4
8395,3000,20033,4
8445,3000,17018,4
8457,3000,9018,4
8463,3000,8021,4
8537,3000,15018,4
8571,3000,16008,4
8593,3000,8019,4
8601,3000,6015,4
8661,3000,12025,4
8702,3000,4029,4
8717,3000,4029,4
8799,3000,18005,4
8813,3000,19023,4
8827,3000,8019,4
8837,3000,11006,4
8838,3000,23020,4
8851,3000,18005,4
8861,3000,14034,4
8868,3000,11021,4
9024,3000,12023,4
9025,3000,4029,4
9065,3000,9018,4
9104,3000,5029,4
9157,3000,14018,4
9159,3000,18027,4
9231,3000,16027,4
9269,3000,18005,4
9302,3000,17002,4
9369,3000,21018,4
9499,3000,26020,4
9509,3000,26020,4
9526,3000,10026,4
9556,3000,20033,4
9561,3000,22019,4
9693,3000,8021,4
9694,3000,17003,4
9752,3000,19027,4
9783,3000,16023,4
9789,3000,16020,4
9793,3000,17003,4
9865,3000,11024,4
9875,3000,16020,4
9892,3000,9018,4
9943,3000,9013,4
10019,3000,18007,4
10041,3000,17006,4
10077,3000,17006,4
10116,3000,14021,4
10144,3000,17034,4
10146,3000,14016,4
10147,3000,11007,4
10156,3000,6030,4
10174,3000,19017,4
10187,3000,18005,4
10216,3000,9029,4
10239,3000,16017,4
10263,3000,10009,4
10319,3000,15029,4
10332,3000,22034,4
10371,3000,12023,4
10387,3000,12027,4
10410,3000,19017,4
10411,3000,12016,4
10475,3000,17003,4
10487,3000,9018,4
10495,3000,11007,4
10517,3000,22001,4
10534,3000,11021,4
10540,3000,9013,4
10576,3000,13028,4
10591,3000,22019,4
10721,3000,22019,4
10723,3000,16027,4
10825,3000,12009,4
10830,3000,9020,4
10861,3000,14016,4
10929,3000,11021,4
10946,3000,20031,4
11005,3000,10026,4
11019,3000,21004,4
11040,3000,8019,4
11043,3000,21030,4
11082,3000,26038,4
11110,3000,18025,4
11114,3000,14016,4
11167,3000,8026,4
11179,3000,15009,4
11194,3000,16019,4
11217,3000,12025,4
11229,3000,14009,4
11231,3000,9020,4
11252,3000,8021,4
11267,3000,6030,4
11303,3000,9021,4
11348,3000,22019,4
11370,3000,11021,4
11396,3000,12025,4
11520,3000,17003,4
11547,3000,5029,4
11559,3000,22019,4
11728,3000,16014,4
11730,3000,11024,4
11774,3000,12023,4
11793,3000,16027,4
11794,3000,29023,4
11818,3000,11024,4
11835,3000,20033,4
11976,3000,19023,4
11977,3000,14016,4
12008,3000,12023,4
12022,3000,17010,4
12103,3000,12009,4
12112,3000,8021,4
12165,3000,21018,4
12196,3000,12027,4
12243,3000,13019,4
12248,3000,17006,4
12299,3000,11024,4
12408,3000,19017,4
12418,3000,12012,4
12447,3000,9024,4
12505,3000,12025,4
12520,3000,17034,4
12576,3000,16019,4
12583,3000,33043,4
12587,3000,12016,4
12588,3000,7020,4
12617,3000,17006,4
12647,3000,5029,4
12705,3000,12025,4
12709,3000,21018,4
12746,3000,22019,4
12757,3000,19017,4
12794,3000,18026,4
12827,3000,14018,4
12887,3000,16017,4
12919,3000,12025,4
12962,3000,7020,4
12964,3000,9021,4
12970,3000,9021,4
12997,3000,9029,4
13000,3000,22023,4
13005,3000,20033,4
13087,3000,20033,4
13105,3000,8024,4
13203,3000,22019,4
13210,3000,8019,4
13292,3000,9020,4
13365,3000,17006,4
13406,3000,12016,4
13414,3000,9029,4
13435,3000,14018,4
13468,3000,9018,4
13489,3000,12012,4
13501,3000,13008,4
13567,3000,12012,4
13578,3000,9024,4
13606,3000,20033,4
13612,3000,16019,4
13621,3000,19017,4
13637,3000,9029,4
13640,3000,9029,4
13649,3000,14018,4
13678,3000,9020,4
13698,3000,19036,4
13700,3000,18005,4
13731,3000,15018,4
13798,3000,6030,4
13835,3000,20031,4
13905,3000,18026,4
13906,3000,7020,4
13982,3000,11006,4
13990,3000,13014,4
14042,3000,9018,4
14049,3000,6030,4
14059,3000,9013,4
14077,3000,15018,4
14159,3000,21018,4
14251,3000,12016,4
14255,3000,22019,4
14295,3000,17018,4
14370,3000,19023,4
14410,3000,17006,4
14446,3000,19017,4
14449,3000,12012,4
14452,3000,15009,4
14474,3000,16019,4
14503,3000,20036,4
14504,3000,9021,4
14525,3000,7020,4
14546,3000,17034,4
14569,3000,16022,4
14601,3000,9021,4
14624,3000,9020,4
14652,3000,26031,4
14653,3000,15023,4
14658,3000,23033,4
14716,3000,18005,4
14720,3000,9020,4
14732,3000,17006,4
14736,3000,10009,4
14738,3000,17031,4
14758,3000,12027,4
14771,3000,11024,4
14795,3000,13019,4
14825,3000,8019,4
14923,3000,8019,4
14938,3000,9029,4
14948,3000,14018,4
15072,3000,29046,4
15110,3000,9018,4
15125,3000,9020,4
15133,3000,6015,4
15144,3000,7020,4
15172,3000,28044,4
15173,3000,9020,4
15213,3000,9018,4
15293,3000,12023,4
15309,3000,17027,4
15348,3000,18025,4
15375,3000,6030,4
15430,3000,17018,4
15433,3000,15018,4
15448,3000,9029,4
15471,3000,8021,4
15507,3000,12016,4
15529,3000,11007,4
15578,3000,13019,4
15601,3000,15018,4
15654,3000,5029,4
15693,3000,12023,4
15704,3000,22001,4
15742,3000,15018,4
15780,3000,9021,4
15781,3000,19017,4
15784,3000,12023,4
15792,3000,10007,4
15804,3000,19017,4
15900,3000,5029,4
15909,3000,12027,4
15924,3000,8021,4
15967,3000,7020,4
16032,3000,12012,4
16036,3000,9018,4
16043,3000,16008,4
16048,3000,12009,4
16070,3000,12009,4
16099,3000,19017,4
16117,3000,19017,4
16183,3000,6030,4
16231,3000,9020,4
16242,3000,9018,4
16279,3000,8021,4
16285,3000,14018,4
16288,3000,29023,4
16340,3000,13019,4
16374,3000,9020,4
16423,3000,13019,4
16436,3000,8019,4
16490,3000,11021,4
16583,3000,5029,4
16613,3000,9013,4
16631,3000,8026,4
16644,3000,9013,4
16714,3000,14018,4
16730,3000,12025,4
16793,3000,12012,4
16838,3000,8021,4
16857,3000,2026,4
16881,3000,9021,4
16934,3000,16017,4
16957,3000,12012,4
16970,3000,16019,4
17004,3000,22019,4
17031,3000,1024,4
17032,3000,11025,4
17035,3000,9018,4
17043,3000,14018,4
17114,3000,12009,4
17125,3000,11007,4
17128,3000,19023,4
17151,3000,6023,4
17161,3000,14018,4
17210,3000,11024,4
17211,3000,26031,4
17230,3000,8019,4
17231,3000,22019,4
17284,3000,17010,4
17296,3000,14018,4
17304,3000,9020,4
17317,3000,7020,4
17336,3000,16022,4
17383,3000,18025,4
17390,3000,4029,4
17431,3000,12025,4
17433,3000,18005,4
17441,3000,14016,4
17452,3000,8021,4
17474,3000,9018,4
17483,3000,21018,4
17581,3000,8019,4
17636,3000,14025,4
17676,3000,5029,4
17693,3000,6015,4
17780,3000,6015,4
17786,3000,6015,4
17821,3000,17006,4
17829,3000,7020,4
17843,3000,6023,4
17844,3000,17010,4
17978,3000,26031,4
18025,3000,15018,4
18041,3000,8021,4
18086,3000,8021,4
18091,3000,11006,4
18134,3000,12025,4
18163,3000,17006,4
18172,3000,19017,4
18237,3000,18005,4
18363,3000,17018,4
18379,3000,9029,4
18433,3000,8026,4
18489,3000,16019,4
18532,3000,11024,4
18547,3000,34043,4
18561,3000,9013,4
18582,3000,12009,4
18628,3000,28028,4
18632,3000,12023,4
18640,3000,14021,4
18732,3000,20025,4
18755,3000,18005,4
18783,3000,14018,4
18803,3000,12012,4
18806,3000,4029,4
18811,3000,9021,4
18817,3000,9021,4
18829,3000,9021,4
18851,3000,13014,4
18876,3000,4029,4
18899,3000,7020,4
18906,3000,15006,4
18914,3000,21018,4
18932,3000,9029,4
18947,3000,15018,4
18966,3000,21018,4
18972,3000,21004,4
19014,3000,15018,4
19034,3000,18005,4
19057,3000,19017,4
19086,3000,9018,4
19117,3000,8021,4
19134,3000,17003,4
19166,3000,21018,4
19191,3000,16020,4
19210,3000,15006,4
19237,3000,21018,4
19273,3000,12025,4
19276,3000,22019,4
19279,3000,12025,4
19280,3000,6030,4
19286,3000,16019,4
19303,3000,12009,4
19308,3000,16008,4
19309,3000,8024,4
19331,3000,12016,4
19343,3000,16020,4
19372,3000,12016,4
19380,3000,4029,4
19416,3000,18005,4
19431,3000,8024,4
19465,3000,13019,4
19504,3000,21018,4
19516,3000,8019,4
19540,3000,14025,4
19543,3000,4029,4
19548,3000,9021,4
19555,3000,17003,4
19639,3000,13019,4
19693,3000,21018,4
19738,3000,9020,4
19746,3000,13019,4
19761,3000,19017,4
19783,3000,9018,4
19803,3000,19017,4
19814,3000,14025,4
19820,3000,29023,4
19835,3000,9018,4
19863,3000,18005,4
19915,3000,12012,4
19945,3000,18022,4
19973,3000,12016,4
19982,3000,18025,4
19993,3000,16020,4
20005,3000,18005,4
20009,3000,11025,4
20019,3000,12027,4
20046,3000,12027,4
20048,3000,16027,4
20128,3000,17006,4
20136,3000,19017,4
20153,3000,9021,4
20155,3000,6015,4
20161,3000,9024,4
20164,3000,15018,4
20165,3000,8019,4
20170,3000,17006,4
20205,3000,26020,4
20221,3000,13014,4
20246,3000,17018,4
20295,3000,12016,4
20304,3000,14025,4
20322,3000,12025,4
20336,3000,8026,4
20347,3000,9021,4
20398,3000,24020,4
20399,3000,9018,4
20420,3000,12016,4
20469,3000,16019,4
20481,3000,17003,4
20525,3000,7020,4
20573,3000,9024,4
20608,3000,16017,4
20721,3000,8026,4
20770,3000,8024,4
20773,3000,15018,4
8,3000,11017,5
16,3000,19006,5
36,3000,9012,5
40,3000,28027,5
96,3000,10018,5
122,3000,8018,5
157,3000,8017,5
185,3000,11017,5
221,3000,20034,5
228,3000,7030,5
271,3000,9012,5
283,3000,22035,5
312,3000,7030,5
424,3000,8020,5
451,3000,18016,5
453,3000,12007,5
478,3000,13024,5
494,3000,15011,5
523,3000,8020,5
544,3000,13018,5
574,3000,28021,5
596,3000,10023,5
599,3000,20018,5
644,3000,16016,5
653,3000,17016,5
698,3000,20018,5
713,3000,10018,5
716,3000,17019,5
747,3000,24019,5
752,3000,17019,5
775,3000,22035,5
808,3000,18016,5
816,3000,29020,5
866,3000,8018,5
973,3000,26019,5
988,3000,10018,5
995,3000,27022,5
1019,3000,11017,5
1034,3000,8020,5
1077,3000,7030,5
1091,3000,26019,5
1103,3000,8018,5
1128,3000,31042,5
1140,3000,14014,5
1153,3000,24019,5
1171,3000,28021,5
1176,3000,8020,5
1197,3000,18033,5
1231,3000,13007,5
1243,3000,14027,5
1247,3000,16018,5
1263,3000,10018,5
1306,3000,7024,5
1314,3000,8016,5
1340,3000,11017,5
1357,3000,6028,5
1419,3000,27024,5
1422,3000,11017,5
1462,3000,7030,5
1463,3000,18016,5
1490,3000,24036,5
1495,3000,22032,5
1507,3000,11023,5
1522,3000,20034,5
1540,3000,14008,5
1560,3000,17017,5
1627,3000,11012,5
1652,3000,13018,5
1655,3000,28021,5
1661,3000,20018,5
1681,3000,10024,5
1702,3000,14036,5
1734,3000,18016,5
1752,3000,8017,5
1766,3000,8016,5
1824,3000,6028,5
1855,3000,7024,5
1884,3000,27024,5
1946,3000,21024,5
1967,3000,20018,5
1973,3000,8017,5
1979,3000,13016,5
2063,3000,7030,5
2084,3000,23023,5
2094,3000,7024,5
2097,3000,18016,5
2113,3000,8020,5
2137,3000,9023,5
2143,3000,20001,5
2162,3000,8017,5
2203,3000,28021,5
2212,3000,11023,5
2283,3000,17004,5
2297,3000,10013,5
2300,3000,10023,5
2309,3000,17012,5
2383,3000,26034,5
2444,3000,20018,5
2449,3000,10023,5
2479,3000,18033,5
2494,3000,7024,5
2608,3000,6028,5
2652,3000,11017,5
2661,3000,9023,5
2671,3000,12019,5
2704,3000,10029,5
2760,3000,10013,5
2767,3000,14020,5
2823,3000,14020,5
2844,3000,13007,5
2846,3000,11023,5
2887,3000,9023,5
2896,3000,29020,5
2930,3000,10020,5
2978,3000,7030,5
3055,3000,21022,5
3056,3000,21019,5
3066,3000,8016,5
3226,3000,21019,5
3239,3000,21023,5
3248,3000,21019,5
3252,3000,11012,5
3290,3000,12007,5
3296,3000,8018,5
3336,3000,6028,5
3358,3000,13018,5
3384,3000,8020,5
3389,3000,18031,5
3417,3000,18002,5
3448,3000,13016,5
3475,3000,9023,5
3479,3000,6028,5
3617,3000,21023,5
3620,3000,10023,5
3644,3000,9019,5
3670,3000,13016,5
3673,3000,8018,5
3680,3000,17017,5
3708,3000,8020,5
3711,3000,10018,5
3718,3000,10024,5
3722,3000,16016,5
3733,3000,3029,5
3742,3000,10024,5
3769,3000,9019,5
3787,3000,11017,5
3788,3000,10018,5
3800,3000,9012,5
3816,3000,18001,5
3826,3000,12026,5
3837,3000,9019,5
4004,3000,28025,5
4017,3000,9019,5
4115,3000,16037,5
4256,3000,9019,5
4266,3000,14020,5
4275,3000,29019,5
4283,3000,9012,5
4287,3000,14020,5
4333,3000,14036,5
4421,3000,11023,5
4433,3000,10013,5
4439,3000,10024,5
4486,3000,17012,5
4553,3000,11017,5
4556,3000,17016,5
4666,3000,16018,5
4683,3000,20018,5
4687,3000,19000,5
4716,3000,11012,5
4754,3000,26034,5
4766,3000,12026,5
4773,3000,13018,5
4819,3000,9028,5
4851,3000,11023,5
4858,3000,14020,5
4924,3000,8017,5
4930,3000,8020,5
4953,3000,8016,5
4957,3000,10023,5
4960,3000,4030,5
5002,3000,9019,5
5038,3000,8017,5
5043,3000,14020,5
5098,3000,14022,5
5183,3000,11012,5
5194,3000,11023,5
5227,3000,10023,5
5291,3000,14024,5
5352,3000,8016,5
5423,3000,17012,5
5537,3000,21024,5
5603,3000,13007,5
5612,3000,27024,5
5632,3000,16016,5
5647,3000,12026,5
5649,3000,8018,5
5686,3000,8018,5
5726,3000,21023,5
5794,3000,13024,5
5838,3000,17019,5
5855,3000,11017,5
5867,3000,19006,5
5932,3000,13018,5
5989,3000,20018,5
6008,3000,21019,5
6061,3000,28032,5
6105,3000,7030,5
6125,3000,8016,5
6144,3000,12026,5
6175,3000,10013,5
6209,3000,20034,5
6259,3000,8017,5
6273,3000,25027,5
6294,3000,28027,5
6299,3000,8017,5
6315,3000,14014,5
6357,3000,15011,5
6446,3000,12026,5
6460,3000,9012,5
6480,3000,8020,5
6487,3000,21024,5
6493,3000,8016,5
6558,3000,8017,5
6573,3000,9012,5
6671,3000,6028,5
6852,3000,21033,5
6853,3000,12019,5
6900,3000,21019,5
6909,3000,13018,5
6923,3000,10023,5
6953,3000,20018,5
6957,3000,10023,5
6990,3000,14024,5
7003,3000,7024,5
7026,3000,7030,5
7082,3000,9012,5
7101,3000,18028,5
7158,3000,10018,5
7194,3000,7030,5
7202,3000,10020,5
7301,3000,10023,5
7325,3000,11023,5
7345,3000,11012,5
7351,3000,12026,5
7359,3000,17019,5
7390,3000,21033,5
7400,3000,10023,5
7433,3000,17017,5
7436,3000,13016,5
7440,3000,12019,5
7478,3000,7030,5
7510,3000,18031,5
7512,3000,11023,5
7519,3000,17017,5
7539,3000,10023,5
7544,3000,13016,5
7559,3000,8018,5
7577,3000,8017,5
7604,3000,10023,5
7609,3000,16018,5
7638,3000,17019,5
7652,3000,17016,5
7704,3000,18024,5
7723,3000,11023,5
7974,3000,9023,5
8021,3000,6028,5
8043,3000,15011,5
8044,3000,11030,5
8093,3000,8020,5
8113,3000,10023,5
8117,3000,8018,5
8135,3000,20034,5
8158,3000,24019,5
8185,3000,14020,5
8187,3000,21023,5
8195,3000,12026,5
8277,3000,11017,5
8374,3000,8018,5
8417,3000,10018,5
8450,3000,8016,5
8461,3000,17012,5
8473,3000,9028,5
8545,3000,11023,5
8625,3000,13018,5
8627,3000,8016,5
8633,3000,17019,5
8652,3000,7029,5
8707,3000,6028,5
8719,3000,20018,5
8750,3000,27024,5
8770,3000,8016,5
8847,3000,17019,5
8943,3000,11017,5
8968,3000,21028,5
9031,3000,11017,5
9076,3000,12029,5
9093,3000,12019,5
9099,3000,13007,5
9137,3000,10023,5
9139,3000,12007,5
9142,3000,21024,5
9184,3000,11023,5
9307,3000,17028,5
9316,3000,14027,5
9406,3000,21022,5
9431,3000,21024,5
9432,3000,24019,5
9508,3000,10018,5
9692,3000,8020,5
9703,3000,8017,5
9740,3000,10013,5
9796,3000,15011,5
9822,3000,4030,5
9845,3000,18036,5
9956,3000,18016,5
9981,3000,21023,5
9984,3000,8016,5
10040,3000,8017,5
10076,3000,12019,5
10082,3000,15011,5
10161,3000,18001,5
10165,3000,8018,5
10178,3000,8018,5
10186,3000,11023,5
10208,3000,28021,5
10247,3000,8020,5
10260,3000,8018,5
10312,3000,23028,5
10337,3000,10020,5
10351,3000,17019,5
10472,3000,8020,5
10483,3000,8016,5
10544,3000,7030,5
10549,3000,11023,5
10599,3000,23023,5
10634,3000,16016,5
10671,3000,2029,5
10686,3000,11023,5
10711,3000,9019,5
10806,3000,21023,5
10823,3000,8020,5
10952,3000,17019,5
10970,3000,8016,5
10989,3000,13016,5
11038,3000,17004,5
11065,3000,29039,5
11134,3000,18016,5
11147,3000,7030,5
11180,3000,11017,5
11196,3000,27024,5
11219,3000,14020,5
11365,3000,8020,5
11373,3000,21023,5
11381,3000,15024,5
11391,3000,18001,5
11444,3000,22035,5
11484,3000,10013,5
11486,3000,10013,5
11512,3000,17016,5
11525,3000,12026,5
11531,3000,14008,5
11605,3000,21033,5
11616,3000,13016,5
11667,3000,15011,5
11690,3000,14020,5
11702,3000,18031,5
11710,3000,21022,5
11743,3000,16018,5
11753,3000,11030,5
11777,3000,8018,5
11800,3000,20018,5
11900,3000,13007,5
11926,3000,8020,5
11939,3000,8017,5
11994,3000,20035,5
12106,3000,20018,5
12145,3000,7024,5
12164,3000,6028,5
12182,3000,26,5
12191,3000,21019,5
12337,3000,6028,5
12367,3000,13007,5
12386,3000,9019,5
12397,3000,11012,5
12402,3000,17019,5
12442,3000,19000,5
12518,3000,18001,5
12623,3000,10020,5
12630,3000,17019,5
12740,3000,8016,5
12777,3000,10020,5
12867,3000,18016,5
12903,3000,12019,5
12938,3000,9019,5
12941,3000,8017,5
12966,3000,21023,5
13047,3000,8029,5
13096,3000,11012,5
13113,3000,17019,5
13157,3000,25027,5
13230,3000,17017,5
13235,3000,18016,5
13263,3000,9019,5
13268,3000,10023,5
13287,3000,10029,5
13302,3000,10018,5
13303,3000,9023,5
13331,3000,8017,5
13342,3000,13016,5
13368,3000,16016,5
13371,3000,10020,5
13375,3000,20034,5
13420,3000,10024,5
13444,3000,28027,5
13451,3000,11012,5
13502,3000,16016,5
13524,3000,10013,5
13546,3000,9019,5
13561,3000,10018,5
13602,3000,13018,5
13653,3000,10013,5
13711,3000,31028,5
13780,3000,16016,5
13808,3000,8016,5
13894,3000,10020,5
13939,3000,10013,5
14061,3000,7030,5
14073,3000,7029,5
14104,3000,27024,5
14188,3000,9028,5
14245,3000,11023,5
14283,3000,11017,5
14312,3000,11023,5
14321,3000,21024,5
14322,3000,9023,5
14328,3000,21023,5
14355,3000,8018,5
14385,3000,15011,5
14394,3000,12006,5
14395,3000,10029,5
14403,3000,28021,5
14412,3000,23023,5
14420,3000,10013,5
14472,3000,7030,5
14521,3000,15024,5
14524,3000,14027,5
14594,3000,7024,5
14641,3000,8020,5
14648,3000,10023,5
14656,3000,13016,5
14673,3000,11030,5
14748,3000,29020,5
14749,3000,13016,5
14784,3000,8018,5
14786,3000,13018,5
14796,3000,18016,5
14831,3000,10013,5
14839,3000,14014,5
14850,3000,8020,5
14857,3000,14008,5
14927,3000,14014,5
14953,3000,15035,5
14980,3000,10018,5
14987,3000,19025,5
15096,3000,13024,5
15122,3000,18016,5
15204,3000,10013,5
15249,3000,8017,5
15284,3000,8020,5
15328,3000,6028,5
15380,3000,20018,5
15382,3000,12006,5
15399,3000,8017,5
15454,3000,8017,5
15458,3000,12029,5
15459,3000,9012,5
15473,3000,17016,5
15500,3000,8018,5
15519,3000,8016,5
15549,3000,14027,5
15613,3000,10013,5
15644,3000,14020,5
15648,3000,13018,5
15667,3000,8017,5
15694,3000,10013,5
15721,3000,13018,5
15777,3000,9023,5
15782,3000,10024,5
15822,3000,20018,5
15868,3000,8017,5
15925,3000,27024,5
15929,3000,10018,5
15957,3000,21019,5
15968,3000,10018,5
16031,3000,14020,5
16071,3000,12007,5
16127,3000,8020,5
16144,3000,28027,5
16182,3000,11017,5
16204,3000,12019,5
16259,3000,15024,5
16284,3000,14027,5
16299,3000,18031,5
16333,3000,23023,5
16356,3000,9019,5
16378,3000,27024,5
16392,3000,8020,5
16403,3000,17019,5
16414,3000,10023,5
16428,3000,12019,5
16429,3000,9019,5
16494,3000,12026,5
16502,3000,10029,5
16509,3000,9019,5
16550,3000,17017,5
16562,3000,8016,5
16566,3000,13007,5
16596,3000,7030,5
16634,3000,8029,5
16660,3000,16016,5
16668,3000,8018,5
16678,3000,11012,5
16693,3000,18016,5
16699,3000,9019,5
16769,3000,21023,5
16801,3000,11017,5
16820,3000,12026,5
16833,3000,13018,5
16868,3000,8029,5
16904,3000,14008,5
16930,3000,16016,5
16941,3000,18016,5
16968,3000,8018,5
17050,3000,12007,5
17059,3000,14020,5
17062,3000,10018,5
17085,3000,12006,5
17119,3000,8016,5
17120,3000,10024,5
17167,3000,21024,5
17214,3000,18001,5
17216,3000,8016,5
17224,3000,9012,5
17235,3000,21024,5
17246,3000,15011,5
17257,3000,15011,5
17262,3000,12026,5
17323,3000,11023,5
17348,3000,7029,5
17349,3000,11012,5
17384,3000,10029,5
17419,3000,7029,5
17440,3000,15011,5
17478,3000,21023,5
17491,3000,8020,5
17502,3000,11008,5
17538,3000,29020,5
17560,3000,8016,5
17570,3000,11017,5
17601,3000,8018,5
17613,3000,24019,5
17670,3000,23017,5
17672,3000,8018,5
17673,3000,10018,5
17691,3000,21023,5
17701,3000,14008,5
17711,3000,10018,5
17745,3000,6028,5
17806,3000,13024,5
17827,3000,24019,5
17837,3000,27024,5
17887,3000,12026,5
17888,3000,12029,5
17954,3000,11012,5
17997,3000,8016,5
18029,3000,8018,5
18037,3000,21024,5
18071,3000,9023,5
18113,3000,12026,5
18145,3000,29019,5
18156,3000,12026,5
18187,3000,8017,5
18200,3000,11012,5
18223,3000,10024,5
18226,3000,11017,5
18239,3000,12026,5
18241,3000,29020,5
18267,3000,15011,5
18277,3000,12007,5
18287,3000,11017,5
18293,3000,17016,5
18313,3000,10024,5
18314,3000,12019,5
18332,3000,24019,5
18372,3000,15011,5
18384,3000,10018,5
18388,3000,8020,5
18401,3000,11017,5
18445,3000,9012,5
18456,3000,10029,5
18467,3000,13016,5
18468,3000,9012,5
18485,3000,18002,5
18523,3000,14008,5
18528,3000,8018,5
18546,3000,27024,5
18549,3000,10030,5
18575,3000,8018,5
18592,3000,8017,5
18596,3000,10027,5
18600,3000,10018,5
18608,3000,24027,5
18639,3000,8017,5
18670,3000,26030,5
18672,3000,10023,5
18698,3000,17019,5
18704,3000,23023,5
18724,3000,10029,5
18745,3000,13016,5
18756,3000,17016,5
18770,3000,11030,5
18787,3000,24019,5
18790,3000,16021,5
18805,3000,13016,5
18808,3000,7030,5
18832,3000,12026,5
18870,3000,13018,5
18884,3000,12019,5
18901,3000,10013,5
18902,3000,21022,5
18908,3000,11012,5
18910,3000,21023,5
18958,3000,20018,5
19017,3000,13007,5
19037,3000,9028,5
19051,3000,10013,5
19084,3000,10013,5
19098,3000,18016,5
19115,3000,18028,5
19159,3000,24019,5
19160,3000,9027,5
19167,3000,10024,5
19183,3000,10018,5
19249,3000,10023,5
19252,3000,11012,5
19253,3000,25030,5
19262,3000,16018,5
19333,3000,10020,5
19347,3000,18016,5
19355,3000,8020,5
19444,3000,10023,5
19534,3000,14027,5
19560,3000,21019,5
19577,3000,21019,5
19606,3000,6028,5
19656,3000,4030,5
19662,3000,4030,5
19666,3000,14027,5
19709,3000,8020,5
19737,3000,9019,5
19767,3000,7030,5
19773,3000,17012,5
19775,3000,18031,5
19778,3000,9027,5
19802,3000,7029,5
19839,3000,16016,5
19867,3000,9019,5
19869,3000,11012,5
19876,3000,17012,5
19881,3000,12026,5
19899,3000,10018,5
19900,3000,31028,5
19963,3000,16018,5
19977,3000,10024,5
19984,3000,17019,5
20044,3000,10024,5
20076,3000,11023,5
20087,3000,10024,5
20118,3000,20018,5
20172,3000,17012,5
20179,3000,25027,5
20229,3000,27024,5
20239,3000,10018,5
20248,3000,9012,5
20254,3000,8016,5
20294,3000,13018,5
20297,3000,14027,5
20311,3000,18016,5
20313,3000,13004,5
20344,3000,12019,5
20357,3000,14027,5
20370,3000,10023,5
20373,3000,11023,5
20402,3000,16016,5
20448,3000,14027,5
20451,3000,9027,5
20456,3000,18016,5
20465,3000,18016,5
20489,3000,14027,5
20493,3000,8017,5
20513,3000,10013,5
20527,3000,21023,5
20548,3000,7030,5
20581,3000,13018,5
20594,3000,6028,5
20600,3000,11023,5
20633,3000,21024,5
20646,3000,14027,5
20654,3000,17016,5
20674,3000,8016,5
20692,3000,8017,5
20754,3000,10023,5
20772,3000,13018,5
36,5000,5007,1
46,5000,10004,1
58,5000,7007,1
59,5000,4016,1
101,5000,6011,1
139,5000,9006,1
242,5000,7007,1
271,5000,5007,1
350,5000,4016,1
403,5000,4016,1
432,5000,4016,1
447,5000,6009,1
456,5000,3018,1
458,5000,6005,1
494,5000,9006,1
574,5000,16012,1
616,5000,8006,1
640,5000,6011,1
647,5000,5016,1
659,5000,9012,1
660,5000,4016,1
695,5000,6011,1
709,5000,4016,1
713,5000,6011,1
723,5000,6007,1
837,5000,3015,1
906,5000,10006,1
924,5000,7007,1
984,5000,3018,1
988,5000,6011,1
1064,5000,6009,1
1070,5000,4015,1
1090,5000,12002,1
1133,5000,3018,1
1197,5000,11020,1
1244,5000,6007,1
1263,5000,6011,1
1285,5000,16014,1
1287,5000,16014,1
1304,5000,6005,1
1332,5000,7007,1
1371,5000,4016,1
1372,5000,16014,1
1419,5000,16014,1
1525,5000,3018,1
1627,5000,6007,1
1655,5000,16012,1
1658,5000,7007,1
1691,5000,6009,1
1751,5000,8006,1
1762,5000,6009,1
1771,5000,10002,1
1837,5000,5020,1
1856,5000,11020,1
1884,5000,16014,1
1886,5000,7007,1
1888,5000,7007,1
1895,5000,10004,1
1900,5000,6009,1
1915,5000,7013,1
1921,5000,6005,1
1932,5000,6009,1
1944,5000,5016,1
1954,5000,8006,1
1958,5000,3009,1
2045,5000,8006,1
2059,5000,7007,1
2085,5000,12002,1
2128,5000,6011,1
2143,5000,12000,1
2148,5000,4015,1
2186,5000,4016,1
2187,5000,4015,1
2203,5000,16012,1
2253,5000,7013,1
2283,5000,10002,1
2328,5000,3009,1
2383,5000,15020,1
2458,5000,6009,1
2479,5000,11020,1
2506,5000,7013,1
2556,5000,9007,1
2569,5000,9006,1
2583,5000,8006,1
2598,5000,9007,1
2621,5000,6007,1
2638,5000,6009,1
2649,5000,4015,1
2680,5000,1016,1
2695,5000,4015,1
2760,5000,6007,1
2812,5000,7007,1
2834,5000,5016,1
2851,5000,3018,1
2857,5000,6011,1
2873,5000,16014,1
2877,5000,7017,1
2885,5000,3018,1
2951,5000,8006,1
3030,5000,9006,1
3046,5000,5016,1
3119,5000,9006,1
3122,5000,4019,1
3173,5000,11020,1
3183,5000,9006,1
3206,5000,10004,1
3249,5000,6007,1
3252,5000,6007,1
3270,5000,6009,1
3336,5000,4016,1
3342,5000,4016,1
3417,5000,10001,1
3436,5000,15020,1
3454,5000,6009,1
3469,5000,3018,1
3510,5000,8006,1
3518,5000,9007,1
3542,5000,3015,1
3568,5000,6007,1
3634,5000,8006,1
3637,5000,4016,1
3711,5000,6011,1
3721,5000,6009,1
3756,5000,4015,1
3800,5000,5007,1
3823,5000,4015,1
3825,5000,5016,1
3868,5000,7013,1
3879,5000,8006,1
3880,5000,6011,1
3936,5000,4016,1
3940,5000,3018,1
3948,5000,4015,1
3952,5000,6007,1
3956,5000,6011,1
4004,5000,17015,1
4048,5000,11020,1
4049,5000,9007,1
4058,5000,9012,1
4086,5000,4016,1
4087,5000,10002,1
4111,5000,6009,1
4131,5000,16014,1
4146,5000,3015,1
4159,5000,6005,1
4160,5000,7007,1
4182,5000,6011,1
4206,5000,16014,1
4270,5000,16012,1
4283,5000,5007,1
4298,5000,4016,1
4299,5000,4015,1
4302,5000,6011,1
4339,5000,4016,1
4406,5000,6009,1
4429,5000,4015,1
4464,5000,4016,1
4529,5000,16014,1
4541,5000,6009,1
4577,5000,5020,1
4591,5000,4015,1
4633,5000,3015,1
4653,5000,10006,1
4716,5000,6007,1
4730,5000,6009,1
4754,5000,15020,1
4912,5000,8006,1
4935,5000,2014,1
4939,5000,4016,1
4951,5000,9007,1
4960,5000,2018,1
5019,5000,9012,1
5047,5000,8017,1
5098,5000,8013,1
5112,5000,16012,1
5117,5000,7007,1
5162,5000,7007,1
5183,5000,7007,1
5201,5000,5016,1
5210,5000,5020,1
5255,5000,6009,1
5259,5000,4015,1
5271,5000,16014,1
5298,5000,6009,1
5397,5000,5016,1
5509,5000,5007,1
5557,5000,10002,1
5580,5000,3018,1
5581,5000,3018,1
5612,5000,16014,1
5656,5000,6009,1
5674,5000,9007,1
5717,5000,6009,1
5773,5000,9006,1
5844,5000,8006,1
5848,5000,7007,1
5881,5000,10006,1
6020,5000,5016,1
6022,5000,8006,1
6029,5000,8006,1
6043,5000,11020,1
6075,5000,16014,1
6104,5000,4016,1
6163,5000,8006,1
6175,5000,6007,1
6183,5000,16014,1
6193,5000,6011,1
6196,5000,7007,1
6262,5000,4015,1
6290,5000,7007,1
6307,5000,10006,1
6319,5000,12002,1
6357,5000,9006,1
6411,5000,8006,1
6415,5000,8006,1
6460,5000,5007,1
6469,5000,7007,1
6573,5000,5007,1
6600,5000,7013,1
6729,5000,7007,1
6737,5000,6009,1
6742,5000,12002,1
6800,5000,11020,1
6806,5000,6009,1
6809,5000,6009,1
6814,5000,4016,1
6819,5000,4015,1
6821,5000,7013,1
6826,5000,10002,1
6841,5000,6011,1
6943,5000,6011,1
6984,5000,6009,1
7017,5000,12002,1
7049,5000,10002,1
7067,5000,4016,1
7082,5000,5007,1
7123,5000,16014,1
7138,5000,6009,1
7154,5000,9007,1
7158,5000,6011,1
7200,5000,4016,1
7317,5000,9007,1
7345,5000,6007,1
7364,5000,9006,1
7428,5000,16014,1
7455,5000,7007,1
7469,5000,3018,1
7485,5000,7007,1
7492,5000,11020,1
7512,5000,7013,1
7540,5000,6009,1
7601,5000,6007,1
7642,5000,4016,1
7651,5000,1016,1
7685,5000,5016,1
7748,5000,4015,1
7778,5000,3018,1
7844,5000,7013,1
7845,5000,8006,1
7855,5000,6009,1
7857,5000,14020,1
7888,5000,12002,1
7894,5000,8006,1
7924,5000,7007,1
7938,5000,3018,1
7952,5000,4016,1
8001,5000,7013,1
8043,5000,9006,1
8044,5000,6018,1
8052,5000,8017,1
8062,5000,6009,1
8134,5000,9006,1
8138,5000,6011,1
8147,5000,16012,1
8157,5000,3015,1
8170,5000,8006,1
8324,5000,8006,1
8379,5000,6011,1
8388,5000,6009,1
8435,5000,4015,1
8444,5000,5016,1
8473,5000,5016,1
8479,5000,3018,1
8492,5000,9006,1
8494,5000,4015,1
8543,5000,7007,1
8601,5000,3009,1
8629,5000,11020,1
8649,5000,1016,1
8723,5000,4016,1
8750,5000,16014,1
8788,5000,6009,1
8790,5000,6011,1
8817,5000,4016,1
8861,5000,8020,1
8864,5000,6007,1
8865,5000,16014,1
8884,5000,12002,1
8892,5000,6009,1
8918,5000,4016,1
8963,5000,6007,1
8968,5000,12016,1
8978,5000,6011,1
9010,5000,6011,1
9024,5000,7013,1
9044,5000,11020,1
9069,5000,6011,1
9076,5000,7017,1
9109,5000,3018,1
9153,5000,4015,1
9159,5000,11016,1
9170,5000,8006,1
9178,5000,8006,1
9193,5000,3015,1
9212,5000,7007,1
9213,5000,15020,1
9234,5000,8006,1
9259,5000,3015,1
9287,5000,3012,1
9299,5000,12002,1
9302,5000,10001,1
9327,5000,4016,1
9405,5000,8006,1
9499,5000,16012,1
9508,5000,6011,1
9542,5000,6011,1
9655,5000,16014,1
9675,5000,8006,1
9681,5000,3015,1
9694,5000,10001,1
9711,5000,5016,1
9723,5000,17015,1
9752,5000,11016,1
9789,5000,9012,1
9793,5000,10002,1
9796,5000,9006,1
9802,5000,6011,1
9822,5000,2018,1
9823,5000,8006,1
9875,5000,9012,1
9888,5000,3015,1
9926,5000,6005,1
9943,5000,5007,1
9944,5000,6009,1
10026,5000,3015,1
10082,5000,9006,1
10114,5000,11020,1
10142,5000,11020,1
10145,5000,6005,1
10153,5000,6011,1
10156,5000,3018,1
10169,5000,8006,1
10200,5000,16012,1
10208,5000,16012,1
10263,5000,6005,1
10370,5000,2014,1
10397,5000,6007,1
10404,5000,4016,1
10440,5000,16012,1
10475,5000,10002,1
10476,5000,12002,1
10517,5000,13001,1
10540,5000,5007,1
10548,5000,5016,1
10568,5000,7013,1
10571,5000,6009,1
10576,5000,8017,1
10604,5000,6011,1
10610,5000,3018,1
10671,5000,1017,1
10753,5000,3018,1
10776,5000,4016,1
10783,5000,11020,1
10847,5000,6007,1
10864,5000,12000,1
10869,5000,10006,1
11000,5000,7013,1
11003,5000,7013,1
11019,5000,12002,1
11032,5000,17015,1
11038,5000,10002,1
11054,5000,3018,1
11056,5000,8006,1
11058,5000,6009,1
11065,5000,17023,1
11070,5000,3018,1
11095,5000,4016,1
11102,5000,12000,1
11167,5000,4015,1
11178,5000,4015,1
11187,5000,12002,1
11193,5000,3015,1
11196,5000,16014,1
11238,5000,6009,1
11286,5000,7007,1
11340,5000,9006,1
11391,5000,10001,1
11410,5000,12000,1
11520,5000,10001,1
11529,5000,4015,1
11607,5000,5016,1
11621,5000,6009,1
11667,5000,9006,1
11695,5000,6011,1
11723,5000,3018,1
11744,5000,11020,1
11753,5000,6018,1
11823,5000,4016,1
11897,5000,7007,1
11923,5000,10006,1
12008,5000,7013,1
12015,5000,7017,1
12021,5000,16014,1
12022,5000,10006,1
12036,5000,1016,1
12077,5000,15020,1
12093,5000,9006,1
12111,5000,8006,1
12114,5000,6009,1
12122,5000,3015,1
12203,5000,11020,1
12248,5000,10004,1
12275,5000,7007,1
12276,5000,16014,1
12305,5000,8006,1
12327,5000,4016,1
12369,5000,8006,1
12397,5000,6007,1
12418,5000,7007,1
12564,5000,6007,1
12581,5000,6009,1
12659,5000,8006,1
12743,5000,4016,1
12761,5000,12002,1
12932,5000,6007,1
12956,5000,4016,1
12979,5000,7007,1
13061,5000,6009,1
13078,5000,6009,1
13089,5000,6005,1
13096,5000,6007,1
13114,5000,10006,1
13167,5000,8006,1
13293,5000,16014,1
13294,5000,3015,1
13349,5000,7013,1
13358,5000,4016,1
13386,5000,4016,1
13432,5000,6011,1
13434,5000,4016,1
13447,5000,1016,1
13451,5000,6007,1
13489,5000,7007,1
13511,5000,7007,1
13542,5000,15026,1
13561,5000,6011,1
13567,5000,7007,1
13576,5000,6009,1
13592,5000,6009,1
13613,5000,8006,1
13653,5000,6007,1
13675,5000,3015,1
13737,5000,4016,1
13744,5000,4016,1
13764,5000,12002,1
13798,5000,3018,1
13850,5000,11020,1
13975,5000,10006,1
14049,5000,3018,1
14104,5000,16014,1
14112,5000,5016,1
14187,5000,6011,1
14189,5000,12002,1
14229,5000,6007,1
14230,5000,6009,1
14238,5000,1016,1
14385,5000,9006,1
14403,5000,16012,1
14410,5000,10004,1
14449,5000,7007,1
14494,5000,6009,1
14500,5000,16014,1
14520,5000,6009,1
14658,5000,14020,1
14660,5000,4015,1
14673,5000,6018,1
14692,5000,6009,1
14700,5000,9007,1
14703,5000,4016,1
14736,5000,6005,1
14841,5000,9007,1
14897,5000,3015,1
14906,5000,7017,1
14998,5000,4016,1
15007,5000,9006,1
15051,5000,6009,1
15090,5000,6009,1
15105,5000,8006,1
15106,5000,4015,1
15163,5000,6011,1
15204,5000,6007,1
15218,5000,6009,1
15262,5000,5016,1
15341,5000,7013,1
15375,5000,3018,1
15432,5000,9012,1
15443,5000,4016,1
15458,5000,7017,1
15459,5000,5007,1
15460,5000,6009,1
15486,5000,4016,1
15509,5000,4015,1
15514,5000,12016,1
15520,5000,14018,1
15581,5000,16014,1
15585,5000,10006,1
15642,5000,16012,1
15646,5000,7007,1
15683,5000,8017,1
15745,5000,7017,1
15755,5000,6009,1
15812,5000,9012,1
15864,5000,6011,1
15904,5000,6005,1
15905,5000,16014,1
15925,5000,16014,1
15968,5000,6011,1
15998,5000,7007,1
16032,5000,7007,1
16037,5000,12016,1
16039,5000,4016,1
16058,5000,8006,1
16072,5000,8006,1
16098,5000,6009,1
16103,5000,6007,1
16183,5000,3018,1
16216,5000,7013,1
16248,5000,9012,1
16331,5000,3018,1
16378,5000,16014,1
16437,5000,6007,1
16515,5000,4015,1
16541,5000,6009,1
16567,5000,6005,1
16586,5000,3018,1
16625,5000,6011,1
16644,5000,5007,1
16656,5000,4016,1
16670,5000,3015,1
16678,5000,7007,1
16754,5000,7013,1
16759,5000,12002,1
16789,5000,6009,1
16793,5000,7007,1
16824,5000,3015,1
16830,5000,6011,1
16844,5000,2014,1
16857,5000,1016,1
16871,5000,8006,1
16898,5000,7007,1
16957,5000,7007,1
16959,5000,8017,1
16999,5000,4015,1
17037,5000,9007,1
17062,5000,6011,1
17079,5000,4016,1
17085,5000,7003,1
17115,5000,6009,1
17118,5000,7013,1
17148,5000,10014,1
17162,5000,8006,1
17224,5000,5007,1
17246,5000,9006,1
17249,5000,9007,1
17257,5000,9006,1
17284,5000,10006,1
17293,5000,8006,1
17315,5000,8006,1
17347,5000,6009,1
17349,5000,6007,1
17350,5000,4016,1
17373,5000,6007,1
17429,5000,6009,1
17440,5000,9006,1
17462,5000,4015,1
17502,5000,6005,1
17511,5000,6011,1
17529,5000,3018,1
17649,5000,6009,1
17663,5000,9006,1
17711,5000,6011,1
17726,5000,4016,1
17733,5000,6009,1
17740,5000,6007,1
17771,5000,3015,1
17772,5000,4016,1
17780,5000,3009,1
17781,5000,9006,1
17786,5000,3009,1
17793,5000,4015,1
17831,5000,8006,1
17837,5000,16014,1
17844,5000,10006,1
17845,5000,4016,1
17888,5000,7017,1
17934,5000,6009,1
17954,5000,6007,1
17989,5000,6009,1
18031,5000,10004,1
18067,5000,6005,1
18069,5000,5016,1
18076,5000,4015,1
18081,5000,7017,1
18088,5000,9006,1
18108,5000,4015,1
18129,5000,9006,1
18133,5000,6005,1
18185,5000,7007,1
18200,5000,6007,1
18202,5000,3018,1
18267,5000,9006,1
18269,5000,8013,1
18299,5000,3015,1
18306,5000,16014,1
18365,5000,6009,1
18372,5000,9006,1
18384,5000,6011,1
18445,5000,5007,1
18468,5000,5007,1
18542,5000,16012,1
18546,5000,16014,1
18549,5000,6018,1
18561,5000,5007,1
18580,5000,5016,1
18600,5000,6011,1
18632,5000,7013,1
18640,5000,8013,1
18713,5000,9006,1
18770,5000,6018,1
18803,5000,7007,1
18820,5000,5016,1
18854,5000,16012,1
18864,5000,6009,1
18901,5000,6007,1
18908,5000,6007,1
18972,5000,12002,1
18990,5000,8006,1
18991,5000,8006,1
19056,5000,6011,1
19072,5000,3015,1
19085,5000,9007,1
19087,5000,7007,1
19093,5000,4016,1
19104,5000,6009,1
19106,5000,6009,1
19119,5000,7013,1
19134,5000,10001,1
19160,5000,5016,1
19180,5000,10014,1
19191,5000,9012,1
19252,5000,6007,1
19258,5000,9006,1
19265,5000,4016,1
19280,5000,3018,1
19339,5000,6011,1
19343,5000,9012,1
19351,5000,4016,1
19358,5000,6009,1
19413,5000,7013,1
19432,5000,4015,1
19483,5000,8006,1
19524,5000,1016,1
19555,5000,10002,1
19557,5000,8006,1
19571,5000,16014,1
19638,5000,6007,1
19656,5000,2018,1
19662,5000,2018,1
19723,5000,4015,1
19778,5000,5016,1
19781,5000,6011,1
19800,5000,7013,1
19869,5000,7007,1
19915,5000,7007,1
19923,5000,4016,1
19930,5000,4016,1
19931,5000,5016,1
19964,5000,7003,1
19993,5000,9012,1
20011,5000,6009,1
20069,5000,6009,1
20170,5000,10004,1
20229,5000,16014,1
20248,5000,5007,1
20253,5000,4016,1
20298,5000,6011,1
20305,5000,6011,1
20321,5000,8017,1
20405,5000,12002,1
20451,5000,5016,1
20459,5000,16014,1
20481,5000,10002,1
20484,5000,12002,1
20497,5000,8006,1
20501,5000,6011,1
20513,5000,6007,1
20515,5000,6009,1
20533,5000,8006,1
20541,5000,6007,1
20594,5000,4016,1
20634,5000,5016,1
20691,5000,6009,1
20721,5000,4015,1
20759,5000,3015,1
2,5000,4018,2
29,5000,5012,2
85,5000,6012,2
122,5000,5011,2
144,5000,8010,2
173,5000,6012,2
221,5000,12020,2
228,5000,4018,2
237,5000,4012,2
241,5000,17013,2
283,5000,13021,2
297,5000,16018,2
299,5000,8010,2
312,5000,4018,2
313,5000,9017,2
320,5000,6012,2
339,5000,8011,2
410,5000,15014,2
424,5000,5012,2
442,5000,12020,2
443,5000,7014,2
503,5000,5012,2
523,5000,4012,2
529,5000,10008,2
544,5000,8011,2
549,5000,10009,2
584,5000,17014,2
599,5000,12011,2
648,5000,6012,2
653,5000,10009,2
678,5000,6012,2
687,5000,5012,2
698,5000,12011,2
724,5000,10009,2
734,5000,6012,2
747,5000,14011,2
763,5000,5012,2
764,5000,8011,2
775,5000,13021,2
792,5000,12012,2
849,5000,7014,2
873,5000,17013,2
880,5000,10009,2
886,5000,5012,2
936,5000,15018,2
973,5000,15011,2
1034,5000,5012,2
1035,5000,5006,2
1077,5000,4018,2
1091,5000,15011,2
1117,5000,9016,2
1144,5000,9015,2
1149,5000,5011,2
1153,5000,14011,2
1176,5000,5012,2
1180,5000,7014,2
1222,5000,4012,2
1243,5000,8016,2
1251,5000,10009,2
1281,5000,12011,2
1415,5000,17013,2
1455,5000,12011,2
1462,5000,4018,2
1463,5000,10009,2
1522,5000,12020,2
1560,5000,10010,2
1615,5000,10009,2
1661,5000,12011,2
1713,5000,15018,2
1722,5000,12017,2
1734,5000,10009,2
1801,5000,5006,2
1817,5000,10010,2
1968,5000,5011,2
2019,5000,5012,2
2020,5000,6012,2
2028,5000,4018,2
2056,5000,5012,2
2063,5000,4018,2
2069,5000,10010,2
2075,5000,6012,2
2089,5000,8016,2
2097,5000,10010,2
2113,5000,5012,2
2120,5000,8010,2
2172,5000,17013,2
2179,5000,8010,2
2188,5000,9017,2
2241,5000,4012,2
2260,5000,5012,2
2263,5000,5011,2
2285,5000,12012,2
2287,5000,8011,2
2370,5000,12011,2
2444,5000,12011,2
2485,5000,11002,2
2488,5000,4012,2
2504,5000,4012,2
2703,5000,8010,2
2822,5000,9016,2
2861,5000,10010,2
2868,5000,9015,2
2881,5000,8010,2
2912,5000,4012,2
2914,5000,1013,2
2930,5000,6012,2
2978,5000,4018,2
3003,5000,6012,2
3004,5000,12011,2
3018,5000,4018,2
3053,5000,4012,2
3056,5000,12011,2
3101,5000,5012,2
3107,5000,12012,2
3127,5000,7014,2
3165,5000,7014,2
3201,5000,12012,2
3226,5000,12011,2
3229,5000,5011,2
3248,5000,12011,2
3292,5000,8011,2
3293,5000,5011,2
3320,5000,8010,2
3344,5000,5012,2
3354,5000,8010,2
3358,5000,8011,2
3384,5000,5012,2
3404,5000,9016,2
3476,5000,8011,2
3499,5000,12015,2
3504,5000,8010,2
3546,5000,7014,2
3605,5000,15014,2
3638,5000,8011,2
3644,5000,5011,2
3680,5000,10010,2
3708,5000,4012,2
3735,5000,4018,2
3755,5000,4012,2
3769,5000,5011,2
3799,5000,7014,2
3804,5000,5011,2
3805,5000,5012,2
3816,5000,11001,2
3837,5000,5011,2
3866,5000,4012,2
3894,5000,7014,2
3903,5000,8010,2
3932,5000,10009,2
3944,5000,7014,2
3980,5000,5012,2
4017,5000,5011,2
4116,5000,12020,2
4123,5000,9016,2
4135,5000,5012,2
4142,5000,9017,2
4204,5000,5012,2
4211,5000,14011,2
4234,5000,14012,2
4236,5000,5012,2
4256,5000,5011,2
4291,5000,5011,2
4300,5000,17013,2
4311,5000,10021,2
4365,5000,11021,2
4505,5000,11001,2
4517,5000,4012,2
4520,5000,5011,2
4556,5000,10009,2
4590,5000,7014,2
4632,5000,12012,2
4769,5000,8010,2
4774,5000,15018,2
4907,5000,10010,2
4930,5000,5012,2
4942,5000,5012,2
4961,5000,4012,2
5002,5000,5011,2
5012,5000,6012,2
5191,5000,9017,2
5205,5000,12011,2
5246,5000,15018,2
5266,5000,12020,2
5289,5000,5012,2
5399,5000,15011,2
5416,5000,9017,2
5438,5000,8011,2
5452,5000,5012,2
5474,5000,8010,2
5482,5000,7014,2
5484,5000,7016,2
5512,5000,15018,2
5596,5000,12012,2
5597,5000,12011,2
5616,5000,5012,2
5618,5000,17014,2
5649,5000,5011,2
5794,5000,7014,2
5842,5000,5012,2
5862,5000,10010,2
5905,5000,4018,2
5915,5000,5012,2
5919,5000,9017,2
5932,5000,8011,2
5989,5000,12011,2
6008,5000,12011,2
6030,5000,12012,2
6073,5000,4018,2
6081,5000,5011,2
6097,5000,10010,2
6099,5000,8010,2
6105,5000,4018,2
6118,5000,7014,2
6209,5000,12020,2
6211,5000,10010,2
6343,5000,5012,2
6353,5000,7016,2
6401,5000,7014,2
6437,5000,7014,2
6480,5000,5012,2
6524,5000,12012,2
6526,5000,11002,2
6609,5000,7014,2
6630,5000,7014,2
6635,5000,10017,2
6754,5000,12012,2
6777,5000,12011,2
6799,5000,4012,2
6833,5000,11002,2
6849,5000,12015,2
6852,5000,12020,2
6900,5000,12011,2
6909,5000,8011,2
6919,5000,6012,2
7026,5000,4018,2
7027,5000,8011,2
7057,5000,8010,2
7125,5000,17013,2
7166,5000,17014,2
7191,5000,12012,2
7193,5000,14013,2
7194,5000,4018,2
7202,5000,6012,2
7232,5000,8010,2
7237,5000,8016,2
7305,5000,8011,2
7333,5000,8010,2
7390,5000,12020,2
7427,5000,15017,2
7433,5000,10010,2
7441,5000,13021,2
7478,5000,4018,2
7488,5000,8010,2
7518,5000,4012,2
7519,5000,10010,2
7530,5000,4012,2
7551,5000,12012,2
7568,5000,8010,2
7583,5000,6012,2
7647,5000,6012,2
7652,5000,10009,2
7684,5000,5011,2
7689,5000,8011,2
7782,5000,12011,2
7787,5000,8010,2
7830,5000,5012,2
7837,5000,9016,2
7871,5000,5011,2
7872,5000,5012,2
7877,5000,8010,2
7890,5000,5012,2
7903,5000,15014,2
7928,5000,8010,2
7969,5000,12012,2
8093,5000,4012,2
8116,5000,12012,2
8117,5000,5011,2
8135,5000,12020,2
8158,5000,14011,2
8159,5000,15017,2
8186,5000,12015,2
8237,5000,10010,2
8276,5000,8010,2
8342,5000,15014,2
8349,5000,4012,2
8364,5000,17014,2
8384,5000,15018,2
8395,5000,12020,2
8457,5000,5011,2
8520,5000,9017,2
8532,5000,6012,2
8593,5000,5011,2
8625,5000,8010,2
8628,5000,6012,2
8795,5000,12011,2
8827,5000,5011,2
8838,5000,14012,2
8868,5000,6012,2
9065,5000,5011,2
9133,5000,8016,2
9157,5000,8010,2
9163,5000,15014,2
9230,5000,7014,2
9231,5000,9016,2
9307,5000,10017,2
9316,5000,8016,2
9386,5000,17014,2
9399,5000,8011,2
9412,5000,10021,2
9432,5000,14011,2
9483,5000,17014,2
9556,5000,12020,2
9588,5000,9016,2
9692,5000,5012,2
9693,5000,4012,2
9746,5000,4018,2
9801,5000,7014,2
9845,5000,10021,2
9892,5000,5011,2
9908,5000,12011,2
10056,5000,4012,2
10093,5000,10017,2
10133,5000,6012,2
10147,5000,6004,2
10165,5000,5011,2
10186,5000,7014,2
10192,5000,8010,2
10206,5000,8010,2
10247,5000,4012,2
10260,5000,5011,2
10319,5000,9017,2
10337,5000,6012,2
10341,5000,6012,2
10371,5000,7014,2
10387,5000,7016,2
10461,5000,11002,2
10472,5000,5012,2
10478,5000,11001,2
10487,5000,5011,2
10534,5000,6012,2
10544,5000,4018,2
10589,5000,7016,2
10599,5000,14013,2
10711,5000,5011,2
10723,5000,9016,2
10812,5000,14011,2
10823,5000,4012,2
10830,5000,5012,2
10888,5000,10009,2
10928,5000,11002,2
10929,5000,6012,2
11040,5000,5011,2
11041,5000,9017,2
11051,5000,9018,2
11074,5000,17013,2
11084,5000,15017,2
11128,5000,10009,2
11147,5000,4018,2
11151,5000,17014,2
11169,5000,13021,2
11231,5000,5012,2
11252,5000,5012,2
11267,5000,4018,2
11302,5000,12015,2
11365,5000,4012,2
11370,5000,6012,2
11403,5000,4012,2
11408,5000,8010,2
11444,5000,13021,2
11454,5000,4012,2
11462,5000,11001,2
11512,5000,10009,2
11525,5000,7016,2
11568,5000,4018,2
11638,5000,17014,2
11656,5000,7016,2
11664,5000,11001,2
11694,5000,10009,2
11774,5000,7014,2
11777,5000,5011,2
11794,5000,17014,2
11835,5000,12020,2
11874,5000,11001,2
11926,5000,4012,2
11984,5000,8010,2
12112,5000,5012,2
12151,5000,9016,2
12163,5000,17014,2
12165,5000,12011,2
12191,5000,12011,2
12196,5000,7016,2
12243,5000,8011,2
12355,5000,10008,2
12358,5000,10009,2
12378,5000,12012,2
12386,5000,5011,2
12389,5000,10009,2
12518,5000,11001,2
12583,5000,20025,2
12588,5000,4012,2
12595,5000,6012,2
12597,5000,17014,2
12623,5000,6012,2
12709,5000,12011,2
12775,5000,8010,2
12777,5000,6012,2
12827,5000,8011,2
12865,5000,6012,2
12867,5000,10009,2
12880,5000,6012,2
12895,5000,13016,2
12938,5000,5011,2
12962,5000,4012,2
12964,5000,5012,2
12970,5000,5012,2
13005,5000,12020,2
13087,5000,12020,2
13170,5000,8010,2
13210,5000,5011,2
13230,5000,10010,2
13235,5000,10009,2
13263,5000,5011,2
13292,5000,5012,2
13328,5000,15014,2
13368,5000,10009,2
13371,5000,6012,2
13375,5000,12020,2
13435,5000,8010,2
13440,5000,10009,2
13453,5000,6012,2
13535,5000,11002,2
13546,5000,5011,2
13649,5000,8011,2
13656,5000,9015,2
13678,5000,5012,2
13698,5000,11021,2
13725,5000,10017,2
13735,5000,6012,2
13894,5000,6012,2
13903,5000,17010,2
13906,5000,4012,2
13982,5000,6004,2
13987,5000,15024,2
14061,5000,4018,2
14226,5000,9016,2
14237,5000,7018,2
14256,5000,17013,2
14262,5000,10009,2
14295,5000,10010,2
14412,5000,14013,2
14472,5000,4018,2
14504,5000,5012,2
14524,5000,8016,2
14525,5000,4012,2
14541,5000,17014,2
14601,5000,5012,2
14622,5000,4012,2
14624,5000,5012,2
14625,5000,17013,2
14641,5000,4012,2
14652,5000,16018,2
14654,5000,9017,2
14657,5000,8016,2
14684,5000,8011,2
14720,5000,5012,2
14758,5000,7016,2
14784,5000,5011,2
14786,5000,8010,2
14795,5000,8011,2
14796,5000,10009,2
14803,5000,8010,2
14833,5000,6012,2
14838,5000,8016,2
14850,5000,5012,2
14872,5000,12012,2
14899,5000,17014,2
14923,5000,5011,2
14926,5000,17014,2
14948,5000,8011,2
14972,5000,15011,2
15013,5000,4012,2
15088,5000,7016,2
15091,5000,10021,2
15096,5000,7014,2
15110,5000,5011,2
15125,5000,5012,2
15126,5000,10010,2
15144,5000,4012,2
15173,5000,5012,2
15184,5000,17013,2
15187,5000,17014,2
15213,5000,5011,2
15284,5000,5012,2
15293,5000,7014,2
15387,5000,4012,2
15473,5000,10009,2
15503,5000,17014,2
15529,5000,6004,2
15549,5000,8016,2
15611,5000,8010,2
15622,5000,8016,2
15629,5000,8010,2
15630,5000,6012,2
15693,5000,7014,2
15706,5000,12015,2
15774,5000,8016,2
15780,5000,5012,2
15784,5000,7014,2
15792,5000,6004,2
15795,5000,17014,2
15817,5000,8010,2
15822,5000,12011,2
15828,5000,9016,2
15909,5000,7016,2
15924,5000,4012,2
15960,5000,5006,2
15967,5000,4012,2
15982,5000,8010,2
16028,5000,6012,2
16124,5000,8010,2
16127,5000,5012,2
16231,5000,5012,2
16278,5000,7016,2
16279,5000,5012,2
16284,5000,8016,2
16285,5000,8010,2
16288,5000,17014,2
16290,5000,12012,2
16340,5000,8011,2
16356,5000,5011,2
16374,5000,5012,2
16392,5000,5012,2
16423,5000,8011,2
16429,5000,5011,2
16454,5000,6012,2
16509,5000,5011,2
16550,5000,10010,2
16580,5000,10010,2
16589,5000,6012,2
16596,5000,4018,2
16601,5000,7014,2
16610,5000,8016,2
16653,5000,6012,2
16660,5000,10009,2
16693,5000,10009,2
16699,5000,5011,2
16714,5000,8011,2
16748,5000,14012,2
16773,5000,12011,2
16778,5000,8010,2
16786,5000,8010,2
16820,5000,7016,2
16838,5000,5012,2
16867,5000,10008,2
16881,5000,5012,2
16900,5000,4018,2
16901,5000,13016,2
16945,5000,8016,2
17043,5000,8011,2
17052,5000,8010,2
17125,5000,6004,2
17132,5000,12011,2
17161,5000,8011,2
17211,5000,15018,2
17222,5000,15013,2
17230,5000,5011,2
17275,5000,9015,2
17296,5000,8010,2
17304,5000,5012,2
17314,5000,6012,2
17317,5000,4012,2
17335,5000,12012,2
17361,5000,12012,2
17422,5000,10017,2
17441,5000,8010,2
17491,5000,5012,2
17534,5000,6012,2
17576,5000,10017,2
17586,5000,15018,2
17601,5000,5011,2
17613,5000,14011,2
17659,5000,12012,2
17757,5000,8011,2
17770,5000,9016,2
17775,5000,9016,2
17812,5000,8011,2
17827,5000,14011,2
17829,5000,4012,2
17868,5000,6012,2
17978,5000,15018,2
18002,5000,12015,2
18024,5000,12011,2
18029,5000,5011,2
18041,5000,4012,2
18086,5000,5012,2
18091,5000,6004,2
18219,5000,11001,2
18245,5000,9016,2
18248,5000,11002,2
18278,5000,12011,2
18293,5000,10009,2
18323,5000,14011,2
18332,5000,14011,2
18350,5000,7014,2
18388,5000,4012,2
18485,5000,11001,2
18512,5000,8010,2
18532,5000,7014,2
18547,5000,20025,2
18554,5000,9017,2
18608,5000,14016,2
18634,5000,6012,2
18670,5000,15018,2
18671,5000,11002,2
18673,5000,9017,2
18732,5000,12015,2
18743,5000,8010,2
18756,5000,10009,2
18783,5000,8010,2
18787,5000,14011,2
18795,5000,4012,2
18808,5000,4018,2
18811,5000,5012,2
18814,5000,7014,2
18817,5000,5012,2
18821,5000,17013,2
18828,5000,17014,2
18829,5000,5012,2
18870,5000,8011,2
18888,5000,10010,2
18892,5000,8011,2
18899,5000,4012,2
18914,5000,12011,2
18958,5000,12011,2
18966,5000,12011,2
18968,5000,15013,2
18999,5000,8010,2
19008,5000,6012,2
19021,5000,17014,2
19081,5000,15014,2
19086,5000,5011,2
19117,5000,5012,2
19159,5000,14011,2
19184,5000,9016,2
19205,5000,4012,2
19237,5000,12011,2
19253,5000,15018,2
19261,5000,11002,2
19268,5000,9016,2
19333,5000,6012,2
19335,5000,8016,2
19347,5000,10009,2
19355,5000,4012,2
19495,5000,8016,2
19502,5000,11002,2
19504,5000,12011,2
19514,5000,8010,2
19516,5000,5011,2
19519,5000,7014,2
19534,5000,8016,2
19548,5000,5012,2
19549,5000,5006,2
19584,5000,17014,2
19611,5000,9015,2
19665,5000,7014,2
19666,5000,8016,2
19673,5000,17014,2
19693,5000,12011,2
19709,5000,5012,2
19737,5000,5011,2
19738,5000,5012,2
19767,5000,4018,2
19774,5000,8010,2
19783,5000,5011,2
19820,5000,17014,2
19844,5000,17014,2
19867,5000,5011,2
19888,5000,9017,2
19907,5000,12012,2
19919,5000,8010,2
19926,5000,14011,2
19997,5000,9017,2
20019,5000,7016,2
20046,5000,7016,2
20048,5000,9016,2
20076,5000,7014,2
20139,5000,15014,2
20165,5000,5011,2
20191,5000,6012,2
20200,5000,12012,2
20294,5000,8010,2
20297,5000,8016,2
20347,5000,5012,2
20357,5000,8016,2
20364,5000,9017,2
20373,5000,7014,2
20376,5000,7014,2
20398,5000,14012,2
20402,5000,10009,2
20448,5000,8016,2
20489,5000,8016,2
20525,5000,4012,2
20548,5000,4018,2
20581,5000,8010,2
20601,5000,7014,2
20613,5000,8011,2
20645,5000,12011,2
20646,5000,8016,2
20654,5000,10009,2
20668,5000,17013,2
20698,5000,8016,2
20710,5000,5019,2
20743,5000,9018,2
20764,5000,10009,2
14,5000,14000,3
16,5000,11003,3
40,5000,16016,3
92,5000,5014,3
116,5000,5013,3
142,5000,4014,3
193,5000,5014,3
199,5000,10018,3
251,5000,7008,3
307,5000,5009,3
314,5000,7006,3
356,5000,11010,3
365,5000,12019,3
419,5000,11010,3
430,5000,9004,3
452,5000,12014,3
478,5000,8014,3
501,5000,7006,3
571,5000,5009,3
592,5000,11010,3
596,5000,6014,3
617,5000,12019,3
632,5000,7006,3
650,5000,7006,3
662,5000,9004,3
693,5000,5009,3
694,5000,15012,3
716,5000,10011,3
737,5000,5015,3
752,5000,10011,3
754,5000,18025,3
774,5000,7008,3
804,5000,5015,3
816,5000,17012,3
825,5000,5013,3
883,5000,9005,3
884,5000,5009,3
887,5000,11010,3
903,5000,11003,3
911,5000,17019,3
929,5000,9004,3
931,5000,11003,3
943,5000,12019,3
955,5000,10011,3
962,5000,10007,3
964,5000,7008,3
983,5000,12019,3
990,5000,7006,3
999,5000,7006,3
1071,5000,5009,3
1128,5000,18025,3
1171,5000,17012,3
1221,5000,5013,3
1250,5000,5015,3
1286,5000,5009,3
1306,5000,4014,3
1308,5000,15012,3
1312,5000,10011,3
1364,5000,5009,3
1384,5000,9005,3
1392,5000,11010,3
1495,5000,13019,3
1510,5000,8015,3
1572,5000,9004,3
1597,5000,5013,3
1647,5000,7006,3
1681,5000,6014,3
1695,5000,5015,3
1702,5000,8021,3
1766,5000,5009,3
1774,5000,2017,3
1777,5000,11010,3
1798,5000,5013,3
1820,5000,8021,3
1852,5000,7006,3
1855,5000,4014,3
1946,5000,12014,3
2001,5000,5015,3
2007,5000,10011,3
2038,5000,12019,3
2094,5000,4014,3
2107,5000,12014,3
2124,5000,7006,3
2137,5000,5014,3
2212,5000,6014,3
2216,5000,15012,3
2231,5000,7006,3
2288,5000,5009,3
2293,5000,13010,3
2295,5000,17,3
2309,5000,10007,3
2366,5000,5009,3
2454,5000,4008,3
2456,5000,11010,3
2494,5000,4014,3
2514,5000,5013,3
2527,5000,5009,3
2536,5000,7008,3
2626,5000,7006,3
2651,5000,9004,3
2661,5000,5014,3
2682,5000,4008,3
2710,5000,13019,3
2726,5000,7006,3
2748,5000,7006,3
2764,5000,13010,3
2791,5000,9004,3
2811,5000,7008,3
2887,5000,5014,3
2890,5000,12019,3
2896,5000,17012,3
2936,5000,5009,3
3055,5000,12013,3
3066,5000,5009,3
3103,5000,12019,3
3141,5000,6014,3
3146,5000,5009,3
3170,5000,4008,3
3175,5000,5013,3
3198,5000,11010,3
3236,5000,11010,3
3239,5000,12014,3
3312,5000,11010,3
3351,5000,6014,3
3377,5000,6014,3
3382,5000,5013,3
3389,5000,11018,3
3459,5000,9005,3
3463,5000,13010,3
3475,5000,5014,3
3541,5000,7006,3
3551,5000,11003,3
3553,5000,5009,3
3582,5000,7006,3
3603,5000,13010,3
3617,5000,12013,3
3620,5000,6014,3
3674,5000,15012,3
3675,5000,5009,3
3716,5000,11003,3
3718,5000,6014,3
3723,5000,5015,3
3733,5000,2017,3
3742,5000,6014,3
3867,5000,7006,3
3870,5000,4014,3
3875,5000,7006,3
3917,5000,13010,3
3960,5000,13010,3
3974,5000,12019,3
4002,5000,5013,3
4003,5000,7008,3
4050,5000,11010,3
4065,5000,4008,3
4078,5000,10007,3
4115,5000,9022,3
4130,5000,7006,3
4173,5000,5015,3
4185,5000,11010,3
4208,5000,5015,3
4227,5000,13014,3
4268,5000,5015,3
4274,5000,11010,3
4333,5000,8021,3
4378,5000,5009,3
4421,5000,6014,3
4426,5000,5009,3
4439,5000,6014,3
4444,5000,5009,3
4456,5000,11003,3
4458,5000,12019,3
4475,5000,9005,3
4486,5000,10007,3
4502,5000,7006,3
4523,5000,5015,3
4592,5000,9005,3
4597,5000,5015,3
4603,5000,5009,3
4637,5000,8015,3
4666,5000,10011,3
4753,5000,12019,3
4756,5000,13010,3
4759,5000,5015,3
4794,5000,9004,3
4843,5000,5013,3
4851,5000,6014,3
4880,5000,5013,3
4883,5000,11003,3
4886,5000,12019,3
4911,5000,6014,3
4976,5000,12019,3
5058,5000,6014,3
5137,5000,2017,3
5138,5000,6014,3
5194,5000,6014,3
5231,5000,5009,3
5238,5000,7008,3
5291,5000,8014,3
5292,5000,5009,3
5353,5000,13014,3
5401,5000,16017,3
5407,5000,7008,3
5423,5000,10007,3
5501,5000,4008,3
5536,5000,7006,3
5537,5000,12014,3
5540,5000,5013,3
5558,5000,6014,3
5573,5000,16016,3
5586,5000,9005,3
5684,5000,9004,3
5716,5000,9004,3
5726,5000,12014,3
5761,5000,13014,3
5766,5000,7008,3
5778,5000,9004,3
5838,5000,10011,3
5858,5000,16017,3
5867,5000,11003,3
6017,5000,12014,3
6037,5000,7006,3
6056,5000,5013,3
6069,5000,16011,3
6125,5000,5009,3
6254,5000,7008,3
6272,5000,5009,3
6273,5000,15016,3
6283,5000,12014,3
6287,5000,13010,3
6366,5000,7006,3
6482,5000,13015,3
6487,5000,12014,3
6493,5000,5009,3
6501,5000,16011,3
6503,5000,5013,3
6547,5000,8015,3
6550,5000,5013,3
6551,5000,12014,3
6673,5000,5015,3
6784,5000,5009,3
6789,5000,5015,3
6798,5000,12019,3
6825,5000,7008,3
6830,5000,10011,3
6933,5000,11003,3
6957,5000,6014,3
6990,5000,8014,3
7003,5000,4014,3
7101,5000,11017,3
7185,5000,13014,3
7239,5000,10011,3
7268,5000,11010,3
7270,5000,7008,3
7301,5000,6014,3
7340,5000,13010,3
7359,5000,10011,3
7367,5000,8015,3
7385,5000,9005,3
7400,5000,6014,3
7457,5000,8015,3
7471,5000,9004,3
7490,5000,9004,3
7510,5000,11018,3
7531,5000,7006,3
7539,5000,6014,3
7572,5000,12019,3
7604,5000,6014,3
7609,5000,10011,3
7621,5000,11003,3
7638,5000,10011,3
7663,5000,7008,3
7708,5000,16011,3
7709,5000,5015,3
7718,5000,7006,3
7723,5000,6014,3
7763,5000,5009,3
7900,5000,10007,3
7944,5000,5013,3
7974,5000,5014,3
8050,5000,11010,3
8077,5000,12019,3
8113,5000,6014,3
8118,5000,7008,3
8143,5000,5009,3
8148,5000,5015,3
8166,5000,4014,3
8187,5000,12014,3
8206,5000,11003,3
8233,5000,15012,3
8261,5000,2017,3
8266,5000,7006,3
8269,5000,5014,3
8279,5000,7006,3
8297,5000,5009,3
8351,5000,15012,3
8372,5000,10011,3
8445,5000,10011,3
8452,5000,10020,3
8461,5000,10007,3
8463,5000,5013,3
8469,5000,7006,3
8545,5000,6014,3
8553,5000,9005,3
8571,5000,9005,3
8627,5000,5009,3
8633,5000,10011,3
8685,5000,7006,3
8702,5000,2017,3
8716,5000,13010,3
8717,5000,2017,3
8732,5000,12019,3
8760,5000,5014,3
8799,5000,11003,3
8847,5000,10011,3
8851,5000,11003,3
8948,5000,7008,3
8995,5000,5013,3
9020,5000,5009,3
9025,5000,2017,3
9137,5000,6014,3
9140,5000,5013,3
9142,5000,12014,3
9151,5000,11003,3
9175,5000,5015,3
9269,5000,11003,3
9406,5000,12013,3
9431,5000,12014,3
9479,5000,11017,3
9509,5000,15012,3
9613,5000,5013,3
9639,5000,5013,3
9643,5000,7006,3
9664,5000,9004,3
9773,5000,5013,3
9788,5000,13015,3
9830,5000,7006,3
9840,5000,7006,3
9864,5000,7008,3
9865,5000,6014,3
9889,5000,13010,3
9938,5000,12014,3
9966,5000,5013,3
9981,5000,12014,3
9984,5000,5009,3
10004,5000,7008,3
10107,5000,5015,3
10144,5000,10020,3
10174,5000,11010,3
10332,5000,13020,3
10346,5000,12019,3
10351,5000,10011,3
10410,5000,11010,3
10431,5000,10011,3
10523,5000,7008,3
10549,5000,6014,3
10597,5000,5009,3
10628,5000,4014,3
10659,5000,8015,3
10686,5000,6014,3
10698,5000,12019,3
10756,5000,7008,3
10806,5000,12014,3
10844,5000,4014,3
10852,5000,5009,3
10918,5000,13010,3
10952,5000,10011,3
10961,5000,7006,3
11049,5000,16016,3
11082,5000,15022,3
11144,5000,7006,3
11149,5000,12019,3
11154,5000,5013,3
11166,5000,13015,3
11179,5000,9005,3
11244,5000,13020,3
11257,5000,11010,3
11294,5000,11010,3
11303,5000,5013,3
11373,5000,13014,3
11383,5000,5013,3
11393,5000,5015,3
11451,5000,5009,3
11505,5000,13010,3
11552,5000,17019,3
11605,5000,13020,3
11652,5000,15012,3
11702,5000,10018,3
11710,5000,12013,3
11730,5000,6014,3
11793,5000,10016,3
11818,5000,6014,3
11863,5000,6019,3
11906,5000,4014,3
11941,5000,5015,3
11945,5000,9005,3
12065,5000,5015,3
12101,5000,5009,3
12143,5000,10018,3
12144,5000,11003,3
12145,5000,4014,3
12167,5000,9005,3
12199,5000,5013,3
12236,5000,13014,3
12270,5000,8021,3
12299,5000,6014,3
12377,5000,5013,3
12380,5000,5009,3
12388,5000,4014,3
12394,5000,7006,3
12402,5000,10011,3
12408,5000,11010,3
12447,5000,5014,3
12508,5000,7006,3
12520,5000,10020,3
12599,5000,11003,3
12619,5000,7006,3
12630,5000,10011,3
12740,5000,5009,3
12742,5000,5013,3
12757,5000,11010,3
12779,5000,12014,3
12826,5000,10007,3
12837,5000,7006,3
12847,5000,7006,3
12909,5000,7006,3
12954,5000,7006,3
12972,5000,15012,3
13006,5000,13010,3
13038,5000,7008,3
13103,5000,12019,3
13105,5000,4014,3
13113,5000,10011,3
13121,5000,8021,3
13157,5000,15016,3
13166,5000,12014,3
13241,5000,10020,3
13246,5000,4014,3
13303,5000,5014,3
13369,5000,16011,3
13420,5000,6014,3
13424,5000,5009,3
13442,5000,11010,3
13508,5000,5015,3
13525,5000,4008,3
13532,5000,9004,3
13537,5000,8002,3
13578,5000,5014,3
13606,5000,12019,3
13621,5000,11010,3
13634,5000,11010,3
13681,5000,10018,3
13747,5000,11010,3
13776,5000,12019,3
13990,5000,7008,3
14044,5000,11010,3
14064,5000,11003,3
14067,5000,12019,3
14091,5000,5009,3
14159,5000,13010,3
14182,5000,8015,3
14216,5000,7006,3
14223,5000,11010,3
14245,5000,6014,3
14261,5000,4008,3
14305,5000,13010,3
14312,5000,6014,3
14321,5000,12014,3
14322,5000,5013,3
14328,5000,12013,3
14424,5000,5015,3
14446,5000,11010,3
14452,5000,9005,3
14502,5000,11010,3
14546,5000,10020,3
14570,5000,7008,3
14582,5000,7006,3
14594,5000,4014,3
14602,5000,11003,3
14648,5000,6014,3
14716,5000,11003,3
14738,5000,10018,3
14748,5000,17012,3
14771,5000,6014,3
14827,5000,5009,3
14851,5000,9005,3
14860,5000,11010,3
14866,5000,7006,3
14962,5000,15012,3
14974,5000,7006,3
14988,5000,2017,3
14994,5000,13010,3
15004,5000,7008,3
15014,5000,5009,3
15039,5000,7006,3
15089,5000,8014,3
15097,5000,7006,3
15101,5000,7006,3
15108,5000,13010,3
15120,5000,8015,3
15123,5000,5013,3
15172,5000,16026,3
15253,5000,5009,3
15292,5000,3011,3
15309,5000,10016,3
15314,5000,16011,3
15319,5000,10007,3
15327,5000,7006,3
15343,5000,5013,3
15404,5000,5013,3
15430,5000,10011,3
15469,5000,7006,3
15681,5000,5009,3
15723,5000,16011,3
15736,5000,7006,3
15743,5000,11010,3
15764,5000,7006,3
15777,5000,5014,3
15781,5000,11010,3
15782,5000,6014,3
15804,5000,11010,3
15985,5000,5009,3
16008,5000,16011,3
16013,5000,13010,3
16043,5000,9005,3
16097,5000,7008,3
16099,5000,11010,3
16117,5000,11010,3
16144,5000,16016,3
16166,5000,13010,3
16209,5000,5013,3
16236,5000,7006,3
16299,5000,11018,3
16333,5000,13014,3
16347,5000,7006,3
16363,5000,5009,3
16371,5000,4008,3
16403,5000,10011,3
16414,5000,6014,3
16562,5000,5009,3
16631,5000,5015,3
16698,5000,7006,3
16703,5000,5013,3
16735,5000,7006,3
16769,5000,12014,3
16832,5000,5009,3
16885,5000,7006,3
16941,5000,11010,3
16942,5000,4014,3
16970,5000,10011,3
17012,5000,4014,3
17018,5000,5015,3
17071,5000,12014,3
17119,5000,5009,3
17120,5000,6014,3
17146,5000,7008,3
17159,5000,7006,3
17167,5000,12014,3
17210,5000,6014,3
17235,5000,13014,3
17251,5000,12013,3
17306,5000,7008,3
17318,5000,5009,3
17325,5000,11010,3
17329,5000,7008,3
17356,5000,7008,3
17390,5000,2017,3
17433,5000,11003,3
17452,5000,5013,3
17478,5000,12014,3
17505,5000,5015,3
17524,5000,7008,3
17538,5000,17012,3
17542,5000,7006,3
17548,5000,12013,3
17549,5000,7006,3
17623,5000,12013,3
17635,5000,7006,3
17636,5000,8015,3
17638,5000,16017,3
17670,5000,13010,3
17679,5000,11010,3
17691,5000,13014,3
17787,5000,12014,3
17806,5000,8014,3
17816,5000,5009,3
17892,5000,7006,3
17945,5000,11010,3
18033,5000,12014,3
18037,5000,12014,3
18058,5000,3011,3
18071,5000,5014,3
18172,5000,11010,3
18223,5000,6014,3
18237,5000,11003,3
18241,5000,17012,3
18294,5000,10007,3
18305,5000,4014,3
18313,5000,6014,3
18320,5000,5015,3
18324,5000,4008,3
18329,5000,12014,3
18360,5000,11003,3
18363,5000,10011,3
18413,5000,5015,3
18433,5000,5015,3
18486,5000,11010,3
18527,5000,10011,3
18553,5000,8015,3
18565,5000,11010,3
18628,5000,16017,3
18641,5000,5013,3
18653,5000,9004,3
18672,5000,6014,3
18689,5000,13010,3
18698,5000,10011,3
18781,5000,7006,3
18793,5000,9004,3
18797,5000,7008,3
18806,5000,2017,3
18840,5000,5009,3
18845,5000,15012,3
18851,5000,7008,3
18863,5000,13010,3
18876,5000,2017,3
18894,5000,11010,3
18902,5000,12013,3
18910,5000,12014,3
18924,5000,5015,3
18962,5000,10011,3
18994,5000,10018,3
19038,5000,5009,3
19050,5000,11003,3
19057,5000,11010,3
19098,5000,11010,3
19115,5000,11017,3
19118,5000,5014,3
19146,5000,4008,3
19167,5000,6014,3
19174,5000,5015,3
19204,5000,8015,3
19249,5000,6014,3
19287,5000,9004,3
19308,5000,9005,3
19309,5000,4014,3
19329,5000,16011,3
19380,5000,2017,3
19396,5000,5013,3
19416,5000,11003,3
19431,5000,5014,3
19540,5000,8015,3
19543,5000,2017,3
19575,5000,5009,3
19590,5000,7006,3
19602,5000,7008,3
19631,5000,5009,3
19708,5000,4014,3
19715,5000,13010,3
19749,5000,5015,3
19761,5000,11010,3
19773,5000,10007,3
19775,5000,10018,3
19792,5000,5009,3
19803,5000,11010,3
19814,5000,8015,3
19833,5000,8015,3
19837,5000,7006,3
19863,5000,11003,3
19866,5000,5015,3
19873,5000,10011,3
19876,5000,10007,3
19900,5000,19016,3
19934,5000,5013,3
19947,5000,12014,3
19963,5000,10011,3
19977,5000,6014,3
19984,5000,10011,3
20005,5000,11003,3
20026,5000,5015,3
20041,5000,10011,3
20044,5000,6014,3
20087,5000,6014,3
20089,5000,13015,3
20123,5000,7006,3
20133,5000,5015,3
20136,5000,11010,3
20153,5000,5013,3
20161,5000,5014,3
20172,5000,10007,3
20179,5000,15016,3
20205,5000,15012,3
20235,5000,5015,3
20237,5000,7006,3
20238,5000,7008,3
20246,5000,10011,3
20279,5000,13010,3
20291,5000,12013,3
20304,5000,8015,3
20310,5000,5015,3
20313,5000,8002,3
20336,5000,5015,3
20369,5000,11017,3
20464,5000,12014,3
20479,5000,5013,3
20527,5000,12013,3
20573,5000,5014,3
20633,5000,12014,3
20674,5000,5009,3
20675,5000,5013,3
20718,5000,5009,3
20728,5000,5013,3
20745,5000,10007,3
20755,5000,5013,3
20769,5000,13015,3
20770,5000,4014,3
8,5000,6010,4
26,5000,11019,4
64,5000,6015,4
88,5000,4017,4
90,5000,6010,4
96,5000,6010,4
99,5000,7005,4
146,5000,4013,4
157,5000,4010,4
170,5000,6008,4
185,5000,7010,4
377,5000,11012,4
395,5000,7005,4
453,5000,7004,4
470,5000,6010,4
564,5000,4013,4
607,5000,6008,4
608,5000,6010,4
689,5000,18016,4
776,5000,13011,4
829,5000,6015,4
831,5000,7009,4
894,5000,6015,4
902,5000,6008,4
909,5000,6008,4
926,5000,8005,4
997,5000,10005,4
1019,5000,6010,4
1043,5000,13012,4
1074,5000,6008,4
1079,5000,4011,4
1097,5000,6008,4
1103,5000,4011,4
1135,5000,4013,4
1142,5000,13011,4
1187,5000,4013,4
1198,5000,4017,4
1224,5000,7011,4
1231,5000,7004,4
1238,5000,6015,4
1258,5000,7011,4
1277,5000,7009,4
1340,5000,6010,4
1373,5000,8022,4
1422,5000,6010,4
1460,5000,7009,4
1530,5000,17018,4
1533,5000,17011,4
1582,5000,10012,4
1605,5000,6010,4
1609,5000,13022,4
1652,5000,7011,4
1690,5000,7010,4
1697,5000,4013,4
1706,5000,6008,4
1845,5000,7004,4
1899,5000,13011,4
1918,5000,4010,4
1989,5000,8003,4
2030,5000,7010,4
2051,5000,7011,4
2062,5000,7009,4
2088,5000,7005,4
2110,5000,5017,4
2130,5000,7010,4
2156,5000,6010,4
2162,5000,4010,4
2201,5000,11019,4
2297,5000,6008,4
2351,5000,7010,4
2359,5000,6010,4
2402,5000,8007,4
2453,5000,4011,4
2499,5000,6010,4
2550,5000,4010,4
2558,5000,8007,4
2565,5000,7010,4
2599,5000,13022,4
2652,5000,6010,4
2665,5000,7011,4
2668,5000,4013,4
2671,5000,7011,4
2674,5000,6010,4
2782,5000,2015,4
2893,5000,9008,4
2900,5000,3014,4
2925,5000,13012,4
2935,5000,4013,4
2952,5000,7010,4
2979,5000,11012,4
3036,5000,7011,4
3082,5000,7010,4
3130,5000,6008,4
3142,5000,13000,4
3186,5000,7010,4
3242,5000,8005,4
3261,5000,7010,4
3265,5000,7005,4
3266,5000,5018,4
3274,5000,8007,4
3284,5000,6010,4
3290,5000,7004,4
3291,5000,6010,4
3296,5000,4010,4
3364,5000,6010,4
3366,5000,5017,4
3393,5000,8003,4
3412,5000,4013,4
3443,5000,7021,4
3445,5000,4013,4
3448,5000,7009,4
3580,5000,13011,4
3594,5000,9008,4
3616,5000,4011,4
3630,5000,10005,4
3685,5000,16020,4
3694,5000,4017,4
3730,5000,13012,4
3787,5000,6010,4
3788,5000,6010,4
3791,5000,6008,4
3822,5000,6008,4
3828,5000,6008,4
3832,5000,6003,4
3840,5000,7010,4
3891,5000,3014,4
3906,5000,18017,4
3935,5000,4010,4
3937,5000,6010,4
3958,5000,7010,4
3961,5000,3014,4
3987,5000,10012,4
4028,5000,9008,4
4034,5000,4013,4
4063,5000,4011,4
4072,5000,6008,4
4082,5000,4010,4
4093,5000,7010,4
4140,5000,8003,4
4171,5000,6015,4
4184,5000,4017,4
4201,5000,8003,4
4229,5000,7009,4
4275,5000,17011,4
4301,5000,7009,4
4357,5000,6015,4
4380,5000,4013,4
4404,5000,7010,4
4433,5000,6008,4
4446,5000,6015,4
4469,5000,9008,4
4476,5000,7005,4
4508,5000,4010,4
4516,5000,13011,4
4553,5000,6010,4
4560,5000,12018,4
4583,5000,4011,4
4607,5000,5018,4
4660,5000,3014,4
4687,5000,11000,4
4773,5000,7010,4
4783,5000,8007,4
4784,5000,5018,4
4790,5000,4010,4
4809,5000,8003,4
4819,5000,5017,4
4850,5000,8007,4
5026,5000,10012,4
5038,5000,4010,4
5056,5000,6010,4
5082,5000,11019,4
5190,5000,6010,4
5225,5000,4013,4
5261,5000,4013,4
5288,5000,8007,4
5352,5000,4010,4
5364,5000,7010,4
5395,5000,11019,4
5396,5000,6008,4
5400,5000,4013,4
5405,5000,18016,4
5431,5000,10012,4
5463,5000,4013,4
5485,5000,6008,4
5507,5000,4013,4
5579,5000,7010,4
5631,5000,7011,4
5637,5000,6010,4
5665,5000,7010,4
5704,5000,7009,4
5732,5000,13018,4
5765,5000,4013,4
5799,5000,7005,4
5807,5000,8007,4
5855,5000,7010,4
5859,5000,4011,4
5894,5000,8005,4
5988,5000,6010,4
6050,5000,18016,4
6061,5000,16019,4
6131,5000,4010,4
6133,5000,14023,4
6153,5000,4011,4
6226,5000,7009,4
6255,5000,14023,4
6291,5000,7005,4
6347,5000,7021,4
6385,5000,8007,4
6389,5000,2015,4
6396,5000,7009,4
6404,5000,11019,4
6477,5000,6010,4
6490,5000,7005,4
6517,5000,4011,4
6556,5000,11011,4
6561,5000,4013,4
6584,5000,4010,4
6618,5000,4011,4
6621,5000,6008,4
6627,5000,6010,4
6671,5000,4017,4
6750,5000,11011,4
6790,5000,9008,4
6853,5000,7011,4
6875,5000,8003,4
6904,5000,9008,4
6911,5000,4017,4
6972,5000,4010,4
6987,5000,13011,4
6996,5000,10013,4
7011,5000,6008,4
7012,5000,6010,4
7065,5000,7010,4
7141,5000,18017,4
7162,5000,8007,4
7219,5000,6008,4
7327,5000,11011,4
7375,5000,4011,4
7384,5000,4013,4
7421,5000,5017,4
7436,5000,7009,4
7440,5000,7011,4
7444,5000,2015,4
7479,5000,13011,4
7558,5000,4011,4
7599,5000,6008,4
7620,5000,4010,4
7648,5000,4010,4
7656,5000,8007,4
7678,5000,4010,4
7690,5000,6008,4
7760,5000,4010,4
7775,5000,4011,4
7917,5000,7011,4
7936,5000,4011,4
7964,5000,7011,4
7970,5000,6015,4
7995,5000,4011,4
8018,5000,4017,4
8019,5000,2015,4
8034,5000,4011,4
8055,5000,7010,4
8073,5000,7005,4
8108,5000,8007,4
8120,5000,4010,4
8124,5000,13011,4
8160,5000,8003,4
8210,5000,11019,4
8220,5000,2015,4
8238,5000,7005,4
8274,5000,5017,4
8277,5000,6010,4
8319,5000,6008,4
8374,5000,4011,4
8386,5000,8007,4
8417,5000,6010,4
8428,5000,7009,4
8438,5000,7011,4
8466,5000,2015,4
8540,5000,10012,4
8544,5000,4013,4
8579,5000,7010,4
8652,5000,4017,4
8705,5000,6010,4
8837,5000,7004,4
8860,5000,6015,4
8879,5000,4017,4
8887,5000,4017,4
8904,5000,7005,4
8930,5000,6008,4
8941,5000,6008,4
8943,5000,6010,4
9031,5000,6010,4
9048,5000,8007,4
9066,5000,11000,4
9071,5000,8003,4
9093,5000,7011,4
9113,5000,9008,4
9139,5000,7004,4
9248,5000,11019,4
9251,5000,11012,4
9315,5000,2015,4
9334,5000,11012,4
9349,5000,4011,4
9369,5000,13011,4
9426,5000,6008,4
9526,5000,6015,4
9536,5000,18024,4
9561,5000,13011,4
9564,5000,10012,4
9589,5000,7009,4
9605,5000,7010,4
9620,5000,4011,4
9740,5000,6008,4
9811,5000,2015,4
9816,5000,4010,4
9818,5000,4010,4
9989,5000,11011,4
10021,5000,8003,4
10060,5000,5018,4
10066,5000,7010,4
10076,5000,7011,4
10161,5000,11000,4
10178,5000,4011,4
10215,5000,4013,4
10216,5000,5017,4
10411,5000,7009,4
10455,5000,8007,4
10463,5000,8003,4
10495,5000,7004,4
10504,5000,4013,4
10508,5000,6010,4
10520,5000,9008,4
10521,5000,6008,4
10529,5000,6010,4
10553,5000,4011,4
10591,5000,13011,4
10721,5000,13011,4
10740,5000,6008,4
10789,5000,3014,4
10797,5000,9008,4
10825,5000,7005,4
10856,5000,4013,4
10883,5000,14023,4
10946,5000,12018,4
10977,5000,8022,4
10989,5000,7009,4
11005,5000,6015,4
11043,5000,12018,4
11118,5000,6015,4
11180,5000,6010,4
11229,5000,8005,4
11305,5000,7010,4
11332,5000,4010,4
11348,5000,13011,4
11362,5000,6010,4
11371,5000,13012,4
11379,5000,15015,4
11426,5000,5018,4
11443,5000,8007,4
11453,5000,7010,4
11484,5000,6008,4
11485,5000,6008,4
11486,5000,6008,4
11559,5000,13011,4
11569,5000,11019,4
11597,5000,4017,4
11675,5000,13011,4
11681,5000,8007,4
11718,5000,4017,4
11728,5000,9008,4
11734,5000,3014,4
11789,5000,4011,4
11809,5000,7010,4
11870,5000,11019,4
11875,5000,6010,4
11939,5000,4010,4
11964,5000,6008,4
11972,5000,10005,4
11975,5000,2015,4
11979,5000,6008,4
12048,5000,4013,4
12080,5000,8007,4
12098,5000,11011,4
12103,5000,7005,4
12142,5000,7005,4
12182,5000,15,4
12200,5000,7010,4
12202,5000,13011,4
12221,5000,6015,4
12223,5000,11012,4
12312,5000,4011,4
12320,5000,7004,4
12329,5000,4010,4
12374,5000,7010,4
12405,5000,17018,4
12428,5000,10012,4
12442,5000,11000,4
12516,5000,4017,4
12543,5000,6010,4
12559,5000,6010,4
12573,5000,13011,4
12574,5000,6010,4
12587,5000,7009,4
12590,5000,11000,4
12724,5000,6008,4
12732,5000,11019,4
12746,5000,13011,4
12903,5000,7011,4
12915,5000,13011,4
12918,5000,7005,4
12966,5000,13013,4
12989,5000,7009,4
12992,5000,7009,4
12996,5000,6010,4
12997,5000,5017,4
13000,5000,13013,4
13025,5000,11019,4
13047,5000,4017,4
13187,5000,4013,4
13203,5000,13011,4
13279,5000,11012,4
13302,5000,6010,4
13331,5000,4010,4
13337,5000,5018,4
13374,5000,11019,4
13406,5000,7009,4
13414,5000,5017,4
13446,5000,11012,4
13501,5000,7005,4
13524,5000,6008,4
13527,5000,11012,4
13540,5000,11012,4
13589,5000,7010,4
13602,5000,7011,4
13628,5000,7010,4
13637,5000,5017,4
13640,5000,5017,4
13642,5000,7010,4
13711,5000,18016,4
13815,5000,2015,4
13835,5000,12018,4
13849,5000,6010,4
13884,5000,6008,4
13908,5000,4010,4
13939,5000,6008,4
13992,5000,7011,4
14015,5000,14023,4
14058,5000,7009,4
14073,5000,4017,4
14122,5000,6008,4
14188,5000,5017,4
14251,5000,7009,4
14252,5000,16020,4
14255,5000,13011,4
14260,5000,7010,4
14268,5000,4010,4
14282,5000,8007,4
14283,5000,6010,4
14339,5000,4011,4
14355,5000,4011,4
14394,5000,7004,4
14414,5000,7010,4
14420,5000,6008,4
14461,5000,13012,4
14479,5000,13011,4
14481,5000,7010,4
14528,5000,7010,4
14584,5000,6008,4
14636,5000,7011,4
14737,5000,4011,4
14749,5000,7009,4
14760,5000,8003,4
14804,5000,11019,4
14825,5000,4011,4
14831,5000,6008,4
14853,5000,8022,4
14857,5000,8005,4
14862,5000,3014,4
14890,5000,8007,4
14916,5000,4013,4
14938,5000,5017,4
14953,5000,9021,4
14961,5000,7011,4
14980,5000,6010,4
14986,5000,10012,4
14993,5000,8003,4
15010,5000,6010,4
15021,5000,6015,4
15121,5000,4011,4
15136,5000,12009,4
15145,5000,10005,4
15158,5000,7010,4
15159,5000,11012,4
15249,5000,4010,4
15266,5000,6010,4
15322,5000,4011,4
15382,5000,7004,4
15399,5000,4010,4
15415,5000,9008,4
15444,5000,10013,4
15448,5000,5017,4
15471,5000,4013,4
15500,5000,4011,4
15507,5000,7009,4
15578,5000,7011,4
15613,5000,6008,4
15648,5000,7010,4
15666,5000,7009,4
15667,5000,4010,4
15694,5000,6008,4
15704,5000,13000,4
15721,5000,7010,4
15797,5000,9008,4
15809,5000,7011,4
15868,5000,4010,4
15886,5000,4013,4
15929,5000,6010,4
15954,5000,4010,4
15956,5000,4017,4
15957,5000,13011,4
16002,5000,8022,4
16023,5000,4017,4
16047,5000,8007,4
16048,5000,7005,4
16070,5000,7005,4
16071,5000,7004,4
16174,5000,6008,4
16182,5000,6010,4
16204,5000,7011,4
16228,5000,13013,4
16276,5000,7010,4
16277,5000,6008,4
16341,5000,7010,4
16357,5000,7010,4
16375,5000,13011,4
16391,5000,6015,4
16428,5000,7011,4
16436,5000,4011,4
16451,5000,11011,4
16547,5000,2015,4
16566,5000,7004,4
16585,5000,7005,4
16594,5000,4013,4
16634,5000,4017,4
16665,5000,8007,4
16667,5000,10012,4
16668,5000,4010,4
16710,5000,8022,4
16801,5000,7010,4
16827,5000,6008,4
16833,5000,7011,4
16868,5000,4017,4
16891,5000,14023,4
16903,5000,6008,4
16904,5000,8005,4
16906,5000,4011,4
16917,5000,6008,4
16929,5000,7010,4
16968,5000,4011,4
16980,5000,8007,4
16984,5000,8007,4
17004,5000,13011,4
17032,5000,6015,4
17050,5000,7004,4
17063,5000,8003,4
17110,5000,4013,4
17114,5000,7005,4
17151,5000,3014,4
17184,5000,6010,4
17214,5000,11000,4
17231,5000,13011,4
17270,5000,8007,4
17278,5000,7009,4
17339,5000,8003,4
17348,5000,4017,4
17358,5000,7005,4
17398,5000,11012,4
17419,5000,4017,4
17472,5000,4011,4
17489,5000,7010,4
17528,5000,6008,4
17543,5000,2015,4
17560,5000,4010,4
17570,5000,6010,4
17581,5000,4011,4
17604,5000,6008,4
17619,5000,4011,4
17653,5000,4011,4
17656,5000,2015,4
17665,5000,3014,4
17672,5000,4010,4
17673,5000,6010,4
17701,5000,8005,4
17719,5000,4011,4
17725,5000,11000,4
17765,5000,6010,4
17795,5000,8007,4
17843,5000,4013,4
17869,5000,13011,4
17910,5000,6008,4
17931,5000,6015,4
17955,5000,6008,4
18049,5000,4013,4
18080,5000,7004,4
18115,5000,7011,4
18145,5000,17011,4
18162,5000,4011,4
18176,5000,6010,4
18213,5000,18017,4
18226,5000,6010,4
18266,5000,8003,4
18277,5000,7004,4
18287,5000,6010,4
18289,5000,4013,4
18291,5000,4011,4
18314,5000,7011,4
18336,5000,7009,4
18342,5000,2015,4
18379,5000,5017,4
18391,5000,6008,4
18401,5000,7010,4
18431,5000,8003,4
18472,5000,11011,4
18523,5000,8005,4
18528,5000,4010,4
18582,5000,7005,4
18657,5000,4013,4
18696,5000,8007,4
18704,5000,13013,4
18785,5000,4011,4
18790,5000,10012,4
18805,5000,7010,4
18822,5000,7009,4
18848,5000,8007,4
18875,5000,4017,4
18884,5000,7011,4
18890,5000,11012,4
18903,5000,18016,4
18932,5000,5017,4
18934,5000,4011,4
18954,5000,6008,4
18960,5000,4013,4
19037,5000,5017,4
19051,5000,6008,4
19055,5000,7009,4
19070,5000,7010,4
19071,5000,4013,4
19084,5000,6008,4
19120,5000,6008,4
19165,5000,8007,4
19183,5000,6010,4
19243,5000,8007,4
19248,5000,8003,4
19269,5000,8003,4
19276,5000,13011,4
19303,5000,7005,4
19331,5000,7009,4
19346,5000,6010,4
19356,5000,4013,4
19372,5000,7009,4
19373,5000,2015,4
19433,5000,4011,4
19465,5000,7011,4
19496,5000,2015,4
19499,5000,6015,4
19560,5000,13011,4
19577,5000,13011,4
19606,5000,4017,4
19639,5000,7011,4
19651,5000,6008,4
19663,5000,6015,4
19712,5000,8003,4
19746,5000,7011,4
19751,5000,4010,4
19759,5000,6015,4
19802,5000,4017,4
19842,5000,13011,4
19899,5000,6010,4
19945,5000,10013,4
19951,5000,7009,4
19973,5000,7009,4
20007,5000,6010,4
20009,5000,6015,4
20034,5000,4013,4
20113,5000,4011,4
20174,5000,12009,4
20181,5000,8005,4
20185,5000,7011,4
20239,5000,6010,4
20261,5000,6010,4
20295,5000,7009,4
20303,5000,7009,4
20344,5000,7011,4
20353,5000,4011,4
20404,5000,11011,4
20414,5000,4011,4
20418,5000,6008,4
20420,5000,7010,4
20504,5000,4011,4
20547,5000,7010,4
20556,5000,8003,4
20561,5000,8007,4
20565,5000,7009,4
20567,5000,8005,4
20569,5000,13011,4
20619,5000,8005,4
20630,5000,4013,4
20641,5000,6008,4
20667,5000,4011,4
20692,5000,4010,4
20727,5000,11012,4
20738,5000,9008,4
20772,5000,7010,4
6,5000,9011,5
49,5000,6013,5
80,5000,3017,5
151,5000,5010,5
175,5000,4009,5
198,5000,9020,5
223,5000,16015,5
288,5000,9011,5
329,5000,12010,5
335,5000,4009,5
369,5000,7015,5
386,5000,5008,5
451,5000,11009,5
487,5000,9010,5
489,5000,4009,5
558,5000,4009,5
585,5000,8008,5
644,5000,9009,5
696,5000,4009,5
735,5000,5008,5
761,5000,6006,5
799,5000,3017,5
800,5000,7015,5
805,5000,12010,5
808,5000,11009,5
866,5000,5010,5
928,5000,9010,5
937,5000,6013,5
945,5000,12010,5
949,5000,17016,5
970,5000,9011,5
995,5000,16013,5
1093,5000,1015,5
1134,5000,12010,5
1140,5000,8008,5
1167,5000,3017,5
1247,5000,9011,5
1314,5000,5010,5
1357,5000,3017,5
1394,5000,5010,5
1409,5000,7012,5
1437,5000,7012,5
1438,5000,12010,5
1490,5000,14021,5
1506,5000,12010,5
1507,5000,6013,5
1526,5000,1015,5
1540,5000,8004,5
1599,5000,10015,5
1640,5000,12010,5
1677,5000,3017,5
1741,5000,12021,5
1752,5000,5010,5
1769,5000,5010,5
1824,5000,3016,5
1826,5000,7015,5
1836,5000,7012,5
1911,5000,3016,5
1965,5000,12010,5
1966,5000,6006,5
1967,5000,12010,5
1973,5000,5010,5
1979,5000,8009,5
1992,5000,8023,5
1994,5000,8009,5
2024,5000,10015,5
2027,5000,5008,5
2061,5000,9009,5
2084,5000,14014,5
2136,5000,12010,5
2199,5000,9010,5
2200,5000,7012,5
2274,5000,8009,5
2300,5000,6013,5
2312,5000,9010,5
2314,5000,9011,5
2385,5000,5010,5
2394,5000,6013,5
2436,5000,11009,5
2449,5000,6013,5
2538,5000,6006,5
2557,5000,12021,5
2563,5000,6006,5
2574,5000,8008,5
2587,5000,6017,5
2608,5000,3017,5
2704,5000,6017,5
2705,5000,10003,5
2767,5000,8012,5
2774,5000,12010,5
2786,5000,9009,5
2823,5000,8012,5
2833,5000,6013,5
2844,5000,8004,5
2846,5000,6013,5
2852,5000,9014,5
2977,5000,3017,5
3091,5000,6013,5
3155,5000,9009,5
3156,5000,5010,5
3181,5000,9013,5
3195,5000,19025,5
3218,5000,8004,5
3231,5000,9011,5
3278,5000,5010,5
3310,5000,8023,5
3316,5000,9013,5
3370,5000,16010,5
3387,5000,9011,5
3458,5000,6017,5
3479,5000,3017,5
3619,5000,10003,5
3628,5000,7015,5
3635,5000,8008,5
3670,5000,8009,5
3673,5000,5010,5
3722,5000,9009,5
3739,5000,12003,5
3774,5000,7015,5
3778,5000,4009,5
3826,5000,7015,5
3939,5000,12010,5
3942,5000,8009,5
3966,5000,10015,5
4007,5000,9011,5
4009,5000,5010,5
4012,5000,8023,5
4044,5000,6016,5
4071,5000,9011,5
4127,5000,9011,5
4246,5000,6017,5
4266,5000,8012,5
4267,5000,6013,5
4276,5000,8008,5
4287,5000,8012,5
4308,5000,12010,5
4358,5000,4009,5
4361,5000,12010,5
4431,5000,5008,5
4451,5000,3017,5
4466,5000,12010,5
4470,5000,3016,5
4500,5000,3016,5
4542,5000,6006,5
4559,5000,5008,5
4571,5000,5010,5
4579,5000,9010,5
4594,5000,8009,5
4619,5000,5010,5
4683,5000,12010,5
4705,5000,6006,5
4746,5000,12010,5
4766,5000,7015,5
4778,5000,7015,5
4782,5000,11014,5
4793,5000,11015,5
4837,5000,14017,5
4858,5000,8012,5
4924,5000,5010,5
4926,5000,11013,5
4953,5000,4009,5
4957,5000,6013,5
4964,5000,8009,5
5033,5000,11015,5
5043,5000,8012,5
5166,5000,6013,5
5187,5000,12010,5
5227,5000,6013,5
5248,5000,9009,5
5321,5000,12010,5
5328,5000,13023,5
5330,5000,10003,5
5367,5000,3016,5
5388,5000,5010,5
5417,5000,7012,5
5441,5000,6006,5
5461,5000,11014,5
5559,5000,5010,5
5589,5000,5010,5
5594,5000,10019,5
5603,5000,8004,5
5632,5000,9009,5
5647,5000,7015,5
5677,5000,7012,5
5686,5000,5010,5
5687,5000,12010,5
5724,5000,9010,5
5739,5000,11009,5
5797,5000,8009,5
5803,5000,8009,5
5832,5000,5010,5
5861,5000,12010,5
5968,5000,7015,5
6058,5000,9010,5
6092,5000,11014,5
6144,5000,7015,5
6182,5000,7015,5
6259,5000,5010,5
6267,5000,3017,5
6294,5000,17016,5
6298,5000,12010,5
6299,5000,5010,5
6303,5000,12010,5
6315,5000,8008,5
6328,5000,12010,5
6362,5000,10019,5
6378,5000,12010,5
6379,5000,7012,5
6394,5000,5010,5
6446,5000,7015,5
6448,5000,10015,5
6464,5000,7015,5
6474,5000,16010,5
6544,5000,6013,5
6558,5000,5010,5
6565,5000,5008,5
6596,5000,8009,5
6644,5000,7015,5
6676,5000,19025,5
6715,5000,9010,5
6741,5000,8012,5
6758,5000,5008,5
6808,5000,11009,5
6866,5000,3016,5
6918,5000,7015,5
6923,5000,6013,5
6925,5000,3017,5
6953,5000,12010,5
7068,5000,7012,5
7095,5000,5010,5
7117,5000,7012,5
7120,5000,11004,5
7177,5000,12010,5
7215,5000,9011,5
7272,5000,11009,5
7281,5000,4009,5
7298,5000,11009,5
7312,5000,4009,5
7325,5000,6013,5
7328,5000,12010,5
7342,5000,9011,5
7351,5000,7015,5
7361,5000,5010,5
7379,5000,6006,5
7382,5000,9013,5
7393,5000,4009,5
7394,5000,11004,5
7507,5000,5010,5
7544,5000,8009,5
7554,5000,7012,5
7559,5000,5010,5
7577,5000,5010,5
7585,5000,8012,5
7667,5000,4009,5
7673,5000,6013,5
7704,5000,11014,5
7720,5000,7012,5
7788,5000,7012,5
7859,5000,5010,5
7926,5000,5010,5
7954,5000,6006,5
7963,5000,6017,5
8003,5000,5010,5
8021,5000,3016,5
8076,5000,9010,5
8150,5000,7015,5
8153,5000,11014,5
8185,5000,8012,5
8195,5000,7015,5
8228,5000,16013,5
8306,5000,6013,5
8362,5000,8004,5
8394,5000,6013,5
8403,5000,10003,5
8448,5000,10015,5
8450,5000,4009,5
8497,5000,9011,5
8537,5000,9011,5
8565,5000,6013,5
8661,5000,7015,5
8682,5000,12010,5
8683,5000,10015,5
8707,5000,3017,5
8719,5000,12010,5
8766,5000,3017,5
8770,5000,4009,5
8808,5000,6006,5
8813,5000,11013,5
8895,5000,6013,5
8899,5000,6006,5
8929,5000,6016,5
9049,5000,10015,5
9099,5000,8004,5
9104,5000,3017,5
9128,5000,16013,5
9136,5000,3017,5
9184,5000,6013,5
9371,5000,6013,5
9447,5000,8008,5
9528,5000,12003,5
9538,5000,13023,5
9635,5000,9009,5
9703,5000,5010,5
9704,5000,6013,5
9762,5000,7012,5
9778,5000,9003,5
9783,5000,9013,5
9832,5000,9003,5
9869,5000,17017,5
9956,5000,11009,5
10006,5000,16013,5
10019,5000,11004,5
10023,5000,3016,5
10025,5000,7012,5
10040,5000,5010,5
10041,5000,10003,5
10049,5000,6013,5
10077,5000,10003,5
10116,5000,8012,5
10146,5000,8009,5
10187,5000,10003,5
10212,5000,11009,5
10239,5000,9010,5
10312,5000,13017,5
10377,5000,7012,5
10389,5000,3017,5
10395,5000,9003,5
10408,5000,8009,5
10467,5000,8008,5
10480,5000,8009,5
10483,5000,5010,5
10496,5000,3016,5
10532,5000,4009,5
10564,5000,7015,5
10634,5000,9010,5
10854,5000,9010,5
10861,5000,8009,5
10876,5000,11009,5
10941,5000,3016,5
10970,5000,4009,5
11077,5000,7012,5
11110,5000,11015,5
11114,5000,8009,5
11132,5000,6016,5
11134,5000,11009,5
11185,5000,3017,5
11194,5000,9011,5
11217,5000,7015,5
11219,5000,8012,5
11247,5000,6006,5
11299,5000,12010,5
11312,5000,4009,5
11366,5000,6013,5
11381,5000,9014,5
11384,5000,6013,5
11396,5000,7015,5
11466,5000,5008,5
11531,5000,8004,5
11541,5000,20027,5
11547,5000,3017,5
11616,5000,8009,5
11627,5000,3017,5
11690,5000,8012,5
11701,5000,4009,5
11743,5000,9010,5
11745,5000,12010,5
11791,5000,9010,5
11796,5000,6017,5
11800,5000,12010,5
11900,5000,8004,5
11908,5000,9003,5
11917,5000,12010,5
11976,5000,11014,5
11977,5000,8009,5
11994,5000,12021,5
12052,5000,9009,5
12078,5000,8009,5
12106,5000,12010,5
12164,5000,3016,5
12206,5000,12010,5
12257,5000,14014,5
12277,5000,8008,5
12337,5000,3017,5
12367,5000,8004,5
12505,5000,7015,5
12523,5000,3017,5
12576,5000,9011,5
12577,5000,8012,5
12591,5000,17016,5
12604,5000,7015,5
12617,5000,10003,5
12647,5000,3017,5
12651,5000,6017,5
12665,5000,4009,5
12666,5000,12010,5
12705,5000,7015,5
12726,5000,6006,5
12753,5000,4009,5
12794,5000,10015,5
12872,5000,3016,5
12887,5000,9010,5
12919,5000,7015,5
12926,5000,3016,5
12941,5000,5010,5
12981,5000,9010,5
12993,5000,7012,5
13009,5000,6006,5
13067,5000,7015,5
13192,5000,5008,5
13268,5000,6013,5
13287,5000,6017,5
13315,5000,12010,5
13342,5000,8009,5
13365,5000,10003,5
13382,5000,4009,5
13390,5000,5010,5
13443,5000,7012,5
13444,5000,17016,5
13468,5000,5010,5
13502,5000,9009,5
13575,5000,9010,5
13612,5000,9011,5
13700,5000,10003,5
13706,5000,5010,5
13731,5000,9011,5
13732,5000,10015,5
13780,5000,9009,5
13808,5000,4009,5
13809,5000,7015,5
13870,5000,12010,5
13878,5000,5008,5
13898,5000,6013,5
13905,5000,11015,5
13951,5000,3016,5
13963,5000,6006,5
14014,5000,4009,5
14034,5000,6006,5
14042,5000,5010,5
14046,5000,6013,5
14059,5000,5008,5
14077,5000,9010,5
14161,5000,3016,5
14334,5000,8012,5
14370,5000,11013,5
14395,5000,6017,5
14455,5000,7012,5
14474,5000,9011,5
14497,5000,7015,5
14503,5000,12021,5
14506,5000,5010,5
14521,5000,9014,5
14569,5000,9013,5
14592,5000,9011,5
14611,5000,9009,5
14634,5000,6017,5
14653,5000,9013,5
14656,5000,8009,5
14688,5000,7012,5
14732,5000,10003,5
14744,5000,3016,5
14753,5000,4009,5
14776,5000,4009,5
14814,5000,6013,5
14839,5000,8008,5
14893,5000,9011,5
14927,5000,8008,5
14947,5000,4009,5
14969,5000,4009,5
14983,5000,9010,5
14987,5000,11015,5
15017,5000,9013,5
15050,5000,6006,5
15058,5000,6006,5
15072,5000,17027,5
15122,5000,11009,5
15133,5000,4009,5
15135,5000,12010,5
15155,5000,7012,5
15226,5000,16013,5
15231,5000,3016,5
15261,5000,6013,5
15276,5000,6006,5
15287,5000,12010,5
15328,5000,3017,5
15348,5000,10015,5
15380,5000,12010,5
15427,5000,6006,5
15433,5000,9010,5
15454,5000,5010,5
15462,5000,6013,5
15481,5000,4009,5
15519,5000,4009,5
15563,5000,9010,5
15573,5000,12010,5
15601,5000,9010,5
15633,5000,8008,5
15639,5000,12010,5
15644,5000,8012,5
15654,5000,3017,5
15690,5000,11009,5
15724,5000,6013,5
15742,5000,9011,5
15796,5000,5010,5
15800,5000,8009,5
15807,5000,11014,5
15837,5000,6006,5
15846,5000,9010,5
15876,5000,1015,5
15900,5000,3017,5
15915,5000,9013,5
15989,5000,4009,5
16031,5000,8012,5
16033,5000,7012,5
16036,5000,5010,5
16086,5000,14014,5
16121,5000,12010,5
16172,5000,7015,5
16242,5000,5010,5
16259,5000,9014,5
16301,5000,9010,5
16381,5000,6013,5
16433,5000,5008,5
16441,5000,9010,5
16452,5000,9014,5
16490,5000,7012,5
16494,5000,7015,5
16502,5000,6017,5
16516,5000,5010,5
16551,5000,5010,5
16583,5000,3017,5
16613,5000,5008,5
16666,5000,3016,5
16671,5000,12010,5
16730,5000,7015,5
16755,5000,5010,5
16796,5000,10015,5
16880,5000,9010,5
16907,5000,9010,5
16924,5000,5008,5
16930,5000,9010,5
16934,5000,9010,5
17031,5000,14,5
17035,5000,5010,5
17059,5000,8012,5
17073,5000,4009,5
17128,5000,11013,5
17216,5000,4009,5
17225,5000,5010,5
17262,5000,7015,5
17288,5000,9003,5
17305,5000,12010,5
17311,5000,4009,5
17323,5000,6013,5
17332,5000,3016,5
17336,5000,9013,5
17363,5000,6013,5
17367,5000,4009,5
17383,5000,11015,5
17384,5000,6017,5
17431,5000,7015,5
17450,5000,7012,5
17471,5000,12010,5
17474,5000,5010,5
17483,5000,12010,5
17499,5000,8008,5
17527,5000,10015,5
17590,5000,6013,5
17618,5000,3017,5
17634,5000,4009,5
17648,5000,7012,5
17676,5000,3017,5
17693,5000,4009,5
17729,5000,9014,5
17745,5000,3017,5
17763,5000,10003,5
17766,5000,9011,5
17811,5000,6013,5
17821,5000,10003,5
17824,5000,3016,5
17854,5000,12010,5
17887,5000,7015,5
17906,5000,3016,5
17949,5000,1015,5
17958,5000,8012,5
17960,5000,7012,5
17995,5000,4009,5
17997,5000,5010,5
18025,5000,9011,5
18113,5000,7015,5
18134,5000,7015,5
18156,5000,7015,5
18163,5000,10003,5
18169,5000,7012,5
18173,5000,12003,5
18187,5000,5010,5
18239,5000,7015,5
18249,5000,12010,5
18446,5000,4009,5
18456,5000,6017,5
18467,5000,8009,5
18489,5000,9011,5
18564,5000,4009,5
18575,5000,5010,5
18592,5000,5010,5
18596,5000,6016,5
18624,5000,9014,5
18639,5000,5010,5
18681,5000,7012,5
18683,5000,3017,5
18686,5000,11014,5
18724,5000,6017,5
18745,5000,8009,5
18755,5000,10003,5
18768,5000,6006,5
18799,5000,11014,5
18826,5000,3017,5
18832,5000,7015,5
18859,5000,3016,5
18861,5000,17017,5
18906,5000,9003,5
18922,5000,7012,5
18947,5000,9010,5
19001,5000,9010,5
19014,5000,9011,5
19017,5000,8004,5
19034,5000,10003,5
19042,5000,4009,5
19062,5000,12010,5
19121,5000,8012,5
19141,5000,3016,5
19147,5000,9013,5
19166,5000,12010,5
19209,5000,8012,5
19210,5000,9003,5
19226,5000,5010,5
19230,5000,5008,5
19262,5000,9010,5
19273,5000,7015,5
19279,5000,7015,5
19286,5000,9011,5
19305,5000,6013,5
19315,5000,6006,5
19366,5000,6013,5
19386,5000,5010,5
19400,5000,3016,5
19417,5000,7012,5
19419,5000,8012,5
19444,5000,6013,5
19527,5000,5008,5
19544,5000,9011,5
19551,5000,17016,5
19580,5000,5008,5
19581,5000,12010,5
19586,5000,7015,5
19598,5000,4009,5
19628,5000,7012,5
19648,5000,12003,5
19835,5000,5010,5
19839,5000,9009,5
19858,5000,4009,5
19874,5000,6006,5
19881,5000,7015,5
19938,5000,9011,5
19953,5000,7015,5
19982,5000,11015,5
20025,5000,5008,5
20035,5000,3016,5
20066,5000,9013,5
20118,5000,12010,5
20128,5000,10003,5
20134,5000,7012,5
20155,5000,4009,5
20164,5000,9011,5
20168,5000,9010,5
20194,5000,14017,5
20221,5000,8008,5
20225,5000,7012,5
20254,5000,4009,5
20271,5000,8009,5
20274,5000,12010,5
20308,5000,8009,5
20311,5000,11009,5
20322,5000,7015,5
20370,5000,6013,5
20382,5000,12010,5
20399,5000,5010,5
20409,5000,12010,5
20416,5000,7012,5
20450,5000,6013,5
20456,5000,11009,5
20465,5000,11009,5
20469,5000,9011,5
20474,5000,9010,5
20491,5000,5010,5
20493,5000,5010,5
20499,5000,6016,5
20577,5000,1015,5
20585,5000,12010,5
20600,5000,6013,5
20608,5000,9010,5
20616,5000,7015,5
20625,5000,12010,5
20642,5000,3017,5
20652,5000,6013,5
20670,5000,9010,5
20676,5000,6013,5
20695,5000,4009,5
20701,5000,9013,5
20729,5000,5008,5
20749,5000,5010,5
20754,5000,6013,5
20765,5000,3017,5
20767,5000,6013,5
20773,5000,9010,5
